Latitude (decimal degrees):	38.346
Longitude (decimal degrees):	-0.489
Elevation (m):	30
Radiation database:	PVGIS-SARAH3


Slope: 35 deg. 
Azimuth: 0 deg. 
Nominal power of the PV system (c-Si) (kWp):	1.0
System losses (%):	14.0
time,P,Gb(i),Gd(i),Gr(i),H_sun,T2m,WS10m,Int
20230101:0010,0.0,0.0,0.0,0.0,0.0,13.32,1.79,0.0
20230101:0110,0.0,0.0,0.0,0.0,0.0,12.86,1.45,0.0
20230101:0210,0.0,0.0,0.0,0.0,0.0,12.73,1.17,0.0
20230101:0310,0.0,0.0,0.0,0.0,0.0,12.69,1.38,0.0
20230101:0410,0.0,0.0,0.0,0.0,0.0,12.78,1.66,0.0
20230101:0510,0.0,0.0,0.0,0.0,0.0,12.42,1.38,0.0
20230101:0610,0.0,0.0,0.0,0.0,0.0,12.11,1.45,0.0
20230101:0710,0.0,0.0,0.0,0.0,0.0,12.01,1.52,0.0
20230101:0810,115.6,86.3,66.14,1.39,7.54,12.49,1.17,0.0
20230101:0910,179.11,87.4,135.4,3.0,16.16,13.56,1.03,0.0
20230101:1010,238.76,102.3,192.57,4.32,22.95,15.35,0.34,0.0
20230101:1110,360.31,201.02,241.87,5.91,27.29,16.12,0.48,0.0
20230101:1210,577.72,506.6,220.32,7.87,28.64,17.18,0.9,0.0
20230101:1310,593.24,564.47,184.08,7.69,26.8,17.77,1.03,0.0
20230101:1410,523.55,500.59,150.06,6.28,22.03,18.04,1.45,0.0
20230101:1510,382.78,357.54,112.92,4.01,14.91,17.73,1.93,0.0
20230101:1610,115.04,103.52,52.92,1.12,6.06,17.02,1.59,0.0
20230101:1710,0.0,0.0,0.0,0.0,0.0,15.11,1.38,0.0
20230101:1810,0.0,0.0,0.0,0.0,0.0,14.45,0.97,0.0
20230101:1910,0.0,0.0,0.0,0.0,0.0,14.68,0.21,0.0
20230101:2010,0.0,0.0,0.0,0.0,0.0,14.6,0.76,0.0
20230101:2110,0.0,0.0,0.0,0.0,0.0,14.16,1.24,0.0
20230101:2210,0.0,0.0,0.0,0.0,0.0,13.08,1.66,0.0
20230101:2310,0.0,0.0,0.0,0.0,0.0,12.91,1.66,0.0
20230102:0010,0.0,0.0,0.0,0.0,0.0,12.85,1.93,0.0
20230102:0110,0.0,0.0,0.0,0.0,0.0,12.38,2.0,0.0
20230102:0210,0.0,0.0,0.0,0.0,0.0,12.27,1.93,0.0
20230102:0310,0.0,0.0,0.0,0.0,0.0,11.88,2.07,0.0
20230102:0410,0.0,0.0,0.0,0.0,0.0,11.51,2.14,0.0
20230102:0510,0.0,0.0,0.0,0.0,0.0,11.08,2.28,0.0
20230102:0610,0.0,0.0,0.0,0.0,0.0,10.83,2.07,0.0
20230102:0710,0.0,0.0,0.0,0.0,0.0,10.6,1.72,0.0
20230102:0810,230.37,224.0,62.74,1.79,7.53,11.16,1.17,0.0
20230102:0910,343.87,275.47,140.06,4.01,16.17,12.59,0.76,0.0
20230102:1010,440.41,346.4,194.1,5.84,22.99,14.6,0.41,0.0
20230102:1110,665.73,724.98,122.18,8.36,27.35,15.68,0.69,0.0
20230102:1210,687.81,744.38,128.38,8.73,28.72,16.54,1.24,0.0
20230102:1310,654.88,688.67,129.93,8.08,26.9,17.17,1.93,0.0
20230102:1410,298.45,170.37,193.98,4.68,22.15,17.42,2.34,0.0
20230102:1510,409.35,400.59,98.19,4.14,15.04,17.27,2.83,0.0
20230102:1610,66.45,50.88,45.95,0.94,6.19,16.79,2.83,0.0
20230102:1710,0.0,0.0,0.0,0.0,0.0,15.14,2.21,0.0
20230102:1810,0.0,0.0,0.0,0.0,0.0,14.58,1.66,0.0
20230102:1910,0.0,0.0,0.0,0.0,0.0,14.89,1.03,0.0
20230102:2010,0.0,0.0,0.0,0.0,0.0,14.74,0.9,0.0
20230102:2110,0.0,0.0,0.0,0.0,0.0,14.65,1.17,0.0
20230102:2210,0.0,0.0,0.0,0.0,0.0,14.32,1.72,0.0
20230102:2310,0.0,0.0,0.0,0.0,0.0,14.02,1.93,0.0
20230103:0010,0.0,0.0,0.0,0.0,0.0,13.48,1.79,0.0
20230103:0110,0.0,0.0,0.0,0.0,0.0,13.04,1.66,0.0
20230103:0210,0.0,0.0,0.0,0.0,0.0,12.79,1.66,0.0
20230103:0310,0.0,0.0,0.0,0.0,0.0,12.54,1.93,0.0
20230103:0410,0.0,0.0,0.0,0.0,0.0,12.43,1.93,0.0
20230103:0510,0.0,0.0,0.0,0.0,0.0,12.48,1.86,0.0
20230103:0610,0.0,0.0,0.0,0.0,0.0,12.43,1.86,0.0
20230103:0710,0.0,0.0,0.0,0.0,0.0,12.36,1.72,0.0
20230103:0810,119.97,92.82,64.95,1.39,7.53,12.84,1.52,0.0
20230103:0910,148.27,61.84,125.73,2.73,16.19,13.99,1.45,0.0
20230103:1010,561.63,569.49,126.73,6.66,23.03,15.8,1.1,0.0
20230103:1110,632.19,642.28,149.24,7.98,27.42,16.45,1.38,0.0
20230103:1210,672.93,726.01,130.0,8.61,28.82,17.04,1.1,0.0
20230103:1310,638.63,669.82,132.85,7.98,27.02,17.23,1.45,0.0
20230103:1410,546.74,547.75,125.26,6.38,22.28,17.36,2.07,0.0
20230103:1510,399.58,386.48,99.43,4.09,15.18,16.97,2.83,0.0
20230103:1610,176.86,176.96,52.69,1.36,6.33,16.35,2.97,0.0
20230103:1710,0.0,0.0,0.0,0.0,0.0,15.64,2.07,0.0
20230103:1810,0.0,0.0,0.0,0.0,0.0,14.83,1.45,0.0
20230103:1910,0.0,0.0,0.0,0.0,0.0,14.31,1.52,0.0
20230103:2010,0.0,0.0,0.0,0.0,0.0,13.97,1.38,0.0
20230103:2110,0.0,0.0,0.0,0.0,0.0,13.66,1.38,0.0
20230103:2210,0.0,0.0,0.0,0.0,0.0,13.35,1.24,0.0
20230103:2310,0.0,0.0,0.0,0.0,0.0,13.42,1.24,0.0
20230104:0010,0.0,0.0,0.0,0.0,0.0,12.94,1.24,0.0
20230104:0110,0.0,0.0,0.0,0.0,0.0,12.7,1.24,0.0
20230104:0210,0.0,0.0,0.0,0.0,0.0,12.5,1.59,0.0
20230104:0310,0.0,0.0,0.0,0.0,0.0,12.04,2.0,0.0
20230104:0410,0.0,0.0,0.0,0.0,0.0,11.74,2.21,0.0
20230104:0510,0.0,0.0,0.0,0.0,0.0,11.39,2.0,0.0
20230104:0610,0.0,0.0,0.0,0.0,0.0,11.45,1.79,0.0
20230104:0710,0.0,0.0,0.0,0.0,0.0,11.37,1.52,0.0
20230104:0810,218.45,209.05,64.14,1.75,7.54,11.78,1.38,0.0
20230104:0910,441.24,436.37,99.43,4.56,16.22,12.98,0.9,0.0
20230104:1010,553.91,548.27,139.8,6.66,23.08,14.01,0.41,0.0
20230104:1110,670.76,708.72,126.88,8.3,27.5,14.56,1.45,0.0
20230104:1210,609.07,540.44,206.08,7.99,28.92,14.9,2.07,0.0
20230104:1310,205.15,51.09,201.82,4.3,27.14,15.12,2.48,0.0
20230104:1410,581.47,594.08,111.53,6.62,22.42,15.36,2.76,0.0
20230104:1510,422.27,414.6,95.31,4.25,15.32,15.43,2.83,0.0
20230104:1610,194.68,196.55,52.92,1.45,6.47,15.01,2.9,0.0
20230104:1710,0.0,0.0,0.0,0.0,0.0,13.96,2.14,0.0
20230104:1810,0.0,0.0,0.0,0.0,0.0,12.99,1.86,0.0
20230104:1910,0.0,0.0,0.0,0.0,0.0,12.64,1.38,0.0
20230104:2010,0.0,0.0,0.0,0.0,0.0,12.25,0.97,0.0
20230104:2110,0.0,0.0,0.0,0.0,0.0,12.11,0.34,0.0
20230104:2210,0.0,0.0,0.0,0.0,0.0,12.11,0.9,0.0
20230104:2310,0.0,0.0,0.0,0.0,0.0,11.54,1.24,0.0
20230105:0010,0.0,0.0,0.0,0.0,0.0,11.39,1.31,0.0
20230105:0110,0.0,0.0,0.0,0.0,0.0,11.14,1.31,0.0
20230105:0210,0.0,0.0,0.0,0.0,0.0,10.93,1.38,0.0
20230105:0310,0.0,0.0,0.0,0.0,0.0,10.49,1.66,0.0
20230105:0410,0.0,0.0,0.0,0.0,0.0,10.3,1.72,0.0
20230105:0510,0.0,0.0,0.0,0.0,0.0,10.07,1.79,0.0
20230105:0610,0.0,0.0,0.0,0.0,0.0,9.76,1.93,0.0
20230105:0710,0.0,0.0,0.0,0.0,0.0,9.77,2.0,0.0
20230105:0810,223.46,211.66,64.44,1.77,7.55,9.79,1.86,0.0
20230105:0910,448.98,437.4,99.38,4.58,16.25,10.98,1.45,0.0
20230105:1010,591.19,614.52,114.4,6.91,23.14,12.76,0.76,0.0
20230105:1110,668.01,733.36,117.44,8.43,27.58,13.57,0.21,0.0
20230105:1210,679.84,716.93,140.88,8.7,29.03,14.47,0.9,0.0
20230105:1310,680.51,733.96,111.86,8.34,27.27,15.0,1.79,0.0
20230105:1410,577.41,587.79,115.36,6.64,22.56,15.39,2.41,0.0
20230105:1510,432.61,430.63,91.36,4.34,15.47,15.34,2.9,0.0
20230105:1610,196.26,196.8,54.09,1.48,6.62,15.01,3.24,0.0
20230105:1710,0.0,0.0,0.0,0.0,0.0,13.92,2.76,0.0
20230105:1810,0.0,0.0,0.0,0.0,0.0,12.81,2.55,0.0
20230105:1910,0.0,0.0,0.0,0.0,0.0,12.59,2.41,0.0
20230105:2010,0.0,0.0,0.0,0.0,0.0,12.57,2.07,0.0
20230105:2110,0.0,0.0,0.0,0.0,0.0,12.01,1.93,0.0
20230105:2210,0.0,0.0,0.0,0.0,0.0,11.41,2.41,0.0
20230105:2310,0.0,0.0,0.0,0.0,0.0,11.01,2.41,0.0
20230106:0010,0.0,0.0,0.0,0.0,0.0,10.96,2.55,0.0
20230106:0110,0.0,0.0,0.0,0.0,0.0,10.73,2.48,0.0
20230106:0210,0.0,0.0,0.0,0.0,0.0,10.45,2.41,0.0
20230106:0310,0.0,0.0,0.0,0.0,0.0,10.0,2.14,0.0
20230106:0410,0.0,0.0,0.0,0.0,0.0,9.54,1.93,0.0
20230106:0510,0.0,0.0,0.0,0.0,0.0,9.1,1.93,0.0
20230106:0610,0.0,0.0,0.0,0.0,0.0,8.91,1.93,0.0
20230106:0710,0.0,0.0,0.0,0.0,0.0,8.86,1.86,0.0
20230106:0810,223.16,210.7,64.18,1.77,7.57,9.15,2.0,0.0
20230106:0910,454.05,438.28,100.91,4.61,16.29,10.61,2.0,0.0
20230106:1010,611.91,626.76,111.91,7.0,23.2,12.91,2.41,0.0
20230106:1110,701.16,737.12,117.42,8.48,27.67,14.23,3.1,0.0
20230106:1210,739.24,792.63,111.65,9.06,29.15,15.18,3.66,0.0
20230106:1310,698.53,739.24,111.84,8.41,27.41,16.01,3.93,0.0
20230106:1410,596.35,611.41,108.83,6.78,22.71,16.61,4.14,0.0
20230106:1510,439.42,437.09,91.42,4.41,15.62,16.56,4.41,0.0
20230106:1610,209.46,211.54,55.34,1.57,6.77,16.15,4.62,0.0
20230106:1710,0.0,0.0,0.0,0.0,0.0,15.01,4.41,0.0
20230106:1810,0.0,0.0,0.0,0.0,0.0,13.95,4.07,0.0
20230106:1910,0.0,0.0,0.0,0.0,0.0,13.12,3.52,0.0
20230106:2010,0.0,0.0,0.0,0.0,0.0,12.45,2.97,0.0
20230106:2110,0.0,0.0,0.0,0.0,0.0,11.91,2.55,0.0
20230106:2210,0.0,0.0,0.0,0.0,0.0,11.72,2.34,0.0
20230106:2310,0.0,0.0,0.0,0.0,0.0,11.42,2.41,0.0
20230107:0010,0.0,0.0,0.0,0.0,0.0,11.29,2.21,0.0
20230107:0110,0.0,0.0,0.0,0.0,0.0,11.14,2.0,0.0
20230107:0210,0.0,0.0,0.0,0.0,0.0,10.73,2.0,0.0
20230107:0310,0.0,0.0,0.0,0.0,0.0,10.39,1.93,0.0
20230107:0410,0.0,0.0,0.0,0.0,0.0,10.21,2.0,0.0
20230107:0510,0.0,0.0,0.0,0.0,0.0,9.99,2.14,0.0
20230107:0610,0.0,0.0,0.0,0.0,0.0,9.93,2.34,0.0
20230107:0710,0.0,0.0,0.0,0.0,0.0,9.56,2.62,0.0
20230107:0810,243.59,236.64,62.17,1.86,7.59,9.85,2.9,0.0
20230107:0910,468.69,459.39,96.1,4.72,16.33,11.44,2.83,0.0
20230107:1010,619.28,636.81,109.2,7.07,23.27,13.83,3.1,0.0
20230107:1110,716.63,768.78,108.04,8.68,27.77,15.5,3.52,0.0
20230107:1210,746.1,816.19,104.76,9.22,29.27,16.69,3.66,0.0
20230107:1310,698.48,740.61,116.24,8.5,27.55,17.53,4.07,0.0
20230107:1410,605.1,622.78,109.19,6.91,22.86,17.96,4.97,0.0
20230107:1510,446.79,445.66,91.64,4.5,15.77,17.79,5.72,0.0
20230107:1610,213.21,214.91,56.89,1.63,6.93,17.23,5.72,0.0
20230107:1710,0.0,0.0,0.0,0.0,0.0,16.03,5.24,0.0
20230107:1810,0.0,0.0,0.0,0.0,0.0,15.03,4.9,0.0
20230107:1910,0.0,0.0,0.0,0.0,0.0,14.56,4.48,0.0
20230107:2010,0.0,0.0,0.0,0.0,0.0,14.23,3.72,0.0
20230107:2110,0.0,0.0,0.0,0.0,0.0,13.65,2.97,0.0
20230107:2210,0.0,0.0,0.0,0.0,0.0,13.28,2.9,0.0
20230107:2310,0.0,0.0,0.0,0.0,0.0,12.77,3.03,0.0
20230108:0010,0.0,0.0,0.0,0.0,0.0,12.57,2.76,0.0
20230108:0110,0.0,0.0,0.0,0.0,0.0,12.29,2.76,0.0
20230108:0210,0.0,0.0,0.0,0.0,0.0,12.13,2.97,0.0
20230108:0310,0.0,0.0,0.0,0.0,0.0,12.04,3.17,0.0
20230108:0410,0.0,0.0,0.0,0.0,0.0,11.98,3.31,0.0
20230108:0510,0.0,0.0,0.0,0.0,0.0,12.12,3.66,0.0
20230108:0610,0.0,0.0,0.0,0.0,0.0,12.23,3.66,0.0
20230108:0710,0.0,0.0,0.0,0.0,0.0,12.25,3.45,0.0
20230108:0810,22.63,3.36,36.92,0.74,7.62,12.78,3.66,0.0
20230108:0910,151.71,63.12,126.75,2.77,16.39,13.36,3.79,0.0
20230108:1010,87.93,1.97,116.63,2.33,23.35,14.79,4.41,0.0
20230108:1110,234.29,70.87,213.98,4.67,27.88,15.9,5.38,0.0
20230108:1210,80.59,0.0,110.9,2.21,29.4,16.66,5.86,0.0
20230108:1310,89.74,0.0,121.81,2.42,27.7,17.27,6.14,0.0
20230108:1410,179.11,53.49,171.47,3.69,23.02,18.96,6.34,0.0
20230108:1510,70.94,9.13,91.55,1.86,15.94,19.44,6.34,0.0
20230108:1610,76.8,56.28,53.46,1.12,7.09,19.29,6.41,0.0
20230108:1710,0.0,0.0,0.0,0.0,0.0,18.84,6.07,0.0
20230108:1810,0.0,0.0,0.0,0.0,0.0,18.32,5.66,0.0
20230108:1910,0.0,0.0,0.0,0.0,0.0,17.92,5.59,0.0
20230108:2010,0.0,0.0,0.0,0.0,0.0,17.69,5.45,0.0
20230108:2110,0.0,0.0,0.0,0.0,0.0,17.08,5.24,0.0
20230108:2210,0.0,0.0,0.0,0.0,0.0,17.3,4.41,0.0
20230108:2310,0.0,0.0,0.0,0.0,0.0,17.1,4.41,0.0
20230109:0010,0.0,0.0,0.0,0.0,0.0,16.95,4.48,0.0
20230109:0110,0.0,0.0,0.0,0.0,0.0,16.78,4.69,0.0
20230109:0210,0.0,0.0,0.0,0.0,0.0,16.58,4.83,0.0
20230109:0310,0.0,0.0,0.0,0.0,0.0,16.6,4.69,0.0
20230109:0410,0.0,0.0,0.0,0.0,0.0,16.35,4.55,0.0
20230109:0510,0.0,0.0,0.0,0.0,0.0,16.37,4.14,0.0
20230109:0610,0.0,0.0,0.0,0.0,0.0,16.49,3.93,0.0
20230109:0710,0.0,0.0,0.0,0.0,0.0,16.23,3.93,0.0
20230109:0810,80.05,53.41,58.66,1.23,7.66,16.4,4.21,0.0
20230109:0910,226.51,136.96,141.89,3.36,16.45,17.46,4.41,0.0
20230109:1010,342.89,214.19,203.24,5.19,23.44,19.38,4.07,0.0
20230109:1110,575.53,502.04,201.99,7.6,27.99,20.35,4.83,0.0
20230109:1210,682.97,697.7,147.04,8.7,29.54,21.05,5.03,0.0
20230109:1310,644.98,646.14,149.59,8.12,27.86,21.4,5.1,0.0
20230109:1410,522.79,483.18,155.89,6.4,23.18,21.41,5.24,0.0
20230109:1510,375.49,339.81,119.63,4.18,16.1,21.07,5.45,0.0
20230109:1610,182.73,179.59,59.18,1.57,7.25,20.71,5.59,0.0
20230109:1710,0.0,0.0,0.0,0.0,0.0,19.74,5.1,0.0
20230109:1810,0.0,0.0,0.0,0.0,0.0,18.7,4.55,0.0
20230109:1910,0.0,0.0,0.0,0.0,0.0,17.82,4.14,0.0
20230109:2010,0.0,0.0,0.0,0.0,0.0,17.01,3.59,0.0
20230109:2110,0.0,0.0,0.0,0.0,0.0,16.05,2.76,0.0
20230109:2210,0.0,0.0,0.0,0.0,0.0,15.61,1.86,0.0
20230109:2310,0.0,0.0,0.0,0.0,0.0,14.97,2.41,0.0
20230110:0010,0.0,0.0,0.0,0.0,0.0,14.46,2.83,0.0
20230110:0110,0.0,0.0,0.0,0.0,0.0,13.88,2.69,0.0
20230110:0210,0.0,0.0,0.0,0.0,0.0,13.44,2.62,0.0
20230110:0310,0.0,0.0,0.0,0.0,0.0,13.13,2.9,0.0
20230110:0410,0.0,0.0,0.0,0.0,0.0,13.05,2.69,0.0
20230110:0510,0.0,0.0,0.0,0.0,0.0,12.91,2.62,0.0
20230110:0610,0.0,0.0,0.0,0.0,0.0,12.75,2.69,0.0
20230110:0710,0.0,0.0,0.0,0.0,0.0,12.61,2.69,0.0
20230110:0810,227.09,222.04,61.42,1.83,7.7,12.63,2.69,0.0
20230110:0910,456.8,456.03,93.43,4.72,16.51,14.18,2.55,0.0
20230110:1010,611.21,642.27,105.62,7.14,23.53,16.2,2.69,0.0
20230110:1110,698.85,746.94,113.8,8.63,28.11,17.51,3.66,0.0
20230110:1210,719.74,773.91,118.66,9.08,29.69,18.55,3.79,0.0
20230110:1310,692.4,753.23,109.68,8.63,28.02,19.31,3.38,0.0
20230110:1410,595.26,634.05,103.89,7.03,23.35,19.81,3.03,0.0
20230110:1510,442.65,456.56,89.23,4.65,16.27,19.94,2.97,0.0
20230110:1610,222.36,230.58,56.46,1.77,7.42,19.59,3.17,0.0
20230110:1710,0.0,0.0,0.0,0.0,0.0,18.27,3.52,0.0
20230110:1810,0.0,0.0,0.0,0.0,0.0,17.21,2.83,0.0
20230110:1910,0.0,0.0,0.0,0.0,0.0,16.24,2.21,0.0
20230110:2010,0.0,0.0,0.0,0.0,0.0,15.8,1.93,0.0
20230110:2110,0.0,0.0,0.0,0.0,0.0,15.18,2.21,0.0
20230110:2210,0.0,0.0,0.0,0.0,0.0,14.38,2.41,0.0
20230110:2310,0.0,0.0,0.0,0.0,0.0,13.83,2.62,0.0
20230111:0010,0.0,0.0,0.0,0.0,0.0,13.19,2.83,0.0
20230111:0110,0.0,0.0,0.0,0.0,0.0,12.86,3.03,0.0
20230111:0210,0.0,0.0,0.0,0.0,0.0,12.48,3.1,0.0
20230111:0310,0.0,0.0,0.0,0.0,0.0,12.06,3.24,0.0
20230111:0410,0.0,0.0,0.0,0.0,0.0,12.0,3.31,0.0
20230111:0510,0.0,0.0,0.0,0.0,0.0,11.76,3.31,0.0
20230111:0610,0.0,0.0,0.0,0.0,0.0,11.53,3.38,0.0
20230111:0710,0.0,0.0,0.0,0.0,0.0,11.74,3.66,0.0
20230111:0810,232.87,226.86,61.8,1.86,7.75,12.17,3.86,0.0
20230111:0910,465.58,462.8,92.08,4.77,16.58,14.01,3.79,0.0
20230111:1010,618.6,643.8,103.85,7.16,23.63,16.41,4.14,0.0
20230111:1110,710.29,759.21,109.54,8.72,28.24,17.75,4.62,0.0
20230111:1210,732.75,785.83,115.91,9.19,29.84,18.63,4.76,0.0
20230111:1310,697.53,755.92,107.91,8.66,28.19,19.16,3.93,0.0
20230111:1410,589.1,619.29,110.29,7.02,23.53,19.47,2.9,0.0
20230111:1510,441.89,459.89,88.93,4.7,16.45,20.2,2.21,0.0
20230111:1610,175.72,166.46,63.78,1.63,7.59,19.03,1.79,0.0
20230111:1710,0.0,0.0,0.0,0.0,0.0,17.8,1.24,0.0
20230111:1810,0.0,0.0,0.0,0.0,0.0,16.62,1.59,0.0
20230111:1910,0.0,0.0,0.0,0.0,0.0,15.6,2.14,0.0
20230111:2010,0.0,0.0,0.0,0.0,0.0,14.97,2.28,0.0
20230111:2110,0.0,0.0,0.0,0.0,0.0,14.28,2.21,0.0
20230111:2210,0.0,0.0,0.0,0.0,0.0,14.45,0.97,0.0
20230111:2310,0.0,0.0,0.0,0.0,0.0,13.93,1.52,0.0
20230112:0010,0.0,0.0,0.0,0.0,0.0,13.64,2.0,0.0
20230112:0110,0.0,0.0,0.0,0.0,0.0,13.46,1.79,0.0
20230112:0210,0.0,0.0,0.0,0.0,0.0,13.14,1.72,0.0
20230112:0310,0.0,0.0,0.0,0.0,0.0,13.0,1.72,0.0
20230112:0410,0.0,0.0,0.0,0.0,0.0,12.83,1.72,0.0
20230112:0510,0.0,0.0,0.0,0.0,0.0,12.84,1.24,0.0
20230112:0610,0.0,0.0,0.0,0.0,0.0,12.69,1.24,0.0
20230112:0710,0.0,0.0,0.0,0.0,0.0,12.61,1.1,0.0
20230112:0810,222.53,218.39,62.15,1.84,7.81,12.84,0.97,0.0
20230112:0910,448.67,453.88,94.28,4.76,16.66,14.05,0.9,0.0
20230112:1010,598.17,641.31,104.96,7.18,23.74,15.26,0.9,0.0
20230112:1110,680.65,745.5,114.61,8.68,28.38,15.62,1.1,0.0
20230112:1210,717.21,784.87,115.51,9.21,30.0,16.08,1.93,0.0
20230112:1310,688.59,734.54,117.06,8.61,28.36,16.37,2.69,0.0
20230112:1410,599.62,620.12,109.87,7.05,23.71,16.51,3.17,0.0
20230112:1510,444.07,440.92,94.85,4.67,16.63,16.54,3.66,0.0
20230112:1610,233.43,235.35,59.1,1.88,7.77,16.01,4.0,0.0
20230112:1710,0.0,0.0,0.0,0.0,0.0,15.35,3.31,0.0
20230112:1810,0.0,0.0,0.0,0.0,0.0,14.68,2.62,0.0
20230112:1910,0.0,0.0,0.0,0.0,0.0,14.09,2.34,0.0
20230112:2010,0.0,0.0,0.0,0.0,0.0,13.51,2.34,0.0
20230112:2110,0.0,0.0,0.0,0.0,0.0,12.91,2.48,0.0
20230112:2210,0.0,0.0,0.0,0.0,0.0,12.64,2.76,0.0
20230112:2310,0.0,0.0,0.0,0.0,0.0,12.47,2.83,0.0
20230113:0010,0.0,0.0,0.0,0.0,0.0,12.3,2.83,0.0
20230113:0110,0.0,0.0,0.0,0.0,0.0,12.01,2.76,0.0
20230113:0210,0.0,0.0,0.0,0.0,0.0,11.63,2.69,0.0
20230113:0310,0.0,0.0,0.0,0.0,0.0,11.15,2.9,0.0
20230113:0410,0.0,0.0,0.0,0.0,0.0,10.76,3.1,0.0
20230113:0510,0.0,0.0,0.0,0.0,0.0,10.51,3.38,0.0
20230113:0610,0.0,0.0,0.0,0.0,0.0,10.27,3.72,0.0
20230113:0710,0.0,0.0,0.0,0.0,0.0,10.4,3.79,0.0
20230113:0810,131.3,100.12,69.14,1.52,7.87,11.09,3.52,0.0
20230113:0910,145.08,52.86,129.24,2.79,16.75,12.58,3.1,0.0
20230113:1010,553.81,512.9,159.79,6.8,23.85,14.81,2.21,0.0
20230113:1110,684.89,746.44,120.42,8.79,28.52,16.22,1.24,0.0
20230113:1210,373.55,198.66,262.32,6.42,30.17,16.89,0.55,0.0
20230113:1310,613.58,603.22,179.7,8.25,28.55,17.09,0.48,0.0
20230113:1410,155.05,30.95,166.71,3.49,23.9,17.12,2.07,0.0
20230113:1510,453.18,452.94,96.91,4.81,16.82,16.65,2.97,0.0
20230113:1610,247.56,253.54,58.58,1.99,7.95,16.01,3.1,0.0
20230113:1710,0.0,0.0,0.0,0.0,0.0,14.95,2.41,0.0
20230113:1810,0.0,0.0,0.0,0.0,0.0,13.72,1.66,0.0
20230113:1910,0.0,0.0,0.0,0.0,0.0,12.83,1.17,0.0
20230113:2010,0.0,0.0,0.0,0.0,0.0,12.94,0.28,0.0
20230113:2110,0.0,0.0,0.0,0.0,0.0,12.98,0.41,0.0
20230113:2210,0.0,0.0,0.0,0.0,0.0,13.0,0.97,0.0
20230113:2310,0.0,0.0,0.0,0.0,0.0,12.52,1.31,0.0
20230114:0010,0.0,0.0,0.0,0.0,0.0,11.38,1.72,0.0
20230114:0110,0.0,0.0,0.0,0.0,0.0,11.08,1.86,0.0
20230114:0210,0.0,0.0,0.0,0.0,0.0,10.76,1.59,0.0
20230114:0310,0.0,0.0,0.0,0.0,0.0,10.32,1.38,0.0
20230114:0410,0.0,0.0,0.0,0.0,0.0,10.24,2.14,0.0
20230114:0510,0.0,0.0,0.0,0.0,0.0,9.85,1.72,0.0
20230114:0610,0.0,0.0,0.0,0.0,0.0,10.0,1.38,0.0
20230114:0710,0.0,0.0,0.0,0.0,0.0,9.9,1.45,0.0
20230114:0810,257.78,259.05,59.25,2.03,7.94,10.1,1.52,0.0
20230114:0910,472.04,473.14,93.61,4.94,16.84,11.58,1.52,0.0
20230114:1010,606.9,628.29,117.41,7.27,23.97,13.65,1.38,0.0
20230114:1110,711.47,763.7,114.92,8.92,28.67,15.04,2.55,0.0
20230114:1210,748.67,802.42,117.2,9.46,30.34,16.14,3.86,0.0
20230114:1310,723.88,774.16,110.75,8.97,28.73,16.95,4.41,0.0
20230114:1410,629.48,656.1,106.53,7.4,24.09,17.51,4.69,0.0
20230114:1510,473.67,479.95,90.39,4.97,17.01,17.47,4.97,0.0
20230114:1610,254.63,261.54,58.63,2.06,8.14,17.19,5.1,0.0
20230114:1710,0.0,0.0,0.0,0.0,0.0,16.18,4.69,0.0
20230114:1810,0.0,0.0,0.0,0.0,0.0,14.91,4.41,0.0
20230114:1910,0.0,0.0,0.0,0.0,0.0,14.0,4.07,0.0
20230114:2010,0.0,0.0,0.0,0.0,0.0,13.48,3.59,0.0
20230114:2110,0.0,0.0,0.0,0.0,0.0,12.94,3.31,0.0
20230114:2210,0.0,0.0,0.0,0.0,0.0,12.5,3.38,0.0
20230114:2310,0.0,0.0,0.0,0.0,0.0,12.11,2.76,0.0
20230115:0010,0.0,0.0,0.0,0.0,0.0,11.55,2.69,0.0
20230115:0110,0.0,0.0,0.0,0.0,0.0,11.11,2.76,0.0
20230115:0210,0.0,0.0,0.0,0.0,0.0,10.73,2.83,0.0
20230115:0310,0.0,0.0,0.0,0.0,0.0,10.78,3.03,0.0
20230115:0410,0.0,0.0,0.0,0.0,0.0,10.66,3.38,0.0
20230115:0510,0.0,0.0,0.0,0.0,0.0,10.39,3.66,0.0
20230115:0610,0.0,0.0,0.0,0.0,0.0,10.4,3.79,0.0
20230115:0710,0.0,0.0,0.0,0.0,0.0,10.69,4.07,0.0
20230115:0810,209.94,193.07,67.66,1.84,8.01,11.66,4.55,0.0
20230115:0910,422.16,378.96,119.8,4.59,16.94,13.36,4.76,0.0
20230115:1010,562.51,516.15,156.36,6.84,24.1,15.79,4.69,0.0
20230115:1110,604.7,527.75,202.35,7.96,28.82,17.29,4.83,0.0
20230115:1210,744.67,797.49,115.04,9.42,30.52,18.38,5.24,0.0
20230115:1310,703.33,738.11,120.52,8.79,28.93,19.24,5.72,0.0
20230115:1410,608.98,625.83,113.36,7.25,24.29,19.96,6.0,0.0
20230115:1510,456.32,456.68,95.95,4.9,17.21,19.88,6.14,0.0
20230115:1610,245.87,253.71,58.74,2.06,8.32,19.62,5.72,0.0
20230115:1710,0.0,0.0,0.0,0.0,0.0,18.65,5.93,0.0
20230115:1810,0.0,0.0,0.0,0.0,0.0,17.75,5.66,0.0
20230115:1910,0.0,0.0,0.0,0.0,0.0,16.84,4.9,0.0
20230115:2010,0.0,0.0,0.0,0.0,0.0,16.0,4.41,0.0
20230115:2110,0.0,0.0,0.0,0.0,0.0,14.99,4.0,0.0
20230115:2210,0.0,0.0,0.0,0.0,0.0,14.34,4.07,0.0
20230115:2310,0.0,0.0,0.0,0.0,0.0,13.51,4.0,0.0
20230116:0010,0.0,0.0,0.0,0.0,0.0,12.79,4.14,0.0
20230116:0110,0.0,0.0,0.0,0.0,0.0,12.33,3.79,0.0
20230116:0210,0.0,0.0,0.0,0.0,0.0,12.09,4.14,0.0
20230116:0310,0.0,0.0,0.0,0.0,0.0,11.83,4.0,0.0
20230116:0410,0.0,0.0,0.0,0.0,0.0,11.76,4.48,0.0
20230116:0510,0.0,0.0,0.0,0.0,0.0,11.69,5.17,0.0
20230116:0610,0.0,0.0,0.0,0.0,0.0,11.54,6.07,0.0
20230116:0710,0.0,0.0,0.0,0.0,0.0,11.4,7.03,0.0
20230116:0810,5.66,0.0,16.36,0.33,8.09,11.61,7.93,0.0
20230116:0910,57.17,0.0,81.81,1.63,17.04,12.23,8.41,0.0
20230116:1010,145.01,21.01,161.04,3.33,24.23,13.94,7.45,0.0
20230116:1110,38.21,0.0,60.0,1.19,28.98,14.91,8.48,0.0
20230116:1210,87.23,0.0,118.17,2.35,30.71,16.18,8.76,0.0
20230116:1310,509.77,358.38,242.81,7.22,29.13,16.99,8.97,0.0
20230116:1410,594.29,561.52,140.74,7.07,24.5,17.4,9.17,0.0
20230116:1510,376.45,311.31,136.55,4.41,17.4,17.36,9.03,0.0
20230116:1610,193.65,173.18,71.78,1.88,8.52,16.66,8.55,0.0
20230116:1710,0.0,0.0,0.0,0.0,0.0,15.46,8.07,0.0
20230116:1810,0.0,0.0,0.0,0.0,0.0,14.79,7.52,0.0
20230116:1910,0.0,0.0,0.0,0.0,0.0,14.57,7.66,0.0
20230116:2010,0.0,0.0,0.0,0.0,0.0,14.46,7.86,0.0
20230116:2110,0.0,0.0,0.0,0.0,0.0,14.23,7.66,0.0
20230116:2210,0.0,0.0,0.0,0.0,0.0,14.71,7.38,0.0
20230116:2310,0.0,0.0,0.0,0.0,0.0,14.65,7.66,0.0
20230117:0010,0.0,0.0,0.0,0.0,0.0,14.43,7.59,0.0
20230117:0110,0.0,0.0,0.0,0.0,0.0,14.1,7.66,0.0
20230117:0210,0.0,0.0,0.0,0.0,0.0,14.16,8.0,0.0
20230117:0310,0.0,0.0,0.0,0.0,0.0,14.63,8.07,0.0
20230117:0410,0.0,0.0,0.0,0.0,0.0,14.76,8.07,0.0
20230117:0510,0.0,0.0,0.0,0.0,0.0,14.86,7.86,0.0
20230117:0610,0.0,0.0,0.0,0.0,0.0,14.96,8.07,0.0
20230117:0710,0.0,0.0,0.0,0.0,0.0,15.11,8.28,0.0
20230117:0810,32.75,9.28,44.36,0.9,8.18,15.25,8.76,0.0
20230117:0910,267.38,172.12,149.28,3.74,17.16,16.22,8.76,0.0
20230117:1010,368.1,226.21,211.08,5.5,24.37,17.65,9.17,0.0
20230117:1110,192.92,34.29,205.4,4.3,29.15,18.5,9.79,0.0
20230117:1210,285.11,97.76,247.54,5.53,30.9,19.32,9.86,0.0
20230117:1310,681.8,661.27,155.46,8.59,29.34,19.83,9.79,0.0
20230117:1410,619.13,618.99,117.89,7.32,24.71,19.54,10.34,0.0
20230117:1510,445.22,421.65,108.57,4.86,17.61,18.65,9.72,0.0
20230117:1610,251.08,253.62,60.65,2.15,8.71,17.92,8.41,0.0
20230117:1710,0.0,0.0,0.0,0.0,0.0,16.85,7.66,0.0
20230117:1810,0.0,0.0,0.0,0.0,0.0,15.97,7.1,0.0
20230117:1910,0.0,0.0,0.0,0.0,0.0,15.48,6.76,0.0
20230117:2010,0.0,0.0,0.0,0.0,0.0,15.08,6.07,0.0
20230117:2110,0.0,0.0,0.0,0.0,0.0,14.41,5.93,0.0
20230117:2210,0.0,0.0,0.0,0.0,0.0,14.26,5.24,0.0
20230117:2310,0.0,0.0,0.0,0.0,0.0,13.71,6.0,0.0
20230118:0010,0.0,0.0,0.0,0.0,0.0,13.29,6.28,0.0
20230118:0110,0.0,0.0,0.0,0.0,0.0,12.6,6.28,0.0
20230118:0210,0.0,0.0,0.0,0.0,0.0,11.94,6.48,0.0
20230118:0310,0.0,0.0,0.0,0.0,0.0,11.19,7.03,0.0
20230118:0410,0.0,0.0,0.0,0.0,0.0,10.72,7.66,0.0
20230118:0510,0.0,0.0,0.0,0.0,0.0,10.2,8.28,0.0
20230118:0610,0.0,0.0,0.0,0.0,0.0,9.8,8.9,0.0
20230118:0710,0.0,0.0,0.0,0.0,0.0,9.56,9.38,0.0
20230118:0810,266.64,259.93,61.39,2.13,8.27,9.57,9.31,0.0
20230118:0910,491.67,463.85,99.29,5.05,17.27,10.06,9.31,0.0
20230118:1010,670.78,660.18,108.62,7.58,24.52,11.12,10.14,0.0
20230118:1110,717.81,661.31,166.85,8.75,29.33,12.01,10.28,0.0
20230118:1210,796.44,808.87,121.92,9.73,31.1,12.92,9.24,0.0
20230118:1310,748.24,744.31,131.42,9.1,29.55,13.48,8.76,0.0
20230118:1410,680.01,694.55,98.88,7.81,24.92,13.75,8.76,0.0
20230118:1510,517.51,519.56,84.23,5.37,17.82,13.84,8.69,0.0
20230118:1610,281.89,284.26,59.49,2.33,8.91,13.61,8.62,0.0
20230118:1710,0.0,0.0,0.0,0.0,0.0,13.07,7.93,0.0
20230118:1810,0.0,0.0,0.0,0.0,0.0,12.58,7.93,0.0
20230118:1910,0.0,0.0,0.0,0.0,0.0,12.1,8.28,0.0
20230118:2010,0.0,0.0,0.0,0.0,0.0,11.58,8.14,0.0
20230118:2110,0.0,0.0,0.0,0.0,0.0,11.05,8.0,0.0
20230118:2210,0.0,0.0,0.0,0.0,0.0,10.79,6.9,0.0
20230118:2310,0.0,0.0,0.0,0.0,0.0,10.61,7.38,0.0
20230119:0010,0.0,0.0,0.0,0.0,0.0,10.37,7.38,0.0
20230119:0110,0.0,0.0,0.0,0.0,0.0,9.97,7.24,0.0
20230119:0210,0.0,0.0,0.0,0.0,0.0,9.66,7.45,0.0
20230119:0310,0.0,0.0,0.0,0.0,0.0,9.41,7.86,0.0
20230119:0410,0.0,0.0,0.0,0.0,0.0,9.24,7.86,0.0
20230119:0510,0.0,0.0,0.0,0.0,0.0,8.96,8.07,0.0
20230119:0610,0.0,0.0,0.0,0.0,0.0,8.79,8.34,0.0
20230119:0710,0.0,0.0,0.0,0.0,0.0,8.63,8.41,0.0
20230119:0810,272.38,265.77,61.57,2.19,8.37,8.82,8.14,0.0
20230119:0910,502.22,484.12,92.46,5.15,17.4,9.68,7.79,0.0
20230119:1010,675.95,688.85,97.36,7.74,24.67,11.5,6.97,0.0
20230119:1110,751.71,756.77,124.61,9.15,29.51,12.67,7.59,0.0
20230119:1210,784.57,796.54,128.29,9.73,31.31,13.52,7.93,0.0
20230119:1310,744.79,746.15,132.5,9.17,29.77,14.19,7.79,0.0
20230119:1410,660.9,669.98,107.86,7.74,25.14,14.66,7.52,0.0
20230119:1510,496.64,488.02,95.89,5.3,18.03,14.86,7.66,0.0
20230119:1610,282.7,287.85,58.99,2.39,9.11,14.77,7.66,0.0
20230119:1710,0.0,0.0,0.0,0.0,0.0,13.99,7.24,0.0
20230119:1810,0.0,0.0,0.0,0.0,0.0,13.37,7.72,0.0
20230119:1910,0.0,0.0,0.0,0.0,0.0,12.59,7.93,0.0
20230119:2010,0.0,0.0,0.0,0.0,0.0,12.03,7.59,0.0
20230119:2110,0.0,0.0,0.0,0.0,0.0,11.65,7.59,0.0
20230119:2210,0.0,0.0,0.0,0.0,0.0,11.81,5.93,0.0
20230119:2310,0.0,0.0,0.0,0.0,0.0,12.2,6.14,0.0
20230120:0010,0.0,0.0,0.0,0.0,0.0,12.51,6.69,0.0
20230120:0110,0.0,0.0,0.0,0.0,0.0,12.74,6.69,0.0
20230120:0210,0.0,0.0,0.0,0.0,0.0,13.0,6.34,0.0
20230120:0310,0.0,0.0,0.0,0.0,0.0,13.33,6.34,0.0
20230120:0410,0.0,0.0,0.0,0.0,0.0,13.29,6.28,0.0
20230120:0510,0.0,0.0,0.0,0.0,0.0,13.3,6.07,0.0
20230120:0610,0.0,0.0,0.0,0.0,0.0,13.27,5.66,0.0
20230120:0710,0.0,0.0,0.0,0.0,0.0,13.05,5.03,0.0
20230120:0810,197.23,175.9,72.2,1.92,8.47,13.75,4.69,0.0
20230120:0910,349.42,272.02,145.89,4.34,17.53,14.96,4.14,0.0
20230120:1010,565.61,524.25,156.08,7.05,24.83,16.43,4.28,0.0
20230120:1110,712.99,758.66,116.78,9.11,29.7,17.3,4.0,0.0
20230120:1210,718.55,747.37,142.53,9.48,31.52,17.83,3.59,0.0
20230120:1310,567.33,472.54,226.05,7.99,29.99,18.02,2.62,0.0
20230120:1410,599.4,632.59,117.12,7.56,25.36,18.14,1.66,0.0
20230120:1510,200.74,99.69,150.44,3.45,18.24,17.57,3.03,0.0
20230120:1610,162.21,130.07,78.13,1.9,9.32,16.47,5.24,0.0
20230120:1710,0.0,0.0,0.0,0.0,0.0,14.87,5.38,0.0
20230120:1810,0.0,0.0,0.0,0.0,0.0,13.5,4.62,0.0
20230120:1910,0.0,0.0,0.0,0.0,0.0,12.97,3.66,0.0
20230120:2010,0.0,0.0,0.0,0.0,0.0,12.44,2.41,0.0
20230120:2110,0.0,0.0,0.0,0.0,0.0,11.88,1.52,0.0
20230120:2210,0.0,0.0,0.0,0.0,0.0,12.04,1.17,0.0
20230120:2310,0.0,0.0,0.0,0.0,0.0,11.48,1.59,0.0
20230121:0010,0.0,0.0,0.0,0.0,0.0,11.3,2.14,0.0
20230121:0110,0.0,0.0,0.0,0.0,0.0,10.95,2.07,0.0
20230121:0210,0.0,0.0,0.0,0.0,0.0,10.88,2.34,0.0
20230121:0310,0.0,0.0,0.0,0.0,0.0,10.69,2.48,0.0
20230121:0410,0.0,0.0,0.0,0.0,0.0,10.54,2.48,0.0
20230121:0510,0.0,0.0,0.0,0.0,0.0,10.38,2.55,0.0
20230121:0610,0.0,0.0,0.0,0.0,0.0,10.38,2.28,0.0
20230121:0710,0.0,0.0,0.0,0.0,0.0,10.29,2.21,0.0
20230121:0810,248.81,244.18,63.36,2.15,8.58,10.71,2.14,0.0
20230121:0910,470.34,466.91,96.54,5.14,17.66,12.09,1.93,0.0
20230121:1010,621.81,649.97,109.75,7.61,25.0,13.46,1.79,0.0
20230121:1110,730.85,788.8,107.34,9.33,29.9,13.96,2.83,0.0
20230121:1210,774.01,833.04,108.24,9.93,31.74,14.12,4.07,0.0
20230121:1310,729.43,751.3,125.81,9.22,30.22,14.05,4.62,0.0
20230121:1410,657.43,678.79,104.21,7.87,25.59,14.05,4.9,0.0
20230121:1510,494.39,490.14,94.72,5.39,18.46,13.71,4.76,0.0
20230121:1610,278.85,280.6,61.95,2.46,9.52,13.44,4.21,0.0
20230121:1710,0.0,0.0,0.0,0.0,0.0,12.79,3.17,0.0
20230121:1810,0.0,0.0,0.0,0.0,0.0,11.87,2.0,0.0
20230121:1910,0.0,0.0,0.0,0.0,0.0,11.16,0.62,0.0
20230121:2010,0.0,0.0,0.0,0.0,0.0,10.5,1.17,0.0
20230121:2110,0.0,0.0,0.0,0.0,0.0,10.04,1.79,0.0
20230121:2210,0.0,0.0,0.0,0.0,0.0,9.44,2.14,0.0
20230121:2310,0.0,0.0,0.0,0.0,0.0,9.22,3.31,0.0
20230122:0010,0.0,0.0,0.0,0.0,0.0,9.25,4.62,0.0
20230122:0110,0.0,0.0,0.0,0.0,0.0,8.91,5.24,0.0
20230122:0210,0.0,0.0,0.0,0.0,0.0,8.36,5.24,0.0
20230122:0310,0.0,0.0,0.0,0.0,0.0,7.75,5.1,0.0
20230122:0410,0.0,0.0,0.0,0.0,0.0,7.49,4.9,0.0
20230122:0510,0.0,0.0,0.0,0.0,0.0,7.0,4.41,0.0
20230122:0610,0.0,0.0,0.0,0.0,0.0,6.75,4.07,0.0
20230122:0710,0.0,0.0,0.0,0.0,0.0,6.61,3.86,0.0
20230122:0810,279.11,272.77,62.56,2.31,8.7,6.58,3.52,0.0
20230122:0910,516.55,509.24,91.31,5.44,17.81,7.78,3.38,0.0
20230122:1010,671.05,700.13,102.95,8.03,25.17,9.23,2.21,0.0
20230122:1110,761.69,846.78,97.24,9.82,30.1,10.0,1.31,0.0
20230122:1210,764.31,869.15,109.38,10.34,31.96,10.58,0.28,0.0
20230122:1310,742.71,831.99,106.86,9.82,30.46,11.16,0.62,0.0
20230122:1410,671.63,733.56,95.67,8.32,25.82,11.64,1.1,0.0
20230122:1510,527.52,549.27,85.31,5.81,18.69,11.65,1.72,0.0
20230122:1610,300.67,303.02,63.38,2.64,9.74,11.23,2.9,0.0
20230122:1710,0.0,0.0,0.0,0.0,0.0,10.33,3.79,0.0
20230122:1810,0.0,0.0,0.0,0.0,0.0,9.33,4.0,0.0
20230122:1910,0.0,0.0,0.0,0.0,0.0,8.81,4.21,0.0
20230122:2010,0.0,0.0,0.0,0.0,0.0,8.27,4.21,0.0
20230122:2110,0.0,0.0,0.0,0.0,0.0,8.09,3.93,0.0
20230122:2210,0.0,0.0,0.0,0.0,0.0,8.06,4.07,0.0
20230122:2310,0.0,0.0,0.0,0.0,0.0,7.87,3.38,0.0
20230123:0010,0.0,0.0,0.0,0.0,0.0,7.88,2.69,0.0
20230123:0110,0.0,0.0,0.0,0.0,0.0,7.75,3.17,0.0
20230123:0210,0.0,0.0,0.0,0.0,0.0,7.58,4.21,0.0
20230123:0310,0.0,0.0,0.0,0.0,0.0,7.24,4.83,0.0
20230123:0410,0.0,0.0,0.0,0.0,0.0,7.05,5.03,0.0
20230123:0510,0.0,0.0,0.0,0.0,0.0,6.62,5.03,0.0
20230123:0610,0.0,0.0,0.0,0.0,0.0,6.39,4.97,0.0
20230123:0710,0.0,0.0,0.0,0.0,0.0,6.22,4.69,0.0
20230123:0810,272.0,263.22,62.7,2.3,8.82,6.63,4.76,0.0
20230123:0910,508.83,493.06,92.83,5.37,17.96,7.84,4.9,0.0
20230123:1010,670.57,681.49,104.55,7.92,25.35,9.5,4.21,0.0
20230123:1110,759.61,791.75,114.13,9.53,30.31,10.17,3.79,0.0
20230123:1210,799.73,859.85,105.51,10.25,32.19,10.63,3.45,0.0
20230123:1310,767.21,822.53,104.45,9.75,30.7,11.05,3.17,0.0
20230123:1410,677.07,705.36,101.49,8.17,26.06,11.39,3.52,0.0
20230123:1510,525.05,526.34,89.64,5.71,18.91,10.98,4.14,0.0
20230123:1610,279.72,268.28,69.2,2.55,9.95,10.39,5.03,0.0
20230123:1710,0.0,0.0,0.0,0.0,0.0,9.5,5.38,0.0
20230123:1810,0.0,0.0,0.0,0.0,0.0,8.97,5.03,0.0
20230123:1910,0.0,0.0,0.0,0.0,0.0,8.74,4.41,0.0
20230123:2010,0.0,0.0,0.0,0.0,0.0,8.36,3.93,0.0
20230123:2110,0.0,0.0,0.0,0.0,0.0,7.72,3.59,0.0
20230123:2210,0.0,0.0,0.0,0.0,0.0,7.35,2.9,0.0
20230123:2310,0.0,0.0,0.0,0.0,0.0,7.11,2.76,0.0
20230124:0010,0.0,0.0,0.0,0.0,0.0,6.88,2.41,0.0
20230124:0110,0.0,0.0,0.0,0.0,0.0,6.84,2.83,0.0
20230124:0210,0.0,0.0,0.0,0.0,0.0,6.87,3.45,0.0
20230124:0310,0.0,0.0,0.0,0.0,0.0,6.44,3.59,0.0
20230124:0410,0.0,0.0,0.0,0.0,0.0,6.27,3.59,0.0
20230124:0510,0.0,0.0,0.0,0.0,0.0,6.12,3.72,0.0
20230124:0610,0.0,0.0,0.0,0.0,0.0,6.2,3.93,0.0
20230124:0710,0.0,0.0,0.0,0.0,0.0,6.17,3.79,0.0
20230124:0810,2.56,0.0,10.91,0.22,8.95,6.46,4.07,0.0
20230124:0910,139.73,38.9,133.15,2.84,18.11,7.56,4.34,0.0
20230124:1010,297.62,130.03,216.11,5.06,25.53,9.13,5.38,0.0
20230124:1110,661.61,562.48,206.22,8.61,30.53,9.68,5.59,0.0
20230124:1210,445.63,234.16,280.04,7.14,32.43,9.79,5.66,0.0
20230124:1310,186.63,20.89,204.49,4.21,30.94,9.92,5.59,0.0
20230124:1410,309.72,138.03,223.02,5.26,26.3,10.13,5.52,0.0
20230124:1510,378.27,280.98,157.75,4.76,19.14,10.09,5.59,0.0
20230124:1610,181.01,137.12,85.8,2.13,10.16,9.95,6.0,0.0
20230124:1710,0.0,0.0,0.0,0.0,0.0,9.64,6.28,0.0
20230124:1810,0.0,0.0,0.0,0.0,0.0,9.37,6.34,0.0
20230124:1910,0.0,0.0,0.0,0.0,0.0,9.16,6.14,0.0
20230124:2010,0.0,0.0,0.0,0.0,0.0,8.92,6.07,0.0
20230124:2110,0.0,0.0,0.0,0.0,0.0,8.87,6.14,0.0
20230124:2210,0.0,0.0,0.0,0.0,0.0,8.64,4.83,0.0
20230124:2310,0.0,0.0,0.0,0.0,0.0,8.31,4.48,0.0
20230125:0010,0.0,0.0,0.0,0.0,0.0,7.96,4.62,0.0
20230125:0110,0.0,0.0,0.0,0.0,0.0,7.69,4.97,0.0
20230125:0210,0.0,0.0,0.0,0.0,0.0,7.44,5.24,0.0
20230125:0310,0.0,0.0,0.0,0.0,0.0,7.41,5.38,0.0
20230125:0410,0.0,0.0,0.0,0.0,0.0,7.32,5.59,0.0
20230125:0510,0.0,0.0,0.0,0.0,0.0,7.09,5.59,0.0
20230125:0610,0.0,0.0,0.0,0.0,0.0,7.32,5.59,0.0
20230125:0710,0.0,0.0,0.0,0.0,0.0,7.42,5.52,0.0
20230125:0810,166.27,127.82,78.18,1.9,9.09,7.96,5.66,0.0
20230125:0910,79.8,4.06,102.46,2.06,18.27,8.97,5.79,0.0
20230125:1010,333.71,165.68,221.81,5.41,25.72,10.19,5.93,0.0
20230125:1110,601.66,462.3,236.09,8.19,30.75,11.13,6.41,0.0
20230125:1210,458.12,248.43,282.24,7.31,32.67,11.74,7.1,0.0
20230125:1310,376.99,173.2,265.68,6.42,31.19,12.4,7.59,0.0
20230125:1410,276.71,108.29,218.84,5.01,26.55,12.96,7.59,0.0
20230125:1510,165.72,55.71,148.38,3.24,19.38,12.95,7.79,0.0
20230125:1610,130.29,82.95,84.33,1.92,10.38,12.92,7.03,0.0
20230125:1710,0.0,0.0,0.0,0.0,0.0,12.63,5.59,0.0
20230125:1810,0.0,0.0,0.0,0.0,0.0,11.85,3.86,0.0
20230125:1910,0.0,0.0,0.0,0.0,0.0,10.96,2.62,0.0
20230125:2010,0.0,0.0,0.0,0.0,0.0,10.32,2.07,0.0
20230125:2110,0.0,0.0,0.0,0.0,0.0,9.46,2.0,0.0
20230125:2210,0.0,0.0,0.0,0.0,0.0,9.28,3.1,0.0
20230125:2310,0.0,0.0,0.0,0.0,0.0,8.9,2.83,0.0
20230126:0010,0.0,0.0,0.0,0.0,0.0,8.55,2.83,0.0
20230126:0110,0.0,0.0,0.0,0.0,0.0,8.17,3.1,0.0
20230126:0210,0.0,0.0,0.0,0.0,0.0,7.79,3.59,0.0
20230126:0310,0.0,0.0,0.0,0.0,0.0,7.67,4.07,0.0
20230126:0410,0.0,0.0,0.0,0.0,0.0,7.5,3.72,0.0
20230126:0510,0.0,0.0,0.0,0.0,0.0,7.32,3.72,0.0
20230126:0610,0.0,0.0,0.0,0.0,0.0,7.29,3.93,0.0
20230126:0710,0.0,0.0,0.0,0.0,0.0,7.3,4.07,0.0
20230126:0810,264.8,254.57,65.07,2.37,9.23,7.65,4.0,0.0
20230126:0910,498.62,485.64,93.83,5.44,18.44,8.61,3.79,0.0
20230126:1010,653.92,671.48,107.1,7.99,25.92,10.45,2.9,0.0
20230126:1110,754.49,814.38,104.81,9.78,30.97,11.54,2.62,0.0
20230126:1210,780.2,860.94,105.72,10.42,32.92,11.87,2.0,0.0
20230126:1310,728.84,813.19,110.07,9.87,31.45,12.17,0.62,0.0
20230126:1410,660.6,708.48,101.54,8.36,26.8,12.03,1.45,0.0
20230126:1510,517.88,524.63,92.28,5.88,19.61,11.8,2.55,0.0
20230126:1610,298.2,295.64,66.13,2.8,10.6,11.35,3.52,0.0
20230126:1710,0.0,0.0,0.0,0.0,0.0,10.77,3.79,0.0
20230126:1810,0.0,0.0,0.0,0.0,0.0,10.33,3.38,0.0
20230126:1910,0.0,0.0,0.0,0.0,0.0,9.6,2.48,0.0
20230126:2010,0.0,0.0,0.0,0.0,0.0,9.22,1.52,0.0
20230126:2110,0.0,0.0,0.0,0.0,0.0,8.59,1.1,0.0
20230126:2210,0.0,0.0,0.0,0.0,0.0,9.29,1.17,0.0
20230126:2310,0.0,0.0,0.0,0.0,0.0,8.68,1.59,0.0
20230127:0010,0.0,0.0,0.0,0.0,0.0,8.13,1.72,0.0
20230127:0110,0.0,0.0,0.0,0.0,0.0,7.92,1.93,0.0
20230127:0210,0.0,0.0,0.0,0.0,0.0,7.34,2.41,0.0
20230127:0310,0.0,0.0,0.0,0.0,0.0,7.13,2.83,0.0
20230127:0410,0.0,0.0,0.0,0.0,0.0,6.87,3.17,0.0
20230127:0510,0.0,0.0,0.0,0.0,0.0,6.83,3.31,0.0
20230127:0610,0.0,0.0,0.0,0.0,0.0,6.74,3.17,0.0
20230127:0710,0.0,0.0,0.0,0.0,0.0,6.47,2.97,0.0
20230127:0810,275.77,269.57,62.65,2.46,9.37,6.85,3.1,0.0
20230127:0910,497.04,485.7,94.84,5.5,18.61,8.47,2.97,0.0
20230127:1010,647.23,672.83,108.18,8.07,26.13,10.62,1.86,0.0
20230127:1110,726.5,815.29,105.88,9.86,31.21,11.78,0.48,0.0
20230127:1210,768.11,861.7,106.78,10.49,33.18,12.26,1.17,0.0
20230127:1310,739.01,793.42,118.95,9.84,31.71,12.58,2.0,0.0
20230127:1410,666.59,702.22,105.19,8.39,27.05,12.69,2.55,0.0
20230127:1510,531.44,549.38,83.77,6.04,19.85,12.64,3.1,0.0
20230127:1610,302.78,300.74,67.47,2.89,10.83,12.39,3.86,0.0
20230127:1710,0.0,0.0,0.0,0.0,0.0,11.52,4.07,0.0
20230127:1810,0.0,0.0,0.0,0.0,0.0,10.57,3.66,0.0
20230127:1910,0.0,0.0,0.0,0.0,0.0,9.9,3.24,0.0
20230127:2010,0.0,0.0,0.0,0.0,0.0,9.83,3.03,0.0
20230127:2110,0.0,0.0,0.0,0.0,0.0,9.64,2.69,0.0
20230127:2210,0.0,0.0,0.0,0.0,0.0,9.83,2.0,0.0
20230127:2310,0.0,0.0,0.0,0.0,0.0,9.72,1.79,0.0
20230128:0010,0.0,0.0,0.0,0.0,0.0,9.65,2.21,0.0
20230128:0110,0.0,0.0,0.0,0.0,0.0,8.96,2.48,0.0
20230128:0210,0.0,0.0,0.0,0.0,0.0,8.17,2.83,0.0
20230128:0310,0.0,0.0,0.0,0.0,0.0,8.16,2.62,0.0
20230128:0410,0.0,0.0,0.0,0.0,0.0,7.86,2.41,0.0
20230128:0510,0.0,0.0,0.0,0.0,0.0,7.36,2.48,0.0
20230128:0610,0.0,0.0,0.0,0.0,0.0,7.28,2.83,0.0
20230128:0710,0.0,0.0,0.0,0.0,0.0,6.95,2.9,0.0
20230128:0810,267.98,257.45,65.78,2.46,9.52,6.98,3.1,0.0
20230128:0910,493.2,481.7,95.51,5.52,18.79,8.39,2.62,0.0
20230128:1010,639.24,657.98,112.76,8.03,26.34,10.11,1.66,0.0
20230128:1110,733.22,809.26,106.64,9.86,31.45,11.13,0.97,0.0
20230128:1210,748.58,833.68,116.86,10.38,33.44,11.76,0.62,0.0
20230128:1310,738.63,809.59,111.85,9.96,31.98,12.34,1.38,0.0
20230128:1410,658.86,687.13,109.78,8.36,27.31,12.64,2.55,0.0
20230128:1510,523.5,531.01,91.37,6.02,20.09,12.59,3.24,0.0
20230128:1610,298.15,293.32,69.19,2.91,11.05,12.22,3.66,0.0
20230128:1710,0.0,0.0,0.0,0.0,0.0,11.53,3.59,0.0
20230128:1810,0.0,0.0,0.0,0.0,0.0,10.43,2.9,0.0
20230128:1910,0.0,0.0,0.0,0.0,0.0,9.75,2.28,0.0
20230128:2010,0.0,0.0,0.0,0.0,0.0,9.35,1.66,0.0
20230128:2110,0.0,0.0,0.0,0.0,0.0,8.91,1.52,0.0
20230128:2210,0.0,0.0,0.0,0.0,0.0,8.58,0.62,0.0
20230128:2310,0.0,0.0,0.0,0.0,0.0,8.22,1.31,0.0
20230129:0010,0.0,0.0,0.0,0.0,0.0,8.03,1.31,0.0
20230129:0110,0.0,0.0,0.0,0.0,0.0,7.51,1.59,0.0
20230129:0210,0.0,0.0,0.0,0.0,0.0,6.98,1.86,0.0
20230129:0310,0.0,0.0,0.0,0.0,0.0,6.51,2.48,0.0
20230129:0410,0.0,0.0,0.0,0.0,0.0,6.32,2.41,0.0
20230129:0510,0.0,0.0,0.0,0.0,0.0,6.4,2.62,0.0
20230129:0610,0.0,0.0,0.0,0.0,0.0,6.45,2.9,0.0
20230129:0710,0.0,0.0,0.0,0.0,0.0,6.31,3.1,0.0
20230129:0810,272.39,263.87,64.13,2.51,9.68,6.98,3.38,0.0
20230129:0910,499.93,485.53,93.68,5.57,18.98,8.12,3.86,0.0
20230129:1010,622.22,595.25,138.47,7.81,26.55,9.77,3.17,0.0
20230129:1110,590.14,454.36,240.92,8.34,31.69,10.53,3.52,0.0
20230129:1210,142.74,1.68,176.58,3.53,33.7,10.69,3.79,0.0
20230129:1310,217.45,35.6,225.38,4.74,32.25,10.74,4.14,0.0
20230129:1410,284.14,109.1,224.91,5.17,27.57,10.61,4.83,0.0
20230129:1510,404.1,307.36,160.42,5.15,20.34,10.34,6.0,0.0
20230129:1610,154.0,99.41,92.51,2.19,11.28,10.17,6.14,0.0
20230129:1710,0.0,0.0,0.0,0.0,0.0,9.86,5.66,0.0
20230129:1810,0.0,0.0,0.0,0.0,0.0,9.79,5.17,0.0
20230129:1910,0.0,0.0,0.0,0.0,0.0,9.75,5.17,0.0
20230129:2010,0.0,0.0,0.0,0.0,0.0,9.61,4.9,0.0
20230129:2110,0.0,0.0,0.0,0.0,0.0,9.31,4.62,0.0
20230129:2210,0.0,0.0,0.0,0.0,0.0,8.79,3.66,0.0
20230129:2310,0.0,0.0,0.0,0.0,0.0,8.47,3.93,0.0
20230130:0010,0.0,0.0,0.0,0.0,0.0,8.08,3.93,0.0
20230130:0110,0.0,0.0,0.0,0.0,0.0,7.81,3.59,0.0
20230130:0210,0.0,0.0,0.0,0.0,0.0,7.49,3.52,0.0
20230130:0310,0.0,0.0,0.0,0.0,0.0,6.86,3.72,0.0
20230130:0410,0.0,0.0,0.0,0.0,0.0,6.63,3.79,0.0
20230130:0510,0.0,0.0,0.0,0.0,0.0,6.37,3.93,0.0
20230130:0610,0.0,0.0,0.0,0.0,0.0,6.08,4.21,0.0
20230130:0710,0.0,0.0,0.0,0.0,0.0,5.9,4.41,0.0
20230130:0810,279.52,269.99,64.09,2.59,9.84,6.4,4.55,0.0
20230130:0910,510.17,497.0,92.38,5.7,19.17,7.96,4.28,0.0
20230130:1010,674.58,704.5,97.78,8.39,26.77,10.55,3.24,0.0
20230130:1110,750.96,810.68,108.69,10.0,31.94,11.78,2.34,0.0
20230130:1210,766.3,845.09,116.36,10.6,33.97,12.58,1.45,0.0
20230130:1310,739.27,822.66,109.93,10.18,32.52,12.91,1.03,0.0
20230130:1410,666.81,709.8,105.36,8.63,27.84,13.19,2.07,0.0
20230130:1510,531.11,542.69,90.8,6.22,20.59,12.95,3.1,0.0
20230130:1610,309.37,307.72,68.92,3.09,11.51,12.69,3.38,0.0
20230130:1710,0.0,0.0,0.0,0.0,0.0,12.13,3.59,0.0
20230130:1810,0.0,0.0,0.0,0.0,0.0,10.92,3.52,0.0
20230130:1910,0.0,0.0,0.0,0.0,0.0,10.15,3.1,0.0
20230130:2010,0.0,0.0,0.0,0.0,0.0,9.82,3.03,0.0
20230130:2110,0.0,0.0,0.0,0.0,0.0,9.37,3.1,0.0
20230130:2210,0.0,0.0,0.0,0.0,0.0,8.95,3.1,0.0
20230130:2310,0.0,0.0,0.0,0.0,0.0,8.87,3.17,0.0
20230131:0010,0.0,0.0,0.0,0.0,0.0,8.75,3.31,0.0
20230131:0110,0.0,0.0,0.0,0.0,0.0,8.45,3.52,0.0
20230131:0210,0.0,0.0,0.0,0.0,0.0,8.07,3.45,0.0
20230131:0310,0.0,0.0,0.0,0.0,0.0,7.68,3.31,0.0
20230131:0410,0.0,0.0,0.0,0.0,0.0,7.39,3.24,0.0
20230131:0510,0.0,0.0,0.0,0.0,0.0,6.99,3.24,0.0
20230131:0610,0.0,0.0,0.0,0.0,0.0,6.67,3.24,0.0
20230131:0710,0.0,0.0,0.0,0.0,0.0,6.41,3.24,0.0
20230131:0810,291.51,288.45,61.87,2.71,10.01,7.02,3.31,0.0
20230131:0910,516.62,515.91,89.99,5.88,19.36,9.0,2.9,0.0
20230131:1010,669.97,700.01,104.54,8.48,27.0,11.73,2.9,0.0
20230131:1110,759.47,826.42,108.87,10.22,32.2,13.36,2.62,0.0
20230131:1210,767.71,862.23,115.13,10.81,34.25,14.49,1.31,0.0
20230131:1310,741.59,839.89,108.68,10.4,32.8,15.2,1.03,0.0
20230131:1410,676.07,745.14,96.03,8.92,28.1,15.58,1.86,0.0
20230131:1510,528.8,551.13,90.67,6.35,20.84,15.47,2.55,0.0
20230131:1610,317.99,323.92,67.94,3.24,11.74,15.03,2.9,0.0
20230131:1710,0.0,0.0,0.0,0.0,0.0,14.05,2.83,0.0
20230131:1810,0.0,0.0,0.0,0.0,0.0,12.55,2.0,0.0
20230131:1910,0.0,0.0,0.0,0.0,0.0,11.5,1.59,0.0
20230131:2010,0.0,0.0,0.0,0.0,0.0,11.03,1.52,0.0
20230131:2110,0.0,0.0,0.0,0.0,0.0,10.54,1.86,0.0
20230131:2210,0.0,0.0,0.0,0.0,0.0,9.65,2.34,0.0
20230131:2310,0.0,0.0,0.0,0.0,0.0,9.37,2.14,0.0
20230201:0010,0.0,0.0,0.0,0.0,0.0,9.25,2.0,0.0
20230201:0110,0.0,0.0,0.0,0.0,0.0,8.92,1.79,0.0
20230201:0210,0.0,0.0,0.0,0.0,0.0,8.63,1.79,0.0
20230201:0310,0.0,0.0,0.0,0.0,0.0,8.16,1.79,0.0
20230201:0410,0.0,0.0,0.0,0.0,0.0,7.85,1.72,0.0
20230201:0510,0.0,0.0,0.0,0.0,0.0,7.53,1.59,0.0
20230201:0610,0.0,0.0,0.0,0.0,0.0,7.41,1.45,0.0
20230201:0710,0.0,0.0,0.0,0.0,0.0,7.26,1.31,0.0
20230201:0810,254.83,236.5,74.92,2.59,10.19,8.08,1.38,0.0
20230201:0910,472.45,450.13,114.4,5.66,19.56,9.98,1.17,0.0
20230201:1010,634.24,648.43,127.42,8.32,27.23,11.63,1.24,0.0
20230201:1110,707.24,716.37,156.74,9.77,32.46,12.36,1.66,0.0
20230201:1210,754.73,786.58,149.43,10.53,34.53,12.99,2.07,0.0
20230201:1310,738.68,765.18,143.32,10.13,33.08,13.45,2.55,0.0
20230201:1410,644.65,636.75,141.65,8.48,28.38,13.8,3.1,0.0
20230201:1510,516.11,503.26,112.22,6.24,21.09,13.76,3.52,0.0
20230201:1610,296.62,281.83,80.39,3.15,11.97,13.48,3.45,0.0
20230201:1710,0.0,0.0,0.0,0.0,0.0,12.89,2.76,0.0
20230201:1810,0.0,0.0,0.0,0.0,0.0,12.04,1.93,0.0
20230201:1910,0.0,0.0,0.0,0.0,0.0,11.35,1.93,0.0
20230201:2010,0.0,0.0,0.0,0.0,0.0,11.14,1.72,0.0
20230201:2110,0.0,0.0,0.0,0.0,0.0,10.69,1.66,0.0
20230201:2210,0.0,0.0,0.0,0.0,0.0,10.02,2.07,0.0
20230201:2310,0.0,0.0,0.0,0.0,0.0,9.82,1.86,0.0
20230202:0010,0.0,0.0,0.0,0.0,0.0,9.5,1.79,0.0
20230202:0110,0.0,0.0,0.0,0.0,0.0,9.01,1.86,0.0
20230202:0210,0.0,0.0,0.0,0.0,0.0,8.75,2.21,0.0
20230202:0310,0.0,0.0,0.0,0.0,0.0,8.53,2.55,0.0
20230202:0410,0.0,0.0,0.0,0.0,0.0,8.46,2.76,0.0
20230202:0510,0.0,0.0,0.0,0.0,0.0,8.73,2.97,0.0
20230202:0610,0.0,0.0,0.0,0.0,0.0,8.5,3.17,0.0
20230202:0710,0.0,0.0,0.0,0.0,0.0,8.2,3.24,0.0
20230202:0810,258.3,237.57,75.84,2.64,10.37,8.65,3.45,0.0
20230202:0910,480.77,451.87,113.85,5.71,19.77,10.03,2.83,0.0
20230202:1010,631.65,633.81,133.0,8.3,27.47,12.15,1.86,0.0
20230202:1110,719.44,753.96,143.01,10.02,32.73,13.3,1.52,0.0
20230202:1210,753.14,790.57,149.03,10.62,34.82,13.89,2.0,0.0
20230202:1310,733.69,757.55,147.86,10.16,33.37,14.21,2.55,0.0
20230202:1410,648.59,649.72,139.02,8.63,28.65,14.48,2.83,0.0
20230202:1510,512.86,506.25,111.7,6.31,21.35,14.3,2.55,0.0
20230202:1610,295.62,281.96,82.58,3.22,12.21,14.01,1.86,0.0
20230202:1710,0.0,0.0,4.28,0.09,1.85,13.5,1.03,0.0
20230202:1810,0.0,0.0,0.0,0.0,0.0,11.59,0.76,0.0
20230202:1910,0.0,0.0,0.0,0.0,0.0,11.03,0.41,0.0
20230202:2010,0.0,0.0,0.0,0.0,0.0,11.17,0.28,0.0
20230202:2110,0.0,0.0,0.0,0.0,0.0,10.96,0.21,0.0
20230202:2210,0.0,0.0,0.0,0.0,0.0,10.86,0.9,0.0
20230202:2310,0.0,0.0,0.0,0.0,0.0,10.14,1.45,0.0
20230203:0010,0.0,0.0,0.0,0.0,0.0,9.01,1.72,0.0
20230203:0110,0.0,0.0,0.0,0.0,0.0,8.57,1.86,0.0
20230203:0210,0.0,0.0,0.0,0.0,0.0,8.11,1.79,0.0
20230203:0310,0.0,0.0,0.0,0.0,0.0,7.67,1.86,0.0
20230203:0410,0.0,0.0,0.0,0.0,0.0,7.53,2.0,0.0
20230203:0510,0.0,0.0,0.0,0.0,0.0,7.51,2.14,0.0
20230203:0610,0.0,0.0,0.0,0.0,0.0,7.41,2.34,0.0
20230203:0710,0.0,0.0,0.0,0.0,0.0,7.42,2.48,0.0
20230203:0810,262.55,243.33,75.79,2.71,10.55,8.48,2.55,0.0
20230203:0910,489.1,468.56,111.66,5.88,19.98,10.76,2.34,0.0
20230203:1010,643.27,653.72,129.37,8.5,27.71,13.28,2.21,0.0
20230203:1110,733.99,766.23,141.68,10.18,33.0,14.64,2.55,0.0
20230203:1210,764.33,789.56,155.33,10.74,35.11,15.21,3.17,0.0
20230203:1310,759.31,802.71,132.74,10.49,33.66,15.48,3.45,0.0
20230203:1410,664.37,671.0,135.47,8.84,28.93,15.48,3.66,0.0
20230203:1510,524.79,518.34,110.39,6.46,21.6,15.14,3.86,0.0
20230203:1610,310.16,297.74,81.9,3.36,12.44,14.55,3.59,0.0
20230203:1710,0.16,0.0,5.99,0.13,2.07,14.03,2.76,0.0
20230203:1810,0.0,0.0,0.0,0.0,0.0,12.78,1.86,0.0
20230203:1910,0.0,0.0,0.0,0.0,0.0,12.46,0.76,0.0
20230203:2010,0.0,0.0,0.0,0.0,0.0,11.37,0.83,0.0
20230203:2110,0.0,0.0,0.0,0.0,0.0,10.01,1.72,0.0
20230203:2210,0.0,0.0,0.0,0.0,0.0,9.96,2.14,0.0
20230203:2310,0.0,0.0,0.0,0.0,0.0,9.56,2.34,0.0
20230204:0010,0.0,0.0,0.0,0.0,0.0,9.13,2.41,0.0
20230204:0110,0.0,0.0,0.0,0.0,0.0,8.78,2.55,0.0
20230204:0210,0.0,0.0,0.0,0.0,0.0,8.52,2.83,0.0
20230204:0310,0.0,0.0,0.0,0.0,0.0,8.1,2.9,0.0
20230204:0410,0.0,0.0,0.0,0.0,0.0,7.84,2.83,0.0
20230204:0510,0.0,0.0,0.0,0.0,0.0,7.69,2.9,0.0
20230204:0610,0.0,0.0,0.0,0.0,0.0,7.55,2.83,0.0
20230204:0710,0.0,0.0,0.0,0.0,0.0,7.47,2.76,0.0
20230204:0810,280.58,265.42,74.51,2.88,10.74,8.47,2.76,0.0
20230204:0910,502.98,492.34,106.97,6.08,20.2,10.76,2.0,0.0
20230204:1010,646.58,675.01,125.73,8.72,27.96,13.74,1.31,0.0
20230204:1110,741.7,802.99,131.66,10.49,33.28,15.64,1.86,0.0
20230204:1210,789.3,863.3,128.87,11.23,35.4,16.81,2.9,0.0
20230204:1310,759.6,806.33,138.0,10.65,33.96,17.73,3.72,0.0
20230204:1410,662.88,675.03,137.87,8.97,29.21,18.46,4.21,0.0
20230204:1510,514.1,502.86,120.09,6.49,21.86,18.45,4.55,0.0
20230204:1610,308.58,297.58,84.05,3.44,12.68,17.83,4.83,0.0
20230204:1710,0.48,0.0,6.85,0.14,2.28,16.43,4.41,0.0
20230204:1810,0.0,0.0,0.0,0.0,0.0,14.72,3.52,0.0
20230204:1910,0.0,0.0,0.0,0.0,0.0,13.8,2.62,0.0
20230204:2010,0.0,0.0,0.0,0.0,0.0,13.24,2.34,0.0
20230204:2110,0.0,0.0,0.0,0.0,0.0,12.36,2.28,0.0
20230204:2210,0.0,0.0,0.0,0.0,0.0,11.99,1.79,0.0
20230204:2310,0.0,0.0,0.0,0.0,0.0,11.47,1.66,0.0
20230205:0010,0.0,0.0,0.0,0.0,0.0,11.18,1.79,0.0
20230205:0110,0.0,0.0,0.0,0.0,0.0,11.08,1.79,0.0
20230205:0210,0.0,0.0,0.0,0.0,0.0,10.61,1.79,0.0
20230205:0310,0.0,0.0,0.0,0.0,0.0,10.11,1.72,0.0
20230205:0410,0.0,0.0,0.0,0.0,0.0,9.85,1.93,0.0
20230205:0510,0.0,0.0,0.0,0.0,0.0,9.71,2.28,0.0
20230205:0610,0.0,0.0,0.0,0.0,0.0,9.5,2.69,0.0
20230205:0710,0.0,0.0,0.0,0.0,0.0,9.53,3.24,0.0
20230205:0810,261.78,242.41,78.66,2.82,10.94,11.15,3.17,0.0
20230205:0910,479.34,450.94,118.84,5.91,20.43,13.0,3.38,0.0
20230205:1010,640.14,616.18,146.64,8.46,28.22,15.01,5.38,0.0
20230205:1110,746.9,747.65,151.91,10.24,33.56,15.56,5.66,0.0
20230205:1210,776.14,777.72,162.98,10.83,35.7,15.65,5.38,0.0
20230205:1310,762.38,785.41,141.88,10.54,34.26,15.68,4.76,0.0
20230205:1410,649.83,630.23,155.0,8.81,29.5,15.5,4.0,0.0
20230205:1510,527.02,521.92,112.08,6.62,22.12,15.25,3.38,0.0
20230205:1610,308.45,295.24,84.42,3.47,12.92,14.97,2.62,0.0
20230205:1710,3.72,5.87,8.39,0.18,2.5,14.28,1.52,0.0
20230205:1810,0.0,0.0,0.0,0.0,0.0,13.14,0.69,0.0
20230205:1910,0.0,0.0,0.0,0.0,0.0,13.16,0.76,0.0
20230205:2010,0.0,0.0,0.0,0.0,0.0,12.67,1.24,0.0
20230205:2110,0.0,0.0,0.0,0.0,0.0,11.53,1.59,0.0
20230205:2210,0.0,0.0,0.0,0.0,0.0,10.42,1.86,0.0
20230205:2310,0.0,0.0,0.0,0.0,0.0,10.06,1.93,0.0
20230206:0010,0.0,0.0,0.0,0.0,0.0,9.81,2.0,0.0
20230206:0110,0.0,0.0,0.0,0.0,0.0,9.66,1.86,0.0
20230206:0210,0.0,0.0,0.0,0.0,0.0,9.37,1.45,0.0
20230206:0310,0.0,0.0,0.0,0.0,0.0,8.87,1.31,0.0
20230206:0410,0.0,0.0,0.0,0.0,0.0,8.72,1.79,0.0
20230206:0510,0.0,0.0,0.0,0.0,0.0,8.61,1.72,0.0
20230206:0610,0.0,0.0,0.0,0.0,0.0,8.56,1.79,0.0
20230206:0710,0.0,0.0,0.0,0.0,0.0,8.29,2.07,0.0
20230206:0810,78.38,29.8,76.63,1.65,11.14,9.31,2.07,0.0
20230206:0910,27.85,0.0,46.36,0.92,20.65,9.94,1.52,0.0
20230206:1010,32.08,0.0,51.81,1.03,28.48,10.92,0.76,0.0
20230206:1110,287.64,82.95,261.65,5.82,33.85,11.89,1.79,0.0
20230206:1210,267.79,56.28,263.65,5.68,36.01,11.88,3.24,0.0
20230206:1310,43.44,0.0,65.45,1.3,34.56,11.17,5.03,0.0
20230206:1410,59.18,0.0,83.63,1.66,29.78,10.61,7.52,0.0
20230206:1510,27.17,0.0,45.45,0.9,22.39,10.26,8.69,0.0
20230206:1610,29.4,0.0,48.18,0.96,13.16,10.08,8.21,0.0
20230206:1710,0.0,0.0,3.64,0.07,2.72,10.18,6.69,0.0
20230206:1810,0.0,0.0,0.0,0.0,0.0,10.26,5.66,0.0
20230206:1910,0.0,0.0,0.0,0.0,0.0,10.26,5.93,0.0
20230206:2010,0.0,0.0,0.0,0.0,0.0,10.18,6.69,0.0
20230206:2110,0.0,0.0,0.0,0.0,0.0,10.06,7.17,0.0
20230206:2210,0.0,0.0,0.0,0.0,0.0,10.17,6.41,0.0
20230206:2310,0.0,0.0,0.0,0.0,0.0,10.01,6.21,0.0
20230207:0010,0.0,0.0,0.0,0.0,0.0,10.08,6.07,0.0
20230207:0110,0.0,0.0,0.0,0.0,0.0,9.84,5.93,0.0
20230207:0210,0.0,0.0,0.0,0.0,0.0,9.78,5.93,0.0
20230207:0310,0.0,0.0,0.0,0.0,0.0,9.61,6.41,0.0
20230207:0410,0.0,0.0,0.0,0.0,0.0,9.63,6.34,0.0
20230207:0510,0.0,0.0,0.0,0.0,0.0,9.29,6.34,0.0
20230207:0610,0.0,0.0,0.0,0.0,0.0,9.29,6.28,0.0
20230207:0710,0.0,0.0,0.0,0.0,0.0,9.27,6.28,0.0
20230207:0810,197.95,151.08,91.4,2.51,11.35,9.62,6.55,0.0
20230207:0910,162.24,45.37,152.91,3.33,20.89,10.38,7.17,0.0
20230207:1010,105.74,0.0,137.26,2.73,28.74,11.9,5.45,0.0
20230207:1110,254.12,53.36,248.51,5.35,34.15,12.04,6.69,0.0
20230207:1210,518.76,302.22,299.73,8.36,36.32,12.18,7.31,0.0
20230207:1310,704.91,613.69,210.04,9.82,34.87,12.3,7.38,0.0
20230207:1410,523.64,373.14,233.5,7.61,30.07,12.3,7.52,0.0
20230207:1510,479.98,406.36,149.96,6.19,22.65,12.22,7.59,0.0
20230207:1610,74.19,16.85,84.79,1.77,13.4,11.98,7.45,0.0
20230207:1710,4.46,5.03,10.22,0.22,2.94,11.65,7.03,0.0
20230207:1810,0.0,0.0,0.0,0.0,0.0,11.46,6.41,0.0
20230207:1910,0.0,0.0,0.0,0.0,0.0,11.24,6.28,0.0
20230207:2010,0.0,0.0,0.0,0.0,0.0,10.98,6.0,0.0
20230207:2110,0.0,0.0,0.0,0.0,0.0,10.65,6.0,0.0
20230207:2210,0.0,0.0,0.0,0.0,0.0,10.88,3.59,0.0
20230207:2310,0.0,0.0,0.0,0.0,0.0,10.67,3.59,0.0
20230208:0010,0.0,0.0,0.0,0.0,0.0,10.63,4.07,0.0
20230208:0110,0.0,0.0,0.0,0.0,0.0,10.74,4.62,0.0
20230208:0210,0.0,0.0,0.0,0.0,0.0,10.77,4.97,0.0
20230208:0310,0.0,0.0,0.0,0.0,0.0,10.81,4.9,0.0
20230208:0410,0.0,0.0,0.0,0.0,0.0,10.75,5.03,0.0
20230208:0510,0.0,0.0,0.0,0.0,0.0,10.54,5.52,0.0
20230208:0610,0.0,0.0,0.0,0.0,0.0,10.52,5.38,0.0
20230208:0710,0.0,0.0,0.0,0.0,0.0,10.61,4.97,0.0
20230208:0810,230.25,195.16,87.07,2.75,11.56,11.25,5.03,0.0
20230208:0910,460.92,406.36,131.84,5.84,21.13,11.89,5.52,0.0
20230208:1010,547.06,437.41,206.11,7.74,29.01,12.84,4.83,0.0
20230208:1110,716.28,676.78,177.67,10.02,34.44,13.68,5.24,0.0
20230208:1210,674.45,553.36,247.36,9.89,36.63,13.87,5.72,0.0
20230208:1310,351.89,131.31,283.35,6.64,35.18,13.54,6.07,0.0
20230208:1410,59.27,0.0,84.54,1.68,30.36,12.91,6.83,0.0
20230208:1510,112.34,8.8,135.89,2.77,22.92,12.54,7.38,0.0
20230208:1610,126.21,58.12,103.05,2.33,13.64,12.32,7.31,0.0
20230208:1710,0.0,0.0,1.82,0.04,3.16,12.01,6.62,0.0
20230208:1810,0.0,0.0,0.0,0.0,0.0,11.87,5.93,0.0
20230208:1910,0.0,0.0,0.0,0.0,0.0,11.74,5.59,0.0
20230208:2010,0.0,0.0,0.0,0.0,0.0,11.57,5.59,0.0
20230208:2110,0.0,0.0,0.0,0.0,0.0,11.45,5.38,0.0
20230208:2210,0.0,0.0,0.0,0.0,0.0,11.16,4.9,0.0
20230208:2310,0.0,0.0,0.0,0.0,0.0,11.1,4.55,0.0
20230209:0010,0.0,0.0,0.0,0.0,0.0,10.87,4.41,0.0
20230209:0110,0.0,0.0,0.0,0.0,0.0,10.87,4.76,0.0
20230209:0210,0.0,0.0,0.0,0.0,0.0,10.78,5.03,0.0
20230209:0310,0.0,0.0,0.0,0.0,0.0,10.55,4.9,0.0
20230209:0410,0.0,0.0,0.0,0.0,0.0,10.36,4.83,0.0
20230209:0510,0.0,0.0,0.0,0.0,0.0,10.08,4.76,0.0
20230209:0610,0.0,0.0,0.0,0.0,0.0,10.18,4.69,0.0
20230209:0710,0.0,0.0,0.0,0.0,0.0,10.04,4.76,0.0
20230209:0810,137.88,80.71,93.95,2.22,11.77,10.28,5.24,0.0
20230209:0910,141.76,28.5,147.74,3.13,21.37,10.56,5.66,0.0
20230209:1010,245.01,67.72,223.25,4.94,29.29,11.31,5.79,0.0
20230209:1110,489.24,281.26,288.25,7.96,34.75,11.76,5.79,0.0
20230209:1210,201.95,15.81,228.77,4.68,36.95,12.04,6.0,0.0
20230209:1310,743.14,698.92,180.04,10.38,35.5,12.07,5.66,0.0
20230209:1410,610.21,513.82,199.8,8.5,30.66,12.24,5.93,0.0
20230209:1510,254.4,113.34,188.52,4.5,23.18,11.89,6.07,0.0
20230209:1610,319.13,292.51,88.05,3.69,13.88,11.61,6.48,0.0
20230209:1710,9.05,8.82,14.13,0.31,3.39,11.11,6.14,0.0
20230209:1810,0.0,0.0,0.0,0.0,0.0,10.78,5.86,0.0
20230209:1910,0.0,0.0,0.0,0.0,0.0,10.59,5.72,0.0
20230209:2010,0.0,0.0,0.0,0.0,0.0,10.41,5.59,0.0
20230209:2110,0.0,0.0,0.0,0.0,0.0,10.0,5.45,0.0
20230209:2210,0.0,0.0,0.0,0.0,0.0,9.83,5.52,0.0
20230209:2310,0.0,0.0,0.0,0.0,0.0,9.6,4.9,0.0
20230210:0010,0.0,0.0,0.0,0.0,0.0,9.43,4.0,0.0
20230210:0110,0.0,0.0,0.0,0.0,0.0,9.16,3.24,0.0
20230210:0210,0.0,0.0,0.0,0.0,0.0,9.03,2.83,0.0
20230210:0310,0.0,0.0,0.0,0.0,0.0,8.72,2.76,0.0
20230210:0410,0.0,0.0,0.0,0.0,0.0,8.38,2.9,0.0
20230210:0510,0.0,0.0,0.0,0.0,0.0,8.16,3.38,0.0
20230210:0610,0.0,0.0,0.0,0.0,0.0,8.25,3.72,0.0
20230210:0710,0.0,0.0,0.0,0.0,0.0,8.31,4.28,0.0
20230210:0810,201.08,148.05,97.56,2.68,11.99,8.83,4.69,0.0
20230210:0910,84.32,1.77,110.23,2.21,21.62,9.61,4.9,0.0
20230210:1010,161.04,13.12,185.68,3.8,29.57,10.86,3.31,0.0
20230210:1110,316.85,96.91,276.94,6.26,35.05,11.42,3.93,0.0
20230210:1210,198.16,12.58,228.25,4.65,37.28,11.89,4.69,0.0
20230210:1310,354.51,126.62,289.81,6.75,35.82,12.06,4.97,0.0
20230210:1410,594.15,484.39,214.74,8.48,30.95,12.1,4.69,0.0
20230210:1510,61.01,0.0,86.36,1.72,23.45,12.07,4.9,0.0
20230210:1610,169.91,96.77,113.9,2.77,14.12,11.82,5.03,0.0
20230210:1710,0.31,0.0,6.36,0.13,3.61,11.46,5.03,0.0
20230210:1810,0.0,0.0,0.0,0.0,0.0,11.14,4.97,0.0
20230210:1910,0.0,0.0,0.0,0.0,0.0,10.92,4.48,0.0
20230210:2010,0.0,0.0,0.0,0.0,0.0,10.77,4.83,0.0
20230210:2110,0.0,0.0,0.0,0.0,0.0,10.52,4.97,0.0
20230210:2210,0.0,0.0,0.0,0.0,0.0,10.55,4.0,0.0
20230210:2310,0.0,0.0,0.0,0.0,0.0,10.6,4.07,0.0
20230211:0010,0.0,0.0,0.0,0.0,0.0,10.64,4.21,0.0
20230211:0110,0.0,0.0,0.0,0.0,0.0,10.65,4.34,0.0
20230211:0210,0.0,0.0,0.0,0.0,0.0,10.7,4.34,0.0
20230211:0310,0.0,0.0,0.0,0.0,0.0,10.38,4.69,0.0
20230211:0410,0.0,0.0,0.0,0.0,0.0,10.37,5.24,0.0
20230211:0510,0.0,0.0,0.0,0.0,0.0,10.43,5.59,0.0
20230211:0610,0.0,0.0,0.0,0.0,0.0,10.4,5.93,0.0
20230211:0710,0.0,0.0,0.0,0.0,0.0,10.35,6.0,0.0
20230211:0810,54.89,8.44,70.47,1.45,12.22,10.47,6.14,0.0
20230211:0910,45.01,0.0,67.27,1.34,21.87,11.21,7.1,0.0
20230211:1010,32.82,0.0,52.72,1.05,29.85,11.76,7.66,0.0
20230211:1110,649.56,502.19,251.49,9.48,35.37,11.97,8.0,0.0
20230211:1210,71.39,0.0,98.17,1.95,37.6,12.06,8.21,0.0
20230211:1310,362.44,130.6,291.23,6.82,36.14,12.11,8.21,0.0
20230211:1410,80.05,0.0,108.17,2.15,31.25,12.3,8.0,0.0
20230211:1510,352.67,214.2,196.89,5.44,23.72,12.26,7.79,0.0
20230211:1610,179.71,105.34,116.12,2.88,14.37,12.31,7.45,0.0
20230211:1710,1.1,0.0,8.18,0.16,3.83,11.98,6.97,0.0
20230211:1810,0.0,0.0,0.0,0.0,0.0,11.86,6.41,0.0
20230211:1910,0.0,0.0,0.0,0.0,0.0,11.77,6.28,0.0
20230211:2010,0.0,0.0,0.0,0.0,0.0,11.72,5.86,0.0
20230211:2110,0.0,0.0,0.0,0.0,0.0,11.7,5.59,0.0
20230211:2210,0.0,0.0,0.0,0.0,0.0,11.6,7.1,0.0
20230211:2310,0.0,0.0,0.0,0.0,0.0,11.45,6.83,0.0
20230212:0010,0.0,0.0,0.0,0.0,0.0,11.24,6.0,0.0
20230212:0110,0.0,0.0,0.0,0.0,0.0,11.25,5.66,0.0
20230212:0210,0.0,0.0,0.0,0.0,0.0,11.34,5.52,0.0
20230212:0310,0.0,0.0,0.0,0.0,0.0,11.24,5.45,0.0
20230212:0410,0.0,0.0,0.0,0.0,0.0,11.27,5.45,0.0
20230212:0510,0.0,0.0,0.0,0.0,0.0,11.2,5.45,0.0
20230212:0610,0.0,0.0,0.0,0.0,0.0,11.14,5.52,0.0
20230212:0710,0.0,0.0,1.82,0.04,1.71,11.09,5.45,0.0
20230212:0810,212.94,164.03,97.53,2.84,12.45,11.51,5.72,0.0
20230212:0910,443.48,362.13,154.15,5.95,22.13,11.92,6.34,0.0
20230212:1010,221.5,46.92,219.1,4.72,30.14,12.5,6.76,0.0
20230212:1110,376.53,149.13,291.85,6.98,35.68,12.72,6.28,0.0
20230212:1210,244.8,34.2,259.28,5.44,37.93,12.93,5.86,0.0
20230212:1310,305.81,82.91,279.42,6.22,36.46,13.02,5.45,0.0
20230212:1410,329.72,131.52,257.82,6.13,31.55,13.12,5.24,0.0
20230212:1510,374.56,244.63,195.58,5.7,23.99,13.0,5.38,0.0
20230212:1610,320.79,293.93,91.41,3.89,14.61,12.8,5.31,0.0
20230212:1710,13.78,11.17,18.97,0.42,4.05,12.43,5.17,0.0
20230212:1810,0.0,0.0,0.0,0.0,0.0,12.02,4.76,0.0
20230212:1910,0.0,0.0,0.0,0.0,0.0,11.58,4.41,0.0
20230212:2010,0.0,0.0,0.0,0.0,0.0,11.36,4.0,0.0
20230212:2110,0.0,0.0,0.0,0.0,0.0,11.2,3.59,0.0
20230212:2210,0.0,0.0,0.0,0.0,0.0,10.62,3.79,0.0
20230212:2310,0.0,0.0,0.0,0.0,0.0,10.3,3.45,0.0
20230213:0010,0.0,0.0,0.0,0.0,0.0,10.0,3.45,0.0
20230213:0110,0.0,0.0,0.0,0.0,0.0,9.94,3.66,0.0
20230213:0210,0.0,0.0,0.0,0.0,0.0,10.06,4.0,0.0
20230213:0310,0.0,0.0,0.0,0.0,0.0,10.15,4.07,0.0
20230213:0410,0.0,0.0,0.0,0.0,0.0,10.15,3.93,0.0
20230213:0510,0.0,0.0,0.0,0.0,0.0,10.19,3.79,0.0
20230213:0610,0.0,0.0,0.0,0.0,0.0,10.43,3.72,0.0
20230213:0710,0.0,0.0,1.82,0.04,1.92,10.7,4.0,0.0
20230213:0810,133.9,71.49,99.14,2.33,12.68,11.15,4.34,0.0
20230213:0910,401.47,298.7,171.4,5.7,22.39,11.69,4.76,0.0
20230213:1010,468.63,298.83,247.06,7.32,30.43,12.34,6.07,0.0
20230213:1110,668.32,549.27,237.93,9.84,36.01,12.81,6.0,0.0
20230213:1210,288.16,61.83,280.74,6.09,38.27,13.17,5.72,0.0
20230213:1310,421.64,192.84,302.69,7.58,36.79,13.12,5.24,0.0
20230213:1410,348.56,149.76,261.78,6.37,31.85,13.31,4.97,0.0
20230213:1510,262.46,116.21,197.79,4.76,24.26,13.45,4.76,0.0
20230213:1610,329.12,307.23,89.12,4.01,14.85,13.17,4.76,0.0
20230213:1710,61.33,74.37,24.5,0.76,4.27,12.82,4.9,0.0
20230213:1810,0.0,0.0,0.0,0.0,0.0,12.54,4.62,0.0
20230213:1910,0.0,0.0,0.0,0.0,0.0,12.51,4.48,0.0
20230213:2010,0.0,0.0,0.0,0.0,0.0,12.35,4.28,0.0
20230213:2110,0.0,0.0,0.0,0.0,0.0,12.1,4.41,0.0
20230213:2210,0.0,0.0,0.0,0.0,0.0,11.77,5.1,0.0
20230213:2310,0.0,0.0,0.0,0.0,0.0,11.7,5.38,0.0
20230214:0010,0.0,0.0,0.0,0.0,0.0,11.83,5.24,0.0
20230214:0110,0.0,0.0,0.0,0.0,0.0,11.89,4.97,0.0
20230214:0210,0.0,0.0,0.0,0.0,0.0,12.02,4.97,0.0
20230214:0310,0.0,0.0,0.0,0.0,0.0,11.95,4.83,0.0
20230214:0410,0.0,0.0,0.0,0.0,0.0,11.97,4.69,0.0
20230214:0510,0.0,0.0,0.0,0.0,0.0,11.88,5.17,0.0
20230214:0610,0.0,0.0,0.0,0.0,0.0,11.75,5.59,0.0
20230214:0710,0.0,0.0,2.73,0.05,2.14,11.65,5.66,0.0
20230214:0810,87.82,28.14,89.73,1.94,12.92,12.14,5.86,0.0
20230214:0910,206.08,73.13,176.13,4.01,22.66,12.81,6.41,0.0
20230214:1010,159.52,11.17,187.11,3.82,30.73,13.65,7.59,0.0
20230214:1110,331.77,105.48,286.3,6.55,36.33,13.93,6.97,0.0
20230214:1210,120.9,0.0,155.44,3.09,38.61,13.94,6.83,0.0
20230214:1310,233.42,30.92,250.46,5.24,37.12,13.89,6.9,0.0
20230214:1410,528.85,370.32,248.77,8.1,32.16,13.98,6.97,0.0
20230214:1510,434.98,325.61,183.66,6.28,24.54,13.81,6.9,0.0
20230214:1610,256.8,194.38,116.47,3.56,15.1,13.54,6.62,0.0
20230214:1710,21.2,16.88,24.16,0.54,4.5,13.32,6.28,0.0
20230214:1810,0.0,0.0,0.0,0.0,0.0,13.23,5.86,0.0
20230214:1910,0.0,0.0,0.0,0.0,0.0,13.19,5.66,0.0
20230214:2010,0.0,0.0,0.0,0.0,0.0,13.08,5.59,0.0
20230214:2110,0.0,0.0,0.0,0.0,0.0,12.96,5.38,0.0
20230214:2210,0.0,0.0,0.0,0.0,0.0,12.62,6.0,0.0
20230214:2310,0.0,0.0,0.0,0.0,0.0,12.41,5.79,0.0
20230215:0010,0.0,0.0,0.0,0.0,0.0,12.32,5.59,0.0
20230215:0110,0.0,0.0,0.0,0.0,0.0,12.15,5.72,0.0
20230215:0210,0.0,0.0,0.0,0.0,0.0,11.86,5.79,0.0
20230215:0310,0.0,0.0,0.0,0.0,0.0,11.8,6.07,0.0
20230215:0410,0.0,0.0,0.0,0.0,0.0,11.62,6.14,0.0
20230215:0510,0.0,0.0,0.0,0.0,0.0,11.51,6.21,0.0
20230215:0610,0.0,0.0,0.0,0.0,0.0,11.42,6.14,0.0
20230215:0710,0.31,0.0,6.36,0.13,2.36,11.48,6.28,0.0
20230215:0810,60.57,9.89,76.11,1.57,13.17,11.92,6.48,0.0
20230215:0910,143.42,25.28,154.19,3.26,22.93,12.77,7.31,0.0
20230215:1010,400.5,213.89,254.93,6.78,31.03,13.65,6.97,0.0
20230215:1110,441.31,218.94,299.84,7.78,36.66,14.35,6.55,0.0
20230215:1210,385.72,145.19,310.43,7.38,38.95,14.47,6.14,0.0
20230215:1310,262.64,49.18,266.46,5.71,37.45,14.52,5.79,0.0
20230215:1410,404.01,210.65,266.4,7.0,32.46,14.44,5.45,0.0
20230215:1510,133.58,14.9,155.02,3.2,24.81,14.16,5.24,0.0
20230215:1610,131.17,54.51,113.62,2.59,15.34,14.11,5.17,0.0
20230215:1710,63.83,74.18,27.73,0.85,4.72,13.71,5.24,0.0
20230215:1810,0.0,0.0,0.0,0.0,0.0,13.4,5.03,0.0
20230215:1910,0.0,0.0,0.0,0.0,0.0,13.23,4.9,0.0
20230215:2010,0.0,0.0,0.0,0.0,0.0,12.93,4.83,0.0
20230215:2110,0.0,0.0,0.0,0.0,0.0,12.52,4.62,0.0
20230215:2210,0.0,0.0,0.0,0.0,0.0,12.33,4.48,0.0
20230215:2310,0.0,0.0,0.0,0.0,0.0,12.03,4.21,0.0
20230216:0010,0.0,0.0,0.0,0.0,0.0,11.69,4.34,0.0
20230216:0110,0.0,0.0,0.0,0.0,0.0,11.34,4.41,0.0
20230216:0210,0.0,0.0,0.0,0.0,0.0,10.85,4.34,0.0
20230216:0310,0.0,0.0,0.0,0.0,0.0,10.56,3.93,0.0
20230216:0410,0.0,0.0,0.0,0.0,0.0,10.27,3.93,0.0
20230216:0510,0.0,0.0,0.0,0.0,0.0,9.9,4.07,0.0
20230216:0610,0.0,0.0,0.0,0.0,0.0,9.67,4.28,0.0
20230216:0710,4.16,4.73,10.18,0.22,2.59,9.63,4.55,0.0
20230216:0810,283.21,258.86,83.06,3.49,13.42,10.34,4.69,0.0
20230216:0910,462.99,399.01,143.28,6.33,23.21,11.83,4.62,0.0
20230216:1010,643.36,619.89,148.42,9.15,31.34,13.96,4.28,0.0
20230216:1110,738.99,735.64,159.88,10.87,36.99,14.85,4.34,0.0
20230216:1210,780.24,794.77,156.49,11.59,39.29,15.51,4.62,0.0
20230216:1310,740.09,721.19,175.07,10.96,37.78,15.72,4.97,0.0
20230216:1410,635.44,577.79,182.16,9.26,32.77,15.6,5.17,0.0
20230216:1510,263.59,116.55,200.83,4.86,25.08,15.21,5.24,0.0
20230216:1610,158.18,79.74,119.94,2.88,15.59,14.87,5.03,0.0
20230216:1710,34.48,30.88,29.28,0.71,4.94,14.13,4.48,0.0
20230216:1810,0.0,0.0,0.0,0.0,0.0,13.76,4.48,0.0
20230216:1910,0.0,0.0,0.0,0.0,0.0,13.3,4.76,0.0
20230216:2010,0.0,0.0,0.0,0.0,0.0,12.87,4.62,0.0
20230216:2110,0.0,0.0,0.0,0.0,0.0,12.23,4.69,0.0
20230216:2210,0.0,0.0,0.0,0.0,0.0,11.78,4.83,0.0
20230216:2310,0.0,0.0,0.0,0.0,0.0,11.71,4.69,0.0
20230217:0010,0.0,0.0,0.0,0.0,0.0,11.38,4.48,0.0
20230217:0110,0.0,0.0,0.0,0.0,0.0,11.11,4.48,0.0
20230217:0210,0.0,0.0,0.0,0.0,0.0,10.93,4.41,0.0
20230217:0310,0.0,0.0,0.0,0.0,0.0,10.53,4.48,0.0
20230217:0410,0.0,0.0,0.0,0.0,0.0,10.28,4.69,0.0
20230217:0510,0.0,0.0,0.0,0.0,0.0,10.05,4.9,0.0
20230217:0610,0.0,0.0,0.0,0.0,0.0,9.82,5.03,0.0
20230217:0710,4.54,4.36,11.08,0.24,2.82,9.58,4.97,0.0
20230217:0810,199.81,137.93,106.64,2.97,13.67,10.11,5.1,0.0
20230217:0910,314.34,178.64,191.36,5.15,23.48,11.82,5.1,0.0
20230217:1010,293.64,99.99,248.64,5.75,31.65,13.52,5.72,0.0
20230217:1110,373.07,143.2,298.03,7.13,37.33,14.43,5.79,0.0
20230217:1210,378.03,135.99,312.13,7.36,39.64,14.86,5.79,0.0
20230217:1310,422.03,191.39,308.85,7.76,38.12,15.08,5.45,0.0
20230217:1410,265.88,71.36,248.74,5.53,33.08,14.99,5.1,0.0
20230217:1510,306.0,159.5,205.85,5.32,25.36,14.85,5.03,0.0
20230217:1610,122.17,43.91,114.22,2.55,15.83,14.56,4.76,0.0
20230217:1710,49.55,50.35,31.01,0.83,5.16,13.88,4.21,0.0
20230217:1810,0.0,0.0,0.0,0.0,0.0,13.41,3.66,0.0
20230217:1910,0.0,0.0,0.0,0.0,0.0,13.03,3.86,0.0
20230217:2010,0.0,0.0,0.0,0.0,0.0,12.86,3.72,0.0
20230217:2110,0.0,0.0,0.0,0.0,0.0,12.56,4.34,0.0
20230217:2210,0.0,0.0,0.0,0.0,0.0,12.55,4.41,0.0
20230217:2310,0.0,0.0,0.0,0.0,0.0,12.53,4.0,0.0
20230218:0010,0.0,0.0,0.0,0.0,0.0,12.43,3.93,0.0
20230218:0110,0.0,0.0,0.0,0.0,0.0,12.23,3.72,0.0
20230218:0210,0.0,0.0,0.0,0.0,0.0,11.99,3.52,0.0
20230218:0310,0.0,0.0,0.0,0.0,0.0,11.87,3.66,0.0
20230218:0410,0.0,0.0,0.0,0.0,0.0,11.83,3.93,0.0
20230218:0510,0.0,0.0,0.0,0.0,0.0,11.68,4.34,0.0
20230218:0610,0.0,0.0,0.0,0.0,0.0,11.84,4.76,0.0
20230218:0710,1.98,0.0,10.0,0.2,3.06,12.0,4.76,0.0
20230218:0810,233.08,184.81,101.1,3.26,13.93,12.42,4.69,0.0
20230218:0910,380.86,270.42,179.02,5.77,23.77,12.9,4.28,0.0
20230218:1010,278.19,86.89,246.09,5.61,31.97,13.65,4.07,0.0
20230218:1110,218.3,24.23,241.87,5.03,37.67,13.93,3.93,0.0
20230218:1210,216.73,18.03,247.2,5.08,40.0,14.41,3.66,0.0
20230218:1310,264.73,49.83,270.0,5.81,38.46,14.51,3.72,0.0
20230218:1410,445.78,263.5,265.9,7.54,33.39,14.62,4.21,0.0
20230218:1510,225.4,77.47,196.32,4.5,25.63,14.34,4.14,0.0
20230218:1610,239.07,169.73,123.03,3.62,16.08,14.2,4.0,0.0
20230218:1710,65.08,71.14,31.63,0.96,5.38,13.65,3.93,0.0
20230218:1810,0.0,0.0,0.0,0.0,0.0,13.3,3.38,0.0
20230218:1910,0.0,0.0,0.0,0.0,0.0,13.14,3.03,0.0
20230218:2010,0.0,0.0,0.0,0.0,0.0,12.82,2.83,0.0
20230218:2110,0.0,0.0,0.0,0.0,0.0,12.57,2.48,0.0
20230218:2210,0.0,0.0,0.0,0.0,0.0,11.95,2.55,0.0
20230218:2310,0.0,0.0,0.0,0.0,0.0,11.83,2.14,0.0
20230219:0010,0.0,0.0,0.0,0.0,0.0,11.78,2.07,0.0
20230219:0110,0.0,0.0,0.0,0.0,0.0,11.54,2.41,0.0
20230219:0210,0.0,0.0,0.0,0.0,0.0,11.0,2.9,0.0
20230219:0310,0.0,0.0,0.0,0.0,0.0,10.77,3.03,0.0
20230219:0410,0.0,0.0,0.0,0.0,0.0,10.69,3.03,0.0
20230219:0510,0.0,0.0,0.0,0.0,0.0,10.73,3.1,0.0
20230219:0610,0.0,0.0,0.0,0.0,0.0,10.7,3.24,0.0
20230219:0710,32.08,45.08,16.78,0.51,3.3,10.65,3.24,0.0
20230219:0810,261.43,222.79,96.49,3.53,14.19,11.65,3.24,0.0
20230219:0910,477.09,435.2,133.85,6.71,24.06,13.47,2.97,0.0
20230219:1010,610.96,556.21,178.98,9.08,32.28,14.93,3.66,0.0
20230219:1110,694.17,647.23,203.23,10.69,38.02,15.76,3.31,0.0
20230219:1210,717.0,658.79,222.33,11.19,40.35,16.24,3.59,0.0
20230219:1310,702.75,647.02,210.95,10.83,38.8,16.26,4.0,0.0
20230219:1410,617.05,548.01,196.23,9.31,33.7,16.15,4.21,0.0
20230219:1510,506.13,462.5,143.25,7.23,25.91,15.84,4.14,0.0
20230219:1610,306.87,270.87,103.65,4.2,16.32,15.46,3.93,0.0
20230219:1710,81.13,93.1,32.13,1.1,5.6,14.76,3.72,0.0
20230219:1810,0.0,0.0,0.0,0.0,0.0,14.41,3.31,0.0
20230219:1910,0.0,0.0,0.0,0.0,0.0,13.98,2.9,0.0
20230219:2010,0.0,0.0,0.0,0.0,0.0,13.37,2.9,0.0
20230219:2110,0.0,0.0,0.0,0.0,0.0,12.93,2.97,0.0
20230219:2210,0.0,0.0,0.0,0.0,0.0,12.24,2.83,0.0
20230219:2310,0.0,0.0,0.0,0.0,0.0,12.0,2.62,0.0
20230220:0010,0.0,0.0,0.0,0.0,0.0,11.75,2.76,0.0
20230220:0110,0.0,0.0,0.0,0.0,0.0,11.41,3.17,0.0
20230220:0210,0.0,0.0,0.0,0.0,0.0,10.99,3.17,0.0
20230220:0310,0.0,0.0,0.0,0.0,0.0,11.04,3.24,0.0
20230220:0410,0.0,0.0,0.0,0.0,0.0,11.06,3.66,0.0
20230220:0510,0.0,0.0,0.0,0.0,0.0,11.07,3.86,0.0
20230220:0610,0.0,0.0,0.0,0.0,0.0,10.94,4.0,0.0
20230220:0710,17.99,21.08,17.51,0.43,3.55,10.92,4.07,0.0
20230220:0810,250.17,201.1,104.25,3.51,14.45,12.1,4.34,0.0
20230220:0910,450.25,373.3,160.09,6.53,24.35,13.9,4.28,0.0
20230220:1010,582.1,481.97,212.29,8.84,32.61,15.35,4.9,0.0
20230220:1110,549.56,360.58,297.56,9.21,38.37,16.13,4.83,0.0
20230220:1210,671.43,543.64,271.43,10.74,40.71,16.63,4.62,0.0
20230220:1310,683.17,593.98,237.75,10.71,39.15,16.66,4.34,0.0
20230220:1410,612.84,535.27,206.7,9.39,34.01,16.57,4.0,0.0
20230220:1510,467.79,387.22,174.21,6.98,26.18,16.27,3.86,0.0
20230220:1610,273.38,214.6,121.06,4.01,16.56,15.89,3.66,0.0
20230220:1710,64.17,60.69,40.03,1.01,5.82,15.28,3.52,0.0
20230220:1810,0.0,0.0,0.0,0.0,0.0,14.84,3.38,0.0
20230220:1910,0.0,0.0,0.0,0.0,0.0,14.5,3.66,0.0
20230220:2010,0.0,0.0,0.0,0.0,0.0,14.14,3.72,0.0
20230220:2110,0.0,0.0,0.0,0.0,0.0,13.58,3.93,0.0
20230220:2210,0.0,0.0,0.0,0.0,0.0,13.54,3.59,0.0
20230220:2310,0.0,0.0,0.0,0.0,0.0,13.4,3.1,0.0
20230221:0010,0.0,0.0,0.0,0.0,0.0,12.75,2.83,0.0
20230221:0110,0.0,0.0,0.0,0.0,0.0,12.55,2.28,0.0
20230221:0210,0.0,0.0,0.0,0.0,0.0,12.08,2.48,0.0
20230221:0310,0.0,0.0,0.0,0.0,0.0,11.65,2.97,0.0
20230221:0410,0.0,0.0,0.0,0.0,0.0,11.55,3.03,0.0
20230221:0510,0.0,0.0,0.0,0.0,0.0,11.49,2.97,0.0
20230221:0610,0.0,0.0,0.0,0.0,0.0,11.38,2.9,0.0
20230221:0710,11.15,9.89,16.88,0.38,3.8,11.31,2.62,0.0
20230221:0810,7.96,0.0,20.0,0.4,14.72,12.41,2.41,0.0
20230221:0910,343.51,218.43,195.29,5.68,24.64,13.58,1.52,0.0
20230221:1010,30.8,0.0,50.91,1.01,32.93,14.45,1.31,0.0
20230221:1110,53.1,0.0,78.18,1.56,38.72,14.78,1.72,0.0
20230221:1210,721.31,691.21,212.02,11.52,41.07,15.72,2.07,0.0
20230221:1310,489.81,286.35,313.03,8.81,39.49,16.67,2.0,0.0
20230221:1410,654.9,657.13,151.88,9.98,34.32,17.16,2.69,0.0
20230221:1510,502.46,457.97,147.78,7.36,26.46,16.61,3.59,0.0
20230221:1610,296.83,250.06,112.52,4.23,16.81,15.53,3.86,0.0
20230221:1710,88.35,91.67,41.66,1.21,6.04,14.53,3.03,0.0
20230221:1810,0.0,0.0,0.0,0.0,0.0,14.17,1.52,0.0
20230221:1910,0.0,0.0,0.0,0.0,0.0,13.66,0.07,0.0
20230221:2010,0.0,0.0,0.0,0.0,0.0,13.77,0.76,0.0
20230221:2110,0.0,0.0,0.0,0.0,0.0,13.62,1.66,0.0
20230221:2210,0.0,0.0,0.0,0.0,0.0,12.81,2.62,0.0
20230221:2310,0.0,0.0,0.0,0.0,0.0,12.67,2.62,0.0
20230222:0010,0.0,0.0,0.0,0.0,0.0,12.48,2.34,0.0
20230222:0110,0.0,0.0,0.0,0.0,0.0,12.28,2.48,0.0
20230222:0210,0.0,0.0,0.0,0.0,0.0,12.1,2.28,0.0
20230222:0310,0.0,0.0,0.0,0.0,0.0,11.81,2.21,0.0
20230222:0410,0.0,0.0,0.0,0.0,0.0,11.72,2.21,0.0
20230222:0510,0.0,0.0,0.0,0.0,0.0,11.52,1.93,0.0
20230222:0610,0.0,0.0,0.0,0.0,0.0,11.5,1.79,0.0
20230222:0710,23.35,24.85,21.55,0.54,4.05,11.44,1.93,0.0
20230222:0810,244.04,191.53,108.71,3.58,14.99,12.15,2.14,0.0
20230222:0910,430.32,352.33,169.58,6.56,24.94,14.01,1.17,0.0
20230222:1010,569.13,514.57,202.81,9.15,33.26,16.55,0.48,0.0
20230222:1110,650.27,607.59,227.37,10.78,39.07,17.69,0.69,0.0
20230222:1210,695.27,644.7,236.05,11.41,41.44,17.89,1.86,0.0
20230222:1310,678.79,619.51,229.83,10.98,39.84,18.18,2.55,0.0
20230222:1410,636.89,603.29,180.83,9.86,34.64,18.19,3.31,0.0
20230222:1510,485.06,421.4,165.08,7.29,26.73,17.88,4.0,0.0
20230222:1610,291.63,240.04,118.02,4.27,17.05,17.04,4.48,0.0
20230222:1710,79.69,78.72,43.0,1.19,6.26,15.74,3.93,0.0
20230222:1810,0.0,0.0,0.0,0.0,0.0,14.96,2.55,0.0
20230222:1910,0.0,0.0,0.0,0.0,0.0,14.39,1.31,0.0
20230222:2010,0.0,0.0,0.0,0.0,0.0,14.1,1.03,0.0
20230222:2110,0.0,0.0,0.0,0.0,0.0,13.71,1.17,0.0
20230222:2210,0.0,0.0,0.0,0.0,0.0,13.13,1.24,0.0
20230222:2310,0.0,0.0,0.0,0.0,0.0,12.69,1.24,0.0
20230223:0010,0.0,0.0,0.0,0.0,0.0,12.45,0.83,0.0
20230223:0110,0.0,0.0,0.0,0.0,0.0,12.31,0.62,0.0
20230223:0210,0.0,0.0,0.0,0.0,0.0,12.3,0.28,0.0
20230223:0310,0.0,0.0,0.0,0.0,0.0,12.18,0.34,0.0
20230223:0410,0.0,0.0,0.0,0.0,0.0,11.95,0.34,0.0
20230223:0510,0.0,0.0,0.0,0.0,0.0,11.99,0.34,0.0
20230223:0610,0.0,0.0,0.0,0.0,0.0,12.19,0.14,0.0
20230223:0710,5.63,0.0,16.36,0.33,4.31,12.1,0.07,0.0
20230223:0810,33.27,0.0,53.63,1.07,15.27,12.55,0.55,0.0
20230223:0910,78.52,0.0,107.26,2.13,25.24,12.79,1.59,0.0
20230223:1010,160.26,7.49,193.73,3.92,33.59,13.59,1.79,0.0
20230223:1110,194.16,10.29,229.57,4.67,39.43,14.2,2.9,0.0
20230223:1210,131.93,0.0,169.08,3.36,41.8,14.72,3.86,0.0
20230223:1310,423.04,183.3,320.13,8.01,40.19,15.09,4.62,0.0
20230223:1410,638.71,569.53,194.95,9.75,34.95,15.32,4.9,0.0
20230223:1510,510.99,455.08,152.38,7.51,27.01,15.36,4.9,0.0
20230223:1610,304.1,255.65,114.2,4.39,17.29,15.35,4.55,0.0
20230223:1710,88.55,90.41,42.82,1.28,6.48,14.77,4.14,0.0
20230223:1810,0.0,0.0,0.0,0.0,0.0,14.43,2.9,0.0
20230223:1910,0.0,0.0,0.0,0.0,0.0,13.75,1.66,0.0
20230223:2010,0.0,0.0,0.0,0.0,0.0,13.94,0.41,0.0
20230223:2110,0.0,0.0,0.0,0.0,0.0,12.82,1.38,0.0
20230223:2210,0.0,0.0,0.0,0.0,0.0,12.38,1.52,0.0
20230223:2310,0.0,0.0,0.0,0.0,0.0,12.46,1.93,0.0
20230224:0010,0.0,0.0,0.0,0.0,0.0,12.5,3.1,0.0
20230224:0110,0.0,0.0,0.0,0.0,0.0,12.06,3.66,0.0
20230224:0210,0.0,0.0,0.0,0.0,0.0,11.49,3.52,0.0
20230224:0310,0.0,0.0,0.0,0.0,0.0,10.98,3.1,0.0
20230224:0410,0.0,0.0,0.0,0.0,0.0,10.58,3.17,0.0
20230224:0510,0.0,0.0,0.0,0.0,0.0,10.29,3.31,0.0
20230224:0610,0.0,0.0,0.0,0.0,0.0,9.88,3.17,0.0
20230224:0710,40.47,44.53,26.69,0.76,4.57,9.56,3.17,0.0
20230224:0810,204.89,129.11,121.07,3.35,15.55,9.95,3.52,0.0
20230224:0910,84.87,0.0,113.63,2.26,25.55,11.24,2.9,0.0
20230224:1010,110.66,0.0,143.63,2.86,33.93,12.3,2.48,0.0
20230224:1110,294.61,65.73,291.8,6.4,39.8,12.74,0.62,0.0
20230224:1210,378.93,124.87,327.73,7.65,42.17,12.86,2.34,0.0
20230224:1310,109.82,0.0,142.72,2.84,40.54,12.55,2.9,0.0
20230224:1410,206.6,22.22,229.69,4.77,35.26,12.19,2.48,0.0
20230224:1510,134.18,9.21,160.35,3.27,27.28,11.92,3.31,0.0
20230224:1610,74.64,5.02,97.05,1.97,17.53,11.64,3.66,0.0
20230224:1710,17.44,2.3,31.23,0.63,6.7,11.26,3.38,0.0
20230224:1810,0.0,0.0,0.0,0.0,0.0,10.89,2.9,0.0
20230224:1910,0.0,0.0,0.0,0.0,0.0,10.48,2.48,0.0
20230224:2010,0.0,0.0,0.0,0.0,0.0,10.58,1.66,0.0
20230224:2110,0.0,0.0,0.0,0.0,0.0,9.87,0.41,0.0
20230224:2210,0.0,0.0,0.0,0.0,0.0,10.0,2.41,0.0
20230224:2310,0.0,0.0,0.0,0.0,0.0,9.87,2.69,0.0
20230225:0010,0.0,0.0,0.0,0.0,0.0,9.71,2.41,0.0
20230225:0110,0.0,0.0,0.0,0.0,0.0,9.63,2.0,0.0
20230225:0210,0.0,0.0,0.0,0.0,0.0,9.26,1.86,0.0
20230225:0310,0.0,0.0,0.0,0.0,0.0,8.75,1.59,0.0
20230225:0410,0.0,0.0,0.0,0.0,0.0,8.41,1.66,0.0
20230225:0510,0.0,0.0,0.0,0.0,0.0,8.24,2.48,0.0
20230225:0610,0.0,0.0,0.0,0.0,0.0,7.97,2.9,0.0
20230225:0710,61.52,76.7,25.36,0.94,4.83,7.93,3.24,0.0
20230225:0810,339.86,327.43,79.13,4.54,15.83,9.21,3.45,0.0
20230225:0910,380.48,241.45,205.94,6.2,25.86,11.4,3.59,0.0
20230225:1010,296.71,87.21,266.74,6.08,34.27,13.38,4.07,0.0
20230225:1110,788.24,837.86,135.27,12.3,40.16,14.52,3.17,0.0
20230225:1210,814.49,848.96,154.57,12.79,42.54,14.98,3.86,0.0
20230225:1310,456.85,210.17,332.88,8.54,40.89,15.04,4.9,0.0
20230225:1410,681.31,631.29,181.86,10.36,35.58,14.89,5.52,0.0
20230225:1510,281.88,114.2,222.44,5.39,27.56,14.45,5.93,0.0
20230225:1610,199.23,104.04,141.51,3.6,17.77,14.32,5.59,0.0
20230225:1710,54.86,37.95,47.61,1.12,6.92,13.98,5.66,0.0
20230225:1810,0.0,0.0,0.0,0.0,0.0,13.52,4.21,0.0
20230225:1910,0.0,0.0,0.0,0.0,0.0,13.03,3.59,0.0
20230225:2010,0.0,0.0,0.0,0.0,0.0,12.2,4.69,0.0
20230225:2110,0.0,0.0,0.0,0.0,0.0,11.29,5.03,0.0
20230225:2210,0.0,0.0,0.0,0.0,0.0,10.77,5.59,0.0
20230225:2310,0.0,0.0,0.0,0.0,0.0,10.24,5.79,0.0
20230226:0010,0.0,0.0,0.0,0.0,0.0,9.77,5.72,0.0
20230226:0110,0.0,0.0,0.0,0.0,0.0,9.47,6.07,0.0
20230226:0210,0.0,0.0,0.0,0.0,0.0,9.37,6.48,0.0
20230226:0310,0.0,0.0,0.0,0.0,0.0,9.22,6.55,0.0
20230226:0410,0.0,0.0,0.0,0.0,0.0,9.03,6.28,0.0
20230226:0510,0.0,0.0,0.0,0.0,0.0,8.76,5.79,0.0
20230226:0610,0.0,0.0,0.0,0.0,0.0,8.59,5.31,0.0
20230226:0710,64.47,78.12,27.48,1.01,5.1,8.43,5.72,0.0
20230226:0810,341.52,322.74,82.06,4.59,16.12,9.44,6.21,0.0
20230226:0910,564.21,542.64,109.75,7.94,26.17,10.78,6.62,0.0
20230226:1010,715.11,707.61,131.92,10.54,34.61,12.16,6.21,0.0
20230226:1110,818.67,830.01,140.88,12.35,40.53,13.4,7.17,0.0
20230226:1210,836.27,835.58,163.65,12.82,42.92,14.63,7.38,0.0
20230226:1310,831.65,867.51,129.98,12.68,41.24,15.36,7.17,0.0
20230226:1410,740.96,763.16,121.28,11.1,35.89,16.2,7.17,0.0
20230226:1510,289.73,122.34,225.49,5.53,27.83,16.66,7.52,0.0
20230226:1610,226.23,135.4,143.07,3.91,18.01,16.78,7.86,0.0
20230226:1710,101.51,103.95,46.64,1.52,7.13,16.37,7.17,0.0
20230226:1810,0.0,0.0,0.0,0.0,0.0,15.64,5.72,0.0
20230226:1910,0.0,0.0,0.0,0.0,0.0,14.84,4.69,0.0
20230226:2010,0.0,0.0,0.0,0.0,0.0,14.3,4.62,0.0
20230226:2110,0.0,0.0,0.0,0.0,0.0,13.6,4.69,0.0
20230226:2210,0.0,0.0,0.0,0.0,0.0,13.27,4.62,0.0
20230226:2310,0.0,0.0,0.0,0.0,0.0,12.24,4.62,0.0
20230227:0010,0.0,0.0,0.0,0.0,0.0,11.03,5.24,0.0
20230227:0110,0.0,0.0,0.0,0.0,0.0,10.06,5.79,0.0
20230227:0210,0.0,0.0,0.0,0.0,0.0,9.09,6.07,0.0
20230227:0310,0.0,0.0,0.0,0.0,0.0,8.16,5.93,0.0
20230227:0410,0.0,0.0,0.0,0.0,0.0,7.47,5.93,0.0
20230227:0510,0.0,0.0,0.0,0.0,0.0,6.96,6.0,0.0
20230227:0610,0.0,0.0,0.0,0.0,0.0,6.63,6.14,0.0
20230227:0710,75.24,91.45,28.05,1.14,5.37,6.29,6.28,0.0
20230227:0810,356.82,336.31,80.91,4.77,16.41,6.89,6.41,0.0
20230227:0910,584.9,555.99,111.08,8.17,26.49,7.45,6.34,0.0
20230227:1010,754.16,749.47,122.61,10.98,34.95,8.63,6.34,0.0
20230227:1110,862.55,891.12,121.54,12.89,40.9,9.35,6.28,0.0
20230227:1210,888.49,915.12,135.09,13.46,43.29,9.98,6.28,0.0
20230227:1310,533.17,277.95,339.8,9.37,41.6,10.75,6.34,0.0
20230227:1410,137.66,0.0,172.71,3.44,36.21,11.82,7.24,0.0
20230227:1510,94.41,0.0,124.54,2.48,28.1,12.38,7.45,0.0
20230227:1610,299.07,219.19,136.87,4.58,18.25,12.26,7.17,0.0
20230227:1710,126.69,136.67,44.52,1.75,7.35,11.59,5.93,0.0
20230227:1810,0.0,0.0,0.0,0.0,0.0,10.42,4.07,0.0
20230227:1910,0.0,0.0,0.0,0.0,0.0,9.25,2.14,0.0
20230227:2010,0.0,0.0,0.0,0.0,0.0,8.38,1.38,0.0
20230227:2110,0.0,0.0,0.0,0.0,0.0,7.76,2.07,0.0
20230227:2210,0.0,0.0,0.0,0.0,0.0,8.72,4.48,0.0
20230227:2310,0.0,0.0,0.0,0.0,0.0,8.32,4.83,0.0
20230228:0010,0.0,0.0,0.0,0.0,0.0,7.7,5.03,0.0
20230228:0110,0.0,0.0,0.0,0.0,0.0,7.22,5.72,0.0
20230228:0210,0.0,0.0,0.0,0.0,0.0,6.88,6.69,0.0
20230228:0310,0.0,0.0,0.0,0.0,0.0,6.42,6.76,0.0
20230228:0410,0.0,0.0,0.0,0.0,0.0,5.99,6.21,0.0
20230228:0510,0.0,0.0,0.0,0.0,0.0,5.87,5.59,0.0
20230228:0610,0.0,0.0,0.0,0.0,0.0,5.91,5.52,0.0
20230228:0710,78.54,94.43,29.12,1.21,5.65,6.1,5.66,0.0
20230228:0810,355.14,336.5,80.15,4.83,16.7,7.15,5.52,0.0
20230228:0910,580.85,567.61,103.04,8.26,26.8,8.71,5.03,0.0
20230228:1010,710.69,716.9,132.32,10.8,35.3,10.9,3.31,0.0
20230228:1110,801.66,840.23,138.75,12.59,41.27,12.14,3.17,0.0
20230228:1210,815.17,861.74,153.22,13.13,43.67,13.14,2.48,0.0
20230228:1310,782.4,853.27,140.02,12.79,41.95,13.54,1.31,0.0
20230228:1410,706.53,762.01,124.01,11.27,36.52,13.78,1.17,0.0
20230228:1510,569.38,572.16,117.15,8.59,28.38,13.76,2.14,0.0
20230228:1610,379.3,367.85,88.62,5.39,18.49,13.44,3.93,0.0
20230228:1710,119.0,124.62,46.56,1.74,7.56,12.17,5.52,0.0
20230228:1810,0.0,0.0,0.0,0.0,0.0,11.41,4.97,0.0
20230228:1910,0.0,0.0,0.0,0.0,0.0,10.96,3.86,0.0
20230228:2010,0.0,0.0,0.0,0.0,0.0,10.43,3.31,0.0
20230228:2110,0.0,0.0,0.0,0.0,0.0,9.8,3.03,0.0
20230228:2210,0.0,0.0,0.0,0.0,0.0,9.62,2.28,0.0
20230228:2310,0.0,0.0,0.0,0.0,0.0,9.29,2.21,0.0
20230301:0010,0.0,0.0,0.0,0.0,0.0,9.07,1.93,0.0
20230301:0110,0.0,0.0,0.0,0.0,0.0,8.69,1.31,0.0
20230301:0210,0.0,0.0,0.0,0.0,0.0,8.19,1.31,0.0
20230301:0310,0.0,0.0,0.0,0.0,0.0,7.76,1.79,0.0
20230301:0410,0.0,0.0,0.0,0.0,0.0,7.23,2.34,0.0
20230301:0510,0.0,0.0,0.0,0.0,0.0,6.89,2.69,0.0
20230301:0610,0.0,0.0,0.0,0.0,0.0,6.65,2.9,0.0
20230301:0710,75.01,77.3,39.06,1.19,5.92,6.41,2.9,0.0
20230301:0810,319.8,282.17,99.66,4.61,17.0,8.1,2.41,0.0
20230301:0910,525.4,489.94,136.58,7.92,27.12,9.8,1.45,0.0
20230301:1010,673.59,645.9,167.44,10.53,35.65,10.85,2.14,0.0
20230301:1110,766.35,775.75,172.32,12.35,41.65,11.79,1.93,0.0
20230301:1210,800.05,804.7,184.26,12.95,44.05,12.43,2.55,0.0
20230301:1310,807.21,845.55,148.15,12.88,42.31,12.82,2.97,0.0
20230301:1410,726.14,739.91,139.33,11.28,36.84,13.0,3.31,0.0
20230301:1510,566.42,535.16,136.24,8.5,28.65,12.81,3.86,0.0
20230301:1610,364.23,333.6,102.3,5.28,18.73,12.52,4.21,0.0
20230301:1710,74.26,55.62,54.54,1.41,7.78,11.83,3.17,0.0
20230301:1810,0.0,0.0,0.0,0.0,0.0,11.27,1.03,0.0
20230301:1910,0.0,0.0,0.0,0.0,0.0,10.29,2.07,0.0
20230301:2010,0.0,0.0,0.0,0.0,0.0,9.53,2.41,0.0
20230301:2110,0.0,0.0,0.0,0.0,0.0,9.47,2.0,0.0
20230301:2210,0.0,0.0,0.0,0.0,0.0,8.49,2.28,0.0
20230301:2310,0.0,0.0,0.0,0.0,0.0,8.31,1.93,0.0
20230302:0010,0.0,0.0,0.0,0.0,0.0,7.95,2.97,0.0
20230302:0110,0.0,0.0,0.0,0.0,0.0,7.09,4.07,0.0
20230302:0210,0.0,0.0,0.0,0.0,0.0,6.54,4.83,0.0
20230302:0310,0.0,0.0,0.0,0.0,0.0,6.29,5.17,0.0
20230302:0410,0.0,0.0,0.0,0.0,0.0,6.32,5.03,0.0
20230302:0510,0.0,0.0,0.0,0.0,0.0,6.21,4.48,0.0
20230302:0610,0.0,0.0,0.0,0.0,0.0,6.19,3.79,0.0
20230302:0710,73.63,72.14,41.32,1.23,6.2,6.29,3.45,0.0
20230302:0810,333.21,294.15,99.91,4.79,17.29,7.43,3.52,0.0
20230302:0910,535.0,469.53,151.83,7.98,27.45,8.69,3.79,0.0
20230302:1010,693.38,661.59,167.62,10.78,36.01,9.72,2.62,0.0
20230302:1110,787.71,793.78,171.26,12.62,42.02,10.65,2.34,0.0
20230302:1210,776.72,732.84,227.71,12.79,44.44,11.31,2.0,0.0
20230302:1310,771.17,818.18,166.79,12.88,42.67,12.09,0.69,0.0
20230302:1410,713.36,738.04,145.04,11.41,37.15,12.38,1.52,0.0
20230302:1510,583.96,573.33,124.99,8.84,28.92,12.47,2.83,0.0
20230302:1610,374.55,345.23,102.52,5.46,18.97,12.22,4.07,0.0
20230302:1710,113.71,110.17,52.53,1.79,7.99,11.4,4.76,0.0
20230302:1810,0.0,0.0,0.0,0.0,0.0,10.56,4.0,0.0
20230302:1910,0.0,0.0,0.0,0.0,0.0,10.1,3.03,0.0
20230302:2010,0.0,0.0,0.0,0.0,0.0,9.74,2.28,0.0
20230302:2110,0.0,0.0,0.0,0.0,0.0,9.5,2.34,0.0
20230302:2210,0.0,0.0,0.0,0.0,0.0,9.02,2.62,0.0
20230302:2310,0.0,0.0,0.0,0.0,0.0,8.89,2.48,0.0
20230303:0010,0.0,0.0,0.0,0.0,0.0,8.88,2.62,0.0
20230303:0110,0.0,0.0,0.0,0.0,0.0,8.58,2.55,0.0
20230303:0210,0.0,0.0,0.0,0.0,0.0,8.02,2.62,0.0
20230303:0310,0.0,0.0,0.0,0.0,0.0,7.42,2.9,0.0
20230303:0410,0.0,0.0,0.0,0.0,0.0,7.16,3.31,0.0
20230303:0510,0.0,0.0,0.0,0.0,0.0,7.12,3.45,0.0
20230303:0610,0.0,0.0,0.0,0.0,0.0,7.05,3.59,0.0
20230303:0710,85.93,87.81,42.73,1.39,6.49,7.11,3.66,0.0
20230303:0810,333.73,296.46,100.54,4.88,17.59,8.94,3.66,0.0
20230303:0910,552.41,516.6,131.71,8.28,27.77,10.5,3.66,0.0
20230303:1010,692.0,671.38,161.13,10.87,36.36,12.4,3.24,0.0
20230303:1110,458.04,210.26,341.75,8.83,42.4,13.4,1.79,0.0
20230303:1210,754.19,772.06,207.22,13.02,44.82,14.01,0.41,0.0
20230303:1310,724.59,672.1,235.38,12.19,43.03,14.18,1.66,0.0
20230303:1410,717.24,723.43,150.09,11.38,37.46,14.29,3.31,0.0
20230303:1510,579.66,554.29,132.21,8.79,29.19,13.92,4.9,0.0
20230303:1610,367.34,333.53,104.7,5.43,19.2,13.22,5.86,0.0
20230303:1710,113.27,109.15,53.03,1.83,8.2,11.82,5.59,0.0
20230303:1810,0.0,0.0,0.0,0.0,0.0,11.24,3.79,0.0
20230303:1910,0.0,0.0,0.0,0.0,0.0,10.74,2.34,0.0
20230303:2010,0.0,0.0,0.0,0.0,0.0,10.0,1.1,0.0
20230303:2110,0.0,0.0,0.0,0.0,0.0,9.37,0.34,0.0
20230303:2210,0.0,0.0,0.0,0.0,0.0,9.25,1.31,0.0
20230303:2310,0.0,0.0,0.0,0.0,0.0,8.93,1.93,0.0
20230304:0010,0.0,0.0,0.0,0.0,0.0,8.38,2.21,0.0
20230304:0110,0.0,0.0,0.0,0.0,0.0,8.26,2.28,0.0
20230304:0210,0.0,0.0,0.0,0.0,0.0,7.9,2.34,0.0
20230304:0310,0.0,0.0,0.0,0.0,0.0,7.5,2.34,0.0
20230304:0410,0.0,0.0,0.0,0.0,0.0,7.34,2.21,0.0
20230304:0510,0.0,0.0,0.0,0.0,0.0,7.27,2.14,0.0
20230304:0610,0.0,0.0,0.0,0.0,0.0,7.23,1.93,0.0
20230304:0710,84.75,84.64,44.04,1.43,6.77,7.14,1.72,0.0
20230304:0810,328.38,297.17,99.79,4.94,17.9,9.49,1.24,0.0
20230304:0910,526.34,510.78,133.11,8.3,28.1,11.29,0.28,0.0
20230304:1010,685.57,693.74,148.98,11.03,36.72,12.5,1.66,0.0
20230304:1110,762.15,751.15,187.64,12.48,42.79,13.23,2.62,0.0
20230304:1210,834.69,873.33,155.03,13.58,45.21,13.75,3.59,0.0
20230304:1310,778.2,746.25,196.73,12.57,43.38,14.03,4.48,0.0
20230304:1410,719.74,704.78,154.84,11.28,37.78,14.19,5.31,0.0
20230304:1510,565.32,524.02,141.03,8.63,29.46,14.01,6.0,0.0
20230304:1610,359.09,319.05,109.08,5.39,19.44,13.52,6.62,0.0
20230304:1710,108.36,100.83,55.03,1.83,8.41,12.72,6.14,0.0
20230304:1810,0.0,0.0,0.0,0.0,0.0,12.39,4.83,0.0
20230304:1910,0.0,0.0,0.0,0.0,0.0,11.89,3.66,0.0
20230304:2010,0.0,0.0,0.0,0.0,0.0,10.95,2.83,0.0
20230304:2110,0.0,0.0,0.0,0.0,0.0,10.96,2.76,0.0
20230304:2210,0.0,0.0,0.0,0.0,0.0,10.72,2.21,0.0
20230304:2310,0.0,0.0,0.0,0.0,0.0,10.51,2.14,0.0
20230305:0010,0.0,0.0,0.0,0.0,0.0,10.29,2.07,0.0
20230305:0110,0.0,0.0,0.0,0.0,0.0,9.46,2.48,0.0
20230305:0210,0.0,0.0,0.0,0.0,0.0,8.78,2.55,0.0
20230305:0310,0.0,0.0,0.0,0.0,0.0,8.53,2.34,0.0
20230305:0410,0.0,0.0,0.0,0.0,0.0,8.38,2.14,0.0
20230305:0510,0.0,0.0,0.0,0.0,0.0,8.14,2.07,0.0
20230305:0610,0.0,0.0,0.0,0.0,0.0,8.01,1.93,0.0
20230305:0710,88.87,89.31,45.13,1.52,7.06,8.03,1.72,0.0
20230305:0810,185.15,86.62,141.19,3.56,18.2,9.75,1.52,0.0
20230305:0910,527.06,489.28,140.93,8.23,28.43,11.23,1.79,0.0
20230305:1010,574.46,432.84,256.0,9.66,37.08,13.37,2.97,0.0
20230305:1110,797.26,825.8,151.7,12.95,43.17,14.5,3.79,0.0
20230305:1210,771.99,705.59,234.36,12.75,45.59,15.16,4.62,0.0
20230305:1310,701.05,574.52,270.64,11.7,43.74,15.61,5.17,0.0
20230305:1410,456.69,237.64,304.12,8.39,38.09,15.43,5.52,0.0
20230305:1510,330.71,155.69,238.34,6.22,29.73,15.21,5.52,0.0
20230305:1610,210.08,105.14,152.94,3.98,19.67,14.66,5.66,0.0
20230305:1710,39.66,12.51,50.95,1.1,8.62,13.84,5.45,0.0
20230305:1810,0.0,0.0,0.0,0.0,0.0,13.55,4.21,0.0
20230305:1910,0.0,0.0,0.0,0.0,0.0,13.33,3.59,0.0
20230305:2010,0.0,0.0,0.0,0.0,0.0,13.1,3.17,0.0
20230305:2110,0.0,0.0,0.0,0.0,0.0,12.66,3.1,0.0
20230305:2210,0.0,0.0,0.0,0.0,0.0,12.29,3.31,0.0
20230305:2310,0.0,0.0,0.0,0.0,0.0,12.12,3.03,0.0
20230306:0010,0.0,0.0,0.0,0.0,0.0,11.73,2.34,0.0
20230306:0110,0.0,0.0,0.0,0.0,0.0,11.49,2.0,0.0
20230306:0210,0.0,0.0,0.0,0.0,0.0,11.49,3.03,0.0
20230306:0310,0.0,0.0,0.0,0.0,0.0,10.81,3.38,0.0
20230306:0410,0.0,0.0,0.0,0.0,0.0,10.48,3.59,0.0
20230306:0510,0.0,0.0,0.0,0.0,0.0,10.52,3.86,0.0
20230306:0610,0.0,0.0,0.0,0.0,0.0,10.48,4.28,0.0
20230306:0710,88.41,86.34,47.65,1.57,7.35,10.73,4.69,0.0
20230306:0810,295.47,235.54,120.08,4.7,18.51,12.29,4.97,0.0
20230306:0910,468.79,364.26,187.02,7.56,28.76,13.83,5.59,0.0
20230306:1010,661.08,591.43,190.82,10.54,37.44,15.23,6.9,0.0
20230306:1110,617.77,425.69,310.05,10.67,43.56,16.32,6.76,0.0
20230306:1210,698.25,552.05,291.09,11.86,45.98,17.48,6.34,0.0
20230306:1310,779.03,775.02,174.62,12.73,44.1,18.16,6.21,0.0
20230306:1410,612.0,497.29,239.97,10.22,38.4,18.65,6.34,0.0
20230306:1510,495.69,413.84,183.18,8.1,29.99,18.99,5.72,0.0
20230306:1610,345.55,317.77,107.64,5.46,19.9,19.05,4.83,0.0
20230306:1710,95.19,81.92,59.58,1.81,8.83,18.59,4.28,0.0
20230306:1810,0.0,0.0,0.0,0.0,0.0,17.13,4.41,0.0
20230306:1910,0.0,0.0,0.0,0.0,0.0,15.94,4.0,0.0
20230306:2010,0.0,0.0,0.0,0.0,0.0,15.24,3.38,0.0
20230306:2110,0.0,0.0,0.0,0.0,0.0,14.57,2.83,0.0
20230306:2210,0.0,0.0,0.0,0.0,0.0,14.19,2.34,0.0
20230306:2310,0.0,0.0,0.0,0.0,0.0,13.88,1.52,0.0
20230307:0010,0.0,0.0,0.0,0.0,0.0,13.78,1.31,0.0
20230307:0110,0.0,0.0,0.0,0.0,0.0,13.43,1.59,0.0
20230307:0210,0.0,0.0,0.0,0.0,0.0,13.36,1.24,0.0
20230307:0310,0.0,0.0,0.0,0.0,0.0,12.93,1.45,0.0
20230307:0410,0.0,0.0,0.0,0.0,0.0,12.66,1.59,0.0
20230307:0510,0.0,0.0,0.0,0.0,0.0,12.48,1.66,0.0
20230307:0610,0.0,0.0,0.0,0.0,0.0,12.31,1.72,0.0
20230307:0710,80.07,72.91,49.88,1.54,7.64,12.32,2.0,0.0
20230307:0810,311.83,274.04,107.67,4.97,18.82,13.87,2.28,0.0
20230307:0910,466.17,378.19,182.98,7.7,29.1,15.52,2.9,0.0
20230307:1010,603.67,512.94,224.25,10.18,37.8,17.86,3.66,0.0
20230307:1110,711.5,641.05,232.84,12.01,43.95,18.67,4.83,0.0
20230307:1210,791.25,805.81,176.5,13.26,46.37,19.41,5.03,0.0
20230307:1310,783.84,817.22,154.76,13.04,44.46,20.2,5.45,0.0
20230307:1410,694.74,705.38,147.97,11.39,38.71,20.91,5.79,0.0
20230307:1510,537.74,516.12,138.58,8.68,30.26,21.15,5.79,0.0
20230307:1610,291.77,226.11,137.0,4.97,20.13,21.04,5.52,0.0
20230307:1710,98.07,86.74,59.74,1.88,9.04,20.28,4.83,0.0
20230307:1810,0.0,0.0,0.0,0.0,0.0,19.34,3.93,0.0
20230307:1910,0.0,0.0,0.0,0.0,0.0,18.38,3.38,0.0
20230307:2010,0.0,0.0,0.0,0.0,0.0,17.52,3.17,0.0
20230307:2110,0.0,0.0,0.0,0.0,0.0,16.58,3.24,0.0
20230307:2210,0.0,0.0,0.0,0.0,0.0,16.26,2.9,0.0
20230307:2310,0.0,0.0,0.0,0.0,0.0,15.76,2.83,0.0
20230308:0010,0.0,0.0,0.0,0.0,0.0,15.13,2.76,0.0
20230308:0110,0.0,0.0,0.0,0.0,0.0,14.68,2.83,0.0
20230308:0210,0.0,0.0,0.0,0.0,0.0,14.44,3.03,0.0
20230308:0310,0.0,0.0,0.0,0.0,0.0,14.21,3.24,0.0
20230308:0410,0.0,0.0,0.0,0.0,0.0,13.98,3.17,0.0
20230308:0510,0.0,0.0,0.0,0.0,0.0,13.69,3.31,0.0
20230308:0610,0.0,0.0,0.0,0.0,0.0,13.59,3.45,0.0
20230308:0710,90.47,87.91,50.0,1.7,7.94,13.88,3.45,0.0
20230308:0810,319.26,288.2,104.51,5.14,19.13,15.83,2.97,0.0
20230308:0910,521.94,502.46,133.4,8.46,29.43,17.53,2.97,0.0
20230308:1010,660.49,664.85,154.77,11.03,38.17,19.52,3.38,0.0
20230308:1110,743.98,757.27,174.07,12.62,44.34,20.36,4.07,0.0
20230308:1210,798.89,846.27,157.81,13.56,46.76,21.05,4.76,0.0
20230308:1310,764.03,778.63,168.58,12.82,44.82,21.45,6.0,0.0
20230308:1410,673.14,659.83,164.8,11.14,39.03,21.87,6.69,0.0
20230308:1510,487.31,408.88,182.5,8.14,30.53,21.2,6.34,0.0
20230308:1610,287.64,219.23,137.86,4.96,20.36,20.7,6.0,0.0
20230308:1710,72.92,48.15,62.58,1.63,9.25,19.93,5.24,0.0
20230308:1810,0.0,0.0,0.0,0.0,0.0,19.17,4.0,0.0
20230308:1910,0.0,0.0,0.0,0.0,0.0,18.73,2.83,0.0
20230308:2010,0.0,0.0,0.0,0.0,0.0,18.55,2.14,0.0
20230308:2110,0.0,0.0,0.0,0.0,0.0,18.43,2.41,0.0
20230308:2210,0.0,0.0,0.0,0.0,0.0,17.73,2.34,0.0
20230308:2310,0.0,0.0,0.0,0.0,0.0,17.84,3.03,0.0
20230309:0010,0.0,0.0,0.0,0.0,0.0,17.76,3.66,0.0
20230309:0110,0.0,0.0,0.0,0.0,0.0,17.37,4.21,0.0
20230309:0210,0.0,0.0,0.0,0.0,0.0,16.82,4.62,0.0
20230309:0310,0.0,0.0,0.0,0.0,0.0,16.15,4.55,0.0
20230309:0410,0.0,0.0,0.0,0.0,0.0,15.75,4.34,0.0
20230309:0510,0.0,0.0,0.0,0.0,0.0,15.43,4.07,0.0
20230309:0610,0.0,0.0,0.0,0.0,0.0,15.05,4.14,0.0
20230309:0710,26.55,5.02,41.53,0.87,8.24,15.29,4.0,0.0
20230309:0810,73.88,2.89,100.32,2.03,19.44,16.45,3.66,0.0
20230309:0910,111.23,1.39,145.59,2.91,29.77,17.34,4.14,0.0
20230309:1010,350.93,129.66,297.5,7.23,38.54,18.25,3.45,0.0
20230309:1110,222.84,13.54,263.56,5.39,44.73,19.0,5.03,0.0
20230309:1210,155.74,0.0,199.98,3.98,47.15,19.62,5.31,0.0
20230309:1310,265.14,32.49,294.61,6.2,45.18,19.98,5.66,0.0
20230309:1410,438.71,227.67,305.78,8.43,39.34,21.29,6.34,0.0
20230309:1510,414.59,281.12,225.52,7.43,30.79,22.1,5.93,0.0
20230309:1610,339.18,311.57,110.07,5.59,20.59,22.13,6.34,0.0
20230309:1710,33.33,6.49,49.91,1.05,9.45,21.34,6.41,0.0
20230309:1810,0.0,0.0,0.0,0.0,0.0,20.47,6.34,0.0
20230309:1910,0.0,0.0,0.0,0.0,0.0,20.08,6.34,0.0
20230309:2010,0.0,0.0,0.0,0.0,0.0,19.5,5.79,0.0
20230309:2110,0.0,0.0,0.0,0.0,0.0,18.9,5.59,0.0
20230309:2210,0.0,0.0,0.0,0.0,0.0,18.29,5.31,0.0
20230309:2310,0.0,0.0,0.0,0.0,0.0,17.75,4.9,0.0
20230310:0010,0.0,0.0,0.0,0.0,0.0,17.48,5.31,0.0
20230310:0110,0.0,0.0,0.0,0.0,0.0,17.2,5.38,0.0
20230310:0210,0.0,0.0,0.0,0.0,0.0,16.82,5.17,0.0
20230310:0310,0.0,0.0,0.0,0.0,0.0,16.73,5.31,0.0
20230310:0410,0.0,0.0,0.0,0.0,0.0,16.8,5.59,0.0
20230310:0510,0.0,0.0,0.0,0.0,0.0,16.77,5.79,0.0
20230310:0610,0.0,0.0,0.0,0.0,0.0,16.75,6.41,0.0
20230310:0710,32.32,8.13,46.5,0.99,8.53,16.75,7.45,0.0
20230310:0810,275.3,199.87,136.96,4.77,19.76,17.33,8.21,0.0
20230310:0910,518.87,454.47,160.08,8.41,30.11,18.29,9.59,0.0
20230310:1010,594.54,462.46,249.37,10.15,38.9,19.99,9.17,0.0
20230310:1110,564.17,346.11,334.93,10.36,45.12,21.23,8.97,0.0
20230310:1210,773.83,728.33,222.45,13.17,47.55,22.34,8.55,0.0
20230310:1310,736.7,685.2,223.74,12.61,45.54,23.03,7.79,0.0
20230310:1410,616.93,524.34,233.65,10.65,39.65,23.21,6.97,0.0
20230310:1510,479.76,394.43,193.65,8.25,31.05,23.16,6.28,0.0
20230310:1610,290.38,222.95,141.55,5.14,20.82,22.93,5.59,0.0
20230310:1710,109.13,103.01,60.23,2.13,9.66,22.22,4.76,0.0
20230310:1810,0.0,0.0,0.0,0.0,0.0,21.28,4.21,0.0
20230310:1910,0.0,0.0,0.0,0.0,0.0,20.59,4.34,0.0
20230310:2010,0.0,0.0,0.0,0.0,0.0,19.97,4.62,0.0
20230310:2110,0.0,0.0,0.0,0.0,0.0,19.5,4.83,0.0
20230310:2210,0.0,0.0,0.0,0.0,0.0,19.37,4.21,0.0
20230310:2310,0.0,0.0,0.0,0.0,0.0,19.11,4.76,0.0
20230311:0010,0.0,0.0,0.0,0.0,0.0,18.79,5.31,0.0
20230311:0110,0.0,0.0,0.0,0.0,0.0,18.4,5.59,0.0
20230311:0210,0.0,0.0,0.0,0.0,0.0,17.83,5.59,0.0
20230311:0310,0.0,0.0,0.0,0.0,0.0,17.45,5.66,0.0
20230311:0410,0.0,0.0,0.0,0.0,0.0,17.28,5.72,0.0
20230311:0510,0.0,0.0,0.0,0.0,0.0,17.11,5.59,0.0
20230311:0610,0.0,0.0,0.0,0.0,0.0,17.06,5.52,0.0
20230311:0710,103.06,102.76,53.15,2.01,8.84,17.16,5.66,0.0
20230311:0810,335.43,310.36,102.78,5.53,20.08,18.72,5.52,0.0
20230311:0910,540.82,523.27,131.25,8.88,30.45,19.78,5.72,0.0
20230311:1010,664.58,638.77,175.61,11.21,39.27,21.52,6.28,0.0
20230311:1110,725.17,680.31,221.83,12.57,45.51,22.67,6.0,0.0
20230311:1210,806.3,867.46,154.39,14.0,47.94,23.54,5.38,0.0
20230311:1310,775.07,830.03,152.93,13.46,45.9,24.13,5.17,0.0
20230311:1410,655.98,638.27,183.41,11.34,39.95,24.3,5.1,0.0
20230311:1510,387.83,245.51,235.87,7.29,31.31,24.23,4.83,0.0
20230311:1610,342.78,324.47,107.4,5.81,21.04,23.88,4.76,0.0
20230311:1710,119.43,119.29,59.16,2.31,9.86,23.0,4.83,0.0
20230311:1810,0.0,0.0,0.0,0.0,0.0,22.27,4.83,0.0
20230311:1910,0.0,0.0,0.0,0.0,0.0,21.86,4.83,0.0
20230311:2010,0.0,0.0,0.0,0.0,0.0,21.56,5.52,0.0
20230311:2110,0.0,0.0,0.0,0.0,0.0,21.19,5.93,0.0
20230311:2210,0.0,0.0,0.0,0.0,0.0,20.64,5.31,0.0
20230311:2310,0.0,0.0,0.0,0.0,0.0,20.3,5.59,0.0
20230312:0010,0.0,0.0,0.0,0.0,0.0,20.02,5.86,0.0
20230312:0110,0.0,0.0,0.0,0.0,0.0,19.6,5.86,0.0
20230312:0210,0.0,0.0,0.0,0.0,0.0,19.19,5.86,0.0
20230312:0310,0.0,0.0,0.0,0.0,0.0,18.68,5.86,0.0
20230312:0410,0.0,0.0,0.0,0.0,0.0,18.34,5.72,0.0
20230312:0510,0.0,0.0,0.0,0.0,0.0,18.02,5.24,0.0
20230312:0610,0.0,0.0,0.0,0.0,0.0,17.71,4.69,0.0
20230312:0710,101.9,98.51,55.47,2.04,9.14,17.58,4.34,0.0
20230312:0810,320.49,288.61,108.74,5.43,20.39,18.67,3.72,0.0
20230312:0910,511.96,500.18,137.74,8.75,30.79,20.77,2.21,0.0
20230312:1010,642.56,682.98,151.8,11.48,39.65,21.63,0.97,0.0
20230312:1110,727.07,789.74,163.22,13.15,45.91,21.5,1.38,0.0
20230312:1210,768.01,820.3,170.35,13.69,48.33,21.86,2.76,0.0
20230312:1310,743.52,757.58,182.16,13.02,46.26,21.98,4.0,0.0
20230312:1410,627.64,559.42,215.3,10.91,40.26,21.69,4.97,0.0
20230312:1510,550.29,544.18,128.53,9.19,31.57,21.15,5.1,0.0
20230312:1610,345.4,320.98,107.73,5.82,21.27,20.44,4.34,0.0
20230312:1710,108.36,96.96,63.04,2.19,10.06,19.3,3.1,0.0
20230312:1810,0.0,0.0,0.0,0.0,0.0,19.56,1.59,0.0
20230312:1910,0.0,0.0,0.0,0.0,0.0,18.81,0.62,0.0
20230312:2010,0.0,0.0,0.0,0.0,0.0,18.59,0.41,0.0
20230312:2110,0.0,0.0,0.0,0.0,0.0,17.94,0.21,0.0
20230312:2210,0.0,0.0,0.0,0.0,0.0,17.12,0.07,0.0
20230312:2310,0.0,0.0,0.0,0.0,0.0,16.43,0.21,0.0
20230313:0010,0.0,0.0,0.0,0.0,0.0,15.92,0.48,0.0
20230313:0110,0.0,0.0,0.0,0.0,0.0,16.03,0.62,0.0
20230313:0210,0.0,0.0,0.0,0.0,0.0,16.77,0.97,0.0
20230313:0310,0.0,0.0,0.0,0.0,0.0,16.29,1.24,0.0
20230313:0410,0.0,0.0,0.0,0.0,0.0,15.47,1.24,0.0
20230313:0510,0.0,0.0,0.0,0.0,0.0,14.91,1.45,0.0
20230313:0610,0.0,0.0,0.0,0.0,0.0,14.49,1.66,0.0
20230313:0710,107.59,105.01,55.51,2.15,9.44,14.83,1.45,0.0
20230313:0810,325.78,293.57,111.9,5.59,20.71,16.77,1.38,0.0
20230313:0910,528.88,520.5,134.58,9.02,31.13,18.33,1.79,0.0
20230313:1010,643.77,618.85,188.54,11.28,40.02,19.4,2.34,0.0
20230313:1110,759.19,805.26,162.03,13.4,46.31,20.59,2.97,0.0
20230313:1210,813.29,893.99,143.07,14.32,48.73,21.23,3.79,0.0
20230313:1310,596.49,406.52,328.47,11.07,46.62,21.04,4.83,0.0
20230313:1410,594.25,472.22,255.3,10.53,40.57,20.87,5.31,0.0
20230313:1510,526.95,482.34,159.05,8.93,31.83,20.57,5.24,0.0
20230313:1610,352.89,331.29,105.47,5.97,21.49,20.35,4.9,0.0
20230313:1710,120.47,115.61,61.17,2.39,10.26,19.24,4.14,0.0
20230313:1810,0.0,0.0,0.0,0.0,0.0,18.31,2.97,0.0
20230313:1910,0.0,0.0,0.0,0.0,0.0,18.11,2.55,0.0
20230313:2010,0.0,0.0,0.0,0.0,0.0,18.51,2.83,0.0
20230313:2110,0.0,0.0,0.0,0.0,0.0,19.63,4.34,0.0
20230313:2210,0.0,0.0,0.0,0.0,0.0,21.32,5.03,0.0
20230313:2310,0.0,0.0,0.0,0.0,0.0,21.15,5.93,0.0
20230314:0010,0.0,0.0,0.0,0.0,0.0,20.07,6.48,0.0
20230314:0110,0.0,0.0,0.0,0.0,0.0,19.07,6.14,0.0
20230314:0210,0.0,0.0,0.0,0.0,0.0,18.26,5.52,0.0
20230314:0310,0.0,0.0,0.0,0.0,0.0,17.45,4.83,0.0
20230314:0410,0.0,0.0,0.0,0.0,0.0,16.92,4.55,0.0
20230314:0510,0.0,0.0,0.0,0.0,0.0,16.4,4.76,0.0
20230314:0610,0.0,0.0,0.0,0.0,0.0,15.89,5.24,0.0
20230314:0710,81.6,52.68,68.12,1.86,9.75,15.6,6.0,0.0
20230314:0810,307.24,230.3,142.97,5.39,21.03,16.46,6.76,0.0
20230314:0910,494.81,384.37,204.28,8.48,31.48,17.24,6.83,0.0
20230314:1010,713.0,714.22,155.53,12.08,40.39,18.89,5.59,0.0
20230314:1110,781.21,786.36,188.46,13.62,46.7,19.92,4.69,0.0
20230314:1210,816.47,859.04,174.36,14.4,49.13,20.59,4.21,0.0
20230314:1310,771.14,805.99,180.7,13.76,46.98,21.2,3.1,0.0
20230314:1410,692.11,732.47,152.33,12.28,40.87,21.58,2.34,0.0
20230314:1510,551.72,556.1,136.4,9.58,32.08,21.19,2.14,0.0
20230314:1610,355.28,340.01,108.99,6.19,21.71,20.81,1.59,0.0
20230314:1710,109.79,92.83,69.28,2.31,10.46,20.4,2.14,0.0
20230314:1810,0.0,0.0,0.0,0.0,0.0,19.03,2.48,0.0
20230314:1910,0.0,0.0,0.0,0.0,0.0,17.52,2.0,0.0
20230314:2010,0.0,0.0,0.0,0.0,0.0,16.89,0.9,0.0
20230314:2110,0.0,0.0,0.0,0.0,0.0,16.05,0.28,0.0
20230314:2210,0.0,0.0,0.0,0.0,0.0,15.51,1.1,0.0
20230314:2310,0.0,0.0,0.0,0.0,0.0,15.29,2.14,0.0
20230315:0010,0.0,0.0,0.0,0.0,0.0,15.04,2.83,0.0
20230315:0110,0.0,0.0,0.0,0.0,0.0,14.75,3.1,0.0
20230315:0210,0.0,0.0,0.0,0.0,0.0,14.44,3.1,0.0
20230315:0310,0.0,0.0,0.0,0.0,0.0,13.68,3.1,0.0
20230315:0410,0.0,0.0,0.0,0.0,0.0,13.33,3.24,0.0
20230315:0510,0.0,0.0,0.0,0.0,0.0,13.19,3.24,0.0
20230315:0610,0.0,0.0,0.0,0.0,0.0,13.13,2.97,0.0
20230315:0710,118.51,115.73,57.52,2.39,10.05,13.66,2.69,0.0
20230315:0810,353.91,331.51,103.72,6.04,21.35,15.57,2.14,0.0
20230315:0910,545.97,541.71,130.71,9.37,31.82,16.18,1.52,0.0
20230315:1010,697.62,742.72,135.34,12.23,40.76,17.49,1.93,0.0
20230315:1110,776.57,818.76,161.35,13.71,47.1,17.78,2.76,0.0
20230315:1210,824.85,884.64,152.73,14.49,49.52,17.87,3.59,0.0
20230315:1310,797.19,834.39,155.73,13.83,47.34,17.87,4.21,0.0
20230315:1410,701.16,700.47,157.64,12.01,41.17,17.83,4.34,0.0
20230315:1510,561.94,544.06,135.2,9.48,32.34,17.72,4.34,0.0
20230315:1610,351.37,316.24,113.82,6.02,21.93,17.5,4.28,0.0
20230315:1710,127.18,123.53,60.89,2.55,10.66,16.98,3.72,0.0
20230315:1810,0.0,0.0,0.0,0.0,0.0,16.34,2.28,0.0
20230315:1910,0.0,0.0,0.0,0.0,0.0,15.65,0.97,0.0
20230315:2010,0.0,0.0,0.0,0.0,0.0,15.21,0.48,0.0
20230315:2110,0.0,0.0,0.0,0.0,0.0,14.48,0.48,0.0
20230315:2210,0.0,0.0,0.0,0.0,0.0,14.48,0.76,0.0
20230315:2310,0.0,0.0,0.0,0.0,0.0,14.34,0.62,0.0
20230316:0010,0.0,0.0,0.0,0.0,0.0,13.81,0.34,0.0
20230316:0110,0.0,0.0,0.0,0.0,0.0,13.36,0.34,0.0
20230316:0210,0.0,0.0,0.0,0.0,0.0,13.05,0.62,0.0
20230316:0310,0.0,0.0,0.0,0.0,0.0,12.87,0.69,0.0
20230316:0410,0.0,0.0,0.0,0.0,0.0,12.71,1.03,0.0
20230316:0510,0.0,0.0,0.0,0.0,0.0,12.67,1.52,0.0
20230316:0610,0.0,0.0,0.0,0.0,0.0,12.54,1.79,0.0
20230316:0710,121.43,117.27,59.27,2.48,10.36,13.07,1.59,0.0
20230316:0810,359.01,341.21,101.25,6.19,21.68,15.01,1.45,0.0
20230316:0910,549.49,545.52,131.43,9.49,32.17,16.16,1.52,0.0
20230316:1010,705.0,756.5,130.36,12.41,41.14,17.18,1.93,0.0
20230316:1110,793.92,845.6,150.79,13.98,47.5,17.6,3.24,0.0
20230316:1210,841.53,912.59,140.82,14.76,49.92,17.76,4.07,0.0
20230316:1310,823.85,896.36,127.78,14.32,47.69,17.86,4.41,0.0
20230316:1410,705.16,704.12,157.21,12.12,41.47,17.74,4.55,0.0
20230316:1510,568.28,554.52,131.53,9.62,32.59,17.49,4.41,0.0
20230316:1610,358.02,327.59,110.5,6.17,22.15,17.15,3.93,0.0
20230316:1710,131.58,129.32,60.88,2.66,10.86,16.42,3.24,0.0
20230316:1810,0.0,0.0,0.0,0.0,0.0,15.83,2.55,0.0
20230316:1910,0.0,0.0,0.0,0.0,0.0,15.43,2.48,0.0
20230316:2010,0.0,0.0,0.0,0.0,0.0,15.23,3.03,0.0
20230316:2110,0.0,0.0,0.0,0.0,0.0,14.86,3.17,0.0
20230316:2210,0.0,0.0,0.0,0.0,0.0,14.18,2.97,0.0
20230316:2310,0.0,0.0,0.0,0.0,0.0,13.84,3.1,0.0
20230317:0010,0.0,0.0,0.0,0.0,0.0,13.58,3.24,0.0
20230317:0110,0.0,0.0,0.0,0.0,0.0,13.27,3.31,0.0
20230317:0210,0.0,0.0,0.0,0.0,0.0,12.96,3.31,0.0
20230317:0310,0.0,0.0,0.0,0.0,0.0,12.44,3.52,0.0
20230317:0410,0.0,0.0,0.0,0.0,0.0,12.04,3.52,0.0
20230317:0510,0.0,0.0,0.0,0.0,0.0,11.72,3.38,0.0
20230317:0610,0.0,0.0,0.0,0.0,0.0,11.56,3.17,0.0
20230317:0710,95.47,65.53,71.52,2.13,10.67,12.0,2.83,0.0
20230317:0810,273.52,174.05,159.46,5.14,22.0,13.68,2.41,0.0
20230317:0910,510.27,444.91,178.56,8.99,32.51,15.45,1.59,0.0
20230317:1010,620.66,568.83,222.0,11.41,41.51,17.03,0.55,0.0
20230317:1110,713.58,647.97,249.06,12.95,47.9,17.46,2.34,0.0
20230317:1210,667.15,490.85,331.19,12.33,50.31,17.53,3.59,0.0
20230317:1310,720.51,610.36,267.96,12.77,48.05,17.45,5.17,0.0
20230317:1410,615.73,473.97,262.73,10.87,41.77,17.02,6.21,0.0
20230317:1510,567.61,533.51,140.64,9.55,32.84,16.39,6.28,0.0
20230317:1610,363.47,329.46,110.03,6.24,22.36,16.18,5.79,0.0
20230317:1710,128.32,121.23,63.03,2.64,11.05,15.56,4.83,0.0
20230317:1810,0.0,0.0,0.0,0.0,0.0,15.13,3.59,0.0
20230317:1910,0.0,0.0,0.0,0.0,0.0,14.86,2.83,0.0
20230317:2010,0.0,0.0,0.0,0.0,0.0,14.62,2.0,0.0
20230317:2110,0.0,0.0,0.0,0.0,0.0,14.42,1.93,0.0
20230317:2210,0.0,0.0,0.0,0.0,0.0,13.83,1.31,0.0
20230317:2310,0.0,0.0,0.0,0.0,0.0,13.63,1.66,0.0
20230318:0010,0.0,0.0,0.0,0.0,0.0,13.44,1.38,0.0
20230318:0110,0.0,0.0,0.0,0.0,0.0,13.13,1.1,0.0
20230318:0210,0.0,0.0,0.0,0.0,0.0,12.94,1.03,0.0
20230318:0310,0.0,0.0,0.0,0.0,0.0,12.89,1.17,0.0
20230318:0410,0.0,0.0,0.0,0.0,0.0,12.95,1.1,0.0
20230318:0510,0.0,0.0,0.0,0.0,0.0,12.9,1.03,0.0
20230318:0610,0.0,0.0,0.0,0.0,0.0,13.23,1.38,0.0
20230318:0710,90.25,57.46,73.2,2.1,10.98,13.73,1.93,0.0
20230318:0810,105.03,9.13,130.12,2.69,22.32,15.19,1.52,0.0
20230318:0910,255.38,71.23,243.72,5.64,32.86,16.44,1.31,0.0
20230318:1010,240.59,28.4,272.83,5.75,41.89,17.68,0.55,0.0
20230318:1110,120.4,0.0,159.08,3.16,48.3,18.38,1.66,0.0
20230318:1210,53.64,0.0,79.99,1.59,50.71,18.55,2.21,0.0
20230318:1310,108.94,0.0,145.44,2.89,48.4,18.45,2.41,0.0
20230318:1410,407.16,175.56,322.64,8.37,42.07,18.85,2.9,0.0
20230318:1510,537.84,505.04,150.29,9.39,33.09,18.84,3.79,0.0
20230318:1610,208.13,91.3,169.65,4.39,22.58,18.66,4.41,0.0
20230318:1710,101.05,72.07,74.69,2.3,11.25,17.95,5.1,0.0
20230318:1810,0.0,0.0,0.0,0.0,0.0,17.04,5.38,0.0
20230318:1910,0.0,0.0,0.0,0.0,0.0,16.75,4.83,0.0
20230318:2010,0.0,0.0,0.0,0.0,0.0,16.57,3.93,0.0
20230318:2110,0.0,0.0,0.0,0.0,0.0,16.01,3.31,0.0
20230318:2210,0.0,0.0,0.0,0.0,0.0,15.32,3.1,0.0
20230318:2310,0.0,0.0,0.0,0.0,0.0,14.82,2.9,0.0
20230319:0010,0.0,0.0,0.0,0.0,0.0,14.48,2.62,0.0
20230319:0110,0.0,0.0,0.0,0.0,0.0,14.13,2.55,0.0
20230319:0210,0.0,0.0,0.0,0.0,0.0,13.94,2.83,0.0
20230319:0310,0.0,0.0,0.0,0.0,0.0,13.77,3.24,0.0
20230319:0410,0.0,0.0,0.0,0.0,0.0,13.59,3.52,0.0
20230319:0510,0.0,0.0,0.0,0.0,0.0,13.48,3.45,0.0
20230319:0610,0.0,0.0,0.0,0.0,0.0,13.31,3.24,0.0
20230319:0710,130.24,124.32,62.45,2.75,11.29,13.77,3.24,0.0
20230319:0810,358.78,330.51,107.92,6.33,22.64,16.25,3.45,0.0
20230319:0910,575.24,566.98,124.53,9.87,33.2,17.5,5.1,0.0
20230319:1010,719.31,741.75,139.05,12.55,42.26,18.36,4.76,0.0
20230319:1110,802.93,850.1,149.27,14.23,48.7,18.46,4.34,0.0
20230319:1210,688.65,525.57,321.18,12.7,51.11,18.6,4.62,0.0
20230319:1310,754.02,702.64,224.4,13.4,48.76,18.47,5.1,0.0
20230319:1410,557.78,376.0,296.18,10.31,42.37,18.37,5.66,0.0
20230319:1510,288.28,96.42,253.69,6.13,33.34,18.11,5.79,0.0
20230319:1610,360.1,327.9,111.09,6.35,22.79,17.64,5.45,0.0
20230319:1710,133.34,132.13,60.71,2.82,11.44,16.85,4.76,0.0
20230319:1810,0.0,0.0,0.0,0.0,0.0,16.3,3.52,0.0
20230319:1910,0.0,0.0,0.0,0.0,0.0,15.69,2.55,0.0
20230319:2010,0.0,0.0,0.0,0.0,0.0,15.18,1.86,0.0
20230319:2110,0.0,0.0,0.0,0.0,0.0,14.36,1.52,0.0
20230319:2210,0.0,0.0,0.0,0.0,0.0,14.28,1.93,0.0
20230319:2310,0.0,0.0,0.0,0.0,0.0,13.49,1.93,0.0
20230320:0010,0.0,0.0,0.0,0.0,0.0,13.1,2.0,0.0
20230320:0110,0.0,0.0,0.0,0.0,0.0,12.88,2.07,0.0
20230320:0210,0.0,0.0,0.0,0.0,0.0,12.36,2.14,0.0
20230320:0310,0.0,0.0,0.0,0.0,0.0,11.86,2.14,0.0
20230320:0410,0.0,0.0,0.0,0.0,0.0,11.56,2.07,0.0
20230320:0510,0.0,0.0,0.0,0.0,0.0,11.36,1.86,0.0
20230320:0610,0.0,0.0,0.0,0.0,0.0,11.57,1.59,0.0
20230320:0710,125.63,110.3,68.27,2.71,11.6,12.1,1.24,0.0
20230320:0810,358.22,334.81,108.66,6.46,22.97,14.38,0.48,0.0
20230320:0910,556.37,550.13,133.82,9.86,33.55,15.28,1.38,0.0
20230320:1010,686.55,682.53,169.37,12.28,42.64,16.35,2.34,0.0
20230320:1110,761.66,747.42,203.95,13.74,49.1,16.97,3.03,0.0
20230320:1210,805.81,813.69,192.77,14.49,51.5,17.4,3.72,0.0
20230320:1310,780.4,776.76,188.83,13.91,49.11,17.51,4.21,0.0
20230320:1410,707.33,708.05,156.27,12.42,42.66,17.57,4.41,0.0
20230320:1510,535.96,477.38,168.24,9.42,33.58,17.45,4.48,0.0
20230320:1610,359.08,325.86,112.68,6.4,23.0,17.12,4.34,0.0
20230320:1710,111.26,84.65,75.27,2.51,11.63,16.38,4.0,0.0
20230320:1810,0.0,0.0,0.0,0.0,0.0,15.65,3.31,0.0
20230320:1910,0.0,0.0,0.0,0.0,0.0,15.14,2.41,0.0
20230320:2010,0.0,0.0,0.0,0.0,0.0,14.66,1.86,0.0
20230320:2110,0.0,0.0,0.0,0.0,0.0,14.18,2.0,0.0
20230320:2210,0.0,0.0,0.0,0.0,0.0,13.49,2.21,0.0
20230320:2310,0.0,0.0,0.0,0.0,0.0,13.37,2.21,0.0
20230321:0010,0.0,0.0,0.0,0.0,0.0,13.31,2.14,0.0
20230321:0110,0.0,0.0,0.0,0.0,0.0,13.03,2.0,0.0
20230321:0210,0.0,0.0,0.0,0.0,0.0,12.33,1.86,0.0
20230321:0310,0.0,0.0,0.0,0.0,0.0,11.78,1.79,0.0
20230321:0410,0.0,0.0,0.0,0.0,0.0,11.38,1.86,0.0
20230321:0510,0.0,0.0,0.0,0.0,0.0,11.24,1.86,0.0
20230321:0610,0.0,0.0,0.0,0.0,0.0,11.18,1.72,0.0
20230321:0710,0.0,0.0,0.0,0.0,0.0,11.51,1.86,0.0
20230321:0810,0.0,0.0,0.0,0.0,0.0,13.61,2.21,0.0
20230321:0910,502.96,399.21,202.51,9.01,33.9,14.85,3.45,0.0
20230321:1010,586.24,433.77,279.29,10.83,43.01,16.59,3.31,0.0
20230321:1110,545.7,296.9,365.53,10.71,49.5,17.43,4.0,0.0
20230321:1210,836.02,880.65,155.4,14.9,51.9,17.86,4.9,0.0
20230321:1310,749.62,675.01,238.73,13.38,49.46,18.06,5.86,0.0
20230321:1410,688.91,641.78,188.98,12.1,42.96,17.99,6.28,0.0
20230321:1510,468.15,334.57,225.2,8.55,33.83,17.61,5.86,0.0
20230321:1610,306.82,222.64,151.6,5.75,23.21,16.93,5.17,0.0
20230321:1710,103.76,70.44,78.52,2.42,11.82,16.24,4.21,0.0
20230321:1810,0.0,0.0,0.0,0.0,0.0,15.63,3.38,0.0
20230321:1910,0.0,0.0,0.0,0.0,0.0,14.99,2.41,0.0
20230321:2010,0.0,0.0,0.0,0.0,0.0,14.73,2.0,0.0
20230321:2110,0.0,0.0,0.0,0.0,0.0,14.23,1.72,0.0
20230321:2210,0.0,0.0,0.0,0.0,0.0,13.58,1.1,0.0
20230321:2310,0.0,0.0,0.0,0.0,0.0,13.2,0.83,0.0
20230322:0010,0.0,0.0,0.0,0.0,0.0,12.91,1.03,0.0
20230322:0110,0.0,0.0,0.0,0.0,0.0,12.48,1.24,0.0
20230322:0210,0.0,0.0,0.0,0.0,0.0,12.04,1.45,0.0
20230322:0310,0.0,0.0,0.0,0.0,0.0,11.79,1.59,0.0
20230322:0410,0.0,0.0,0.0,0.0,0.0,11.6,1.66,0.0
20230322:0510,0.0,0.0,0.0,0.0,0.0,11.38,1.72,0.0
20230322:0610,0.0,0.0,0.0,0.0,0.0,11.26,1.86,0.0
20230322:0710,0.0,0.0,0.0,0.0,0.0,11.72,1.79,0.0
20230322:0810,363.5,328.17,113.81,6.56,23.61,13.53,1.93,0.0
20230322:0910,568.45,551.19,133.81,10.0,34.24,14.71,2.9,0.0
20230322:1010,704.06,717.53,151.92,12.62,43.39,16.84,3.03,0.0
20230322:1110,794.22,830.55,158.94,14.32,49.9,17.66,3.79,0.0
20230322:1210,840.06,905.28,143.64,15.14,52.29,18.33,4.48,0.0
20230322:1310,805.07,840.64,153.36,14.38,49.81,18.54,5.17,0.0
20230322:1410,720.03,733.9,143.11,12.71,43.25,18.56,5.52,0.0
20230322:1510,569.03,554.93,130.57,10.0,34.07,18.29,5.31,0.0
20230322:1610,358.24,328.13,110.56,6.51,23.42,17.9,4.62,0.0
20230322:1710,132.0,127.08,64.34,2.95,12.01,17.24,3.66,0.0
20230322:1810,0.0,0.0,0.0,0.0,0.0,16.69,2.41,0.0
20230322:1910,0.0,0.0,0.0,0.0,0.0,15.86,1.03,0.0
20230322:2010,0.0,0.0,0.0,0.0,0.0,15.18,0.62,0.0
20230322:2110,0.0,0.0,0.0,0.0,0.0,15.11,0.76,0.0
20230322:2210,0.0,0.0,0.0,0.0,0.0,14.12,0.76,0.0
20230322:2310,0.0,0.0,0.0,0.0,0.0,13.72,1.31,0.0
20230323:0010,0.0,0.0,0.0,0.0,0.0,13.51,1.38,0.0
20230323:0110,0.0,0.0,0.0,0.0,0.0,13.26,1.45,0.0
20230323:0210,0.0,0.0,0.0,0.0,0.0,12.96,1.66,0.0
20230323:0310,0.0,0.0,0.0,0.0,0.0,12.91,1.79,0.0
20230323:0410,0.0,0.0,0.0,0.0,0.0,12.79,1.93,0.0
20230323:0510,0.0,0.0,0.0,0.0,0.0,12.43,2.0,0.0
20230323:0610,0.0,0.0,0.0,0.0,0.0,12.15,1.86,0.0
20230323:0710,144.37,139.39,64.47,3.16,12.53,12.68,1.52,0.0
20230323:0810,373.12,352.27,106.55,6.84,23.94,14.95,1.38,0.0
20230323:0910,574.15,569.85,130.47,10.27,34.59,16.42,2.62,0.0
20230323:1010,716.51,749.79,141.83,12.98,43.76,18.11,3.1,0.0
20230323:1110,805.52,866.47,146.43,14.7,50.3,19.21,3.86,0.0
20230323:1210,849.67,929.67,136.59,15.44,52.69,19.71,4.83,0.0
20230323:1310,818.2,875.23,140.76,14.74,50.16,19.92,5.52,0.0
20230323:1410,727.0,754.76,137.35,12.98,43.54,20.15,5.72,0.0
20230323:1510,573.82,571.02,125.99,10.22,34.31,19.97,5.38,0.0
20230323:1610,367.97,349.68,104.35,6.76,23.63,19.62,4.76,0.0
20230323:1710,134.44,133.16,63.2,3.06,12.2,18.71,3.86,0.0
20230323:1810,0.0,0.0,0.0,0.0,0.0,17.68,2.48,0.0
20230323:1910,0.0,0.0,0.0,0.0,0.0,16.97,1.45,0.0
20230323:2010,0.0,0.0,0.0,0.0,0.0,16.3,1.45,0.0
20230323:2110,0.0,0.0,0.0,0.0,0.0,15.7,1.31,0.0
20230323:2210,0.0,0.0,0.0,0.0,0.0,15.31,1.31,0.0
20230323:2310,0.0,0.0,0.0,0.0,0.0,14.93,1.72,0.0
20230324:0010,0.0,0.0,0.0,0.0,0.0,14.53,1.93,0.0
20230324:0110,0.0,0.0,0.0,0.0,0.0,14.68,2.0,0.0
20230324:0210,0.0,0.0,0.0,0.0,0.0,14.17,2.07,0.0
20230324:0310,0.0,0.0,0.0,0.0,0.0,13.68,2.0,0.0
20230324:0410,0.0,0.0,0.0,0.0,0.0,13.31,2.07,0.0
20230324:0510,0.0,0.0,0.0,0.0,0.0,12.96,2.21,0.0
20230324:0610,0.0,0.0,0.0,0.0,0.0,12.98,2.41,0.0
20230324:0710,144.65,138.14,65.99,3.22,12.84,14.03,2.83,0.0
20230324:0810,355.27,312.05,124.97,6.64,24.26,16.73,2.34,0.0
20230324:0910,460.21,333.85,232.68,8.81,34.93,19.18,2.34,0.0
20230324:1010,596.75,491.21,263.69,11.47,44.14,21.26,2.07,0.0
20230324:1110,686.89,604.68,275.99,13.22,50.69,22.33,2.55,0.0
20230324:1210,790.25,833.82,182.94,14.88,53.08,22.92,3.59,0.0
20230324:1310,638.28,472.23,326.16,12.32,50.51,22.83,4.55,0.0
20230324:1410,333.35,89.75,322.51,7.47,43.83,22.53,5.17,0.0
20230324:1510,266.04,73.21,257.14,5.99,34.55,21.91,5.72,0.0
20230324:1610,51.66,0.0,78.18,1.56,23.83,21.06,5.93,0.0
20230324:1710,7.05,0.0,19.09,0.38,12.39,19.9,5.24,0.0
20230324:1810,0.0,0.0,0.0,0.0,0.0,19.64,3.72,0.0
20230324:1910,0.0,0.0,0.0,0.0,0.0,18.9,2.14,0.0
20230324:2010,0.0,0.0,0.0,0.0,0.0,18.64,1.31,0.0
20230324:2110,0.0,0.0,0.0,0.0,0.0,17.87,2.0,0.0
20230324:2210,0.0,0.0,0.0,0.0,0.0,17.67,3.03,0.0
20230324:2310,0.0,0.0,0.0,0.0,0.0,17.86,3.66,0.0
20230325:0010,0.0,0.0,0.0,0.0,0.0,18.1,4.21,0.0
20230325:0110,0.0,0.0,0.0,0.0,0.0,17.93,4.28,0.0
20230325:0210,0.0,0.0,0.0,0.0,0.0,17.79,4.14,0.0
20230325:0310,0.0,0.0,0.0,0.0,0.0,17.32,4.62,0.0
20230325:0410,0.0,0.0,0.0,0.0,0.0,17.12,5.03,0.0
20230325:0510,0.0,0.0,0.0,0.0,0.0,16.86,4.55,0.0
20230325:0610,0.0,0.0,0.0,0.0,0.0,16.6,4.28,0.0
20230325:0710,144.5,138.14,67.58,3.29,13.15,17.13,3.93,0.0
20230325:0810,375.05,362.67,102.45,7.03,24.58,18.89,2.69,0.0
20230325:0910,542.92,565.78,128.0,10.31,35.28,20.2,0.48,0.0
20230325:1010,692.67,743.84,138.22,12.98,44.51,21.11,2.34,0.0
20230325:1110,783.41,836.55,153.98,14.54,51.09,21.02,3.93,0.0
20230325:1210,826.91,896.9,145.52,15.26,53.47,21.03,4.76,0.0
20230325:1310,791.71,831.51,153.91,14.47,50.86,20.89,5.45,0.0
20230325:1410,703.69,716.43,146.85,12.73,44.11,20.7,5.79,0.0
20230325:1510,558.7,547.07,130.99,10.09,34.78,20.42,5.72,0.0
20230325:1610,356.86,333.14,106.98,6.69,24.04,19.94,5.38,0.0
20230325:1710,128.46,121.28,66.8,3.04,12.58,19.38,4.41,0.0
20230325:1810,0.0,0.0,0.0,0.0,0.0,18.75,2.41,0.0
20230325:1910,0.0,0.0,0.0,0.0,0.0,18.63,0.21,0.0
20230325:2010,0.0,0.0,0.0,0.0,0.0,18.15,0.48,0.0
20230325:2110,0.0,0.0,0.0,0.0,0.0,17.61,0.9,0.0
20230325:2210,0.0,0.0,0.0,0.0,0.0,16.9,0.62,0.0
20230325:2310,0.0,0.0,0.0,0.0,0.0,16.45,1.72,0.0
20230326:0010,0.0,0.0,0.0,0.0,0.0,16.21,1.93,0.0
20230326:0110,0.0,0.0,0.0,0.0,0.0,16.01,2.14,0.0
20230326:0210,0.0,0.0,0.0,0.0,0.0,15.79,2.34,0.0
20230326:0310,0.0,0.0,0.0,0.0,0.0,15.64,2.48,0.0
20230326:0410,0.0,0.0,0.0,0.0,0.0,15.92,2.69,0.0
20230326:0510,0.0,0.0,0.0,0.0,0.0,15.9,2.9,0.0
20230326:0610,0.0,0.0,4.55,0.09,1.72,15.63,2.97,0.0
20230326:0710,139.83,122.05,75.43,3.24,13.45,16.55,3.24,0.0
20230326:0810,353.54,308.68,129.0,6.76,24.9,19.0,2.97,0.0
20230326:0910,563.26,560.76,134.15,10.4,35.62,20.85,3.66,0.0
20230326:1010,665.68,638.61,196.99,12.5,44.89,22.58,3.93,0.0
20230326:1110,766.12,795.25,180.11,14.43,51.49,23.5,4.34,0.0
20230326:1210,796.32,846.72,174.09,15.06,53.87,24.05,4.41,0.0
20230326:1310,773.63,831.02,158.08,14.59,51.2,24.17,4.34,0.0
20230326:1410,668.55,668.01,175.71,12.57,44.4,24.27,4.28,0.0
20230326:1510,539.58,533.51,139.07,10.09,35.02,24.12,4.28,0.0
20230326:1610,344.86,320.28,114.67,6.69,24.24,23.82,4.48,0.0
20230326:1710,112.4,88.16,78.33,2.8,12.76,22.98,4.07,0.0
20230326:1810,0.0,0.0,0.0,0.0,0.0,22.82,3.17,0.0
20230326:1910,0.0,0.0,0.0,0.0,0.0,22.14,2.76,0.0
20230326:2010,0.0,0.0,0.0,0.0,0.0,22.11,3.1,0.0
20230326:2110,0.0,0.0,0.0,0.0,0.0,21.53,3.38,0.0
20230326:2210,0.0,0.0,0.0,0.0,0.0,20.58,4.0,0.0
20230326:2310,0.0,0.0,0.0,0.0,0.0,19.83,4.0,0.0
20230327:0010,0.0,0.0,0.0,0.0,0.0,18.95,3.66,0.0
20230327:0110,0.0,0.0,0.0,0.0,0.0,18.23,3.38,0.0
20230327:0210,0.0,0.0,0.0,0.0,0.0,17.15,3.38,0.0
20230327:0310,0.0,0.0,0.0,0.0,0.0,16.22,2.83,0.0
20230327:0410,0.0,0.0,0.0,0.0,0.0,14.95,2.41,0.0
20230327:0510,0.0,0.0,0.0,0.0,0.0,14.74,2.48,0.0
20230327:0610,0.0,0.0,5.45,0.11,2.03,14.7,2.14,0.0
20230327:0710,160.75,162.03,64.64,3.69,13.76,15.1,1.59,0.0
20230327:0810,391.97,389.52,100.15,7.51,25.22,16.76,0.69,0.0
20230327:0910,574.94,587.45,131.1,10.8,35.96,17.59,1.24,0.0
20230327:1010,722.14,776.1,138.11,13.58,45.26,18.66,2.21,0.0
20230327:1110,809.45,879.89,149.47,15.23,51.89,19.15,3.1,0.0
20230327:1210,848.49,917.77,150.99,15.79,54.26,19.33,4.34,0.0
20230327:1310,820.51,862.52,154.98,15.06,51.54,19.32,5.38,0.0
20230327:1410,726.75,721.87,158.77,13.13,44.68,18.85,6.62,0.0
20230327:1510,577.49,548.08,141.4,10.4,35.25,17.92,6.83,0.0
20230327:1610,363.6,318.4,122.82,6.85,24.44,16.99,6.0,0.0
20230327:1710,132.41,116.94,72.87,3.16,12.95,16.35,5.03,0.0
20230327:1810,0.0,0.0,0.0,0.0,0.0,15.99,3.86,0.0
20230327:1910,0.0,0.0,0.0,0.0,0.0,15.6,2.41,0.0
20230327:2010,0.0,0.0,0.0,0.0,0.0,15.11,1.03,0.0
20230327:2110,0.0,0.0,0.0,0.0,0.0,14.47,0.21,0.0
20230327:2210,0.0,0.0,0.0,0.0,0.0,13.68,1.24,0.0
20230327:2310,0.0,0.0,0.0,0.0,0.0,13.29,1.31,0.0
20230328:0010,0.0,0.0,0.0,0.0,0.0,12.96,1.45,0.0
20230328:0110,0.0,0.0,0.0,0.0,0.0,12.6,1.66,0.0
20230328:0210,0.0,0.0,0.0,0.0,0.0,12.21,2.0,0.0
20230328:0310,0.0,0.0,0.0,0.0,0.0,11.98,2.07,0.0
20230328:0410,0.0,0.0,0.0,0.0,0.0,11.85,2.14,0.0
20230328:0510,0.0,0.0,0.0,0.0,0.0,11.77,2.34,0.0
20230328:0610,0.69,0.0,7.27,0.14,2.33,11.65,2.55,0.0
20230328:0710,157.42,148.37,69.76,3.62,14.07,12.99,2.62,0.0
20230328:0810,393.09,369.46,106.62,7.38,25.54,14.34,2.83,0.0
20230328:0910,580.45,565.48,136.61,10.63,36.3,15.3,2.9,0.0
20230328:1010,709.47,738.94,149.3,13.29,45.63,16.44,2.0,0.0
20230328:1110,788.8,808.19,179.43,14.74,52.28,16.94,3.1,0.0
20230328:1210,803.06,779.73,216.63,14.92,54.65,17.15,4.14,0.0
20230328:1310,810.78,843.52,156.27,14.88,51.89,17.29,4.69,0.0
20230328:1410,727.34,745.88,140.45,13.26,44.96,17.34,4.76,0.0
20230328:1510,575.09,564.87,127.81,10.49,35.48,17.24,4.55,0.0
20230328:1610,361.06,327.18,113.96,6.89,24.64,16.92,4.14,0.0
20230328:1710,137.4,133.65,65.14,3.33,13.13,16.32,3.59,0.0
20230328:1810,0.0,0.0,0.0,0.0,0.0,15.61,2.83,0.0
20230328:1910,0.0,0.0,0.0,0.0,0.0,15.18,1.72,0.0
20230328:2010,0.0,0.0,0.0,0.0,0.0,14.87,0.9,0.0
20230328:2110,0.0,0.0,0.0,0.0,0.0,14.17,0.48,0.0
20230328:2210,0.0,0.0,0.0,0.0,0.0,13.42,0.76,0.0
20230328:2310,0.0,0.0,0.0,0.0,0.0,13.01,0.9,0.0
20230329:0010,0.0,0.0,0.0,0.0,0.0,12.65,0.55,0.0
20230329:0110,0.0,0.0,0.0,0.0,0.0,12.46,0.34,0.0
20230329:0210,0.0,0.0,0.0,0.0,0.0,12.32,0.28,0.0
20230329:0310,0.0,0.0,0.0,0.0,0.0,11.96,0.34,0.0
20230329:0410,0.0,0.0,0.0,0.0,0.0,11.92,0.41,0.0
20230329:0510,0.0,0.0,0.0,0.0,0.0,11.66,0.69,0.0
20230329:0610,1.48,0.33,8.93,0.2,2.64,11.56,0.83,0.0
20230329:0710,149.79,126.36,80.39,3.51,14.38,12.59,0.9,0.0
20230329:0810,394.8,385.0,102.22,7.6,25.86,14.26,0.62,0.0
20230329:0910,579.72,587.03,128.83,10.89,36.64,15.27,1.24,0.0
20230329:1010,720.95,774.98,134.73,13.65,46.0,16.38,1.66,0.0
20230329:1110,816.47,889.53,139.33,15.35,52.68,17.01,2.97,0.0
20230329:1210,848.89,927.31,139.67,15.9,55.04,17.55,3.72,0.0
20230329:1310,816.25,871.02,143.68,15.16,52.23,17.68,4.21,0.0
20230329:1410,727.72,759.93,134.55,13.44,45.23,17.99,4.21,0.0
20230329:1510,573.01,567.05,128.51,10.6,35.71,17.89,3.93,0.0
20230329:1610,364.8,339.29,109.62,7.05,24.84,17.7,3.45,0.0
20230329:1710,136.88,133.48,65.71,3.38,13.31,17.1,2.76,0.0
20230329:1810,0.0,0.0,0.0,0.0,0.0,16.6,1.66,0.0
20230329:1910,0.0,0.0,0.0,0.0,0.0,16.01,0.69,0.0
20230329:2010,0.0,0.0,0.0,0.0,0.0,15.44,0.48,0.0
20230329:2110,0.0,0.0,0.0,0.0,0.0,15.37,1.38,0.0
20230329:2210,0.0,0.0,0.0,0.0,0.0,14.43,1.45,0.0
20230329:2310,0.0,0.0,0.0,0.0,0.0,14.22,1.72,0.0
20230330:0010,0.0,0.0,0.0,0.0,0.0,13.97,2.14,0.0
20230330:0110,0.0,0.0,0.0,0.0,0.0,13.68,2.0,0.0
20230330:0210,0.0,0.0,0.0,0.0,0.0,13.4,1.79,0.0
20230330:0310,0.0,0.0,0.0,0.0,0.0,13.13,2.0,0.0
20230330:0410,0.0,0.0,0.0,0.0,0.0,13.12,2.62,0.0
20230330:0510,0.0,0.0,0.0,0.0,0.0,13.13,2.69,0.0
20230330:0610,0.68,0.0,7.27,0.14,2.94,13.38,2.55,0.0
20230330:0710,137.15,95.29,92.91,3.29,14.68,14.15,2.41,0.0
20230330:0810,246.95,108.22,197.04,5.35,26.18,16.35,2.14,0.0
20230330:0910,573.34,568.96,136.76,10.81,36.98,18.46,2.69,0.0
20230330:1010,713.69,759.98,140.78,13.6,46.36,21.03,3.17,0.0
20230330:1110,782.67,839.13,161.98,15.05,53.07,22.45,3.66,0.0
20230330:1210,813.97,885.27,158.03,15.64,55.42,23.32,4.28,0.0
20230330:1310,694.99,581.86,289.21,13.46,52.56,23.57,5.38,0.0
20230330:1410,641.36,555.66,236.08,12.21,45.51,23.47,6.55,0.0
20230330:1510,501.83,412.01,201.31,9.62,35.93,23.1,6.97,0.0
20230330:1610,345.86,307.14,123.85,6.87,25.03,22.65,6.41,0.0
20230330:1710,128.55,120.5,69.73,3.29,13.49,21.86,5.66,0.0
20230330:1810,0.0,0.0,2.57,0.05,1.75,21.26,4.28,0.0
20230330:1910,0.0,0.0,0.0,0.0,0.0,20.64,3.38,0.0
20230330:2010,0.0,0.0,0.0,0.0,0.0,19.4,3.1,0.0
20230330:2110,0.0,0.0,0.0,0.0,0.0,19.18,2.55,0.0
20230330:2210,0.0,0.0,0.0,0.0,0.0,18.95,2.48,0.0
20230330:2310,0.0,0.0,0.0,0.0,0.0,19.19,3.03,0.0
20230331:0010,0.0,0.0,0.0,0.0,0.0,19.67,3.24,0.0
20230331:0110,0.0,0.0,0.0,0.0,0.0,19.82,3.79,0.0
20230331:0210,0.0,0.0,0.0,0.0,0.0,20.16,4.48,0.0
20230331:0310,0.0,0.0,0.0,0.0,0.0,20.45,4.76,0.0
20230331:0410,0.0,0.0,0.0,0.0,0.0,20.59,5.03,0.0
20230331:0510,0.0,0.0,0.0,0.0,0.0,20.5,5.1,0.0
20230331:0610,0.62,0.0,7.27,0.14,3.24,20.45,5.1,0.0
20230331:0710,156.48,148.38,73.48,3.82,14.99,20.76,5.38,0.0
20230331:0810,364.84,324.22,127.97,7.23,26.49,21.97,5.45,0.0
20230331:0910,527.53,457.51,189.92,10.13,37.32,23.11,6.0,0.0
20230331:1010,609.73,494.37,267.86,11.94,46.73,24.67,5.24,0.0
20230331:1110,677.32,555.11,300.46,13.33,53.47,25.37,5.38,0.0
20230331:1210,633.69,438.74,360.44,12.79,55.81,25.63,5.45,0.0
20230331:1310,618.29,437.88,339.72,12.41,52.9,25.6,5.52,0.0
20230331:1410,229.97,17.98,275.64,5.71,45.78,25.58,5.66,0.0
20230331:1510,350.91,166.78,271.04,7.54,36.16,25.23,5.45,0.0
20230331:1610,345.16,324.95,111.24,6.98,25.23,24.79,5.31,0.0
20230331:1710,112.57,82.8,84.04,2.98,13.67,24.18,5.17,0.0
20230331:1810,0.0,0.0,2.57,0.05,1.92,23.51,4.9,0.0
20230331:1910,0.0,0.0,0.0,0.0,0.0,22.67,4.62,0.0
20230331:2010,0.0,0.0,0.0,0.0,0.0,22.77,4.97,0.0
20230331:2110,0.0,0.0,0.0,0.0,0.0,22.99,5.72,0.0
20230331:2210,0.0,0.0,0.0,0.0,0.0,22.71,5.24,0.0
20230331:2310,0.0,0.0,0.0,0.0,0.0,22.11,5.45,0.0
20230401:0010,0.0,0.0,0.0,0.0,0.0,21.65,5.66,0.0
20230401:0110,0.0,0.0,0.0,0.0,0.0,21.23,5.86,0.0
20230401:0210,0.0,0.0,0.0,0.0,0.0,20.82,5.79,0.0
20230401:0310,0.0,0.0,0.0,0.0,0.0,20.18,5.38,0.0
20230401:0410,0.0,0.0,0.0,0.0,0.0,20.09,5.17,0.0
20230401:0510,0.0,0.0,0.0,0.0,0.0,19.56,4.28,0.0
20230401:0610,0.0,0.0,1.82,0.04,3.54,19.09,2.28,0.0
20230401:0710,32.95,0.0,54.54,1.09,15.29,18.97,1.59,0.0
20230401:0810,211.28,70.94,196.13,4.86,26.81,18.93,1.45,0.0
20230401:0910,155.72,3.53,198.49,4.0,37.65,19.22,0.55,0.0
20230401:1010,165.98,1.19,212.81,4.25,47.1,19.14,0.76,0.0
20230401:1110,195.56,1.2,247.36,4.94,53.86,19.09,1.31,0.0
20230401:1210,184.46,0.0,235.44,4.68,56.2,19.62,1.86,0.0
20230401:1310,731.07,716.65,213.64,14.23,53.23,20.42,2.69,0.0
20230401:1410,683.94,689.12,158.5,12.98,46.05,21.28,4.62,0.0
20230401:1510,545.07,526.41,137.97,10.34,36.38,21.39,5.66,0.0
20230401:1610,352.21,324.23,110.72,7.02,25.42,20.61,6.21,0.0
20230401:1710,129.01,118.5,70.81,3.36,13.85,20.01,5.79,0.0
20230401:1810,0.0,0.0,5.14,0.11,2.1,19.71,5.31,0.0
20230401:1910,0.0,0.0,0.0,0.0,0.0,19.59,4.41,0.0
20230401:2010,0.0,0.0,0.0,0.0,0.0,19.23,3.31,0.0
20230401:2110,0.0,0.0,0.0,0.0,0.0,19.12,3.1,0.0
20230401:2210,0.0,0.0,0.0,0.0,0.0,19.14,3.31,0.0
20230401:2310,0.0,0.0,0.0,0.0,0.0,20.04,3.59,0.0
20230402:0010,0.0,0.0,0.0,0.0,0.0,18.3,5.38,0.0
20230402:0110,0.0,0.0,0.0,0.0,0.0,16.48,4.69,0.0
20230402:0210,0.0,0.0,0.0,0.0,0.0,15.96,2.9,0.0
20230402:0310,0.0,0.0,0.0,0.0,0.0,15.67,1.72,0.0
20230402:0410,0.0,0.0,0.0,0.0,0.0,15.24,2.28,0.0
20230402:0510,0.0,0.0,0.0,0.0,0.0,15.25,2.62,0.0
20230402:0610,5.6,1.67,16.15,0.43,3.84,15.02,3.59,0.0
20230402:0710,176.64,173.46,69.46,4.25,15.59,15.2,4.62,0.0
20230402:0810,415.93,398.31,102.75,8.05,27.12,16.1,5.24,0.0
20230402:0910,607.09,607.54,126.21,11.41,37.99,17.37,4.41,0.0
20230402:1010,712.22,775.4,140.84,14.03,47.46,18.56,1.24,0.0
20230402:1110,796.28,888.12,145.57,15.72,54.25,19.49,1.93,0.0
20230402:1210,827.03,923.24,147.08,16.24,56.58,19.74,2.48,0.0
20230402:1310,789.52,864.92,152.08,15.48,53.56,20.05,2.41,0.0
20230402:1410,705.48,754.19,140.56,13.73,46.32,20.18,2.41,0.0
20230402:1510,570.24,570.81,128.89,10.92,36.6,19.95,3.86,0.0
20230402:1610,376.41,360.72,101.88,7.49,25.61,19.42,5.79,0.0
20230402:1710,140.31,137.8,66.16,3.65,14.03,17.72,6.34,0.0
20230402:1810,0.14,0.0,5.99,0.13,2.28,16.65,5.79,0.0
20230402:1910,0.0,0.0,0.0,0.0,0.0,16.03,5.03,0.0
20230402:2010,0.0,0.0,0.0,0.0,0.0,15.79,3.52,0.0
20230402:2110,0.0,0.0,0.0,0.0,0.0,15.44,1.45,0.0
20230402:2210,0.0,0.0,0.0,0.0,0.0,14.79,1.79,0.0
20230402:2310,0.0,0.0,0.0,0.0,0.0,14.53,1.59,0.0
20230403:0010,0.0,0.0,0.0,0.0,0.0,14.41,1.86,0.0
20230403:0110,0.0,0.0,0.0,0.0,0.0,13.99,2.0,0.0
20230403:0210,0.0,0.0,0.0,0.0,0.0,13.55,1.86,0.0
20230403:0310,0.0,0.0,0.0,0.0,0.0,13.16,2.14,0.0
20230403:0410,0.0,0.0,0.0,0.0,0.0,12.84,2.55,0.0
20230403:0510,0.0,0.0,0.0,0.0,0.0,12.41,2.9,0.0
20230403:0610,7.39,1.67,18.76,0.49,4.14,12.17,2.76,0.0
20230403:0710,175.72,166.07,73.84,4.25,15.89,13.36,2.48,0.0
20230403:0810,404.4,386.09,109.46,8.03,27.43,15.22,1.66,0.0
20230403:0910,590.61,596.87,131.02,11.39,38.32,16.24,1.79,0.0
20230403:1010,721.68,751.34,151.12,13.91,47.82,17.3,2.48,0.0
20230403:1110,813.55,860.16,158.24,15.57,54.64,17.36,3.52,0.0
20230403:1210,850.65,905.9,154.32,16.17,56.96,17.28,4.28,0.0
20230403:1310,817.88,848.89,156.95,15.39,53.89,17.18,4.97,0.0
20230403:1410,728.54,730.11,149.69,13.58,46.58,17.1,5.72,0.0
20230403:1510,577.87,552.01,135.62,10.81,36.82,16.65,6.14,0.0
20230403:1610,370.02,333.99,113.34,7.32,25.8,15.97,5.86,0.0
20230403:1710,127.68,98.66,82.87,3.33,14.21,15.46,5.03,0.0
20230403:1810,0.0,0.0,4.28,0.09,2.46,15.12,3.66,0.0
20230403:1910,0.0,0.0,0.0,0.0,0.0,14.89,2.07,0.0
20230403:2010,0.0,0.0,0.0,0.0,0.0,14.64,1.24,0.0
20230403:2110,0.0,0.0,0.0,0.0,0.0,14.1,0.9,0.0
20230403:2210,0.0,0.0,0.0,0.0,0.0,13.36,0.55,0.0
20230403:2310,0.0,0.0,0.0,0.0,0.0,13.19,0.69,0.0
20230404:0010,0.0,0.0,0.0,0.0,0.0,12.97,1.1,0.0
20230404:0110,0.0,0.0,0.0,0.0,0.0,12.65,1.17,0.0
20230404:0210,0.0,0.0,0.0,0.0,0.0,12.3,1.24,0.0
20230404:0310,0.0,0.0,0.0,0.0,0.0,11.98,1.03,0.0
20230404:0410,0.0,0.0,0.0,0.0,0.0,11.99,1.17,0.0
20230404:0510,0.0,0.0,0.0,0.0,0.0,12.14,1.38,0.0
20230404:0610,8.69,1.33,20.78,0.51,4.44,12.16,1.52,0.0
20230404:0710,171.6,155.87,78.08,4.2,16.19,13.28,1.86,0.0
20230404:0810,400.45,371.86,113.86,7.94,27.74,14.7,2.55,0.0
20230404:0910,582.33,557.43,147.07,11.12,38.64,15.51,2.97,0.0
20230404:1010,719.05,721.66,163.33,13.73,48.18,16.2,3.17,0.0
20230404:1110,814.06,850.24,158.65,15.5,55.02,16.56,3.93,0.0
20230404:1210,852.4,907.71,148.15,16.17,57.34,16.92,4.62,0.0
20230404:1310,813.4,849.6,153.07,15.41,54.22,17.1,4.62,0.0
20230404:1410,720.02,730.93,144.71,13.58,46.85,17.18,4.76,0.0
20230404:1510,562.19,536.92,139.07,10.71,37.03,16.99,4.48,0.0
20230404:1610,371.26,352.02,102.79,7.49,25.99,16.75,3.59,0.0
20230404:1710,138.85,134.3,67.18,3.71,14.38,16.18,3.66,0.0
20230404:1810,1.23,0.0,8.56,0.18,2.63,15.77,3.86,0.0
20230404:1910,0.0,0.0,0.0,0.0,0.0,15.38,3.52,0.0
20230404:2010,0.0,0.0,0.0,0.0,0.0,15.17,2.69,0.0
20230404:2110,0.0,0.0,0.0,0.0,0.0,14.75,1.79,0.0
20230404:2210,0.0,0.0,0.0,0.0,0.0,14.17,0.97,0.0
20230404:2310,0.0,0.0,0.0,0.0,0.0,13.86,0.76,0.0
20230405:0010,0.0,0.0,0.0,0.0,0.0,13.19,0.83,0.0
20230405:0110,0.0,0.0,0.0,0.0,0.0,12.79,1.24,0.0
20230405:0210,0.0,0.0,0.0,0.0,0.0,12.7,1.59,0.0
20230405:0310,0.0,0.0,0.0,0.0,0.0,12.39,1.86,0.0
20230405:0410,0.0,0.0,0.0,0.0,0.0,12.47,1.93,0.0
20230405:0510,0.0,0.0,0.0,0.0,0.0,12.51,1.93,0.0
20230405:0610,10.2,2.0,22.87,0.6,4.73,12.6,1.79,0.0
20230405:0710,179.92,169.94,75.11,4.43,16.48,13.37,1.86,0.0
20230405:0810,409.57,387.79,110.65,8.19,28.04,14.84,2.21,0.0
20230405:0910,600.6,594.35,134.39,11.54,38.97,15.75,2.97,0.0
20230405:1010,745.11,767.15,146.01,14.2,48.54,16.6,4.0,0.0
20230405:1110,830.01,864.0,157.37,15.75,55.41,16.98,4.97,0.0
20230405:1210,866.77,921.33,146.84,16.42,57.72,16.96,5.31,0.0
20230405:1310,823.47,851.48,156.07,15.55,54.54,16.98,5.45,0.0
20230405:1410,737.18,751.59,139.1,13.87,47.11,17.09,5.72,0.0
20230405:1510,586.05,576.98,123.16,11.12,37.25,16.89,5.66,0.0
20230405:1610,381.88,364.25,99.47,7.69,26.17,16.52,5.38,0.0
20230405:1710,141.38,138.89,65.9,3.82,14.56,15.9,4.76,0.0
20230405:1810,2.08,0.0,10.28,0.22,2.81,15.41,3.79,0.0
20230405:1910,0.0,0.0,0.0,0.0,0.0,15.07,2.48,0.0
20230405:2010,0.0,0.0,0.0,0.0,0.0,14.74,1.17,0.0
20230405:2110,0.0,0.0,0.0,0.0,0.0,14.08,0.41,0.0
20230405:2210,0.0,0.0,0.0,0.0,0.0,13.15,0.9,0.0
20230405:2310,0.0,0.0,0.0,0.0,0.0,12.84,0.83,0.0
20230406:0010,0.0,0.0,0.0,0.0,0.0,12.58,1.03,0.0
20230406:0110,0.0,0.0,0.0,0.0,0.0,12.21,1.31,0.0
20230406:0210,0.0,0.0,0.0,0.0,0.0,11.89,1.38,0.0
20230406:0310,0.0,0.0,0.0,0.0,0.0,11.49,1.38,0.0
20230406:0410,0.0,0.0,0.0,0.0,0.0,11.47,1.24,0.0
20230406:0510,0.0,0.0,0.0,0.0,0.0,11.39,1.31,0.0
20230406:0610,11.5,2.0,24.63,0.63,5.03,11.6,1.45,0.0
20230406:0710,182.0,169.88,76.68,4.5,16.78,12.85,1.93,0.0
20230406:0810,396.02,348.53,131.12,7.98,28.35,14.62,2.62,0.0
20230406:0910,600.95,589.73,137.09,11.57,39.29,15.66,3.24,0.0
20230406:1010,736.93,758.67,150.96,14.21,48.89,16.46,3.24,0.0
20230406:1110,825.46,867.09,155.83,15.84,55.79,16.85,4.21,0.0
20230406:1210,829.41,823.13,200.62,15.88,58.1,16.92,4.76,0.0
20230406:1310,707.97,552.11,310.76,13.76,54.86,17.01,4.83,0.0
20230406:1410,580.78,386.6,313.02,11.48,47.36,16.97,4.83,0.0
20230406:1510,480.69,335.57,240.44,9.53,37.46,16.77,4.69,0.0
20230406:1610,320.16,226.19,164.48,6.69,26.36,16.5,4.41,0.0
20230406:1710,119.49,75.93,93.18,3.22,14.73,16.03,4.0,0.0
20230406:1810,1.65,0.0,9.42,0.2,2.98,15.56,3.45,0.0
20230406:1910,0.0,0.0,0.0,0.0,0.0,15.06,2.48,0.0
20230406:2010,0.0,0.0,0.0,0.0,0.0,14.82,1.79,0.0
20230406:2110,0.0,0.0,0.0,0.0,0.0,14.38,1.93,0.0
20230406:2210,0.0,0.0,0.0,0.0,0.0,13.64,2.07,0.0
20230406:2310,0.0,0.0,0.0,0.0,0.0,13.28,2.07,0.0
20230407:0010,0.0,0.0,0.0,0.0,0.0,12.94,1.79,0.0
20230407:0110,0.0,0.0,0.0,0.0,0.0,12.64,1.72,0.0
20230407:0210,0.0,0.0,0.0,0.0,0.0,12.27,1.79,0.0
20230407:0310,0.0,0.0,0.0,0.0,0.0,11.8,1.86,0.0
20230407:0410,0.0,0.0,0.0,0.0,0.0,11.52,1.79,0.0
20230407:0510,0.0,0.0,0.0,0.0,0.0,11.25,1.72,0.0
20230407:0610,8.25,8.99,18.15,0.99,5.32,11.39,1.72,0.0
20230407:0710,184.98,173.75,76.37,4.61,17.07,12.87,2.0,0.0
20230407:0810,415.14,395.0,110.94,8.43,28.65,14.84,2.0,0.0
20230407:0910,602.81,611.31,129.42,11.85,39.62,15.96,2.0,0.0
20230407:1010,729.03,764.2,149.49,14.34,49.24,17.11,2.34,0.0
20230407:1110,824.13,895.87,143.46,16.15,56.17,17.53,3.17,0.0
20230407:1210,851.53,928.35,144.96,16.64,58.47,17.65,3.59,0.0
20230407:1310,823.89,892.58,136.68,16.01,55.18,17.83,3.93,0.0
20230407:1410,731.79,766.89,132.9,14.14,47.62,18.03,4.21,0.0
20230407:1510,583.07,587.77,119.18,11.36,37.67,17.99,4.21,0.0
20230407:1610,376.5,362.19,100.61,7.79,26.54,17.72,3.93,0.0
20230407:1710,140.65,137.33,67.96,3.92,14.91,17.12,3.66,0.0
20230407:1810,2.96,0.0,11.99,0.25,3.16,16.4,3.17,0.0
20230407:1910,0.0,0.0,0.0,0.0,0.0,15.71,2.41,0.0
20230407:2010,0.0,0.0,0.0,0.0,0.0,15.1,2.21,0.0
20230407:2110,0.0,0.0,0.0,0.0,0.0,14.27,2.48,0.0
20230407:2210,0.0,0.0,0.0,0.0,0.0,13.54,2.83,0.0
20230407:2310,0.0,0.0,0.0,0.0,0.0,13.39,2.83,0.0
20230408:0010,0.0,0.0,0.0,0.0,0.0,13.0,2.55,0.0
20230408:0110,0.0,0.0,0.0,0.0,0.0,12.41,2.55,0.0
20230408:0210,0.0,0.0,0.0,0.0,0.0,12.11,2.62,0.0
20230408:0310,0.0,0.0,0.0,0.0,0.0,11.89,2.62,0.0
20230408:0410,0.0,0.0,0.0,0.0,0.0,11.71,2.62,0.0
20230408:0510,0.0,0.0,0.0,0.0,0.0,11.63,2.48,0.0
20230408:0610,8.92,9.98,18.84,1.09,5.61,11.8,2.28,0.0
20230408:0710,186.03,175.62,76.02,4.68,17.36,13.29,2.07,0.0
20230408:0810,410.33,392.07,111.44,8.45,28.94,15.85,1.72,0.0
20230408:0910,597.91,597.65,134.11,11.77,39.93,17.39,2.9,0.0
20230408:1010,733.23,778.91,139.24,14.47,49.59,19.45,3.31,0.0
20230408:1110,818.25,887.2,145.13,16.11,56.55,20.21,4.14,0.0
20230408:1210,857.71,945.25,132.3,16.76,58.84,20.67,5.24,0.0
20230408:1310,820.15,872.22,143.82,15.88,55.5,20.48,6.07,0.0
20230408:1410,726.19,749.16,138.82,14.03,47.87,20.13,6.07,0.0
20230408:1510,575.47,573.98,122.81,11.27,37.88,19.5,5.45,0.0
20230408:1610,367.93,348.37,105.04,7.7,26.73,18.69,4.41,0.0
20230408:1710,138.02,135.2,67.51,3.92,15.08,17.87,3.38,0.0
20230408:1810,3.41,0.0,12.85,0.27,3.33,17.37,2.14,0.0
20230408:1910,0.0,0.0,0.0,0.0,0.0,16.87,1.17,0.0
20230408:2010,0.0,0.0,0.0,0.0,0.0,16.62,2.07,0.0
20230408:2110,0.0,0.0,0.0,0.0,0.0,16.03,2.76,0.0
20230408:2210,0.0,0.0,0.0,0.0,0.0,15.32,3.31,0.0
20230408:2310,0.0,0.0,0.0,0.0,0.0,15.1,3.24,0.0
20230409:0010,0.0,0.0,0.0,0.0,0.0,15.05,2.97,0.0
20230409:0110,0.0,0.0,0.0,0.0,0.0,14.57,2.34,0.0
20230409:0210,0.0,0.0,0.0,0.0,0.0,13.85,2.28,0.0
20230409:0310,0.0,0.0,0.0,0.0,0.0,13.34,1.86,0.0
20230409:0410,0.0,0.0,0.0,0.0,0.0,13.13,1.31,0.0
20230409:0510,0.0,0.0,0.0,0.0,0.0,12.97,1.03,0.0
20230409:0610,15.25,7.64,28.5,1.03,5.89,12.81,0.9,0.0
20230409:0710,172.43,141.23,92.31,4.39,17.64,14.07,0.76,0.0
20230409:0810,401.3,382.75,112.83,8.37,29.24,15.46,0.83,0.0
20230409:0910,582.07,568.44,142.69,11.52,40.25,16.23,2.34,0.0
20230409:1010,724.09,751.08,147.13,14.23,49.94,17.32,3.03,0.0
20230409:1110,810.17,856.64,151.98,15.82,56.93,18.05,4.14,0.0
20230409:1210,841.26,899.35,148.1,16.38,59.21,18.65,4.83,0.0
20230409:1310,803.3,840.5,151.76,15.59,55.81,18.98,5.24,0.0
20230409:1410,714.08,730.48,140.21,13.83,48.12,19.39,5.72,0.0
20230409:1510,560.48,543.63,131.43,11.0,38.08,19.09,5.86,0.0
20230409:1610,361.88,336.9,107.4,7.61,26.91,18.71,5.45,0.0
20230409:1710,131.68,117.74,74.46,3.76,15.25,17.98,4.34,0.0
20230409:1810,3.89,0.0,13.7,0.29,3.51,17.6,3.17,0.0
20230409:1910,0.0,0.0,0.0,0.0,0.0,17.4,1.72,0.0
20230409:2010,0.0,0.0,0.0,0.0,0.0,16.76,0.9,0.0
20230409:2110,0.0,0.0,0.0,0.0,0.0,16.34,0.83,0.0
20230409:2210,0.0,0.0,0.0,0.0,0.0,15.38,0.83,0.0
20230409:2310,0.0,0.0,0.0,0.0,0.0,15.33,0.97,0.0
20230410:0010,0.0,0.0,0.0,0.0,0.0,15.25,1.17,0.0
20230410:0110,0.0,0.0,0.0,0.0,0.0,14.88,1.31,0.0
20230410:0210,0.0,0.0,0.0,0.0,0.0,14.23,1.38,0.0
20230410:0310,0.0,0.0,0.0,0.0,0.0,14.08,1.1,0.0
20230410:0410,0.0,0.0,0.0,0.0,0.0,14.04,0.69,0.0
20230410:0510,0.0,0.0,0.0,0.0,0.0,13.77,0.55,0.0
20230410:0610,17.2,6.64,31.46,1.03,6.18,13.79,0.62,0.0
20230410:0710,165.72,122.71,101.93,4.27,17.93,14.99,0.34,0.0
20230410:0810,347.78,256.18,174.07,7.45,29.53,16.38,0.83,0.0
20230410:0910,546.51,485.96,186.65,11.03,40.56,17.42,2.0,0.0
20230410:1010,662.06,635.66,208.01,13.53,50.28,19.23,1.45,0.0
20230410:1110,733.77,684.6,244.49,14.79,57.3,20.24,3.03,0.0
20230410:1210,723.29,588.12,308.68,14.43,59.58,20.67,5.24,0.0
20230410:1310,678.44,509.85,318.03,13.47,56.13,20.13,6.48,0.0
20230410:1410,664.92,598.27,209.06,13.0,48.37,19.56,6.07,0.0
20230410:1510,496.42,391.63,207.78,9.98,38.29,18.64,4.83,0.0
20230410:1610,284.39,171.22,180.81,6.28,27.09,18.28,3.59,0.0
20230410:1710,118.58,77.6,92.93,3.36,15.42,18.05,2.28,0.0
20230410:1810,2.04,0.0,10.28,0.22,3.68,17.66,0.9,0.0
20230410:1910,0.0,0.0,0.0,0.0,0.0,17.57,0.97,0.0
20230410:2010,0.0,0.0,0.0,0.0,0.0,17.13,1.31,0.0
20230410:2110,0.0,0.0,0.0,0.0,0.0,16.58,1.52,0.0
20230410:2210,0.0,0.0,0.0,0.0,0.0,15.99,1.66,0.0
20230410:2310,0.0,0.0,0.0,0.0,0.0,15.51,1.93,0.0
20230411:0010,0.0,0.0,0.0,0.0,0.0,15.32,2.14,0.0
20230411:0110,0.0,0.0,0.0,0.0,0.0,15.18,2.28,0.0
20230411:0210,0.0,0.0,0.0,0.0,0.0,15.26,2.34,0.0
20230411:0310,0.0,0.0,0.0,0.0,0.0,15.31,2.41,0.0
20230411:0410,0.0,0.0,0.0,0.0,0.0,15.26,2.41,0.0
20230411:0510,0.0,0.0,0.0,0.0,0.0,15.04,2.21,0.0
20230411:0610,17.12,9.28,30.7,1.18,6.46,15.02,2.14,0.0
20230411:0710,159.78,100.86,113.14,4.11,18.21,15.48,2.21,0.0
20230411:0810,389.28,343.4,133.64,8.19,29.82,16.61,2.14,0.0
20230411:0910,569.73,538.83,160.29,11.47,40.87,17.44,2.41,0.0
20230411:1010,703.66,718.98,163.15,14.12,50.62,18.36,2.48,0.0
20230411:1110,790.73,831.95,164.0,15.77,57.67,18.89,3.38,0.0
20230411:1210,824.11,873.22,159.09,16.29,59.94,19.04,4.28,0.0
20230411:1310,791.57,827.23,156.21,15.59,56.43,19.2,4.62,0.0
20230411:1410,698.4,708.44,148.8,13.76,48.62,19.26,4.62,0.0
20230411:1510,550.56,533.69,135.67,11.03,38.49,19.23,4.34,0.0
20230411:1610,351.1,321.86,113.32,7.58,27.26,19.27,3.86,0.0
20230411:1710,130.54,115.11,76.51,3.83,15.59,18.84,3.24,0.0
20230411:1810,4.87,0.0,15.41,0.33,3.85,18.25,2.28,0.0
20230411:1910,0.0,0.0,0.0,0.0,0.0,17.9,1.31,0.0
20230411:2010,0.0,0.0,0.0,0.0,0.0,17.44,0.83,0.0
20230411:2110,0.0,0.0,0.0,0.0,0.0,16.89,1.24,0.0
20230411:2210,0.0,0.0,0.0,0.0,0.0,16.37,2.14,0.0
20230411:2310,0.0,0.0,0.0,0.0,0.0,15.97,2.69,0.0
20230412:0010,0.0,0.0,0.0,0.0,0.0,15.72,2.76,0.0
20230412:0110,0.0,0.0,0.0,0.0,0.0,15.57,2.76,0.0
20230412:0210,0.0,0.0,0.0,0.0,0.0,15.18,2.62,0.0
20230412:0310,0.0,0.0,0.0,0.0,0.0,15.3,2.55,0.0
20230412:0410,0.0,0.0,0.0,0.0,0.0,15.54,2.55,0.0
20230412:0510,0.0,0.0,0.0,0.0,0.0,15.36,2.76,0.0
20230412:0610,15.91,13.89,27.77,1.39,6.74,15.68,3.03,0.0
20230412:0710,191.52,184.85,76.64,5.05,18.49,17.29,2.97,0.0
20230412:0810,413.52,405.21,106.79,8.81,30.11,19.93,3.03,0.0
20230412:0910,588.64,596.68,134.42,12.01,41.18,22.17,3.79,0.0
20230412:1010,718.96,774.41,139.64,14.67,50.96,23.9,3.86,0.0
20230412:1110,795.02,868.35,149.82,16.17,58.04,24.76,4.69,0.0
20230412:1210,830.41,923.36,138.3,16.8,60.31,25.09,5.52,0.0
20230412:1310,789.85,849.8,149.56,15.9,56.74,25.23,6.14,0.0
20230412:1410,700.42,738.71,137.99,14.12,48.86,25.43,6.28,0.0
20230412:1510,551.86,557.87,126.11,11.32,38.69,25.14,6.07,0.0
20230412:1610,352.63,337.78,108.15,7.81,27.44,24.73,5.45,0.0
20230412:1710,131.95,129.0,70.64,4.05,15.76,24.13,4.34,0.0
20230412:1810,1.15,0.0,8.56,0.18,4.03,23.53,3.45,0.0
20230412:1910,0.0,0.0,0.0,0.0,0.0,23.03,4.69,0.0
20230412:2010,0.0,0.0,0.0,0.0,0.0,24.28,5.93,0.0
20230412:2110,0.0,0.0,0.0,0.0,0.0,23.98,6.14,0.0
20230412:2210,0.0,0.0,0.0,0.0,0.0,22.93,6.21,0.0
20230412:2310,0.0,0.0,0.0,0.0,0.0,22.13,6.0,0.0
20230413:0010,0.0,0.0,0.0,0.0,0.0,21.36,4.76,0.0
20230413:0110,0.0,0.0,0.0,0.0,0.0,20.79,4.34,0.0
20230413:0210,0.0,0.0,0.0,0.0,0.0,19.86,4.41,0.0
20230413:0310,0.0,0.0,0.0,0.0,0.0,19.2,3.1,0.0
20230413:0410,0.0,0.0,0.0,0.0,0.0,18.05,1.86,0.0
20230413:0510,0.0,0.0,0.0,0.0,0.0,16.81,1.38,0.0
20230413:0610,15.98,0.66,31.64,0.67,7.02,16.25,2.0,0.0
20230413:0710,72.44,2.74,99.2,2.03,18.76,16.35,2.07,0.0
20230413:0810,188.66,30.31,207.24,4.59,30.39,16.76,1.52,0.0
20230413:0910,522.44,422.03,225.04,10.85,41.48,17.25,1.31,0.0
20230413:1010,615.07,474.88,292.55,12.7,51.29,18.16,2.07,0.0
20230413:1110,701.04,588.19,299.04,14.43,58.4,18.59,2.21,0.0
20230413:1210,773.42,760.91,225.87,15.79,60.67,18.89,2.48,0.0
20230413:1310,775.11,792.68,177.81,15.53,57.04,19.06,3.72,0.0
20230413:1410,695.94,692.49,159.59,13.82,49.1,19.24,4.9,0.0
20230413:1510,560.17,538.19,134.88,11.21,38.89,18.81,6.07,0.0
20230413:1610,363.64,335.0,107.64,7.81,27.62,17.68,6.83,0.0
20230413:1710,133.62,115.19,77.66,3.94,15.93,16.49,7.03,0.0
20230413:1810,4.95,0.0,15.41,0.33,4.2,15.76,6.28,0.0
20230413:1910,0.0,0.0,0.0,0.0,0.0,15.64,5.24,0.0
20230413:2010,0.0,0.0,0.0,0.0,0.0,15.64,4.41,0.0
20230413:2110,0.0,0.0,0.0,0.0,0.0,15.44,3.72,0.0
20230413:2210,0.0,0.0,0.0,0.0,0.0,14.88,2.62,0.0
20230413:2310,0.0,0.0,0.0,0.0,0.0,14.74,2.69,0.0
20230414:0010,0.0,0.0,0.0,0.0,0.0,14.99,3.1,0.0
20230414:0110,0.0,0.0,0.0,0.0,0.0,14.86,3.38,0.0
20230414:0210,0.0,0.0,0.0,0.0,0.0,14.42,2.9,0.0
20230414:0310,0.0,0.0,0.0,0.0,0.0,14.01,2.41,0.0
20230414:0410,0.0,0.0,0.0,0.0,0.0,13.93,2.41,0.0
20230414:0510,0.0,0.0,0.0,0.0,0.0,14.18,2.07,0.0
20230414:0610,20.01,12.19,33.43,1.41,7.29,14.53,2.41,0.0
20230414:0710,188.97,172.12,83.49,5.01,19.04,16.12,2.62,0.0
20230414:0810,394.42,355.08,131.61,8.5,30.67,18.54,2.41,0.0
20230414:0910,544.97,484.3,192.95,11.32,41.78,19.64,2.14,0.0
20230414:1010,628.03,525.37,268.95,13.09,51.62,20.67,2.14,0.0
20230414:1110,717.28,662.74,258.6,14.92,58.76,21.38,2.34,0.0
20230414:1210,755.83,727.07,241.52,15.59,61.03,22.11,3.17,0.0
20230414:1310,676.1,547.26,303.67,13.96,57.34,22.62,4.07,0.0
20230414:1410,686.22,708.08,148.59,13.94,49.34,22.64,4.55,0.0
20230414:1510,535.86,517.68,142.45,11.07,39.08,22.83,4.97,0.0
20230414:1610,335.05,287.57,131.3,7.47,27.79,22.37,5.66,0.0
20230414:1710,131.69,123.64,72.67,4.07,16.09,21.53,5.72,0.0
20230414:1810,6.86,0.0,18.84,0.4,4.37,20.89,5.52,0.0
20230414:1910,0.0,0.0,0.0,0.0,0.0,20.34,5.03,0.0
20230414:2010,0.0,0.0,0.0,0.0,0.0,19.93,4.07,0.0
20230414:2110,0.0,0.0,0.0,0.0,0.0,19.36,3.17,0.0
20230414:2210,0.0,0.0,0.0,0.0,0.0,19.49,3.38,0.0
20230414:2310,0.0,0.0,0.0,0.0,0.0,19.64,3.93,0.0
20230415:0010,0.0,0.0,0.0,0.0,0.0,19.74,4.28,0.0
20230415:0110,0.0,0.0,0.0,0.0,0.0,19.53,4.55,0.0
20230415:0210,0.0,0.0,0.0,0.0,0.0,19.27,4.55,0.0
20230415:0310,0.0,0.0,0.0,0.0,0.0,18.89,4.76,0.0
20230415:0410,0.0,0.0,0.0,0.0,0.0,18.48,4.9,0.0
20230415:0510,0.0,0.0,0.0,0.0,0.0,18.01,4.62,0.0
20230415:0610,19.21,16.11,31.51,1.61,7.56,17.68,4.07,0.0
20230415:0710,190.03,174.95,84.15,5.12,19.31,18.47,3.1,0.0
20230415:0810,406.79,395.01,112.59,8.9,30.95,19.47,1.66,0.0
20230415:0910,570.86,586.17,138.25,12.08,42.07,20.2,1.03,0.0
20230415:1010,694.37,748.25,149.97,14.61,51.95,21.09,1.45,0.0
20230415:1110,772.68,838.22,161.29,16.08,59.12,21.48,2.41,0.0
20230415:1210,806.47,901.71,144.61,16.76,61.38,21.73,2.69,0.0
20230415:1310,774.05,829.74,154.59,15.86,57.64,21.54,3.52,0.0
20230415:1410,695.55,720.2,142.97,14.11,49.57,21.22,4.48,0.0
20230415:1510,555.05,550.17,126.81,11.39,39.28,20.93,5.17,0.0
20230415:1610,358.84,341.7,103.87,7.98,27.96,20.75,5.31,0.0
20230415:1710,134.33,130.19,69.53,4.2,16.26,19.89,4.83,0.0
20230415:1810,7.49,0.0,19.7,0.42,4.54,18.95,3.72,0.0
20230415:1910,0.0,0.0,0.0,0.0,0.0,18.16,2.62,0.0
20230415:2010,0.0,0.0,0.0,0.0,0.0,17.86,2.83,0.0
20230415:2110,0.0,0.0,0.0,0.0,0.0,17.82,3.52,0.0
20230415:2210,0.0,0.0,0.0,0.0,0.0,17.94,2.41,0.0
20230415:2310,0.0,0.0,0.0,0.0,0.0,18.11,1.93,0.0
20230416:0010,0.0,0.0,0.0,0.0,0.0,18.11,2.07,0.0
20230416:0110,0.0,0.0,0.0,0.0,0.0,17.88,3.17,0.0
20230416:0210,0.0,0.0,0.0,0.0,0.0,17.24,4.07,0.0
20230416:0310,0.0,0.0,0.0,0.0,0.0,16.39,4.48,0.0
20230416:0410,0.0,0.0,0.0,0.0,0.0,15.9,4.62,0.0
20230416:0510,0.0,0.0,0.0,0.0,0.0,15.45,4.97,0.0
20230416:0610,20.87,16.07,33.26,1.65,7.83,15.21,5.1,0.0
20230416:0710,199.74,190.18,77.26,5.34,19.57,15.72,5.52,0.0
20230416:0810,421.43,393.45,113.18,8.93,31.22,16.71,5.59,0.0
20230416:0910,602.08,584.23,137.78,12.1,42.37,17.18,5.17,0.0
20230416:1010,730.17,744.92,150.58,14.63,52.27,17.92,4.34,0.0
20230416:1110,808.44,844.87,156.6,16.17,59.48,17.97,4.48,0.0
20230416:1210,837.64,884.51,151.7,16.67,61.73,18.03,5.03,0.0
20230416:1310,795.48,813.86,160.47,15.77,57.94,17.87,5.38,0.0
20230416:1410,711.02,715.65,143.56,14.11,49.81,17.97,5.86,0.0
20230416:1510,556.09,532.0,133.44,11.27,39.47,17.92,5.93,0.0
20230416:1610,360.65,334.99,105.35,7.94,28.13,17.54,5.79,0.0
20230416:1710,135.94,126.75,71.95,4.21,16.43,16.89,5.24,0.0
20230416:1810,8.15,0.0,20.55,0.43,4.71,16.51,4.07,0.0
20230416:1910,0.0,0.0,0.0,0.0,0.0,16.04,2.55,0.0
20230416:2010,0.0,0.0,0.0,0.0,0.0,15.77,1.45,0.0
20230416:2110,0.0,0.0,0.0,0.0,0.0,15.29,1.59,0.0
20230416:2210,0.0,0.0,0.0,0.0,0.0,14.95,2.28,0.0
20230416:2310,0.0,0.0,0.0,0.0,0.0,14.52,2.34,0.0
20230417:0010,0.0,0.0,0.0,0.0,0.0,14.07,2.21,0.0
20230417:0110,0.0,0.0,0.0,0.0,0.0,13.55,2.07,0.0
20230417:0210,0.0,0.0,0.0,0.0,0.0,13.17,1.79,0.0
20230417:0310,0.0,0.0,0.0,0.0,0.0,12.81,1.38,0.0
20230417:0410,0.0,0.0,0.0,0.0,0.0,12.65,0.83,0.0
20230417:0510,0.0,0.0,0.0,0.0,0.0,12.45,0.55,0.0
20230417:0610,22.54,16.36,34.9,1.7,8.09,12.53,0.76,0.0
20230417:0710,199.49,184.91,82.62,5.37,19.83,14.01,1.24,0.0
20230417:0810,420.37,400.09,112.91,9.1,31.49,15.64,2.07,0.0
20230417:0910,591.57,573.72,146.71,12.13,42.65,16.52,2.83,0.0
20230417:1010,721.12,752.69,149.23,14.79,52.59,17.52,2.48,0.0
20230417:1110,803.42,827.98,169.05,16.17,59.83,18.08,4.34,0.0
20230417:1210,840.92,880.94,156.77,16.76,62.08,18.35,5.52,0.0
20230417:1310,804.3,821.59,159.11,15.93,58.23,18.23,6.28,0.0
20230417:1410,712.39,713.37,146.36,14.18,50.04,18.04,6.14,0.0
20230417:1510,558.9,537.46,133.14,11.41,39.66,17.97,5.52,0.0
20230417:1610,362.07,339.3,105.02,8.07,28.31,17.8,4.76,0.0
20230417:1710,136.42,129.86,70.65,4.3,16.59,17.27,4.21,0.0
20230417:1810,8.7,0.0,21.41,0.45,4.88,16.8,3.66,0.0
20230417:1910,0.0,0.0,0.0,0.0,0.0,16.35,2.69,0.0
20230417:2010,0.0,0.0,0.0,0.0,0.0,16.18,1.86,0.0
20230417:2110,0.0,0.0,0.0,0.0,0.0,15.75,1.38,0.0
20230417:2210,0.0,0.0,0.0,0.0,0.0,15.04,1.79,0.0
20230417:2310,0.0,0.0,0.0,0.0,0.0,14.75,2.07,0.0
20230418:0010,0.0,0.0,0.0,0.0,0.0,14.5,2.0,0.0
20230418:0110,0.0,0.0,0.0,0.0,0.0,14.22,1.72,0.0
20230418:0210,0.0,0.0,0.0,0.0,0.0,13.89,1.45,0.0
20230418:0310,0.0,0.0,0.0,0.0,0.0,13.72,1.45,0.0
20230418:0410,0.0,0.0,0.0,0.0,0.0,13.72,1.31,0.0
20230418:0510,0.0,0.0,0.0,0.0,0.0,13.64,1.52,0.0
20230418:0610,23.82,16.64,36.53,1.75,8.35,13.91,2.0,0.0
20230418:0710,198.6,180.62,85.12,5.37,20.09,15.13,2.62,0.0
20230418:0810,414.06,378.34,123.32,8.95,31.76,16.41,3.59,0.0
20230418:0910,595.97,572.98,147.33,12.19,42.94,17.21,4.07,0.0
20230418:1010,722.85,715.3,169.71,14.59,52.9,17.55,4.28,0.0
20230418:1110,807.08,825.75,168.58,16.19,60.18,17.76,4.9,0.0
20230418:1210,830.48,852.83,170.14,16.6,62.43,17.86,5.31,0.0
20230418:1310,799.38,818.15,159.73,15.95,58.52,17.9,5.59,0.0
20230418:1410,705.75,701.28,151.12,14.12,50.26,17.85,5.79,0.0
20230418:1510,563.22,542.88,129.66,11.5,39.85,17.42,5.93,0.0
20230418:1610,365.5,342.58,102.65,8.14,28.47,17.14,6.0,0.0
20230418:1710,137.2,132.9,68.44,4.38,16.75,16.74,5.79,0.0
20230418:1810,9.3,0.0,22.27,0.47,5.05,16.35,5.24,0.0
20230418:1910,0.0,0.0,0.0,0.0,0.0,16.02,4.62,0.0
20230418:2010,0.0,0.0,0.0,0.0,0.0,15.86,4.28,0.0
20230418:2110,0.0,0.0,0.0,0.0,0.0,15.61,3.86,0.0
20230418:2210,0.0,0.0,0.0,0.0,0.0,15.21,3.59,0.0
20230418:2310,0.0,0.0,0.0,0.0,0.0,14.93,3.52,0.0
20230419:0010,0.0,0.0,0.0,0.0,0.0,14.8,3.59,0.0
20230419:0110,0.0,0.0,0.0,0.0,0.0,14.54,4.0,0.0
20230419:0210,0.0,0.0,0.0,0.0,0.0,14.4,4.07,0.0
20230419:0310,0.0,0.0,0.0,0.0,0.0,14.22,4.0,0.0
20230419:0410,0.0,0.0,0.0,0.0,0.0,14.03,4.0,0.0
20230419:0510,0.0,0.0,0.0,0.0,0.0,13.79,3.86,0.0
20230419:0610,24.05,18.54,36.05,1.86,8.61,13.82,3.86,0.0
20230419:0710,203.25,188.54,82.01,5.52,20.35,15.24,4.62,0.0
20230419:0810,423.72,392.06,118.1,9.15,32.02,16.89,5.31,0.0
20230419:0910,602.17,575.47,146.96,12.28,43.22,17.91,5.72,0.0
20230419:1010,732.93,717.7,169.34,14.68,53.21,18.72,6.62,0.0
20230419:1110,802.66,781.38,196.54,16.01,60.53,19.12,7.17,0.0
20230419:1210,755.18,621.24,299.32,15.21,62.77,19.36,7.03,0.0
20230419:1310,726.14,598.9,282.91,14.63,58.8,19.44,7.17,0.0
20230419:1410,700.66,690.42,156.95,14.11,50.49,19.39,6.76,0.0
20230419:1510,556.59,536.68,132.29,11.5,40.03,19.15,6.28,0.0
20230419:1610,315.22,217.85,169.09,7.16,28.64,18.68,6.34,0.0
20230419:1710,91.38,17.28,110.17,2.59,16.92,18.06,5.93,0.0
20230419:1810,11.56,0.0,25.69,0.54,5.22,17.55,4.9,0.0
20230419:1910,0.0,0.0,0.0,0.0,0.0,17.16,3.66,0.0
20230419:2010,0.0,0.0,0.0,0.0,0.0,17.09,2.97,0.0
20230419:2110,0.0,0.0,0.0,0.0,0.0,16.82,2.55,0.0
20230419:2210,0.0,0.0,0.0,0.0,0.0,16.5,2.14,0.0
20230419:2310,0.0,0.0,0.0,0.0,0.0,16.26,1.17,0.0
20230420:0010,0.0,0.0,0.0,0.0,0.0,15.79,0.97,0.0
20230420:0110,0.0,0.0,0.0,0.0,0.0,15.37,1.31,0.0
20230420:0210,0.0,0.0,0.0,0.0,0.0,14.91,1.66,0.0
20230420:0310,0.0,0.0,0.0,0.0,0.0,14.69,1.72,0.0
20230420:0410,0.0,0.0,0.0,0.0,0.0,14.13,1.72,0.0
20230420:0510,0.0,0.0,0.0,0.0,0.0,13.85,1.45,0.0
20230420:0610,26.65,16.86,39.91,1.84,8.86,13.94,0.76,0.0
20230420:0710,89.82,5.14,117.42,2.44,20.6,15.5,0.34,0.0
20230420:0810,331.44,192.83,216.31,7.52,32.28,17.17,1.38,0.0
20230420:0910,591.24,586.45,140.43,12.41,43.49,18.28,2.76,0.0
20230420:1010,728.17,744.11,153.28,14.9,53.52,19.52,4.69,0.0
20230420:1110,812.73,853.47,154.08,16.51,60.87,19.85,5.45,0.0
20230420:1210,838.75,891.62,149.19,17.0,63.11,20.31,6.0,0.0
20230420:1310,802.87,842.3,146.26,16.24,59.08,20.59,6.55,0.0
20230420:1410,711.53,730.62,135.75,14.47,50.71,20.72,6.83,0.0
20230420:1510,559.06,551.5,123.75,11.66,40.22,20.5,6.62,0.0
20230420:1610,358.26,338.36,104.79,8.21,28.81,20.27,6.0,0.0
20230420:1710,134.85,130.22,70.52,4.45,17.08,19.69,5.31,0.0
20230420:1810,10.3,0.0,23.98,0.51,5.39,19.02,4.41,0.0
20230420:1910,0.0,0.0,0.0,0.0,0.0,18.32,3.1,0.0
20230420:2010,0.0,0.0,0.0,0.0,0.0,17.49,2.48,0.0
20230420:2110,0.0,0.0,0.0,0.0,0.0,17.19,1.72,0.0
20230420:2210,0.0,0.0,0.0,0.0,0.0,16.7,1.17,0.0
20230420:2310,0.0,0.0,0.0,0.0,0.0,16.26,1.59,0.0
20230421:0010,0.0,0.0,0.0,0.0,0.0,15.8,1.72,0.0
20230421:0110,0.0,0.0,0.0,0.0,0.0,15.25,1.72,0.0
20230421:0210,0.0,0.0,0.0,0.0,0.0,15.43,1.52,0.0
20230421:0310,0.0,0.0,0.0,0.0,0.0,15.52,1.72,0.0
20230421:0410,0.0,0.0,0.0,0.0,0.0,14.78,2.14,0.0
20230421:0510,0.0,0.0,0.0,0.0,0.0,14.62,2.28,0.0
20230421:0610,26.14,19.39,38.4,1.97,9.11,14.73,2.21,0.0
20230421:0710,202.12,185.32,86.1,5.61,20.85,16.01,1.86,0.0
20230421:0810,414.6,388.3,120.3,9.22,32.53,17.56,2.48,0.0
20230421:0910,588.33,564.62,153.26,12.32,43.76,18.41,3.59,0.0
20230421:1010,712.42,716.0,168.45,14.76,53.82,19.64,3.86,0.0
20230421:1110,761.63,708.08,236.46,15.63,61.21,20.12,5.1,0.0
20230421:1210,830.71,877.13,155.16,16.93,63.45,20.18,5.66,0.0
20230421:1310,793.13,827.91,152.19,16.17,59.36,20.12,5.66,0.0
20230421:1410,703.89,727.32,136.4,14.49,50.93,20.23,5.24,0.0
20230421:1510,550.13,541.19,128.42,11.63,40.4,20.08,4.76,0.0
20230421:1610,354.61,336.81,104.38,8.23,28.97,19.9,4.07,0.0
20230421:1710,135.03,132.39,69.24,4.52,17.24,19.13,3.31,0.0
20230421:1810,10.91,0.0,24.83,0.52,5.56,18.32,2.62,0.0
20230421:1910,0.0,0.0,0.0,0.0,0.0,17.81,1.72,0.0
20230421:2010,0.0,0.0,0.0,0.0,0.0,17.32,1.24,0.0
20230421:2110,0.0,0.0,0.0,0.0,0.0,16.82,1.03,0.0
20230421:2210,0.0,0.0,0.0,0.0,0.0,15.92,1.59,0.0
20230421:2310,0.0,0.0,0.0,0.0,0.0,15.72,1.72,0.0
20230422:0010,0.0,0.0,0.0,0.0,0.0,15.34,1.24,0.0
20230422:0110,0.0,0.0,0.0,0.0,0.0,15.48,0.69,0.0
20230422:0210,0.0,0.0,0.0,0.0,0.0,14.93,0.21,0.0
20230422:0310,0.0,0.0,0.0,0.0,0.0,15.23,0.69,0.0
20230422:0410,0.0,0.0,0.0,0.0,0.0,15.17,0.69,0.0
20230422:0510,0.0,0.0,0.0,0.0,0.0,15.08,0.69,0.0
20230422:0610,22.9,0.32,40.82,0.83,9.36,15.02,0.55,0.0
20230422:0710,128.9,27.82,142.69,3.42,21.09,15.73,0.62,0.0
20230422:0810,241.4,66.14,234.3,5.77,32.78,16.96,1.17,0.0
20230422:0910,351.06,115.54,315.84,8.05,44.03,17.96,1.86,0.0
20230422:1010,341.38,63.84,358.51,8.07,54.12,18.97,1.93,0.0
20230422:1110,276.94,14.26,330.4,6.78,61.54,19.86,2.83,0.0
20230422:1210,640.26,421.48,377.38,13.67,63.78,20.32,3.52,0.0
20230422:1310,768.56,811.48,153.71,15.99,59.64,20.65,4.0,0.0
20230422:1410,685.04,702.58,142.06,14.23,51.15,21.02,4.9,0.0
20230422:1510,545.3,536.2,125.87,11.56,40.58,21.03,5.93,0.0
20230422:1610,345.68,319.05,109.71,8.05,29.14,20.52,5.72,0.0
20230422:1710,120.84,70.28,103.31,3.74,17.4,20.21,4.62,0.0
20230422:1810,11.39,0.0,25.69,0.54,5.72,19.97,2.62,0.0
20230422:1910,0.0,0.0,0.0,0.0,0.0,19.29,1.79,0.0
20230422:2010,0.0,0.0,0.0,0.0,0.0,18.57,1.17,0.0
20230422:2110,0.0,0.0,0.0,0.0,0.0,18.07,0.69,0.0
20230422:2210,0.0,0.0,0.0,0.0,0.0,17.42,1.52,0.0
20230422:2310,0.0,0.0,0.0,0.0,0.0,17.54,1.17,0.0
20230423:0010,0.0,0.0,0.0,0.0,0.0,17.34,1.38,0.0
20230423:0110,0.0,0.0,0.0,0.0,0.0,16.82,1.52,0.0
20230423:0210,0.0,0.0,0.0,0.0,0.0,16.59,1.79,0.0
20230423:0310,0.0,0.0,0.0,0.0,0.0,16.38,2.21,0.0
20230423:0410,0.0,0.0,0.0,0.0,0.0,16.15,2.62,0.0
20230423:0510,0.0,0.0,0.0,0.0,0.0,16.1,2.69,0.0
20230423:0610,27.55,21.82,39.4,2.15,9.6,16.4,2.76,0.0
20230423:0710,204.06,193.99,82.69,5.81,21.33,18.61,2.41,0.0
20230423:0810,411.77,403.37,112.72,9.46,33.02,20.94,1.86,0.0
20230423:0910,554.52,572.89,146.34,12.44,44.29,23.08,0.55,0.0
20230423:1010,701.1,758.61,142.7,15.14,54.41,22.38,2.21,0.0
20230423:1110,787.74,868.76,141.23,16.73,61.87,22.36,3.38,0.0
20230423:1210,813.18,894.6,141.61,17.11,64.11,22.47,4.21,0.0
20230423:1310,783.3,843.13,140.84,16.35,59.91,22.66,5.17,0.0
20230423:1410,700.03,731.56,130.38,14.58,51.36,22.65,6.41,0.0
20230423:1510,548.68,543.63,124.57,11.72,40.76,22.08,6.41,0.0
20230423:1610,351.29,332.86,105.55,8.28,29.3,21.66,5.52,0.0
20230423:1710,133.34,131.37,69.5,4.59,17.56,21.1,4.41,0.0
20230423:1810,11.95,0.0,26.55,0.56,5.89,20.44,2.9,0.0
20230423:1910,0.0,0.0,0.0,0.0,0.0,20.01,0.83,0.0
20230423:2010,0.0,0.0,0.0,0.0,0.0,19.65,0.55,0.0
20230423:2110,0.0,0.0,0.0,0.0,0.0,19.71,0.62,0.0
20230423:2210,0.0,0.0,0.0,0.0,0.0,18.41,0.69,0.0
20230423:2310,0.0,0.0,0.0,0.0,0.0,18.02,1.31,0.0
20230424:0010,0.0,0.0,0.0,0.0,0.0,17.48,1.79,0.0
20230424:0110,0.0,0.0,0.0,0.0,0.0,17.15,1.93,0.0
20230424:0210,0.0,0.0,0.0,0.0,0.0,17.03,2.0,0.0
20230424:0310,0.0,0.0,0.0,0.0,0.0,16.62,2.28,0.0
20230424:0410,0.0,0.0,0.0,0.0,0.0,16.47,2.83,0.0
20230424:0510,0.0,0.0,0.0,0.0,0.0,16.26,3.45,0.0
20230424:0610,27.71,23.01,39.13,2.22,9.84,16.88,3.72,0.0
20230424:0710,204.98,192.45,84.28,5.84,21.56,18.76,3.52,0.0
20230424:0810,408.01,381.53,124.09,9.31,33.26,20.92,3.31,0.0
20230424:0910,586.28,598.34,132.8,12.7,44.55,21.92,3.1,0.0
20230424:1010,714.39,768.42,137.12,15.26,54.7,23.04,3.59,0.0
20230424:1110,797.44,879.64,134.52,16.86,62.19,23.08,4.41,0.0
20230424:1210,822.06,893.46,142.34,17.16,64.44,22.55,5.38,0.0
20230424:1310,789.72,842.01,140.48,16.38,60.18,21.88,5.86,0.0
20230424:1410,695.65,720.92,135.22,14.54,51.57,21.42,5.52,0.0
20230424:1510,545.52,542.82,124.19,11.76,40.94,21.08,4.76,0.0
20230424:1610,345.63,323.9,109.01,8.23,29.46,20.8,3.66,0.0
20230424:1710,130.72,117.99,77.55,4.47,17.72,20.61,2.48,0.0
20230424:1810,13.15,0.0,28.26,0.6,6.06,20.09,1.17,0.0
20230424:1910,0.0,0.0,0.0,0.0,0.0,19.73,0.34,0.0
20230424:2010,0.0,0.0,0.0,0.0,0.0,19.45,0.83,0.0
20230424:2110,0.0,0.0,0.0,0.0,0.0,18.66,1.03,0.0
20230424:2210,0.0,0.0,0.0,0.0,0.0,18.23,1.79,0.0
20230424:2310,0.0,0.0,0.0,0.0,0.0,17.99,1.86,0.0
20230425:0010,0.0,0.0,0.0,0.0,0.0,17.76,1.72,0.0
20230425:0110,0.0,0.0,0.0,0.0,0.0,17.52,1.66,0.0
20230425:0210,0.0,0.0,0.0,0.0,0.0,17.06,1.66,0.0
20230425:0310,0.0,0.0,0.0,0.0,0.0,17.02,1.79,0.0
20230425:0410,0.0,0.0,0.0,0.0,0.0,16.75,1.86,0.0
20230425:0510,0.0,0.0,0.0,0.0,0.0,16.65,1.66,0.0
20230425:0610,30.89,20.05,44.16,2.15,10.08,16.7,1.59,0.0
20230425:0710,199.19,174.48,95.2,5.7,21.79,18.2,1.03,0.0
20230425:0810,394.89,358.03,138.28,9.19,33.5,20.35,1.17,0.0
20230425:0910,575.57,579.04,141.52,12.57,44.8,21.87,2.62,0.0
20230425:1010,691.34,733.29,153.32,15.01,54.98,23.77,2.76,0.0
20230425:1110,776.27,850.33,147.87,16.66,62.52,24.56,3.93,0.0
20230425:1210,795.58,852.08,160.89,16.86,64.76,24.82,5.24,0.0
20230425:1310,773.11,824.71,146.37,16.26,60.45,24.95,6.48,0.0
20230425:1410,664.39,649.96,171.72,14.03,51.78,25.07,7.45,0.0
20230425:1510,222.99,23.43,260.07,5.55,41.11,24.97,7.38,0.0
20230425:1610,130.42,6.54,167.6,3.45,29.62,24.5,6.21,0.0
20230425:1710,67.52,2.92,96.33,1.99,17.88,24.04,4.76,0.0
20230425:1810,14.11,0.0,29.97,0.63,6.22,23.32,3.1,0.0
20230425:1910,0.0,0.0,0.0,0.0,0.0,22.58,1.24,0.0
20230425:2010,0.0,0.0,0.0,0.0,0.0,22.87,0.14,0.0
20230425:2110,0.0,0.0,0.0,0.0,0.0,22.48,0.34,0.0
20230425:2210,0.0,0.0,0.0,0.0,0.0,20.44,0.41,0.0
20230425:2310,0.0,0.0,0.0,0.0,0.0,19.69,0.41,0.0
20230426:0010,0.0,0.0,0.0,0.0,0.0,19.69,1.1,0.0
20230426:0110,0.0,0.0,0.0,0.0,0.0,19.47,1.79,0.0
20230426:0210,0.0,0.0,0.0,0.0,0.0,18.99,2.28,0.0
20230426:0310,0.0,0.0,0.0,0.0,0.0,18.89,2.76,0.0
20230426:0410,0.0,0.0,0.0,0.0,0.0,18.09,3.17,0.0
20230426:0510,0.0,0.0,0.0,0.0,0.0,17.96,3.03,0.0
20230426:0610,29.07,25.04,40.22,2.39,10.31,18.47,2.9,0.0
20230426:0710,206.75,199.27,81.83,6.02,22.02,19.62,2.41,0.0
20230426:0810,410.87,399.45,115.63,9.58,33.73,21.07,1.86,0.0
20230426:0910,577.38,589.84,137.16,12.73,45.05,22.16,2.28,0.0
20230426:1010,705.1,745.31,147.83,15.17,55.26,22.83,3.45,0.0
20230426:1110,789.07,852.61,147.56,16.75,62.83,23.09,4.62,0.0
20230426:1210,804.04,854.41,159.5,16.93,65.08,22.86,5.24,0.0
20230426:1310,770.84,804.34,157.53,16.17,60.71,22.6,5.72,0.0
20230426:1410,579.74,412.81,298.03,12.41,51.99,22.17,6.0,0.0
20230426:1510,473.04,347.68,229.56,10.36,41.29,21.78,5.79,0.0
20230426:1610,332.95,284.12,131.17,7.98,29.78,21.19,5.17,0.0
20230426:1710,131.46,120.3,75.99,4.58,18.03,20.38,4.34,0.0
20230426:1810,13.79,0.0,29.12,0.61,6.39,19.65,3.17,0.0
20230426:1910,0.0,0.0,0.0,0.0,0.0,19.12,2.0,0.0
20230426:2010,0.0,0.0,0.0,0.0,0.0,18.9,1.66,0.0
20230426:2110,0.0,0.0,0.0,0.0,0.0,18.71,2.0,0.0
20230426:2210,0.0,0.0,0.0,0.0,0.0,18.2,2.41,0.0
20230426:2310,0.0,0.0,0.0,0.0,0.0,18.04,2.55,0.0
20230427:0010,0.0,0.0,0.0,0.0,0.0,17.84,2.55,0.0
20230427:0110,0.0,0.0,0.0,0.0,0.0,17.37,2.28,0.0
20230427:0210,0.0,0.0,0.0,0.0,0.0,17.08,2.0,0.0
20230427:0310,0.0,0.0,0.0,0.0,0.0,17.13,1.93,0.0
20230427:0410,0.0,0.0,0.0,0.0,0.0,16.92,1.79,0.0
20230427:0510,0.0,0.0,0.0,0.0,0.0,16.58,1.79,0.0
20230427:0610,34.93,18.3,49.76,2.17,10.53,16.95,1.45,0.0
20230427:0710,201.02,177.51,93.72,5.81,22.24,17.92,1.31,0.0
20230427:0810,360.74,258.12,191.76,8.43,33.96,19.17,1.24,0.0
20230427:0910,559.43,533.84,166.79,12.33,45.29,20.43,1.86,0.0
20230427:1010,682.55,702.12,167.94,14.85,55.53,20.98,2.07,0.0
20230427:1110,764.51,792.46,176.27,16.29,63.15,21.19,3.52,0.0
20230427:1210,795.82,844.86,160.08,16.84,65.39,21.46,4.28,0.0
20230427:1310,755.96,782.01,165.35,15.99,60.97,21.71,4.55,0.0
20230427:1410,665.77,668.67,156.59,14.2,52.19,21.73,4.48,0.0
20230427:1510,481.12,381.23,209.58,10.62,41.46,21.54,4.28,0.0
20230427:1610,277.75,155.85,193.27,6.75,29.94,21.44,3.93,0.0
20230427:1710,130.05,119.66,75.72,4.59,18.19,21.03,3.38,0.0
20230427:1810,16.16,0.0,32.54,0.69,6.55,20.48,2.76,0.0
20230427:1910,0.0,0.0,0.0,0.0,0.0,19.67,2.34,0.0
20230427:2010,0.0,0.0,0.0,0.0,0.0,19.44,2.0,0.0
20230427:2110,0.0,0.0,0.0,0.0,0.0,19.15,2.0,0.0
20230427:2210,0.0,0.0,0.0,0.0,0.0,18.75,2.69,0.0
20230427:2310,0.0,0.0,0.0,0.0,0.0,18.66,3.59,0.0
20230428:0010,0.0,0.0,0.0,0.0,0.0,18.39,3.59,0.0
20230428:0110,0.0,0.0,0.0,0.0,0.0,18.31,2.97,0.0
20230428:0210,0.0,0.0,0.0,0.0,0.0,17.96,2.62,0.0
20230428:0310,0.0,0.0,0.0,0.0,0.0,17.59,2.69,0.0
20230428:0410,0.0,0.0,0.0,0.0,0.0,17.44,2.76,0.0
20230428:0510,0.0,0.0,0.0,0.0,0.0,17.36,2.9,0.0
20230428:0610,32.48,23.56,44.79,2.41,10.76,18.03,3.1,0.0
20230428:0710,190.12,129.53,123.98,5.35,22.46,19.41,3.24,0.0
20230428:0810,374.12,286.31,177.75,8.72,34.18,21.24,3.38,0.0
20230428:0910,514.33,393.52,243.03,11.34,45.53,21.91,3.59,0.0
20230428:1010,657.87,611.74,220.88,14.31,55.8,22.77,3.1,0.0
20230428:1110,739.98,716.67,220.85,15.86,63.45,23.12,4.21,0.0
20230428:1210,713.46,589.96,303.78,15.21,65.7,23.31,5.45,0.0
20230428:1310,702.47,616.67,260.55,14.96,61.23,23.04,5.31,0.0
20230428:1410,212.85,5.24,264.92,5.35,52.4,22.71,5.1,0.0
20230428:1510,236.04,29.1,268.66,5.82,41.63,22.47,4.0,0.0
20230428:1610,272.47,147.48,197.34,6.69,30.1,21.9,2.9,0.0
20230428:1710,98.28,18.31,119.54,2.86,18.35,21.16,3.79,0.0
20230428:1810,16.75,0.0,33.4,0.71,6.72,20.81,3.52,0.0
20230428:1910,0.0,0.0,0.0,0.0,0.0,20.89,1.93,0.0
20230428:2010,0.0,0.0,0.0,0.0,0.0,20.61,0.9,0.0
20230428:2110,0.0,0.0,0.0,0.0,0.0,20.42,2.07,0.0
20230428:2210,0.0,0.0,0.0,0.0,0.0,20.01,3.1,0.0
20230428:2310,0.0,0.0,0.0,0.0,0.0,19.9,1.86,0.0
20230429:0010,0.0,0.0,0.0,0.0,0.0,20.43,1.38,0.0
20230429:0110,0.0,0.0,0.0,0.0,0.0,19.69,1.52,0.0
20230429:0210,0.0,0.0,0.0,0.0,0.0,19.43,2.28,0.0
20230429:0310,0.0,0.0,0.0,0.0,0.0,19.24,2.48,0.0
20230429:0410,0.0,0.0,0.0,0.0,0.0,19.24,3.03,0.0
20230429:0510,0.0,0.0,0.0,0.0,0.0,19.39,2.07,0.0
20230429:0610,26.59,0.31,46.27,0.94,10.97,19.26,2.83,0.0
20230429:0710,154.83,51.12,153.48,4.2,22.67,19.56,3.24,0.0
20230429:0810,353.5,238.27,200.94,8.3,34.4,21.33,3.24,0.0
20230429:0910,268.39,38.67,297.82,6.55,45.76,22.58,4.0,0.0
20230429:1010,512.86,283.14,362.6,11.57,56.06,25.28,4.0,0.0
20230429:1110,532.61,270.48,407.43,12.15,63.76,26.68,3.93,0.0
20230429:1210,408.55,100.84,417.93,9.8,66.01,27.25,4.28,0.0
20230429:1310,502.38,232.14,404.03,11.52,61.48,27.25,4.83,0.0
20230429:1410,103.38,0.0,143.63,2.86,52.59,27.29,6.28,0.0
20230429:1510,214.5,19.97,256.93,5.44,41.8,27.26,6.21,0.0
20230429:1610,58.78,0.0,89.08,1.77,30.25,26.9,4.14,0.0
20230429:1710,104.26,29.96,120.95,3.2,18.5,26.52,2.41,0.0
20230429:1810,15.7,0.0,32.54,0.69,6.88,25.41,0.69,0.0
20230429:1910,0.0,0.0,0.0,0.0,0.0,24.51,2.07,0.0
20230429:2010,0.0,0.0,0.0,0.0,0.0,23.66,3.86,0.0
20230429:2110,0.0,0.0,0.0,0.0,0.0,22.43,3.93,0.0
20230429:2210,0.0,0.0,0.0,0.0,0.0,20.76,2.9,0.0
20230429:2310,0.0,0.0,0.0,0.0,0.0,20.18,1.86,0.0
20230430:0010,0.0,0.0,0.0,0.0,0.0,19.71,0.76,0.0
20230430:0110,0.0,0.0,0.0,0.0,0.0,19.26,0.83,0.0
20230430:0210,0.0,0.0,0.0,0.0,0.0,18.95,1.1,0.0
20230430:0310,0.0,0.0,0.0,0.0,0.0,18.66,1.24,0.0
20230430:0410,0.0,0.0,0.0,0.0,0.0,18.52,1.31,0.0
20230430:0510,0.0,0.0,0.0,0.0,0.0,18.35,1.45,0.0
20230430:0610,33.81,24.26,46.27,2.5,11.19,18.98,1.59,0.0
20230430:0710,146.89,41.24,155.08,4.01,22.88,20.37,0.9,0.0
20230430:0810,140.96,3.78,181.09,3.67,34.61,20.59,1.79,0.0
20230430:0910,408.62,189.51,316.74,9.37,45.99,21.3,2.83,0.0
20230430:1010,580.35,402.68,321.59,12.75,56.32,21.68,3.31,0.0
20230430:1110,376.25,67.12,397.72,8.92,64.05,21.33,4.14,0.0
20230430:1210,660.45,466.13,357.1,14.27,66.32,21.74,4.55,0.0
20230430:1310,671.03,537.93,297.5,14.41,61.73,21.71,4.55,0.0
20230430:1410,588.95,459.05,268.51,12.79,52.79,21.64,4.34,0.0
20230430:1510,448.5,309.08,241.96,10.07,41.96,21.4,4.07,0.0
20230430:1610,272.2,145.57,196.7,6.69,30.41,21.11,3.59,0.0
20230430:1710,82.57,6.89,109.8,2.37,18.65,20.42,3.1,0.0
20230430:1810,16.22,0.0,32.54,0.69,7.04,19.7,2.34,0.0
20230430:1910,0.0,0.0,0.0,0.0,0.0,19.22,1.31,0.0
20230430:2010,0.0,0.0,0.0,0.0,0.0,19.18,1.17,0.0
20230430:2110,0.0,0.0,0.0,0.0,0.0,19.07,1.31,0.0
20230430:2210,0.0,0.0,0.0,0.0,0.0,18.71,2.34,0.0
20230430:2310,0.0,0.0,0.0,0.0,0.0,18.59,3.1,0.0
20230501:0010,0.0,0.0,0.0,0.0,0.0,18.25,3.03,0.0
20230501:0110,0.0,0.0,0.0,0.0,0.0,18.22,1.93,0.0
20230501:0210,0.0,0.0,0.0,0.0,0.0,18.22,2.34,0.0
20230501:0310,0.0,0.0,0.0,0.0,0.0,18.06,2.28,0.0
20230501:0410,0.0,0.0,0.0,0.0,0.0,17.58,1.52,0.0
20230501:0510,0.0,0.0,0.0,0.0,0.0,17.0,0.76,0.0
20230501:0610,40.5,18.26,56.53,2.33,11.4,17.37,0.9,0.0
20230501:0710,204.28,180.32,96.31,6.06,23.09,18.37,0.48,0.0
20230501:0810,399.18,376.73,128.55,9.62,34.82,19.43,0.21,0.0
20230501:0910,566.71,559.08,151.43,12.7,46.21,20.22,1.72,0.0
20230501:1010,689.25,708.37,164.51,15.1,56.57,21.01,2.55,0.0
20230501:1110,765.93,811.15,164.53,16.62,64.35,21.5,3.24,0.0
20230501:1210,788.65,822.56,172.24,16.89,66.62,21.57,4.34,0.0
20230501:1310,753.11,763.33,173.16,16.02,61.98,21.56,5.24,0.0
20230501:1410,674.27,676.55,151.11,14.45,52.99,21.52,5.66,0.0
20230501:1510,528.44,506.42,137.56,11.72,42.13,21.08,5.17,0.0
20230501:1610,338.16,307.28,116.09,8.37,30.56,21.21,4.41,0.0
20230501:1710,131.51,116.69,79.97,4.76,18.81,20.96,3.66,0.0
20230501:1810,18.63,0.0,35.97,0.76,7.2,20.57,2.83,0.0
20230501:1910,0.0,0.0,0.0,0.0,0.0,19.91,1.66,0.0
20230501:2010,0.0,0.0,0.0,0.0,0.0,19.45,0.76,0.0
20230501:2110,0.0,0.0,0.0,0.0,0.0,18.93,0.21,0.0
20230501:2210,0.0,0.0,0.0,0.0,0.0,18.69,0.28,0.0
20230501:2310,0.0,0.0,0.0,0.0,0.0,18.37,0.9,0.0
20230502:0010,0.0,0.0,0.0,0.0,0.0,18.05,1.38,0.0
20230502:0110,0.0,0.0,0.0,0.0,0.0,18.02,1.93,0.0
20230502:0210,0.0,0.0,0.0,0.0,0.0,17.44,2.62,0.0
20230502:0310,0.0,0.0,0.0,0.0,0.0,17.28,3.1,0.0
20230502:0410,0.0,0.0,0.0,0.0,0.0,16.98,2.62,0.0
20230502:0510,0.0,0.0,0.0,0.0,0.0,16.46,2.07,0.0
20230502:0610,36.92,25.24,49.14,2.64,11.6,17.06,1.86,0.0
20230502:0710,0.0,0.0,0.0,0.0,0.0,18.72,1.1,0.0
20230502:0810,405.86,382.3,129.25,9.78,35.02,20.59,1.03,0.0
20230502:0910,574.2,571.86,149.23,12.93,46.42,21.55,2.21,0.0
20230502:1010,691.46,712.06,167.36,15.26,56.82,22.23,2.76,0.0
20230502:1110,780.0,814.76,168.48,16.8,64.64,22.13,4.55,0.0
20230502:1210,809.3,849.55,163.79,17.25,66.91,22.16,5.66,0.0
20230502:1310,766.9,777.52,171.99,16.29,62.22,21.81,6.14,0.0
20230502:1410,663.31,638.89,177.16,14.31,53.18,21.89,5.59,0.0
20230502:1510,440.52,278.61,261.2,9.96,42.29,21.7,4.97,0.0
20230502:1610,243.4,90.18,216.26,6.04,30.71,21.31,4.48,0.0
20230502:1710,83.95,6.76,111.57,2.41,18.96,20.7,4.0,0.0
20230502:1810,19.94,0.0,37.68,0.8,7.36,20.13,3.1,0.0
20230502:1910,0.0,0.0,0.0,0.0,0.0,19.62,2.48,0.0
20230502:2010,0.0,0.0,0.0,0.0,0.0,19.43,2.62,0.0
20230502:2110,0.0,0.0,0.0,0.0,0.0,18.97,3.17,0.0
20230502:2210,0.0,0.0,0.0,0.0,0.0,18.29,3.38,0.0
20230502:2310,0.0,0.0,0.0,0.0,0.0,18.14,3.31,0.0
20230503:0010,0.0,0.0,0.0,0.0,0.0,17.96,2.9,0.0
20230503:0110,0.0,0.0,0.0,0.0,0.0,17.68,2.14,0.0
20230503:0210,0.0,0.0,0.0,0.0,0.0,17.42,1.93,0.0
20230503:0310,0.0,0.0,0.0,0.0,0.0,17.09,2.07,0.0
20230503:0410,0.0,0.0,0.0,0.0,0.0,16.84,1.93,0.0
20230503:0510,0.0,0.0,0.0,0.0,0.0,16.97,2.28,0.0
20230503:0610,37.05,27.24,48.45,2.77,11.8,17.26,2.41,0.0
20230503:0710,159.82,47.38,162.12,4.32,23.48,18.42,2.21,0.0
20230503:0810,415.89,398.06,123.17,10.02,35.22,19.79,1.24,0.0
20230503:0910,570.94,569.54,153.96,13.02,46.64,20.67,1.24,0.0
20230503:1010,687.1,680.48,190.44,15.17,57.06,21.24,2.62,0.0
20230503:1110,742.1,697.1,241.35,16.13,64.92,21.43,3.66,0.0
20230503:1210,645.84,413.85,389.39,14.12,67.2,21.48,4.62,0.0
20230503:1310,700.04,584.81,286.08,15.1,62.46,21.45,4.83,0.0
20230503:1410,530.37,307.96,342.97,11.76,53.37,21.3,4.9,0.0
20230503:1510,497.01,406.7,202.02,11.18,42.45,21.23,4.55,0.0
20230503:1610,297.86,183.71,188.65,7.36,30.86,20.68,4.14,0.0
20230503:1710,87.97,8.03,115.13,2.51,19.11,20.18,3.45,0.0
20230503:1810,14.99,0.0,30.83,0.65,7.52,19.82,2.62,0.0
20230503:1910,0.0,0.0,0.0,0.0,0.0,19.52,1.79,0.0
20230503:2010,0.0,0.0,0.0,0.0,0.0,19.45,0.83,0.0
20230503:2110,0.0,0.0,0.0,0.0,0.0,18.96,0.48,0.0
20230503:2210,0.0,0.0,0.0,0.0,0.0,18.38,0.83,0.0
20230503:2310,0.0,0.0,0.0,0.0,0.0,17.71,0.97,0.0
20230504:0010,0.0,0.0,0.0,0.0,0.0,17.48,1.38,0.0
20230504:0110,0.0,0.0,0.0,0.0,0.0,17.06,1.52,0.0
20230504:0210,0.0,0.0,0.0,0.0,0.0,16.99,1.72,0.0
20230504:0310,0.0,0.0,0.0,0.0,0.0,16.78,1.59,0.0
20230504:0410,0.0,0.0,0.0,0.0,0.0,16.59,1.38,0.0
20230504:0510,0.0,0.0,0.0,0.0,0.0,16.43,1.1,0.0
20230504:0610,36.01,29.22,46.28,2.86,11.99,16.87,0.83,0.0
20230504:0710,213.17,195.97,92.57,6.46,23.67,18.45,0.55,0.0
20230504:0810,409.33,386.86,128.64,9.95,35.41,20.07,0.9,0.0
20230504:0910,578.71,576.25,148.61,13.09,46.84,21.12,2.28,0.0
20230504:1010,692.53,691.54,181.96,15.26,57.3,21.93,3.31,0.0
20230504:1110,758.78,750.53,207.75,16.49,65.2,22.27,4.28,0.0
20230504:1210,781.86,771.21,210.4,16.84,67.49,22.5,5.31,0.0
20230504:1310,496.91,191.49,419.06,11.27,62.69,22.23,5.93,0.0
20230504:1410,429.47,153.4,373.32,9.86,53.55,21.9,5.59,0.0
20230504:1510,174.72,3.9,220.21,4.45,42.61,21.63,4.83,0.0
20230504:1610,64.15,0.0,93.63,1.86,31.01,21.48,3.79,0.0
20230504:1710,63.81,0.66,92.7,1.86,19.26,21.25,2.76,0.0
20230504:1810,13.71,0.0,29.12,0.61,7.68,20.7,1.86,0.0
20230504:1910,0.0,0.0,0.0,0.0,0.0,20.11,1.1,0.0
20230504:2010,0.0,0.0,0.0,0.0,0.0,19.69,0.55,0.0
20230504:2110,0.0,0.0,0.0,0.0,0.0,19.03,0.07,0.0
20230504:2210,0.0,0.0,0.0,0.0,0.0,18.4,0.48,0.0
20230504:2310,0.0,0.0,0.0,0.0,0.0,18.2,0.07,0.0
20230505:0010,0.0,0.0,0.0,0.0,0.0,17.88,0.28,0.0
20230505:0110,0.0,0.0,0.0,0.0,0.0,17.44,0.48,0.0
20230505:0210,0.0,0.0,0.0,0.0,0.0,17.12,0.55,0.0
20230505:0310,0.0,0.0,0.0,0.0,0.0,16.94,0.48,0.0
20230505:0410,0.0,0.0,0.0,0.0,0.0,16.84,0.41,0.0
20230505:0510,0.0,0.0,0.0,0.0,0.0,16.86,0.55,0.0
20230505:0610,49.77,13.01,69.66,2.28,12.18,16.98,0.9,0.0
20230505:0710,194.2,118.04,138.84,5.55,23.85,17.92,1.24,0.0
20230505:0810,319.42,152.89,242.99,7.67,35.59,19.24,2.21,0.0
20230505:0910,570.69,543.2,165.08,12.84,47.04,20.54,2.76,0.0
20230505:1010,678.66,671.64,190.58,15.12,57.52,21.2,2.34,0.0
20230505:1110,771.95,834.03,156.13,17.07,65.47,21.85,2.97,0.0
20230505:1210,791.31,844.48,163.82,17.33,67.78,22.3,3.86,0.0
20230505:1310,761.01,794.68,160.71,16.55,62.93,22.61,4.9,0.0
20230505:1410,667.71,668.39,157.96,14.63,53.74,22.6,5.24,0.0
20230505:1510,523.54,501.19,142.18,11.9,42.77,22.19,4.69,0.0
20230505:1610,336.52,306.09,117.64,8.55,31.16,21.96,4.0,0.0
20230505:1710,132.13,108.99,87.15,4.83,19.41,21.22,4.0,0.0
20230505:1810,19.26,0.0,36.82,0.78,7.84,20.66,3.66,0.0
20230505:1910,0.0,0.0,0.0,0.0,0.0,20.06,2.97,0.0
20230505:2010,0.0,0.0,0.0,0.0,0.0,19.81,2.28,0.0
20230505:2110,0.0,0.0,0.0,0.0,0.0,19.69,1.24,0.0
20230505:2210,0.0,0.0,0.0,0.0,0.0,18.93,0.97,0.0
20230505:2310,0.0,0.0,0.0,0.0,0.0,19.07,2.55,0.0
20230506:0010,0.0,0.0,0.0,0.0,0.0,18.93,2.69,0.0
20230506:0110,0.0,0.0,0.0,0.0,0.0,18.73,2.62,0.0
20230506:0210,0.0,0.0,0.0,0.0,0.0,18.62,2.83,0.0
20230506:0310,0.0,0.0,0.0,0.0,0.0,18.26,2.76,0.0
20230506:0410,0.0,0.0,0.0,0.0,0.0,17.9,3.1,0.0
20230506:0510,0.0,0.0,0.0,0.0,0.0,17.73,3.38,0.0
20230506:0610,44.08,21.35,59.51,2.64,12.37,18.33,3.1,0.0
20230506:0710,204.44,156.88,116.3,6.06,24.03,19.88,2.97,0.0
20230506:0810,400.95,348.33,148.07,9.64,35.78,21.46,3.79,0.0
20230506:0910,369.15,124.64,332.08,8.68,47.24,22.21,4.14,0.0
20230506:1010,585.07,395.26,331.85,13.0,57.75,22.55,4.41,0.0
20230506:1110,760.49,782.29,180.36,16.66,65.74,22.98,4.34,0.0
20230506:1210,675.75,501.12,347.84,14.87,68.05,23.33,4.76,0.0
20230506:1310,735.85,726.59,196.97,16.06,63.16,23.46,5.17,0.0
20230506:1410,652.27,631.45,176.63,14.36,53.92,23.57,5.66,0.0
20230506:1510,515.33,482.58,150.63,11.76,42.93,23.24,5.59,0.0
20230506:1610,248.21,96.8,217.68,6.26,31.3,22.73,4.34,0.0
20230506:1710,122.55,50.11,123.66,3.91,19.56,22.06,3.31,0.0
20230506:1810,23.0,0.0,41.96,0.89,8.0,21.18,2.28,0.0
20230506:1910,0.0,0.0,0.0,0.0,0.0,20.49,1.31,0.0
20230506:2010,0.0,0.0,0.0,0.0,0.0,20.07,1.03,0.0
20230506:2110,0.0,0.0,0.0,0.0,0.0,19.99,0.76,0.0
20230506:2210,0.0,0.0,0.0,0.0,0.0,19.67,1.31,0.0
20230506:2310,0.0,0.0,0.0,0.0,0.0,19.67,1.17,0.0
20230507:0010,0.0,0.0,0.0,0.0,0.0,19.45,0.83,0.0
20230507:0110,0.0,0.0,0.0,0.0,0.0,19.34,1.17,0.0
20230507:0210,0.0,0.0,0.0,0.0,0.0,19.09,2.0,0.0
20230507:0310,0.0,0.0,0.0,0.0,0.0,18.57,1.86,0.0
20230507:0410,0.0,0.0,0.0,0.0,0.0,18.3,0.9,0.0
20230507:0510,0.0,0.0,0.0,0.0,0.0,18.18,1.79,0.0
20230507:0610,3.32,0.0,12.73,0.25,12.55,18.18,1.59,0.0
20230507:0710,150.34,34.81,163.57,4.09,24.21,18.6,0.62,0.0
20230507:0810,25.12,0.0,44.54,0.89,35.95,19.32,0.69,0.0
20230507:0910,370.6,131.07,330.55,8.77,47.43,20.05,1.45,0.0
20230507:1010,676.28,671.23,181.62,15.05,57.97,22.09,3.17,0.0
20230507:1110,744.7,771.53,180.92,16.53,66.0,22.48,3.1,0.0
20230507:1210,718.55,652.16,266.46,15.95,68.33,22.5,3.03,0.0
20230507:1310,668.79,553.3,289.28,14.79,63.38,22.44,3.66,0.0
20230507:1410,618.45,554.35,217.54,13.78,54.1,22.4,3.72,0.0
20230507:1510,507.27,474.76,151.21,11.66,43.08,22.56,4.21,0.0
20230507:1610,24.87,0.0,44.54,0.89,31.45,21.69,4.21,0.0
20230507:1710,55.12,0.0,82.72,1.65,19.7,21.68,3.79,0.0
20230507:1810,21.09,0.0,39.39,0.83,8.15,21.2,2.83,0.0
20230507:1910,0.0,0.0,0.0,0.0,0.0,20.74,2.14,0.0
20230507:2010,0.0,0.0,0.0,0.0,0.0,20.33,1.24,0.0
20230507:2110,0.0,0.0,0.0,0.0,0.0,19.75,0.62,0.0
20230507:2210,0.0,0.0,0.0,0.0,0.0,19.49,0.69,0.0
20230507:2310,0.0,0.0,0.0,0.0,0.0,19.4,1.52,0.0
20230508:0010,0.0,0.0,0.0,0.0,0.0,18.55,1.86,0.0
20230508:0110,0.0,0.0,0.0,0.0,0.0,18.35,1.66,0.0
20230508:0210,0.0,0.0,0.0,0.0,0.0,17.82,1.66,0.0
20230508:0310,0.0,0.0,0.0,0.0,0.0,17.39,1.72,0.0
20230508:0410,0.0,0.0,0.0,0.0,0.0,17.39,1.72,0.0
20230508:0510,0.0,0.0,0.0,0.0,0.0,17.31,1.45,0.0
20230508:0610,41.06,27.02,53.35,2.91,12.73,17.9,1.45,0.0
20230508:0710,207.47,181.99,99.12,6.38,24.38,19.43,0.69,0.0
20230508:0810,398.63,374.18,130.27,9.89,36.12,20.91,0.76,0.0
20230508:0910,561.01,558.64,150.18,12.98,47.61,21.69,1.66,0.0
20230508:1010,678.44,704.72,162.19,15.34,58.18,22.46,2.34,0.0
20230508:1110,740.28,741.14,199.89,16.38,66.26,22.74,3.66,0.0
20230508:1210,708.5,587.67,300.6,15.52,68.6,22.9,4.97,0.0
20230508:1310,515.1,224.13,409.8,11.66,63.6,22.8,6.14,0.0
20230508:1410,292.47,32.26,330.8,7.11,54.27,22.55,6.41,0.0
20230508:1510,159.63,1.92,204.63,4.11,43.23,22.15,6.0,0.0
20230508:1610,332.65,297.56,119.57,8.54,31.59,21.83,4.97,0.0
20230508:1710,131.5,115.14,81.81,4.99,19.85,21.52,4.07,0.0
20230508:1810,22.36,0.0,41.11,0.87,8.31,21.26,3.17,0.0
20230508:1910,0.0,0.0,0.0,0.0,0.0,20.71,2.0,0.0
20230508:2010,0.0,0.0,0.0,0.0,0.0,20.46,1.03,0.0
20230508:2110,0.0,0.0,0.0,0.0,0.0,20.02,0.62,0.0
20230508:2210,0.0,0.0,0.0,0.0,0.0,19.52,0.41,0.0
20230508:2310,0.0,0.0,0.0,0.0,0.0,19.58,0.34,0.0
20230509:0010,0.0,0.0,0.0,0.0,0.0,19.24,0.48,0.0
20230509:0110,0.0,0.0,0.0,0.0,0.0,18.68,0.97,0.0
20230509:0210,0.0,0.0,0.0,0.0,0.0,18.52,1.59,0.0
20230509:0310,0.0,0.0,0.0,0.0,0.0,18.54,1.79,0.0
20230509:0410,0.0,0.0,0.0,0.0,0.0,18.55,1.86,0.0
20230509:0510,0.0,0.0,2.57,0.05,1.63,18.43,1.66,0.0
20230509:0610,46.7,20.94,62.94,2.71,12.9,18.63,1.38,0.0
20230509:0710,199.57,144.25,123.08,5.97,24.54,19.66,1.45,0.0
20230509:0810,372.14,278.47,185.49,9.08,36.29,21.12,2.41,0.0
20230509:0910,551.65,506.7,178.26,12.59,47.79,22.15,3.38,0.0
20230509:1010,644.4,569.28,239.01,14.38,58.38,22.94,3.86,0.0
20230509:1110,705.98,616.79,268.57,15.52,66.51,23.24,4.97,0.0
20230509:1210,717.12,607.74,286.73,15.64,68.86,23.22,5.86,0.0
20230509:1310,741.57,749.6,171.41,16.15,63.82,23.33,6.34,0.0
20230509:1410,500.87,272.25,344.44,11.34,54.44,23.38,6.0,0.0
20230509:1510,426.48,260.75,263.85,9.89,43.38,23.23,5.79,0.0
20230509:1610,321.73,274.54,131.51,8.32,31.74,23.09,4.9,0.0
20230509:1710,129.62,102.16,91.0,4.83,19.99,22.59,3.31,0.0
20230509:1810,23.54,0.0,42.82,0.9,8.46,22.04,2.55,0.0
20230509:1910,0.0,0.0,0.0,0.0,0.0,21.44,1.79,0.0
20230509:2010,0.0,0.0,0.0,0.0,0.0,21.2,2.83,0.0
20230509:2110,0.0,0.0,0.0,0.0,0.0,21.09,3.38,0.0
20230509:2210,0.0,0.0,0.0,0.0,0.0,20.34,2.48,0.0
20230509:2310,0.0,0.0,0.0,0.0,0.0,20.55,2.48,0.0
20230510:0010,0.0,0.0,0.0,0.0,0.0,20.55,3.31,0.0
20230510:0110,0.0,0.0,0.0,0.0,0.0,20.35,4.41,0.0
20230510:0210,0.0,0.0,0.0,0.0,0.0,20.16,5.17,0.0
20230510:0310,0.0,0.0,0.0,0.0,0.0,19.79,5.31,0.0
20230510:0410,0.0,0.0,0.0,0.0,0.0,19.52,5.1,0.0
20230510:0510,0.0,0.0,0.86,0.02,1.81,19.51,4.97,0.0
20230510:0610,53.96,6.44,77.88,2.01,13.06,19.66,4.97,0.0
20230510:0710,202.42,138.93,129.28,5.99,24.7,20.46,5.24,0.0
20230510:0810,414.73,382.55,127.8,10.09,36.45,21.65,5.17,0.0
20230510:0910,581.56,569.21,145.67,13.18,47.96,22.38,5.03,0.0
20230510:1010,693.94,717.46,156.59,15.55,58.58,22.75,3.72,0.0
20230510:1110,771.81,819.27,155.56,17.05,66.75,22.72,4.48,0.0
20230510:1210,790.14,829.71,163.2,17.31,69.12,22.43,5.1,0.0
20230510:1310,753.28,769.91,165.15,16.44,64.03,22.21,5.79,0.0
20230510:1410,663.89,655.81,157.27,14.63,54.62,21.92,6.14,0.0
20230510:1510,522.33,491.84,142.52,11.95,43.53,21.63,6.34,0.0
20230510:1610,337.59,304.7,116.17,8.7,31.88,21.4,6.14,0.0
20230510:1710,133.8,118.35,81.19,5.14,20.14,20.82,5.1,0.0
20230510:1810,22.49,0.0,41.11,0.87,8.61,20.32,4.28,0.0
20230510:1910,0.0,0.0,0.0,0.0,0.0,19.86,3.31,0.0
20230510:2010,0.0,0.0,0.0,0.0,0.0,19.77,2.9,0.0
20230510:2110,0.0,0.0,0.0,0.0,0.0,19.49,2.83,0.0
20230510:2210,0.0,0.0,0.0,0.0,0.0,19.25,2.9,0.0
20230510:2310,0.0,0.0,0.0,0.0,0.0,19.1,3.03,0.0
20230511:0010,0.0,0.0,0.0,0.0,0.0,18.94,3.24,0.0
20230511:0110,0.0,0.0,0.0,0.0,0.0,18.63,2.48,0.0
20230511:0210,0.0,0.0,0.0,0.0,0.0,18.52,2.0,0.0
20230511:0310,0.0,0.0,0.0,0.0,0.0,18.54,1.38,0.0
20230511:0410,0.0,0.0,0.0,0.0,0.0,18.39,0.9,0.0
20230511:0510,0.0,0.0,3.43,0.07,1.98,18.52,1.03,0.0
20230511:0610,51.94,3.49,76.6,1.77,13.22,18.87,1.79,0.0
20230511:0710,140.12,22.16,162.51,3.78,24.86,19.44,2.55,0.0
20230511:0810,258.32,66.32,255.28,6.35,36.61,20.13,3.66,0.0
20230511:0910,436.76,216.58,317.89,10.06,48.13,20.42,4.14,0.0
20230511:1010,549.61,319.23,357.79,12.35,58.78,20.66,4.07,0.0
20230511:1110,727.32,657.43,247.6,15.91,66.99,20.95,4.69,0.0
20230511:1210,731.96,636.26,272.71,15.95,69.38,21.0,5.1,0.0
20230511:1310,742.28,739.98,178.98,16.2,64.25,20.92,5.17,0.0
20230511:1410,661.0,649.66,157.93,14.58,54.78,20.62,5.45,0.0
20230511:1510,516.08,480.45,146.09,11.85,43.68,21.0,5.72,0.0
20230511:1610,330.72,288.73,123.45,8.54,32.02,20.61,5.1,0.0
20230511:1710,132.98,102.46,92.3,4.92,20.28,20.0,4.97,0.0
20230511:1810,23.87,0.0,42.82,0.9,8.76,19.68,4.9,0.0
20230511:1910,0.0,0.0,0.0,0.0,0.0,19.23,3.59,0.0
20230511:2010,0.0,0.0,0.0,0.0,0.0,19.02,2.69,0.0
20230511:2110,0.0,0.0,0.0,0.0,0.0,18.81,2.69,0.0
20230511:2210,0.0,0.0,0.0,0.0,0.0,18.64,3.1,0.0
20230511:2310,0.0,0.0,0.0,0.0,0.0,18.53,3.17,0.0
20230512:0010,0.0,0.0,0.0,0.0,0.0,18.49,3.24,0.0
20230512:0110,0.0,0.0,0.0,0.0,0.0,18.4,2.21,0.0
20230512:0210,0.0,0.0,0.0,0.0,0.0,18.3,2.0,0.0
20230512:0310,0.0,0.0,0.0,0.0,0.0,18.09,2.69,0.0
20230512:0410,0.0,0.0,0.0,0.0,0.0,17.94,2.9,0.0
20230512:0510,0.0,0.0,4.28,0.09,2.15,17.75,2.83,0.0
20230512:0610,53.76,4.04,78.12,1.84,13.38,17.81,3.17,0.0
20230512:0710,180.58,70.49,164.53,5.03,25.01,18.57,3.79,0.0
20230512:0810,240.07,47.3,251.47,5.91,36.76,19.28,3.72,0.0
20230512:0910,467.09,267.13,303.43,10.69,48.29,19.73,3.86,0.0
20230512:1010,314.7,35.25,352.89,7.6,58.97,19.89,3.79,0.0
20230512:1110,747.18,713.01,215.66,16.35,67.22,19.81,4.34,0.0
20230512:1210,775.62,761.17,200.19,16.86,69.63,20.07,5.1,0.0
20230512:1310,659.02,484.74,322.73,14.41,64.45,19.73,5.17,0.0
20230512:1410,82.62,0.0,114.54,2.28,54.95,19.29,5.72,0.0
20230512:1510,59.94,0.0,87.27,1.74,43.82,18.26,5.31,0.0
20230512:1610,87.48,0.0,119.08,2.37,32.16,16.93,5.45,0.0
20230512:1710,41.6,0.0,64.54,1.28,20.42,16.16,4.34,0.0
20230512:1810,13.47,0.0,28.26,0.6,8.91,15.91,3.45,0.0
20230512:1910,0.0,0.0,0.0,0.0,0.0,16.02,2.21,0.0
20230512:2010,0.0,0.0,0.0,0.0,0.0,16.18,1.31,0.0
20230512:2110,0.0,0.0,0.0,0.0,0.0,16.43,1.52,0.0
20230512:2210,0.0,0.0,0.0,0.0,0.0,16.65,1.86,0.0
20230512:2310,0.0,0.0,0.0,0.0,0.0,16.38,1.66,0.0
20230513:0010,0.0,0.0,0.0,0.0,0.0,16.49,1.66,0.0
20230513:0110,0.0,0.0,0.0,0.0,0.0,16.65,2.07,0.0
20230513:0210,0.0,0.0,0.0,0.0,0.0,16.1,2.0,0.0
20230513:0310,0.0,0.0,0.0,0.0,0.0,15.97,1.86,0.0
20230513:0410,0.0,0.0,0.0,0.0,0.0,15.67,2.28,0.0
20230513:0510,0.15,0.0,5.99,0.13,2.31,14.92,2.83,0.0
20230513:0610,42.02,31.82,51.42,3.27,13.53,15.12,3.79,0.0
20230513:0710,220.52,192.0,97.71,6.76,25.15,16.27,4.34,0.0
20230513:0810,410.78,341.24,156.46,9.91,36.9,17.77,4.55,0.0
20230513:0910,587.49,555.59,157.69,13.27,48.44,18.7,4.28,0.0
20230513:1010,694.04,685.83,178.95,15.52,59.15,19.41,3.17,0.0
20230513:1110,272.16,8.18,328.77,6.67,67.45,19.54,4.07,0.0
20230513:1210,76.56,0.0,107.26,2.13,69.88,18.78,4.48,0.0
20230513:1310,75.9,0.0,106.36,2.12,64.66,18.25,3.45,0.0
20230513:1410,238.08,7.93,288.7,5.88,55.11,18.26,2.34,0.0
20230513:1510,338.84,110.05,310.2,8.14,43.97,18.89,1.38,0.0
20230513:1610,265.06,113.54,219.76,6.75,32.29,18.4,1.1,0.0
20230513:1710,117.98,24.64,136.3,3.47,20.56,17.39,0.83,0.0
20230513:1810,22.16,0.0,40.25,0.85,9.06,17.25,1.1,0.0
20230513:1910,0.0,0.0,0.0,0.0,0.0,17.12,0.34,0.0
20230513:2010,0.0,0.0,0.0,0.0,0.0,16.89,1.1,0.0
20230513:2110,0.0,0.0,0.0,0.0,0.0,16.83,1.86,0.0
20230513:2210,0.0,0.0,0.0,0.0,0.0,16.17,1.24,0.0
20230513:2310,0.0,0.0,0.0,0.0,0.0,15.62,1.66,0.0
20230514:0010,0.0,0.0,0.0,0.0,0.0,15.41,1.66,0.0
20230514:0110,0.0,0.0,0.0,0.0,0.0,15.18,1.66,0.0
20230514:0210,0.0,0.0,0.0,0.0,0.0,14.95,1.86,0.0
20230514:0310,0.0,0.0,0.0,0.0,0.0,14.62,1.86,0.0
20230514:0410,0.0,0.0,0.0,0.0,0.0,14.4,1.93,0.0
20230514:0510,0.5,0.0,6.85,0.14,2.47,14.12,2.0,0.0
20230514:0610,42.08,32.43,51.14,3.33,13.67,14.69,2.41,0.0
20230514:0710,219.6,194.54,96.53,6.84,25.29,16.44,2.07,0.0
20230514:0810,414.31,386.74,127.67,10.33,37.04,18.57,1.52,0.0
20230514:0910,566.01,579.69,142.63,13.49,48.59,19.64,0.48,0.0
20230514:1010,636.7,585.7,238.8,14.85,59.32,20.75,0.83,0.0
20230514:1110,679.94,607.06,283.86,15.81,67.67,21.14,0.9,0.0
20230514:1210,629.06,426.16,382.53,14.5,70.12,21.22,1.52,0.0
20230514:1310,724.61,755.99,176.26,16.57,64.86,21.48,2.14,0.0
20230514:1410,655.27,674.21,151.23,15.03,55.27,21.64,2.76,0.0
20230514:1510,517.91,500.45,140.46,12.24,44.11,21.57,3.24,0.0
20230514:1610,289.93,162.41,201.15,7.43,32.43,21.1,4.0,0.0
20230514:1710,119.96,28.14,136.86,3.6,20.7,20.55,4.14,0.0
20230514:1810,16.15,0.0,32.54,0.69,9.21,20.58,3.17,0.0
20230514:1910,0.0,0.0,0.0,0.0,0.0,20.46,2.14,0.0
20230514:2010,0.0,0.0,0.0,0.0,0.0,20.12,0.28,0.0
20230514:2110,0.0,0.0,0.0,0.0,0.0,19.15,2.34,0.0
20230514:2210,0.0,0.0,0.0,0.0,0.0,18.7,1.86,0.0
20230514:2310,0.0,0.0,0.0,0.0,0.0,18.35,2.0,0.0
20230515:0010,0.0,0.0,0.0,0.0,0.0,17.7,2.0,0.0
20230515:0110,0.0,0.0,0.0,0.0,0.0,17.23,2.55,0.0
20230515:0210,0.0,0.0,0.0,0.0,0.0,16.77,2.62,0.0
20230515:0310,0.0,0.0,0.0,0.0,0.0,16.47,2.62,0.0
20230515:0410,0.0,0.0,0.0,0.0,0.0,16.2,2.62,0.0
20230515:0510,0.84,0.0,7.71,0.16,2.62,15.94,2.76,0.0
20230515:0610,43.51,30.49,54.14,3.27,13.82,16.61,3.1,0.0
20230515:0710,216.65,187.69,100.94,6.78,25.42,18.36,2.76,0.0
20230515:0810,415.96,383.41,130.27,10.34,37.18,19.78,2.9,0.0
20230515:0910,573.46,565.34,151.23,13.42,48.74,20.84,2.28,0.0
20230515:1010,660.76,685.85,178.37,15.59,59.49,21.93,0.83,0.0
20230515:1110,633.57,469.09,352.97,14.74,67.88,22.26,1.31,0.0
20230515:1210,499.31,182.89,443.61,11.72,70.36,22.08,2.76,0.0
20230515:1310,525.3,235.79,417.01,12.1,65.05,22.21,4.07,0.0
20230515:1410,523.73,295.69,347.33,11.92,55.43,22.14,5.52,0.0
20230515:1510,508.71,442.66,176.95,11.85,44.25,21.55,5.79,0.0
20230515:1610,342.05,305.02,119.52,8.95,32.56,20.53,6.21,0.0
20230515:1710,131.15,47.41,133.4,4.14,20.83,19.46,5.86,0.0
20230515:1810,8.59,0.0,21.41,0.45,9.35,19.02,4.76,0.0
20230515:1910,0.0,0.0,0.0,0.0,0.0,19.24,2.55,0.0
20230515:2010,0.0,0.0,0.0,0.0,0.0,19.23,0.83,0.0
20230515:2110,0.0,0.0,0.0,0.0,0.0,19.08,1.38,0.0
20230515:2210,0.0,0.0,0.0,0.0,0.0,18.63,2.14,0.0
20230515:2310,0.0,0.0,0.0,0.0,0.0,18.22,3.17,0.0
20230516:0010,0.0,0.0,0.0,0.0,0.0,17.87,3.45,0.0
20230516:0110,0.0,0.0,0.0,0.0,0.0,17.81,2.97,0.0
20230516:0210,0.0,0.0,0.0,0.0,0.0,17.52,2.9,0.0
20230516:0310,0.0,0.0,0.0,0.0,0.0,17.37,3.31,0.0
20230516:0410,0.0,0.0,0.0,0.0,0.0,17.21,3.66,0.0
20230516:0510,1.22,0.0,8.56,0.18,2.76,17.09,4.34,0.0
20230516:0610,42.15,33.04,51.54,3.42,13.95,17.56,5.03,0.0
20230516:0710,221.25,196.0,96.92,6.94,25.55,18.47,5.52,0.0
20230516:0810,425.88,392.43,127.14,10.51,37.3,19.64,4.97,0.0
20230516:0910,588.5,577.85,147.06,13.62,48.88,20.68,3.72,0.0
20230516:1010,684.79,735.7,152.04,16.06,59.66,21.77,1.38,0.0
20230516:1110,755.12,826.12,158.18,17.49,68.09,22.29,2.0,0.0
20230516:1210,788.13,847.89,158.64,17.81,70.59,22.06,3.52,0.0
20230516:1310,760.35,798.36,155.52,17.04,65.24,21.81,4.48,0.0
20230516:1410,677.21,682.03,148.73,15.21,55.59,21.69,5.86,0.0
20230516:1510,538.34,513.74,136.06,12.5,44.39,20.82,6.97,0.0
20230516:1610,338.42,281.29,137.08,8.81,32.7,20.05,6.69,0.0
20230516:1710,139.31,94.83,104.86,5.06,20.97,19.17,5.72,0.0
20230516:1810,31.25,0.0,52.24,1.1,9.5,18.95,4.0,0.0
20230516:1910,0.0,0.0,0.0,0.0,0.0,18.87,1.93,0.0
20230516:2010,0.0,0.0,0.0,0.0,0.0,18.71,1.38,0.0
20230516:2110,0.0,0.0,0.0,0.0,0.0,18.39,2.14,0.0
20230516:2210,0.0,0.0,0.0,0.0,0.0,18.13,2.0,0.0
20230516:2310,0.0,0.0,0.0,0.0,0.0,18.01,1.79,0.0
20230517:0010,0.0,0.0,0.0,0.0,0.0,17.71,1.86,0.0
20230517:0110,0.0,0.0,0.0,0.0,0.0,17.34,1.79,0.0
20230517:0210,0.0,0.0,0.0,0.0,0.0,16.98,2.0,0.0
20230517:0310,0.0,0.0,0.0,0.0,0.0,16.73,2.34,0.0
20230517:0410,0.0,0.0,0.0,0.0,0.0,16.66,2.69,0.0
20230517:0510,2.06,0.0,10.28,0.22,2.91,16.58,3.66,0.0
20230517:0610,57.42,18.33,76.13,2.89,14.08,17.45,5.66,0.0
20230517:0710,210.82,136.4,138.61,6.28,25.68,18.64,6.55,0.0
20230517:0810,425.67,382.17,133.55,10.45,37.43,19.58,6.69,0.0
20230517:0910,591.43,551.28,162.5,13.44,49.01,20.23,6.55,0.0
20230517:1010,707.48,679.08,185.86,15.68,59.81,21.33,6.69,0.0
20230517:1110,788.27,805.79,169.12,17.36,68.29,21.62,6.41,0.0
20230517:1210,795.98,797.99,187.9,17.49,70.82,21.6,6.41,0.0
20230517:1310,754.46,735.88,193.67,16.64,65.43,21.4,6.34,0.0
20230517:1410,646.85,571.31,216.64,14.45,55.74,20.83,6.21,0.0
20230517:1510,524.67,474.94,160.07,12.23,44.52,20.44,6.0,0.0
20230517:1610,310.48,195.0,189.71,7.98,32.83,20.0,5.72,0.0
20230517:1710,102.06,9.01,130.19,2.88,21.1,19.36,5.45,0.0
20230517:1810,24.63,0.0,43.68,0.92,9.64,18.85,4.97,0.0
20230517:1910,0.0,0.0,0.0,0.0,0.0,18.63,4.34,0.0
20230517:2010,0.0,0.0,0.0,0.0,0.0,18.56,3.86,0.0
20230517:2110,0.0,0.0,0.0,0.0,0.0,18.47,3.45,0.0
20230517:2210,0.0,0.0,0.0,0.0,0.0,18.07,4.69,0.0
20230517:2310,0.0,0.0,0.0,0.0,0.0,18.06,4.34,0.0
20230518:0010,0.0,0.0,0.0,0.0,0.0,17.88,3.79,0.0
20230518:0110,0.0,0.0,0.0,0.0,0.0,17.4,3.66,0.0
20230518:0210,0.0,0.0,0.0,0.0,0.0,17.2,3.38,0.0
20230518:0310,0.0,0.0,0.0,0.0,0.0,16.9,3.1,0.0
20230518:0410,0.0,0.0,0.0,0.0,0.0,16.97,2.62,0.0
20230518:0510,0.0,0.0,5.14,0.11,3.04,16.98,2.14,0.0
20230518:0610,58.34,3.58,83.64,1.94,14.21,17.12,2.14,0.0
20230518:0710,148.75,22.73,171.29,4.0,25.79,18.05,1.86,0.0
20230518:0810,394.04,312.76,172.02,9.78,37.55,19.01,2.9,0.0
20230518:0910,578.98,548.64,157.27,13.33,49.13,19.28,4.0,0.0
20230518:1010,636.81,512.89,275.61,14.36,59.97,19.9,3.59,0.0
20230518:1110,709.44,588.7,289.05,15.72,68.49,20.04,4.69,0.0
20230518:1210,482.09,151.09,442.18,11.21,71.04,19.89,3.72,0.0
20230518:1310,389.12,73.3,406.42,9.28,65.62,19.68,3.03,0.0
20230518:1410,620.83,568.76,210.3,14.32,55.89,19.41,1.93,0.0
20230518:1510,473.18,365.23,219.52,11.25,44.66,19.23,2.0,0.0
20230518:1610,176.94,17.28,208.59,4.52,32.96,19.32,2.69,0.0
20230518:1710,136.71,66.28,125.26,4.61,21.24,19.08,3.03,0.0
20230518:1810,27.91,0.0,47.96,1.01,9.78,18.8,3.24,0.0
20230518:1910,0.0,0.0,0.0,0.0,0.0,18.55,2.83,0.0
20230518:2010,0.0,0.0,0.0,0.0,0.0,18.26,2.41,0.0
20230518:2110,0.0,0.0,0.0,0.0,0.0,17.98,1.72,0.0
20230518:2210,0.0,0.0,0.0,0.0,0.0,17.55,0.48,0.0
20230518:2310,0.0,0.0,0.0,0.0,0.0,17.25,0.41,0.0
20230519:0010,0.0,0.0,0.0,0.0,0.0,16.7,1.38,0.0
20230519:0110,0.0,0.0,0.0,0.0,0.0,16.46,1.79,0.0
20230519:0210,0.0,0.0,0.0,0.0,0.0,15.98,2.07,0.0
20230519:0310,0.0,0.0,0.0,0.0,0.0,15.79,2.41,0.0
20230519:0410,0.0,0.0,0.0,0.0,0.0,15.63,2.41,0.0
20230519:0510,0.48,0.0,6.85,0.14,3.17,15.78,2.34,0.0
20230519:0610,62.27,6.28,86.64,2.21,14.33,15.74,2.48,0.0
20230519:0710,48.99,0.0,73.63,1.46,25.91,16.35,2.83,0.0
20230519:0810,26.88,0.0,46.36,0.92,37.66,17.04,2.9,0.0
20230519:0910,249.17,17.98,290.19,6.09,49.26,17.78,2.9,0.0
20230519:1010,379.59,80.98,388.56,9.08,60.11,18.82,1.86,0.0
20230519:1110,599.65,370.7,388.4,13.83,68.68,19.67,1.66,0.0
20230519:1210,107.57,0.0,144.53,2.88,71.25,19.63,2.55,0.0
20230519:1310,173.21,0.0,219.07,4.36,65.8,17.86,4.07,0.0
20230519:1410,341.81,56.53,359.83,8.12,56.04,17.84,3.79,0.0
20230519:1510,398.44,191.72,297.12,9.46,44.79,18.38,2.28,0.0
20230519:1610,339.06,308.2,115.81,9.08,33.08,18.21,2.07,0.0
20230519:1710,92.88,4.75,122.35,2.59,21.37,17.72,2.83,0.0
20230519:1810,30.88,0.0,51.38,1.09,9.92,16.99,3.52,0.0
20230519:1910,0.0,0.0,0.0,0.0,0.0,16.53,3.38,0.0
20230519:2010,0.0,0.0,0.0,0.0,0.0,16.58,3.24,0.0
20230519:2110,0.0,0.0,0.0,0.0,0.0,16.65,2.9,0.0
20230519:2210,0.0,0.0,0.0,0.0,0.0,16.59,1.24,0.0
20230519:2310,0.0,0.0,0.0,0.0,0.0,16.32,1.52,0.0
20230520:0010,0.0,0.0,0.0,0.0,0.0,15.94,1.52,0.0
20230520:0110,0.0,0.0,0.0,0.0,0.0,15.64,1.59,0.0
20230520:0210,0.0,0.0,0.0,0.0,0.0,15.48,1.66,0.0
20230520:0310,0.0,0.0,0.0,0.0,0.0,15.6,1.66,0.0
20230520:0410,0.0,0.0,0.0,0.0,0.0,15.42,1.66,0.0
20230520:0510,0.0,0.0,5.14,0.11,3.3,15.22,1.59,0.0
20230520:0610,48.52,27.88,61.01,3.33,14.44,15.55,1.66,0.0
20230520:0710,215.65,182.11,104.5,6.85,26.02,16.88,1.52,0.0
20230520:0810,408.65,364.95,138.53,10.29,37.77,18.27,2.21,0.0
20230520:0910,573.43,548.23,156.76,13.38,49.37,18.64,2.69,0.0
20230520:1010,689.47,700.35,162.99,15.77,60.25,19.77,2.83,0.0
20230520:1110,768.22,786.87,170.27,17.16,68.86,19.88,4.28,0.0
20230520:1210,784.17,808.45,170.77,17.49,71.46,19.99,4.34,0.0
20230520:1310,705.41,615.55,256.67,15.73,65.98,19.76,4.41,0.0
20230520:1410,641.04,568.67,209.75,14.38,56.18,19.26,5.31,0.0
20230520:1510,389.28,168.17,304.19,9.17,44.92,19.46,5.38,0.0
20230520:1610,200.81,30.21,222.51,5.08,33.21,19.2,4.62,0.0
20230520:1710,134.27,49.63,135.41,4.3,21.5,18.66,2.83,0.0
20230520:1810,31.26,0.0,52.24,1.1,10.06,18.57,2.0,0.0
20230520:1910,0.0,0.0,0.0,0.0,0.0,18.23,1.59,0.0
20230520:2010,0.0,0.0,0.0,0.0,0.0,17.84,1.45,0.0
20230520:2110,0.0,0.0,0.0,0.0,0.0,17.3,1.24,0.0
20230520:2210,0.0,0.0,0.0,0.0,0.0,17.09,0.62,0.0
20230520:2310,0.0,0.0,0.0,0.0,0.0,17.0,0.76,0.0
20230521:0010,0.0,0.0,0.0,0.0,0.0,16.74,0.55,0.0
20230521:0110,0.0,0.0,0.0,0.0,0.0,16.27,0.34,0.0
20230521:0210,0.0,0.0,0.0,0.0,0.0,15.92,0.41,0.0
20230521:0310,0.0,0.0,0.0,0.0,0.0,15.78,0.55,0.0
20230521:0410,0.0,0.0,0.0,0.0,0.0,15.63,0.41,0.0
20230521:0510,1.24,0.0,8.56,0.18,3.42,15.43,0.55,0.0
20230521:0610,61.49,3.76,87.07,2.03,14.55,15.94,0.83,0.0
20230521:0710,196.78,97.94,159.78,5.77,26.12,17.08,0.69,0.0
20230521:0810,391.6,324.01,164.7,9.96,37.87,18.29,0.83,0.0
20230521:0910,548.08,505.26,182.74,13.08,49.48,19.27,1.17,0.0
20230521:1010,635.37,554.17,250.98,14.74,60.38,19.97,1.72,0.0
20230521:1110,683.58,561.47,301.32,15.55,69.04,20.34,2.76,0.0
20230521:1210,625.09,380.65,396.41,14.16,71.67,20.43,3.79,0.0
20230521:1310,572.92,307.06,397.22,13.0,66.15,20.52,4.69,0.0
20230521:1410,650.51,624.44,173.22,14.78,56.33,20.55,4.83,0.0
20230521:1510,503.78,435.22,177.23,11.9,45.05,20.44,5.03,0.0
20230521:1610,260.43,97.63,227.47,6.66,33.33,20.29,4.83,0.0
20230521:1710,139.28,85.85,112.73,5.03,21.62,19.93,4.55,0.0
20230521:1810,35.22,0.0,57.38,1.21,10.19,19.48,4.14,0.0
20230521:1910,0.0,0.0,0.0,0.0,0.0,19.2,3.79,0.0
20230521:2010,0.0,0.0,0.0,0.0,0.0,19.06,3.86,0.0
20230521:2110,0.0,0.0,0.0,0.0,0.0,18.91,3.86,0.0
20230521:2210,0.0,0.0,0.0,0.0,0.0,18.74,2.97,0.0
20230521:2310,0.0,0.0,0.0,0.0,0.0,18.63,1.93,0.0
20230522:0010,0.0,0.0,0.0,0.0,0.0,18.54,1.52,0.0
20230522:0110,0.0,0.0,0.0,0.0,0.0,18.45,2.83,0.0
20230522:0210,0.0,0.0,0.0,0.0,0.0,18.24,3.79,0.0
20230522:0310,0.0,0.0,0.0,0.0,0.0,18.06,3.93,0.0
20230522:0410,0.0,0.0,0.0,0.0,0.0,17.92,4.28,0.0
20230522:0510,3.89,0.0,13.7,0.29,3.54,17.73,4.55,0.0
20230522:0610,43.54,0.27,67.16,1.36,14.65,17.6,4.83,0.0
20230522:0710,72.39,0.0,101.81,2.03,26.22,17.68,5.17,0.0
20230522:0810,149.7,2.58,189.15,3.82,37.96,18.24,5.52,0.0
20230522:0910,297.73,43.16,320.08,7.14,49.59,19.01,6.28,0.0
20230522:1010,523.4,256.81,379.95,11.92,60.51,19.92,5.38,0.0
20230522:1110,296.94,15.01,349.27,7.2,69.21,19.89,6.55,0.0
20230522:1210,724.81,580.78,298.9,15.82,71.87,19.84,7.52,0.0
20230522:1310,600.13,345.16,380.17,13.35,66.32,20.13,7.59,0.0
20230522:1410,582.73,410.11,291.96,13.06,56.46,20.3,7.59,0.0
20230522:1510,469.52,329.83,235.03,10.96,45.17,20.34,7.72,0.0
20230522:1610,316.27,221.34,169.31,8.26,33.46,20.22,7.52,0.0
20230522:1710,139.38,80.19,116.61,4.94,21.75,19.83,7.45,0.0
20230522:1810,35.92,0.0,58.23,1.23,10.33,19.64,6.9,0.0
20230522:1910,0.0,0.0,0.0,0.0,0.0,19.41,6.28,0.0
20230522:2010,0.0,0.0,0.0,0.0,0.0,19.19,6.0,0.0
20230522:2110,0.0,0.0,0.0,0.0,0.0,18.83,5.79,0.0
20230522:2210,0.0,0.0,0.0,0.0,0.0,18.47,4.55,0.0
20230522:2310,0.0,0.0,0.0,0.0,0.0,18.08,4.76,0.0
20230523:0010,0.0,0.0,0.0,0.0,0.0,17.83,4.55,0.0
20230523:0110,0.0,0.0,0.0,0.0,0.0,17.74,4.76,0.0
20230523:0210,0.0,0.0,0.0,0.0,0.0,17.62,5.24,0.0
20230523:0310,0.0,0.0,0.0,0.0,0.0,17.33,5.52,0.0
20230523:0410,0.0,0.0,0.0,0.0,0.0,17.14,5.03,0.0
20230523:0510,0.0,0.0,1.71,0.04,3.65,17.02,4.9,0.0
20230523:0610,12.02,0.0,26.36,0.52,14.75,17.29,4.97,0.0
20230523:0710,27.6,0.0,47.27,0.94,26.31,17.13,4.9,0.0
20230523:0810,29.74,0.0,50.0,0.99,38.06,17.12,4.62,0.0
20230523:0910,61.86,0.0,89.08,1.77,49.68,16.84,4.55,0.0
20230523:1010,214.95,1.96,265.54,5.32,60.63,17.27,3.1,0.0
20230523:1110,223.16,1.0,276.4,5.52,69.37,17.99,3.86,0.0
20230523:1210,222.95,1.0,277.31,5.53,72.06,18.4,3.1,0.0
20230523:1310,97.23,0.0,131.81,2.62,66.48,18.61,2.41,0.0
20230523:1410,69.72,0.0,99.08,1.97,56.6,18.08,2.48,0.0
20230523:1510,55.32,0.0,81.81,1.63,45.3,17.93,2.28,0.0
20230523:1610,67.4,0.0,96.36,1.92,33.58,17.92,1.72,0.0
20230523:1710,44.81,0.0,69.09,1.37,21.87,17.94,1.52,0.0
20230523:1810,34.09,0.0,55.66,1.18,10.46,17.79,1.52,0.0
20230523:1910,0.0,0.0,0.0,0.0,0.0,17.79,2.76,0.0
20230523:2010,0.0,0.0,0.0,0.0,0.0,17.81,2.76,0.0
20230523:2110,0.0,0.0,0.0,0.0,0.0,17.71,2.62,0.0
20230523:2210,0.0,0.0,0.0,0.0,0.0,17.35,2.55,0.0
20230523:2310,0.0,0.0,0.0,0.0,0.0,17.1,2.14,0.0
20230524:0010,0.0,0.0,0.0,0.0,0.0,16.95,2.76,0.0
20230524:0110,0.0,0.0,0.0,0.0,0.0,16.86,3.17,0.0
20230524:0210,0.0,0.0,0.0,0.0,0.0,16.97,3.45,0.0
20230524:0310,0.0,0.0,0.0,0.0,0.0,16.96,3.1,0.0
20230524:0410,0.0,0.0,0.0,0.0,0.0,17.13,2.97,0.0
20230524:0510,4.39,0.0,14.56,0.31,3.75,17.25,2.55,0.0
20230524:0610,15.23,0.0,30.91,0.61,14.85,17.27,2.83,0.0
20230524:0710,28.95,0.0,49.09,0.98,26.4,17.44,3.03,0.0
20230524:0810,35.41,0.0,57.27,1.14,38.14,17.58,3.1,0.0
20230524:0910,41.23,0.0,64.54,1.28,49.78,17.79,3.45,0.0
20230524:1010,46.17,0.0,70.9,1.41,60.74,18.81,3.1,0.0
20230524:1110,51.24,0.0,77.27,1.54,69.53,19.12,2.07,0.0
20230524:1210,280.57,10.01,340.69,6.94,72.25,19.54,1.72,0.0
20230524:1310,630.36,474.41,321.82,14.54,66.65,19.69,1.93,0.0
20230524:1410,628.82,609.41,174.41,14.61,56.74,19.51,2.41,0.0
20230524:1510,504.06,475.3,145.84,12.19,45.42,19.64,2.48,0.0
20230524:1610,210.88,40.27,227.11,5.41,33.7,19.89,2.21,0.0
20230524:1710,94.17,5.22,125.0,2.66,22.0,19.97,1.52,0.0
20230524:1810,29.7,0.0,50.53,1.07,10.59,19.73,0.83,0.0
20230524:1910,0.0,0.0,0.0,0.0,0.0,19.5,0.76,0.0
20230524:2010,0.0,0.0,0.0,0.0,0.0,18.69,0.34,0.0
20230524:2110,0.0,0.0,0.0,0.0,0.0,18.2,0.69,0.0
20230524:2210,0.0,0.0,0.0,0.0,0.0,18.47,0.76,0.0
20230524:2310,0.0,0.0,0.0,0.0,0.0,17.74,1.1,0.0
20230525:0010,0.0,0.0,0.0,0.0,0.0,17.45,1.66,0.0
20230525:0110,0.0,0.0,0.0,0.0,0.0,17.09,1.86,0.0
20230525:0210,0.0,0.0,0.0,0.0,0.0,16.71,2.28,0.0
20230525:0310,0.0,0.0,0.0,0.0,0.0,16.37,2.21,0.0
20230525:0410,0.0,0.0,0.0,0.0,0.0,16.13,2.0,0.0
20230525:0510,6.52,0.0,17.98,0.38,3.85,16.0,1.72,0.0
20230525:0610,63.83,12.92,86.06,2.77,14.94,16.64,1.79,0.0
20230525:0710,203.08,129.73,139.16,6.28,26.48,18.02,1.1,0.0
20230525:0810,370.72,289.93,179.65,9.64,38.22,19.56,0.07,0.0
20230525:0910,523.58,446.8,210.33,12.59,49.86,20.3,1.38,0.0
20230525:1010,620.56,517.88,261.95,14.4,60.85,21.02,2.55,0.0
20230525:1110,715.53,695.82,213.89,16.48,69.68,21.5,2.83,0.0
20230525:1210,696.54,598.16,284.63,15.95,72.44,21.55,3.03,0.0
20230525:1310,593.7,376.57,365.85,13.67,66.8,21.44,3.24,0.0
20230525:1410,603.1,512.01,233.27,13.91,56.87,21.15,3.93,0.0
20230525:1510,304.24,67.99,307.47,7.4,45.54,20.19,3.86,0.0
20230525:1610,43.06,0.0,67.27,1.34,33.81,19.53,3.24,0.0
20230525:1710,81.79,1.73,112.58,2.3,22.12,19.3,2.34,0.0
20230525:1810,36.57,0.0,59.09,1.25,10.71,19.24,2.14,0.0
20230525:1910,0.0,0.0,0.0,0.0,0.0,18.96,1.66,0.0
20230525:2010,0.0,0.0,0.0,0.0,0.0,18.87,1.72,0.0
20230525:2110,0.0,0.0,0.0,0.0,0.0,18.59,2.34,0.0
20230525:2210,0.0,0.0,0.0,0.0,0.0,18.37,2.34,0.0
20230525:2310,0.0,0.0,0.0,0.0,0.0,18.28,1.79,0.0
20230526:0010,0.0,0.0,0.0,0.0,0.0,18.13,2.28,0.0
20230526:0110,0.0,0.0,0.0,0.0,0.0,18.08,2.62,0.0
20230526:0210,0.0,0.0,0.0,0.0,0.0,18.04,2.69,0.0
20230526:0310,0.0,0.0,0.0,0.0,0.0,18.05,2.9,0.0
20230526:0410,0.0,0.0,0.0,0.0,0.0,18.01,2.69,0.0
20230526:0510,2.03,0.0,10.28,0.22,3.95,18.09,2.9,0.0
20230526:0610,47.73,0.51,72.49,1.48,15.02,18.44,3.1,0.0
20230526:0710,183.23,64.23,173.9,5.21,26.56,18.82,3.45,0.0
20230526:0810,355.88,214.43,222.64,8.9,38.3,19.58,3.93,0.0
20230526:0910,523.28,402.98,235.5,12.24,49.95,19.92,4.14,0.0
20230526:1010,670.32,631.38,194.16,15.26,60.95,20.72,4.69,0.0
20230526:1110,745.85,738.09,186.84,16.78,69.82,20.83,4.97,0.0
20230526:1210,759.96,743.52,198.42,17.02,72.61,21.23,5.52,0.0
20230526:1310,706.57,636.25,232.45,15.84,66.96,21.25,5.93,0.0
20230526:1410,646.36,622.11,166.15,14.76,57.0,21.35,6.07,0.0
20230526:1510,501.89,442.2,167.51,11.99,45.66,21.59,6.21,0.0
20230526:1610,329.15,273.82,136.04,8.88,33.93,21.19,6.14,0.0
20230526:1710,139.38,107.18,95.87,5.44,22.23,20.81,6.0,0.0
20230526:1810,31.68,0.0,53.1,1.12,10.84,20.59,5.72,0.0
20230526:1910,0.0,0.0,0.0,0.0,0.0,20.3,5.38,0.0
20230526:2010,0.0,0.0,0.0,0.0,0.0,20.07,5.45,0.0
20230526:2110,0.0,0.0,0.0,0.0,0.0,19.81,5.66,0.0
20230526:2210,0.0,0.0,0.0,0.0,0.0,19.51,5.59,0.0
20230526:2310,0.0,0.0,0.0,0.0,0.0,19.34,5.52,0.0
20230527:0010,0.0,0.0,0.0,0.0,0.0,19.17,5.59,0.0
20230527:0110,0.0,0.0,0.0,0.0,0.0,19.05,6.14,0.0
20230527:0210,0.0,0.0,0.0,0.0,0.0,19.08,6.34,0.0
20230527:0310,0.0,0.0,0.0,0.0,0.0,19.06,5.38,0.0
20230527:0410,0.0,0.0,0.0,0.0,0.0,18.95,3.66,0.0
20230527:0510,3.86,0.0,13.7,0.29,4.04,18.89,5.17,0.0
20230527:0610,11.29,0.0,25.45,0.51,15.1,18.95,6.97,0.0
20230527:0710,17.73,0.0,34.54,0.69,26.63,19.25,8.21,0.0
20230527:0810,80.25,0.0,111.81,2.22,38.37,19.83,8.55,0.0
20230527:0910,554.47,464.98,198.47,12.77,50.02,20.49,8.83,0.0
20230527:1010,676.14,606.8,209.61,15.12,61.05,20.6,7.86,0.0
20230527:1110,691.64,535.67,305.89,15.34,69.96,21.2,7.86,0.0
20230527:1210,647.99,419.81,373.94,14.52,72.79,21.73,6.97,0.0
20230527:1310,654.71,485.39,316.65,14.7,67.11,22.16,7.03,0.0
20230527:1410,621.71,533.79,221.41,14.14,57.12,22.36,7.86,0.0
20230527:1510,480.29,371.71,210.83,11.43,45.77,22.27,7.79,0.0
20230527:1610,245.64,75.05,232.98,6.31,34.04,21.98,7.24,0.0
20230527:1710,29.13,0.0,50.0,0.99,22.35,21.26,6.28,0.0
20230527:1810,2.87,0.0,11.99,0.25,10.96,20.8,6.07,0.0
20230527:1910,0.0,0.0,0.0,0.0,0.0,20.59,5.45,0.0
20230527:2010,0.0,0.0,0.0,0.0,0.0,20.47,3.93,0.0
20230527:2110,0.0,0.0,0.0,0.0,0.0,19.91,3.31,0.0
20230527:2210,0.0,0.0,0.0,0.0,0.0,19.47,3.38,0.0
20230527:2310,0.0,0.0,0.0,0.0,0.0,19.14,3.59,0.0
20230528:0010,0.0,0.0,0.0,0.0,0.0,18.95,2.9,0.0
20230528:0110,0.0,0.0,0.0,0.0,0.0,18.57,2.83,0.0
20230528:0210,0.0,0.0,0.0,0.0,0.0,18.23,3.66,0.0
20230528:0310,0.0,0.0,0.0,0.0,0.0,18.05,3.52,0.0
20230528:0410,0.0,0.0,0.0,0.0,0.0,17.95,3.17,0.0
20230528:0510,7.54,0.0,19.7,0.42,4.12,17.64,2.69,0.0
20230528:0610,65.25,5.77,91.04,2.3,15.17,17.41,2.48,0.0
20230528:0710,45.67,0.0,69.99,1.39,26.7,17.63,2.34,0.0
20230528:0810,80.23,0.0,111.81,2.22,38.44,18.55,2.07,0.0
20230528:0910,177.79,0.92,225.48,4.5,50.09,18.99,2.48,0.0
20230528:1010,326.78,43.53,364.99,8.01,61.14,20.64,1.79,0.0
20230528:1110,700.89,691.81,212.19,16.46,70.09,20.55,1.52,0.0
20230528:1210,741.33,780.52,170.95,17.25,72.95,20.15,2.0,0.0
20230528:1310,710.91,735.1,167.79,16.53,67.25,20.03,2.21,0.0
20230528:1410,566.39,421.04,283.2,13.22,57.25,20.09,2.55,0.0
20230528:1510,503.47,474.4,144.16,12.24,45.88,20.09,3.03,0.0
20230528:1610,207.97,35.83,226.9,5.32,34.15,19.4,2.76,0.0
20230528:1710,93.48,4.58,124.13,2.62,22.46,19.22,2.07,0.0
20230528:1810,34.54,0.0,56.52,1.19,11.08,18.95,1.1,0.0
20230528:1910,0.0,0.0,0.0,0.0,0.0,18.91,1.38,0.0
20230528:2010,0.0,0.0,0.0,0.0,0.0,18.73,1.17,0.0
20230528:2110,0.0,0.0,0.0,0.0,0.0,18.44,0.21,0.0
20230528:2210,0.0,0.0,0.0,0.0,0.0,18.33,2.41,0.0
20230528:2310,0.0,0.0,0.0,0.0,0.0,18.2,2.41,0.0
20230529:0010,0.0,0.0,0.0,0.0,0.0,17.96,1.66,0.0
20230529:0110,0.0,0.0,0.0,0.0,0.0,17.64,1.72,0.0
20230529:0210,0.0,0.0,0.0,0.0,0.0,17.39,2.28,0.0
20230529:0310,0.0,0.0,0.0,0.0,0.0,17.46,2.41,0.0
20230529:0410,0.0,0.0,0.0,0.0,0.0,17.21,1.93,0.0
20230529:0510,8.12,0.0,20.55,0.43,4.2,17.03,1.86,0.0
20230529:0610,57.44,19.84,75.85,3.18,15.24,17.68,2.28,0.0
20230529:0710,161.82,32.37,178.63,4.45,26.76,18.91,2.07,0.0
20230529:0810,210.4,23.52,243.44,5.34,38.5,20.37,1.93,0.0
20230529:0910,495.6,391.84,239.46,12.17,50.16,21.39,0.62,0.0
20230529:1010,630.86,626.59,193.51,15.25,61.22,22.03,0.83,0.0
20230529:1110,713.38,759.63,170.25,16.96,70.21,22.17,1.52,0.0
20230529:1210,748.96,802.96,158.73,17.47,73.11,21.97,2.62,0.0
20230529:1310,699.18,682.79,201.38,16.2,67.39,21.97,3.17,0.0
20230529:1410,638.68,647.05,149.87,15.01,57.37,21.51,3.24,0.0
20230529:1510,503.0,481.48,141.13,12.35,45.99,21.1,2.76,0.0
20230529:1610,328.54,294.68,121.63,9.13,34.26,20.87,1.93,0.0
20230529:1710,139.91,95.94,106.87,5.34,22.58,20.27,0.83,0.0
20230529:1810,30.91,0.0,52.24,1.1,11.2,20.48,0.69,0.0
20230529:1910,0.0,0.0,0.0,0.0,0.0,20.37,0.76,0.0
20230529:2010,0.0,0.0,0.0,0.0,0.0,19.83,1.1,0.0
20230529:2110,0.0,0.0,0.0,0.0,0.0,19.36,0.83,0.0
20230529:2210,0.0,0.0,0.0,0.0,0.0,18.83,1.31,0.0
20230529:2310,0.0,0.0,0.0,0.0,0.0,18.57,1.52,0.0
20230530:0010,0.0,0.0,0.0,0.0,0.0,17.95,1.45,0.0
20230530:0110,0.0,0.0,0.0,0.0,0.0,17.82,0.69,0.0
20230530:0210,0.0,0.0,0.0,0.0,0.0,17.39,0.41,0.0
20230530:0310,0.0,0.0,0.0,0.0,0.0,17.25,1.17,0.0
20230530:0410,0.0,0.0,0.0,0.0,0.0,17.33,1.45,0.0
20230530:0510,0.0,0.0,2.57,0.05,4.27,17.79,1.72,0.0
20230530:0610,55.87,1.47,81.92,1.75,15.31,17.95,1.66,0.0
20230530:0710,93.58,0.67,127.24,2.55,26.82,18.63,1.17,0.0
20230530:0810,273.16,77.9,265.19,6.91,38.55,19.78,1.17,0.0
20230530:0910,309.82,58.88,329.94,7.65,50.22,20.46,1.1,0.0
20230530:1010,314.55,36.62,358.95,7.78,61.3,21.52,1.66,0.0
20230530:1110,370.31,57.12,404.56,9.01,70.33,21.61,2.83,0.0
20230530:1210,337.7,32.66,387.96,8.26,73.27,21.33,3.03,0.0
20230530:1310,208.93,0.98,262.76,5.24,67.53,19.9,2.97,0.0
20230530:1410,223.79,4.76,276.6,5.59,57.48,19.42,2.28,0.0
20230530:1510,467.86,369.35,211.22,11.45,46.1,19.36,1.59,0.0
20230530:1610,106.56,0.0,143.63,2.86,34.37,19.54,1.45,0.0
20230530:1710,130.24,29.05,147.74,3.92,22.68,19.2,1.86,0.0
20230530:1810,31.84,0.0,53.1,1.12,11.31,19.13,1.72,0.0
20230530:1910,0.0,0.0,0.0,0.0,0.0,19.18,0.62,0.0
20230530:2010,0.0,0.0,0.0,0.0,0.0,19.21,1.24,0.0
20230530:2110,0.0,0.0,0.0,0.0,0.0,18.65,1.93,0.0
20230530:2210,0.0,0.0,0.0,0.0,0.0,18.86,2.0,0.0
20230530:2310,0.0,0.0,0.0,0.0,0.0,18.78,1.72,0.0
20230531:0010,0.0,0.0,0.0,0.0,0.0,18.49,1.52,0.0
20230531:0110,0.0,0.0,0.0,0.0,0.0,18.05,1.66,0.0
20230531:0210,0.0,0.0,0.0,0.0,0.0,17.73,1.79,0.0
20230531:0310,0.0,0.0,0.0,0.0,0.0,17.75,1.79,0.0
20230531:0410,0.0,0.0,0.0,0.0,0.0,17.67,2.0,0.0
20230531:0510,8.66,0.0,21.41,0.45,4.34,17.47,2.0,0.0
20230531:0610,47.79,27.92,61.0,3.58,15.36,18.08,2.0,0.0
20230531:0710,207.91,178.61,102.64,7.0,26.87,19.38,1.24,0.0
20230531:0810,386.49,351.7,139.14,10.33,38.6,20.57,0.34,0.0
20230531:0910,542.96,538.87,149.58,13.4,50.28,21.33,1.1,0.0
20230531:1010,653.5,696.42,152.76,15.86,61.37,22.42,1.1,0.0
20230531:1110,730.97,794.43,151.9,17.33,70.44,22.59,2.14,0.0
20230531:1210,746.4,795.41,164.47,17.49,73.41,22.88,2.83,0.0
20230531:1310,716.05,748.99,162.35,16.76,67.66,22.55,3.03,0.0
20230531:1410,624.47,599.2,179.98,14.7,57.6,22.2,3.52,0.0
20230531:1510,479.25,411.59,187.58,11.86,46.21,22.37,2.34,0.0
20230531:1610,307.91,226.92,168.79,8.54,34.47,22.08,0.69,0.0
20230531:1710,139.72,123.89,85.72,5.84,22.79,21.78,0.21,0.0
20230531:1810,40.11,0.0,64.23,1.36,11.43,21.55,0.41,0.0
20230531:1910,0.0,0.0,0.0,0.0,0.0,21.14,0.34,0.0
20230531:2010,0.0,0.0,0.0,0.0,0.0,20.61,0.69,0.0
20230531:2110,0.0,0.0,0.0,0.0,0.0,20.01,0.97,0.0
20230531:2210,0.0,0.0,0.0,0.0,0.0,20.16,0.83,0.0
20230531:2310,0.0,0.0,0.0,0.0,0.0,19.88,0.76,0.0
20230601:0010,0.0,0.0,0.0,0.0,0.0,19.11,0.83,0.0
20230601:0110,0.0,0.0,0.0,0.0,0.0,18.68,1.17,0.0
20230601:0210,0.0,0.0,0.0,0.0,0.0,18.4,1.52,0.0
20230601:0310,0.0,0.0,0.0,0.0,0.0,18.06,1.72,0.0
20230601:0410,0.0,0.0,0.0,0.0,0.0,17.89,1.66,0.0
20230601:0510,8.08,0.0,20.55,0.43,4.4,17.87,1.72,0.0
20230601:0610,53.57,23.53,70.07,3.44,15.42,18.54,1.59,0.0
20230601:0710,205.48,151.25,124.64,6.71,26.92,19.51,1.24,0.0
20230601:0810,388.26,341.61,146.47,10.27,38.65,20.72,1.31,0.0
20230601:0910,546.06,525.86,160.06,13.36,50.33,21.32,1.79,0.0
20230601:1010,663.81,682.73,161.52,15.79,61.43,21.6,2.14,0.0
20230601:1110,741.05,779.43,162.81,17.27,70.54,21.78,3.1,0.0
20230601:1210,761.04,802.09,163.35,17.61,73.56,22.26,3.72,0.0
20230601:1310,730.55,755.65,161.23,16.89,67.79,22.21,4.21,0.0
20230601:1410,641.77,629.51,163.21,14.99,57.71,22.15,4.76,0.0
20230601:1510,473.54,362.62,218.45,11.48,46.31,22.0,4.76,0.0
20230601:1610,328.11,274.58,138.86,9.06,34.58,21.83,3.59,0.0
20230601:1710,143.08,68.62,131.89,4.96,22.9,21.18,3.17,0.0
20230601:1810,35.61,0.0,58.23,1.23,11.54,20.92,3.03,0.0
20230601:1910,0.0,0.0,0.0,0.0,0.0,20.47,2.41,0.0
20230601:2010,0.0,0.0,0.0,0.0,0.0,20.2,2.48,0.0
20230601:2110,0.0,0.0,0.0,0.0,0.0,19.86,2.0,0.0
20230601:2210,0.0,0.0,0.0,0.0,0.0,19.56,1.93,0.0
20230601:2310,0.0,0.0,0.0,0.0,0.0,19.45,2.14,0.0
20230602:0010,0.0,0.0,0.0,0.0,0.0,19.16,2.0,0.0
20230602:0110,0.0,0.0,0.0,0.0,0.0,19.04,1.79,0.0
20230602:0210,0.0,0.0,0.0,0.0,0.0,18.76,2.55,0.0
20230602:0310,0.0,0.0,0.0,0.0,0.0,18.64,3.03,0.0
20230602:0410,0.0,0.0,0.0,0.0,0.0,18.51,3.1,0.0
20230602:0510,7.5,0.0,19.7,0.42,4.46,18.58,2.9,0.0
20230602:0610,66.14,5.46,92.76,2.33,15.47,18.86,3.1,0.0
20230602:0710,204.26,145.36,127.42,6.62,26.96,19.88,2.76,0.0
20230602:0810,392.19,349.89,137.89,10.31,38.69,21.33,3.03,0.0
20230602:0910,547.34,519.34,159.88,13.26,50.37,22.04,3.24,0.0
20230602:1010,667.08,683.5,158.38,15.77,61.49,22.11,2.9,0.0
20230602:1110,708.19,656.71,231.86,16.29,70.64,22.16,4.14,0.0
20230602:1210,721.92,650.2,251.17,16.46,73.69,21.67,4.62,0.0
20230602:1310,695.14,636.59,229.12,15.95,67.92,21.86,4.55,0.0
20230602:1410,624.98,588.78,185.51,14.65,57.82,21.57,3.93,0.0
20230602:1510,480.61,404.8,190.11,11.81,46.41,21.7,3.1,0.0
20230602:1610,175.53,14.96,211.06,4.54,34.68,21.16,2.69,0.0
20230602:1710,93.23,3.96,125.09,2.62,23.0,20.77,2.41,0.0
20230602:1810,32.94,0.0,54.81,1.16,11.65,20.66,2.21,0.0
20230602:1910,0.0,0.0,0.0,0.0,0.0,20.44,1.72,0.0
20230602:2010,0.0,0.0,0.0,0.0,0.0,20.11,1.31,0.0
20230602:2110,0.0,0.0,0.0,0.0,0.0,19.83,1.31,0.0
20230602:2210,0.0,0.0,0.0,0.0,0.0,19.51,2.28,0.0
20230602:2310,0.0,0.0,0.0,0.0,0.0,19.53,2.48,0.0
20230603:0010,0.0,0.0,0.0,0.0,0.0,19.4,2.28,0.0
20230603:0110,0.0,0.0,0.0,0.0,0.0,19.45,1.93,0.0
20230603:0210,0.0,0.0,0.0,0.0,0.0,19.36,1.86,0.0
20230603:0310,0.0,0.0,0.0,0.0,0.0,19.12,1.72,0.0
20230603:0410,0.0,0.0,0.0,0.0,0.0,18.68,1.79,0.0
20230603:0510,6.94,0.0,18.84,0.4,4.52,18.93,2.0,0.0
20230603:0610,51.92,0.7,77.79,1.61,15.51,19.22,2.55,0.0
20230603:0710,30.71,0.0,51.81,1.03,27.0,19.9,3.31,0.0
20230603:0810,64.39,0.0,93.63,1.86,38.72,20.73,3.79,0.0
20230603:0910,200.6,4.56,250.19,5.06,50.41,21.17,3.66,0.0
20230603:1010,310.82,31.58,353.96,7.6,61.55,21.65,4.62,0.0
20230603:1110,742.44,757.55,168.46,17.02,70.73,21.77,4.76,0.0
20230603:1210,758.55,768.34,176.01,17.27,73.82,21.7,5.17,0.0
20230603:1310,714.16,712.61,179.78,16.48,68.04,21.33,4.0,0.0
20230603:1410,627.48,609.66,170.73,14.79,57.92,21.73,3.59,0.0
20230603:1510,343.97,111.28,314.72,8.41,46.51,21.52,3.59,0.0
20230603:1610,307.6,213.03,176.82,8.41,34.77,21.69,2.21,0.0
20230603:1710,142.18,107.39,100.51,5.62,23.1,21.74,1.79,0.0
20230603:1810,34.76,0.0,57.38,1.21,11.75,21.56,1.31,0.0
20230603:1910,0.0,0.0,0.0,0.0,0.0,21.15,0.62,0.0
20230603:2010,0.0,0.0,0.0,0.0,0.0,20.69,1.03,0.0
20230603:2110,0.0,0.0,0.0,0.0,0.0,20.07,0.97,0.0
20230603:2210,0.0,0.0,0.0,0.0,0.0,19.42,1.72,0.0
20230603:2310,0.0,0.0,0.0,0.0,0.0,19.23,1.86,0.0
20230604:0010,0.0,0.0,0.0,0.0,0.0,19.01,1.93,0.0
20230604:0110,0.0,0.0,0.0,0.0,0.0,18.91,2.07,0.0
20230604:0210,0.0,0.0,0.0,0.0,0.0,18.74,1.79,0.0
20230604:0310,0.0,0.0,0.0,0.0,0.0,18.78,1.45,0.0
20230604:0410,0.0,0.0,0.0,0.0,0.0,18.86,1.66,0.0
20230604:0510,9.16,0.0,22.27,0.47,4.56,18.75,1.66,0.0
20230604:0610,46.69,27.83,60.19,3.67,15.55,19.21,1.79,0.0
20230604:0710,206.28,176.57,102.96,7.03,27.03,19.96,1.79,0.0
20230604:0810,394.64,366.41,128.16,10.53,38.76,20.8,1.72,0.0
20230604:0910,549.04,542.93,147.02,13.53,50.45,21.58,1.86,0.0
20230604:1010,663.37,703.35,147.22,15.99,61.6,22.56,1.93,0.0
20230604:1110,740.42,793.65,150.35,17.38,70.81,22.72,3.24,0.0
20230604:1210,762.7,805.65,157.9,17.65,73.94,22.71,4.28,0.0
20230604:1310,687.9,614.46,243.41,15.84,68.16,22.76,4.9,0.0
20230604:1410,645.89,650.36,150.04,15.21,58.03,22.68,4.69,0.0
20230604:1510,499.38,455.99,159.47,12.3,46.61,22.33,4.14,0.0
20230604:1610,328.08,278.59,135.78,9.13,34.87,22.08,3.31,0.0
20230604:1710,143.79,89.74,116.66,5.37,23.2,22.14,2.28,0.0
20230604:1810,36.76,0.0,59.95,1.27,11.85,21.74,1.66,0.0
20230604:1910,0.0,0.0,0.0,0.0,0.0,21.33,0.97,0.0
20230604:2010,0.0,0.0,0.0,0.0,0.0,20.8,0.41,0.0
20230604:2110,0.0,0.0,0.0,0.0,0.0,20.24,0.41,0.0
20230604:2210,0.0,0.0,0.0,0.0,0.0,19.8,0.69,0.0
20230604:2310,0.0,0.0,0.0,0.0,0.0,19.88,0.69,0.0
20230605:0010,0.0,0.0,0.0,0.0,0.0,19.64,0.69,0.0
20230605:0110,0.0,0.0,0.0,0.0,0.0,19.3,0.69,0.0
20230605:0210,0.0,0.0,0.0,0.0,0.0,18.69,0.83,0.0
20230605:0310,0.0,0.0,0.0,0.0,0.0,18.08,1.03,0.0
20230605:0410,0.0,0.0,0.0,0.0,0.0,17.64,0.9,0.0
20230605:0510,9.22,0.0,22.27,0.47,4.61,17.63,0.9,0.0
20230605:0610,54.5,21.54,72.04,3.4,15.58,17.87,0.69,0.0
20230605:0710,203.73,168.07,108.41,6.93,27.06,18.93,0.34,0.0
20230605:0810,387.19,358.16,130.88,10.42,38.78,20.43,0.76,0.0
20230605:0910,542.14,531.99,150.75,13.4,50.48,21.25,1.52,0.0
20230605:1010,659.99,688.97,153.02,15.84,61.64,22.35,2.14,0.0
20230605:1110,743.89,787.74,152.22,17.33,70.89,22.59,3.93,0.0
20230605:1210,755.76,789.93,163.77,17.49,74.06,22.81,4.34,0.0
20230605:1310,721.04,735.08,166.63,16.69,68.27,22.81,4.76,0.0
20230605:1410,634.84,629.73,158.75,14.99,58.12,22.51,4.21,0.0
20230605:1510,390.01,185.52,300.19,9.58,46.7,22.28,2.83,0.0
20230605:1610,145.87,4.7,187.3,3.83,34.96,22.08,1.86,0.0
20230605:1710,99.94,5.07,133.13,2.82,23.29,22.07,1.59,0.0
20230605:1810,41.42,0.0,65.94,1.39,11.95,22.02,1.24,0.0
20230605:1910,0.0,0.0,0.0,0.0,0.0,21.63,1.03,0.0
20230605:2010,0.0,0.0,0.0,0.0,0.0,21.14,0.9,0.0
20230605:2110,0.0,0.0,0.0,0.0,0.0,20.47,0.76,0.0
20230605:2210,0.0,0.0,0.0,0.0,0.0,20.23,1.17,0.0
20230605:2310,0.0,0.0,0.0,0.0,0.0,19.88,0.9,0.0
20230606:0010,0.0,0.0,0.0,0.0,0.0,19.17,0.55,0.0
20230606:0110,0.0,0.0,0.0,0.0,0.0,19.0,1.1,0.0
20230606:0210,0.0,0.0,0.0,0.0,0.0,19.19,0.97,0.0
20230606:0310,0.0,0.0,0.0,0.0,0.0,18.88,0.21,0.0
20230606:0410,0.0,0.0,0.0,0.0,0.0,18.54,0.34,0.0
20230606:0510,9.73,0.0,23.12,0.49,4.64,18.52,0.41,0.0
20230606:0610,47.02,26.72,61.09,3.65,15.61,18.64,0.55,0.0
20230606:0710,0.0,0.0,0.0,0.0,0.0,19.97,0.97,0.0
20230606:0810,394.03,370.56,125.05,10.6,38.81,21.11,1.52,0.0
20230606:0910,552.17,557.45,138.04,13.69,50.5,21.81,1.79,0.0
20230606:1010,645.68,674.69,161.78,15.75,61.68,22.64,1.24,0.0
20230606:1110,716.33,738.02,181.03,16.95,70.95,22.98,2.69,0.0
20230606:1210,746.57,772.35,174.66,17.38,74.17,23.23,4.0,0.0
20230606:1310,722.42,739.08,166.54,16.78,68.38,23.34,4.83,0.0
20230606:1410,628.45,603.55,176.24,14.83,58.22,23.42,4.9,0.0
20230606:1510,511.45,493.77,137.25,12.68,46.79,23.35,4.76,0.0
20230606:1610,337.51,308.3,117.88,9.49,35.05,23.17,4.55,0.0
20230606:1710,144.05,121.67,90.79,5.91,23.38,22.75,3.79,0.0
20230606:1810,39.42,0.0,63.37,1.34,12.05,22.27,3.24,0.0
20230606:1910,0.0,0.0,0.0,0.0,0.0,21.68,2.62,0.0
20230606:2010,0.0,0.0,0.0,0.0,0.0,21.49,2.41,0.0
20230606:2110,0.0,0.0,0.0,0.0,0.0,21.15,2.21,0.0
20230606:2210,0.0,0.0,0.0,0.0,0.0,20.73,1.86,0.0
20230606:2310,0.0,0.0,0.0,0.0,0.0,20.6,2.21,0.0
20230607:0010,0.0,0.0,0.0,0.0,0.0,20.52,2.76,0.0
20230607:0110,0.0,0.0,0.0,0.0,0.0,20.5,2.55,0.0
20230607:0210,0.0,0.0,0.0,0.0,0.0,20.35,1.59,0.0
20230607:0310,0.0,0.0,0.0,0.0,0.0,20.24,1.31,0.0
20230607:0410,0.0,0.0,0.0,0.0,0.0,20.16,1.86,0.0
20230607:0510,5.31,0.0,16.27,0.34,4.68,20.21,2.34,0.0
20230607:0610,40.64,0.22,64.43,1.3,15.64,20.33,2.14,0.0
20230607:0710,93.42,1.3,127.21,2.57,27.1,20.58,2.55,0.0
20230607:0810,134.6,0.82,176.36,3.53,38.82,21.05,3.03,0.0
20230607:0910,174.0,0.91,222.75,4.45,50.52,21.4,3.66,0.0
20230607:1010,129.46,0.0,171.81,3.42,61.71,21.91,2.97,0.0
20230607:1110,159.97,0.0,208.17,4.14,71.02,21.9,2.55,0.0
20230607:1210,93.3,0.0,129.08,2.57,74.28,21.79,1.79,0.0
20230607:1310,76.86,0.0,109.08,2.17,68.48,21.43,2.34,0.0
20230607:1410,146.74,0.0,191.8,3.82,58.31,21.33,2.9,0.0
20230607:1510,161.55,0.89,208.2,4.16,46.88,21.23,3.1,0.0
20230607:1610,41.2,0.0,65.45,1.3,35.14,21.41,3.31,0.0
20230607:1710,11.76,0.0,26.36,0.52,23.47,21.12,2.97,0.0
20230607:1810,17.96,0.0,35.11,0.74,12.14,21.05,2.83,0.0
20230607:1910,0.0,0.0,0.0,0.0,0.0,20.92,2.76,0.0
20230607:2010,0.0,0.0,0.0,0.0,0.0,20.48,2.0,0.0
20230607:2110,0.0,0.0,0.0,0.0,0.0,20.74,1.93,0.0
20230607:2210,0.0,0.0,0.0,0.0,0.0,20.27,0.69,0.0
20230607:2310,0.0,0.0,0.0,0.0,0.0,20.1,0.28,0.0
20230608:0010,0.0,0.0,0.0,0.0,0.0,19.79,0.69,0.0
20230608:0110,0.0,0.0,0.0,0.0,0.0,19.71,0.69,0.0
20230608:0210,0.0,0.0,0.0,0.0,0.0,19.51,0.76,0.0
20230608:0310,0.0,0.0,0.0,0.0,0.0,19.25,0.76,0.0
20230608:0410,0.0,0.0,0.0,0.0,0.0,18.83,0.9,0.0
20230608:0510,9.74,0.0,23.12,0.49,4.7,18.51,0.97,0.0
20230608:0610,64.9,10.83,89.33,2.82,15.66,18.95,1.66,0.0
20230608:0710,169.18,43.55,178.44,4.81,27.12,19.9,2.0,0.0
20230608:0810,259.91,66.43,260.72,6.62,38.84,20.83,1.93,0.0
20230608:0910,399.47,170.17,326.25,9.71,50.54,21.45,2.55,0.0
20230608:1010,605.59,521.85,243.77,14.41,61.74,22.72,2.55,0.0
20230608:1110,633.02,466.92,327.01,14.7,71.07,22.81,3.93,0.0
20230608:1210,660.79,502.73,322.74,15.21,74.37,23.01,4.83,0.0
20230608:1310,448.31,142.28,416.39,10.72,68.58,22.97,3.79,0.0
20230608:1410,135.36,0.0,179.08,3.56,58.4,22.73,4.0,0.0
20230608:1510,152.18,0.88,198.19,3.96,46.97,22.82,3.93,0.0
20230608:1610,317.88,249.81,151.41,8.81,35.23,22.53,3.79,0.0
20230608:1710,142.26,60.76,137.95,4.83,23.56,22.23,2.62,0.0
20230608:1810,26.09,0.0,46.24,0.98,12.23,22.03,1.1,0.0
20230608:1910,0.0,0.0,0.0,0.0,0.0,21.86,0.41,0.0
20230608:2010,0.0,0.0,0.0,0.0,0.0,21.75,0.69,0.0
20230608:2110,0.0,0.0,0.0,0.0,0.0,21.6,0.83,0.0
20230608:2210,0.0,0.0,0.0,0.0,0.0,20.0,1.17,0.0
20230608:2310,0.0,0.0,0.0,0.0,0.0,20.17,2.21,0.0
20230609:0010,0.0,0.0,0.0,0.0,0.0,19.95,1.86,0.0
20230609:0110,0.0,0.0,0.0,0.0,0.0,19.85,2.34,0.0
20230609:0210,0.0,0.0,0.0,0.0,0.0,19.81,2.34,0.0
20230609:0310,0.0,0.0,0.0,0.0,0.0,19.9,1.52,0.0
20230609:0410,0.0,0.0,0.0,0.0,0.0,19.96,1.52,0.0
20230609:0510,8.54,0.0,21.41,0.45,4.73,19.86,1.66,0.0
20230609:0610,61.95,14.4,84.87,3.09,15.67,20.28,1.52,0.0
20230609:0710,199.9,165.89,107.97,6.93,27.13,21.44,1.17,0.0
20230609:0810,378.18,337.26,142.56,10.25,38.84,22.79,1.45,0.0
20230609:0910,535.47,527.87,150.25,13.38,50.55,23.85,2.07,0.0
20230609:1010,655.91,684.56,152.56,15.82,61.76,24.69,2.97,0.0
20230609:1110,712.44,753.11,167.74,17.04,71.13,25.42,3.03,0.0
20230609:1210,723.55,752.4,182.27,17.2,74.46,25.9,3.45,0.0
20230609:1310,707.69,742.66,161.26,16.8,68.67,25.79,4.07,0.0
20230609:1410,636.37,654.25,145.63,15.28,58.49,25.73,4.76,0.0
20230609:1510,503.88,489.52,138.93,12.66,47.05,25.84,4.97,0.0
20230609:1610,333.14,306.5,118.65,9.49,35.31,25.65,4.83,0.0
20230609:1710,144.04,69.74,134.33,5.06,23.64,25.1,4.69,0.0
20230609:1810,41.63,0.0,66.8,1.41,12.31,24.73,3.79,0.0
20230609:1910,0.0,0.0,0.86,0.02,1.57,24.49,2.48,0.0
20230609:2010,0.0,0.0,0.0,0.0,0.0,23.95,1.45,0.0
20230609:2110,0.0,0.0,0.0,0.0,0.0,23.6,0.97,0.0
20230609:2210,0.0,0.0,0.0,0.0,0.0,22.96,0.76,0.0
20230609:2310,0.0,0.0,0.0,0.0,0.0,22.81,0.76,0.0
20230610:0010,0.0,0.0,0.0,0.0,0.0,22.3,1.52,0.0
20230610:0110,0.0,0.0,0.0,0.0,0.0,22.06,2.14,0.0
20230610:0210,0.0,0.0,0.0,0.0,0.0,21.87,2.14,0.0
20230610:0310,0.0,0.0,0.0,0.0,0.0,21.81,2.28,0.0
20230610:0410,0.0,0.0,0.0,0.0,0.0,21.88,2.41,0.0
20230610:0510,10.11,0.0,23.98,0.51,4.74,22.06,2.28,0.0
20230610:0610,45.47,25.2,60.98,3.64,15.68,22.56,2.69,0.0
20230610:0710,191.16,105.31,153.19,6.11,27.13,23.89,2.55,0.0
20230610:0810,382.25,359.54,127.46,10.47,38.85,25.32,2.48,0.0
20230610:0910,520.52,519.96,154.0,13.31,50.56,26.6,1.38,0.0
20230610:1010,608.16,645.89,173.09,15.48,61.78,27.43,0.41,0.0
20230610:1110,702.21,772.79,156.69,17.22,71.17,27.45,2.14,0.0
20230610:1210,729.47,785.91,164.26,17.51,74.55,27.3,3.45,0.0
20230610:1310,709.92,763.28,150.24,17.0,68.76,27.28,4.14,0.0
20230610:1410,633.55,664.01,139.66,15.37,58.57,27.12,4.48,0.0
20230610:1510,502.2,497.03,135.03,12.75,47.13,26.82,4.28,0.0
20230610:1610,331.3,307.02,119.5,9.53,35.39,26.51,3.72,0.0
20230610:1710,143.26,115.85,97.23,5.86,23.72,26.15,3.1,0.0
20230610:1810,44.03,0.0,70.22,1.48,12.4,25.79,2.21,0.0
20230610:1910,0.0,0.0,1.71,0.04,1.66,25.42,1.03,0.0
20230610:2010,0.0,0.0,0.0,0.0,0.0,24.69,0.41,0.0
20230610:2110,0.0,0.0,0.0,0.0,0.0,24.33,0.28,0.0
20230610:2210,0.0,0.0,0.0,0.0,0.0,23.87,0.62,0.0
20230610:2310,0.0,0.0,0.0,0.0,0.0,23.91,0.97,0.0
20230611:0010,0.0,0.0,0.0,0.0,0.0,23.48,0.9,0.0
20230611:0110,0.0,0.0,0.0,0.0,0.0,23.15,0.55,0.0
20230611:0210,0.0,0.0,0.0,0.0,0.0,22.84,0.07,0.0
20230611:0310,0.0,0.0,0.0,0.0,0.0,22.97,0.28,0.0
20230611:0410,0.0,0.0,0.0,0.0,0.0,22.38,0.41,0.0
20230611:0510,6.81,0.0,18.84,0.4,4.76,21.95,0.21,0.0
20230611:0610,13.55,0.0,29.09,0.58,15.69,22.08,0.69,0.0
20230611:0710,91.16,0.64,126.33,2.53,27.14,22.18,1.17,0.0
20230611:0810,96.99,0.0,134.54,2.68,38.85,23.14,0.97,0.0
20230611:0910,483.81,381.38,241.14,12.21,50.56,24.19,0.83,0.0
20230611:1010,642.66,686.94,151.39,15.88,61.79,25.44,1.66,0.0
20230611:1110,723.7,776.0,156.62,17.29,71.21,25.78,3.52,0.0
20230611:1210,749.83,790.16,162.19,17.56,74.63,25.7,5.17,0.0
20230611:1310,715.09,756.9,155.15,16.98,68.85,25.64,4.21,0.0
20230611:1410,633.91,658.81,144.51,15.37,58.65,25.68,3.79,0.0
20230611:1510,505.07,494.0,137.84,12.75,47.21,25.85,4.48,0.0
20230611:1610,337.34,314.58,115.71,9.64,35.46,25.73,4.97,0.0
20230611:1710,146.32,139.48,80.24,6.29,23.8,25.3,4.55,0.0
20230611:1810,36.24,0.0,59.95,1.27,12.48,24.74,3.1,0.0
20230611:1910,0.0,0.0,1.71,0.04,1.74,24.37,1.86,0.0
20230611:2010,0.0,0.0,0.0,0.0,0.0,23.59,1.1,0.0
20230611:2110,0.0,0.0,0.0,0.0,0.0,23.07,0.83,0.0
20230611:2210,0.0,0.0,0.0,0.0,0.0,22.37,2.69,0.0
20230611:2310,0.0,0.0,0.0,0.0,0.0,21.99,2.69,0.0
20230612:0010,0.0,0.0,0.0,0.0,0.0,22.14,2.0,0.0
20230612:0110,0.0,0.0,0.0,0.0,0.0,21.78,1.1,0.0
20230612:0210,0.0,0.0,0.0,0.0,0.0,21.8,0.83,0.0
20230612:0310,0.0,0.0,0.0,0.0,0.0,21.8,0.97,0.0
20230612:0410,0.0,0.0,0.0,0.0,0.0,21.35,1.17,0.0
20230612:0510,0.0,0.0,5.14,0.11,4.76,21.13,1.1,0.0
20230612:0610,53.32,0.84,80.36,1.68,15.69,21.53,1.1,0.0
20230612:0710,151.74,24.41,177.62,4.25,27.13,22.07,1.1,0.0
20230612:0810,313.1,152.31,246.46,8.23,38.84,23.19,1.24,0.0
20230612:0910,0.0,0.0,0.0,0.0,0.0,23.95,2.21,0.0
20230612:1010,567.73,420.31,305.12,13.71,61.8,24.36,2.21,0.0
20230612:1110,661.0,575.73,273.82,15.73,71.24,24.73,2.83,0.0
20230612:1210,695.35,630.7,257.55,16.37,74.7,24.95,3.79,0.0
20230612:1310,690.1,682.09,196.6,16.35,68.93,25.05,3.86,0.0
20230612:1410,497.24,278.14,348.67,11.99,58.73,24.61,3.17,0.0
20230612:1510,347.74,119.89,316.58,8.64,47.28,24.46,3.66,0.0
20230612:1610,285.56,143.19,218.73,7.67,35.54,23.94,4.34,0.0
20230612:1710,146.73,129.95,87.69,6.13,23.88,23.57,2.48,0.0
20230612:1810,39.15,0.0,63.37,1.34,12.55,23.42,2.34,0.0
20230612:1910,0.0,0.0,0.86,0.02,1.82,23.3,2.62,0.0
20230612:2010,0.0,0.0,0.0,0.0,0.0,22.98,2.34,0.0
20230612:2110,0.0,0.0,0.0,0.0,0.0,22.53,1.45,0.0
20230612:2210,0.0,0.0,0.0,0.0,0.0,21.9,0.97,0.0
20230612:2310,0.0,0.0,0.0,0.0,0.0,21.65,1.66,0.0
20230613:0010,0.0,0.0,0.0,0.0,0.0,21.64,1.66,0.0
20230613:0110,0.0,0.0,0.0,0.0,0.0,21.54,1.31,0.0
20230613:0210,0.0,0.0,0.0,0.0,0.0,21.48,1.66,0.0
20230613:0310,0.0,0.0,0.0,0.0,0.0,21.45,1.45,0.0
20230613:0410,0.0,0.0,0.0,0.0,0.0,21.36,1.38,0.0
20230613:0510,6.84,0.0,18.84,0.4,4.77,21.26,1.31,0.0
20230613:0610,46.42,22.98,63.05,3.56,15.69,21.6,1.03,0.0
20230613:0710,185.23,91.63,159.07,5.86,27.13,22.53,0.55,0.0
20230613:0810,333.5,206.58,219.21,8.9,38.84,23.49,1.1,0.0
20230613:0910,492.27,398.54,225.91,12.28,50.55,24.24,1.93,0.0
20230613:1010,551.42,398.2,313.96,13.47,61.8,25.11,1.59,0.0
20230613:1110,597.49,410.66,357.36,14.31,71.26,25.82,2.83,0.0
20230613:1210,688.6,626.39,256.38,16.28,74.76,26.08,3.93,0.0
20230613:1310,590.74,391.45,355.3,13.96,69.0,25.71,4.41,0.0
20230613:1410,125.91,0.0,169.99,3.38,58.8,25.68,4.34,0.0
20230613:1510,33.46,0.0,56.36,1.12,47.35,24.66,4.55,0.0
20230613:1610,86.12,0.0,121.81,2.42,35.61,24.57,2.34,0.0
20230613:1710,145.5,113.13,100.95,5.84,23.95,24.87,2.48,0.0
20230613:1810,2.36,0.0,11.13,0.24,12.63,24.54,1.38,0.0
20230613:1910,0.0,0.0,0.86,0.02,1.89,22.79,1.24,0.0
20230613:2010,0.0,0.0,0.0,0.0,0.0,22.04,1.79,0.0
20230613:2110,0.0,0.0,0.0,0.0,0.0,21.84,2.55,0.0
20230613:2210,0.0,0.0,0.0,0.0,0.0,21.65,2.14,0.0
20230613:2310,0.0,0.0,0.0,0.0,0.0,21.58,2.34,0.0
20230614:0010,0.0,0.0,0.0,0.0,0.0,21.39,2.07,0.0
20230614:0110,0.0,0.0,0.0,0.0,0.0,21.18,2.0,0.0
20230614:0210,0.0,0.0,0.0,0.0,0.0,21.0,2.55,0.0
20230614:0310,0.0,0.0,0.0,0.0,0.0,20.75,2.83,0.0
20230614:0410,0.0,0.0,0.0,0.0,0.0,20.64,2.97,0.0
20230614:0510,10.2,0.0,23.98,0.51,4.76,20.59,2.83,0.0
20230614:0610,42.03,26.35,56.13,3.78,15.68,21.39,2.9,0.0
20230614:0710,200.6,180.89,96.24,7.2,27.12,22.8,2.48,0.0
20230614:0810,384.89,364.67,124.23,10.58,38.82,24.18,2.21,0.0
20230614:0910,531.44,550.05,137.26,13.65,50.54,24.93,0.97,0.0
20230614:1010,646.39,695.62,146.24,15.99,61.79,25.92,1.93,0.0
20230614:1110,718.24,785.95,150.43,17.4,71.28,26.13,2.76,0.0
20230614:1210,735.74,811.02,151.0,17.78,74.82,26.44,2.9,0.0
20230614:1310,708.29,768.03,149.01,17.11,69.07,26.47,3.24,0.0
20230614:1410,629.84,651.08,149.26,15.34,58.87,26.39,3.86,0.0
20230614:1510,506.6,495.79,137.71,12.8,47.42,26.03,4.69,0.0
20230614:1610,342.27,325.05,110.94,9.8,35.68,25.44,4.83,0.0
20230614:1710,148.8,141.37,81.02,6.37,24.02,25.05,4.41,0.0
20230614:1810,47.05,0.0,73.65,1.56,12.7,24.77,3.72,0.0
20230614:1910,0.0,0.0,3.43,0.07,1.96,24.44,2.55,0.0
20230614:2010,0.0,0.0,0.0,0.0,0.0,23.88,1.1,0.0
20230614:2110,0.0,0.0,0.0,0.0,0.0,23.2,0.07,0.0
20230614:2210,0.0,0.0,0.0,0.0,0.0,22.96,1.1,0.0
20230614:2310,0.0,0.0,0.0,0.0,0.0,22.83,1.45,0.0
20230615:0010,0.0,0.0,0.0,0.0,0.0,22.84,1.72,0.0
20230615:0110,0.0,0.0,0.0,0.0,0.0,22.71,1.79,0.0
20230615:0210,0.0,0.0,0.0,0.0,0.0,22.61,1.86,0.0
20230615:0310,0.0,0.0,0.0,0.0,0.0,22.62,1.86,0.0
20230615:0410,0.0,0.0,0.0,0.0,0.0,22.3,1.66,0.0
20230615:0510,10.11,0.0,23.98,0.51,4.76,22.08,1.24,0.0
20230615:0610,45.59,22.76,62.59,3.6,15.67,22.77,0.69,0.0
20230615:0710,194.87,163.24,107.39,6.93,27.1,23.78,1.45,0.0
20230615:0810,369.47,321.22,150.4,10.13,38.81,25.42,2.34,0.0
20230615:0910,524.74,508.27,158.38,13.22,50.52,26.21,2.83,0.0
20230615:1010,639.75,663.04,160.93,15.64,61.79,26.6,2.9,0.0
20230615:1110,704.3,740.04,172.24,16.95,71.29,26.87,3.38,0.0
20230615:1210,714.81,709.41,208.56,16.95,74.87,26.7,4.28,0.0
20230615:1310,687.01,671.36,204.3,16.31,69.14,26.69,4.62,0.0
20230615:1410,622.16,621.82,162.91,15.03,58.94,26.89,4.97,0.0
20230615:1510,487.22,439.27,171.07,12.28,47.48,26.62,4.9,0.0
20230615:1610,327.24,282.22,137.05,9.31,35.74,26.43,4.48,0.0
20230615:1710,146.57,129.08,89.57,6.13,24.08,26.25,3.66,0.0
20230615:1810,38.66,0.0,63.37,1.34,12.76,25.91,2.69,0.0
20230615:1910,0.0,0.0,3.43,0.07,2.03,25.36,1.66,0.0
20230615:2010,0.0,0.0,0.0,0.0,0.0,24.57,0.48,0.0
20230615:2110,0.0,0.0,0.0,0.0,0.0,24.12,0.69,0.0
20230615:2210,0.0,0.0,0.0,0.0,0.0,23.94,0.97,0.0
20230615:2310,0.0,0.0,0.0,0.0,0.0,23.44,0.48,0.0
20230616:0010,0.0,0.0,0.0,0.0,0.0,22.99,0.28,0.0
20230616:0110,0.0,0.0,0.0,0.0,0.0,22.64,0.21,0.0
20230616:0210,0.0,0.0,0.0,0.0,0.0,22.45,0.55,0.0
20230616:0310,0.0,0.0,0.0,0.0,0.0,22.05,0.83,0.0
20230616:0410,0.0,0.0,0.0,0.0,0.0,21.88,0.83,0.0
20230616:0510,9.55,0.0,23.12,0.49,4.75,21.83,0.76,0.0
20230616:0610,46.73,21.85,64.39,3.58,15.65,22.71,0.76,0.0
20230616:0710,195.48,174.97,98.91,7.11,27.08,23.68,0.55,0.0
20230616:0810,375.08,357.31,126.92,10.49,38.79,24.67,0.76,0.0
20230616:0910,526.9,533.0,145.81,13.49,50.5,25.52,1.38,0.0
20230616:1010,622.0,633.38,180.47,15.44,61.77,26.5,1.66,0.0
20230616:1110,702.19,743.55,172.21,17.02,71.3,26.95,2.9,0.0
20230616:1210,687.52,621.56,265.08,16.37,74.91,27.26,4.0,0.0
20230616:1310,694.29,700.95,186.58,16.55,69.2,27.29,4.69,0.0
20230616:1410,626.18,633.76,158.0,15.17,59.0,27.31,4.97,0.0
20230616:1510,499.0,483.15,144.37,12.68,47.55,27.12,4.62,0.0
20230616:1610,330.94,300.86,125.85,9.53,35.8,26.98,3.66,0.0
20230616:1710,147.1,124.7,94.17,6.08,24.14,26.44,2.9,0.0
20230616:1810,36.65,0.0,60.8,1.28,12.82,25.91,2.28,0.0
20230616:1910,0.0,0.0,1.71,0.04,2.09,25.24,1.45,0.0
20230616:2010,0.0,0.0,0.0,0.0,0.0,24.81,0.62,0.0
20230616:2110,0.0,0.0,0.0,0.0,0.0,24.31,0.69,0.0
20230616:2210,0.0,0.0,0.0,0.0,0.0,24.22,1.1,0.0
20230616:2310,0.0,0.0,0.0,0.0,0.0,24.12,0.69,0.0
20230617:0010,0.0,0.0,0.0,0.0,0.0,23.87,0.21,0.0
20230617:0110,0.0,0.0,0.0,0.0,0.0,23.45,0.48,0.0
20230617:0210,0.0,0.0,0.0,0.0,0.0,23.15,0.76,0.0
20230617:0310,0.0,0.0,0.0,0.0,0.0,22.84,1.1,0.0
20230617:0410,0.0,0.0,0.0,0.0,0.0,22.69,1.24,0.0
20230617:0510,9.52,0.0,23.12,0.49,4.73,22.43,1.24,0.0
20230617:0610,43.67,23.12,60.22,3.65,15.63,23.16,1.1,0.0
20230617:0710,195.17,176.51,97.86,7.14,27.06,24.16,0.55,0.0
20230617:0810,374.72,360.17,126.8,10.56,38.76,25.61,0.62,0.0
20230617:0910,526.39,537.11,144.78,13.56,50.48,26.55,1.38,0.0
20230617:1010,631.37,680.23,154.95,15.88,61.76,27.34,1.38,0.0
20230617:1110,708.35,769.33,160.27,17.29,71.3,27.55,2.76,0.0
20230617:1210,730.68,783.73,167.88,17.6,74.95,27.7,3.66,0.0
20230617:1310,712.35,772.93,147.91,17.2,69.25,27.77,4.0,0.0
20230617:1410,637.33,674.72,138.37,15.61,59.06,27.76,4.28,0.0
20230617:1510,505.29,501.55,136.67,12.91,47.6,27.77,4.48,0.0
20230617:1610,338.71,321.87,115.51,9.82,35.86,27.36,3.72,0.0
20230617:1710,149.4,132.76,90.16,6.26,24.2,26.76,3.59,0.0
20230617:1810,37.93,0.0,62.52,1.32,12.88,26.33,3.31,0.0
20230617:1910,0.0,0.0,5.14,0.11,2.15,25.83,2.62,0.0
20230617:2010,0.0,0.0,0.0,0.0,0.0,25.27,2.83,0.0
20230617:2110,0.0,0.0,0.0,0.0,0.0,24.86,3.31,0.0
20230617:2210,0.0,0.0,0.0,0.0,0.0,24.4,2.76,0.0
20230617:2310,0.0,0.0,0.0,0.0,0.0,24.41,1.38,0.0
20230618:0010,0.0,0.0,0.0,0.0,0.0,24.38,2.0,0.0
20230618:0110,0.0,0.0,0.0,0.0,0.0,24.26,3.1,0.0
20230618:0210,0.0,0.0,0.0,0.0,0.0,24.0,3.59,0.0
20230618:0310,0.0,0.0,0.0,0.0,0.0,23.49,3.66,0.0
20230618:0410,0.0,0.0,0.0,0.0,0.0,23.31,3.79,0.0
20230618:0510,3.28,0.0,12.85,0.27,4.71,23.26,4.48,0.0
20230618:0610,43.53,0.19,68.96,1.39,15.61,24.15,5.59,0.0
20230618:0710,40.49,0.0,65.45,1.3,27.03,25.07,5.45,0.0
20230618:0810,75.34,0.0,109.08,2.17,38.74,25.91,4.21,0.0
20230618:0910,381.92,147.86,334.97,9.49,50.45,26.4,3.79,0.0
20230618:1010,453.7,187.67,390.88,11.12,61.73,26.52,2.9,0.0
20230618:1110,348.56,44.44,395.98,8.64,71.29,26.3,4.9,0.0
20230618:1210,329.06,30.14,385.79,8.19,74.98,26.46,5.52,0.0
20230618:1310,574.4,351.25,375.33,13.64,69.3,27.0,5.17,0.0
20230618:1410,538.82,373.74,309.4,13.04,59.11,27.4,4.41,0.0
20230618:1510,477.36,409.13,191.86,12.06,47.66,27.41,4.76,0.0
20230618:1610,312.01,219.28,180.73,8.7,35.91,27.25,5.17,0.0
20230618:1710,134.48,28.28,157.72,4.11,24.25,26.95,5.24,0.0
20230618:1810,28.13,0.0,49.67,1.05,12.93,26.39,5.1,0.0
20230618:1910,0.0,0.0,5.14,0.11,2.2,25.82,4.28,0.0
20230618:2010,0.0,0.0,0.0,0.0,0.0,25.3,3.72,0.0
20230618:2110,0.0,0.0,0.0,0.0,0.0,24.49,3.86,0.0
20230618:2210,0.0,0.0,0.0,0.0,0.0,24.03,3.38,0.0
20230618:2310,0.0,0.0,0.0,0.0,0.0,23.63,3.66,0.0
20230619:0010,0.0,0.0,0.0,0.0,0.0,23.26,4.9,0.0
20230619:0110,0.0,0.0,0.0,0.0,0.0,22.76,5.1,0.0
20230619:0210,0.0,0.0,0.0,0.0,0.0,22.41,4.34,0.0
20230619:0310,0.0,0.0,0.0,0.0,0.0,22.53,4.21,0.0
20230619:0410,0.0,0.0,0.0,0.0,0.0,22.41,4.41,0.0
20230619:0510,10.09,0.0,23.98,0.51,4.68,22.51,4.41,0.0
20230619:0610,56.33,14.85,79.03,3.24,15.58,23.17,3.66,0.0
20230619:0710,167.51,44.28,179.69,4.9,27.0,24.29,3.24,0.0
20230619:0810,341.17,223.8,210.55,9.15,38.7,25.96,3.31,0.0
20230619:0910,513.12,472.93,183.05,13.0,50.42,27.03,2.62,0.0
20230619:1010,605.52,635.39,179.38,15.48,61.71,27.96,0.55,0.0
20230619:1110,685.95,719.61,187.97,16.87,71.28,28.39,2.34,0.0
20230619:1210,693.5,673.53,234.98,16.78,75.0,28.47,3.24,0.0
20230619:1310,670.29,651.41,220.89,16.26,69.35,28.81,3.59,0.0
20230619:1410,599.4,583.92,191.07,14.83,59.16,28.86,3.24,0.0
20230619:1510,476.75,437.3,176.73,12.35,47.71,28.6,2.48,0.0
20230619:1610,305.54,213.13,186.29,8.66,35.96,28.16,2.0,0.0
20230619:1710,145.52,52.69,152.3,4.83,24.31,27.34,2.34,0.0
20230619:1810,46.64,0.0,73.65,1.56,12.98,26.39,3.24,0.0
20230619:1910,0.0,0.0,5.14,0.11,2.25,25.61,2.41,0.0
20230619:2010,0.0,0.0,0.0,0.0,0.0,25.11,1.59,0.0
20230619:2110,0.0,0.0,0.0,0.0,0.0,24.6,1.38,0.0
20230619:2210,0.0,0.0,0.0,0.0,0.0,24.08,1.17,0.0
20230619:2310,0.0,0.0,0.0,0.0,0.0,23.86,1.66,0.0
20230620:0010,0.0,0.0,0.0,0.0,0.0,23.8,1.59,0.0
20230620:0110,0.0,0.0,0.0,0.0,0.0,23.53,2.14,0.0
20230620:0210,0.0,0.0,0.0,0.0,0.0,23.39,2.76,0.0
20230620:0310,0.0,0.0,0.0,0.0,0.0,22.87,1.66,0.0
20230620:0410,0.0,0.0,0.0,0.0,0.0,22.5,2.48,0.0
20230620:0510,9.53,0.0,23.12,0.49,4.65,22.49,2.69,0.0
20230620:0610,54.54,15.01,77.04,3.24,15.55,23.29,1.38,0.0
20230620:0710,189.63,137.65,124.84,6.58,26.97,24.32,1.59,0.0
20230620:0810,365.41,306.79,156.66,9.96,38.67,25.6,3.59,0.0
20230620:0910,514.95,459.3,187.75,12.82,50.39,26.16,4.14,0.0
20230620:1010,579.4,446.73,290.0,13.96,61.68,26.02,3.52,0.0
20230620:1110,697.19,699.2,197.78,16.67,71.26,26.31,3.66,0.0
20230620:1210,707.81,694.82,218.25,16.87,75.02,26.51,3.72,0.0
20230620:1310,591.01,405.06,352.78,14.18,69.39,26.67,3.38,0.0
20230620:1410,487.21,266.27,355.46,11.92,59.21,26.61,2.9,0.0
20230620:1510,484.16,442.63,171.04,12.35,47.76,26.54,3.1,0.0
20230620:1610,327.9,285.59,137.07,9.39,36.01,26.59,3.17,0.0
20230620:1710,150.25,119.18,101.64,6.02,24.35,26.28,3.31,0.0
20230620:1810,48.15,0.0,75.36,1.59,13.03,25.72,2.97,0.0
20230620:1910,0.0,0.0,5.14,0.11,2.29,25.01,2.83,0.0
20230620:2010,0.0,0.0,0.0,0.0,0.0,24.37,1.93,0.0
20230620:2110,0.0,0.0,0.0,0.0,0.0,23.96,0.9,0.0
20230620:2210,0.0,0.0,0.0,0.0,0.0,23.42,1.1,0.0
20230620:2310,0.0,0.0,0.0,0.0,0.0,23.3,1.03,0.0
20230621:0010,0.0,0.0,0.0,0.0,0.0,23.05,0.34,0.0
20230621:0110,0.0,0.0,0.0,0.0,0.0,23.0,0.69,0.0
20230621:0210,0.0,0.0,0.0,0.0,0.0,22.74,0.76,0.0
20230621:0310,0.0,0.0,0.0,0.0,0.0,22.71,1.31,0.0
20230621:0410,0.0,0.0,0.0,0.0,0.0,22.63,1.17,0.0
20230621:0510,0.0,0.0,3.43,0.07,4.62,22.54,0.97,0.0
20230621:0610,48.27,17.75,68.25,3.38,15.51,22.92,0.34,0.0
20230621:0710,183.81,109.07,144.09,6.13,26.93,23.47,0.14,0.0
20230621:0810,346.74,257.39,186.44,9.44,38.63,24.36,1.38,0.0
20230621:0910,510.39,452.89,188.66,12.71,50.35,24.92,3.24,0.0
20230621:1010,624.33,609.66,188.04,15.16,61.64,25.84,3.1,0.0
20230621:1110,692.91,691.4,197.7,16.53,71.24,26.25,3.79,0.0
20230621:1210,705.61,687.99,217.16,16.73,75.03,26.43,4.14,0.0
20230621:1310,680.81,677.34,196.27,16.29,69.43,26.87,3.93,0.0
20230621:1410,604.48,595.19,177.43,14.79,59.25,27.0,3.38,0.0
20230621:1510,479.61,437.45,171.06,12.24,47.8,27.04,3.24,0.0
20230621:1610,242.88,73.19,242.35,6.51,36.06,26.59,2.21,0.0
20230621:1710,82.92,1.14,118.08,2.39,24.4,25.88,0.55,0.0
20230621:1810,46.02,0.0,72.79,1.54,13.07,25.5,0.69,0.0
20230621:1910,1.52,0.0,9.42,0.2,2.33,24.69,0.97,0.0
20230621:2010,0.0,0.0,0.0,0.0,0.0,24.43,0.48,0.0
20230621:2110,0.0,0.0,0.0,0.0,0.0,24.15,0.55,0.0
20230621:2210,0.0,0.0,0.0,0.0,0.0,24.49,2.28,0.0
20230621:2310,0.0,0.0,0.0,0.0,0.0,24.1,2.83,0.0
20230622:0010,0.0,0.0,0.0,0.0,0.0,23.8,2.48,0.0
20230622:0110,0.0,0.0,0.0,0.0,0.0,23.78,2.76,0.0
20230622:0210,0.0,0.0,0.0,0.0,0.0,23.73,2.69,0.0
20230622:0310,0.0,0.0,0.0,0.0,0.0,23.57,2.55,0.0
20230622:0410,0.0,0.0,0.0,0.0,0.0,23.58,2.69,0.0
20230622:0510,8.91,0.0,22.27,0.47,4.58,23.53,2.76,0.0
20230622:0610,47.07,18.22,66.76,3.44,15.47,24.1,2.69,0.0
20230622:0710,188.58,149.84,113.58,6.73,26.89,25.54,2.41,0.0
20230622:0810,360.95,316.13,149.13,10.04,38.59,26.74,2.0,0.0
20230622:0910,511.12,502.0,158.09,13.13,50.31,27.7,1.93,0.0
20230622:1010,610.72,625.61,180.26,15.32,61.6,29.0,1.86,0.0
20230622:1110,684.91,709.72,188.87,16.71,71.21,29.3,3.24,0.0
20230622:1210,713.96,748.26,181.68,17.2,75.03,29.32,4.21,0.0
20230622:1310,696.11,731.29,166.73,16.76,69.45,29.41,4.9,0.0
20230622:1410,618.38,630.8,158.95,15.14,59.29,29.46,5.03,0.0
20230622:1510,492.79,475.44,149.18,12.61,47.84,29.25,5.03,0.0
20230622:1610,328.83,291.39,133.43,9.44,36.1,28.8,5.03,0.0
20230622:1710,149.92,121.91,99.89,6.06,24.44,28.12,4.48,0.0
20230622:1810,42.45,0.0,68.51,1.45,13.11,27.09,3.38,0.0
20230622:1910,0.75,0.0,7.71,0.16,2.37,26.26,2.14,0.0
20230622:2010,0.0,0.0,0.0,0.0,0.0,25.68,1.03,0.0
20230622:2110,0.0,0.0,0.0,0.0,0.0,25.42,0.69,0.0
20230622:2210,0.0,0.0,0.0,0.0,0.0,25.17,0.62,0.0
20230622:2310,0.0,0.0,0.0,0.0,0.0,25.04,1.38,0.0
20230623:0010,0.0,0.0,0.0,0.0,0.0,24.73,1.86,0.0
20230623:0110,0.0,0.0,0.0,0.0,0.0,24.57,2.0,0.0
20230623:0210,0.0,0.0,0.0,0.0,0.0,24.19,2.14,0.0
20230623:0310,0.0,0.0,0.0,0.0,0.0,23.96,2.34,0.0
20230623:0410,0.0,0.0,0.0,0.0,0.0,23.77,2.9,0.0
20230623:0510,8.9,0.0,22.27,0.47,4.54,23.74,3.38,0.0
20230623:0610,40.93,21.19,58.1,3.62,15.43,24.74,4.0,0.0
20230623:0710,192.01,171.66,97.65,7.05,26.84,26.06,4.55,0.0
20230623:0810,375.32,345.04,131.31,10.34,38.54,27.11,5.03,0.0
20230623:0910,537.94,530.57,144.62,13.46,50.26,27.34,5.24,0.0
20230623:1010,659.82,683.07,149.9,15.86,61.56,26.92,5.31,0.0
20230623:1110,725.65,763.83,161.17,17.22,71.18,27.21,5.31,0.0
20230623:1210,740.51,779.43,167.81,17.52,75.03,27.21,5.17,0.0
20230623:1310,716.96,760.28,153.87,17.07,69.48,27.17,5.1,0.0
20230623:1410,636.39,656.2,148.21,15.43,59.32,27.21,5.03,0.0
20230623:1510,504.42,488.85,144.42,12.79,47.88,27.1,4.9,0.0
20230623:1610,340.36,315.01,121.27,9.75,36.13,26.86,4.55,0.0
20230623:1710,152.91,135.87,90.41,6.31,24.47,26.43,4.07,0.0
20230623:1810,39.35,0.0,64.23,1.36,13.14,25.96,3.45,0.0
20230623:1910,1.12,0.0,8.56,0.18,2.4,25.52,2.62,0.0
20230623:2010,0.0,0.0,0.0,0.0,0.0,25.03,1.79,0.0
20230623:2110,0.0,0.0,0.0,0.0,0.0,24.67,1.24,0.0
20230623:2210,0.0,0.0,0.0,0.0,0.0,24.12,1.31,0.0
20230623:2310,0.0,0.0,0.0,0.0,0.0,23.87,1.1,0.0
20230624:0010,0.0,0.0,0.0,0.0,0.0,23.78,1.24,0.0
20230624:0110,0.0,0.0,0.0,0.0,0.0,23.62,1.59,0.0
20230624:0210,0.0,0.0,0.0,0.0,0.0,23.33,1.66,0.0
20230624:0310,0.0,0.0,0.0,0.0,0.0,23.01,1.59,0.0
20230624:0410,0.0,0.0,0.0,0.0,0.0,22.7,1.45,0.0
20230624:0510,8.4,0.0,21.41,0.45,4.49,22.69,1.17,0.0
20230624:0610,41.47,20.52,58.98,3.6,15.38,23.68,0.83,0.0
20230624:0710,189.9,170.85,98.47,7.05,26.79,25.02,0.48,0.0
20230624:0810,369.1,347.36,131.25,10.4,38.49,25.89,0.97,0.0
20230624:0910,525.14,535.02,143.65,13.53,50.21,26.5,1.52,0.0
20230624:1010,637.68,687.83,149.91,15.95,61.51,27.29,1.79,0.0
20230624:1110,714.12,780.34,154.22,17.4,71.14,27.46,2.97,0.0
20230624:1210,733.32,785.4,167.86,17.63,75.01,27.6,3.79,0.0
20230624:1310,715.66,766.24,153.9,17.18,69.5,27.62,4.48,0.0
20230624:1410,638.23,662.03,148.24,15.53,59.35,27.67,4.83,0.0
20230624:1510,508.8,500.56,140.61,12.95,47.91,27.55,4.69,0.0
20230624:1610,340.22,314.51,123.14,9.77,36.17,27.39,4.28,0.0
20230624:1710,153.83,137.89,90.32,6.37,24.5,26.93,3.66,0.0
20230624:1810,37.89,0.0,62.52,1.32,13.17,26.46,2.83,0.0
20230624:1910,1.12,0.0,8.56,0.18,2.43,25.89,2.07,0.0
20230624:2010,0.0,0.0,0.0,0.0,0.0,25.27,1.17,0.0
20230624:2110,0.0,0.0,0.0,0.0,0.0,24.8,0.76,0.0
20230624:2210,0.0,0.0,0.0,0.0,0.0,24.56,1.1,0.0
20230624:2310,0.0,0.0,0.0,0.0,0.0,24.11,1.31,0.0
20230625:0010,0.0,0.0,0.0,0.0,0.0,23.97,1.45,0.0
20230625:0110,0.0,0.0,0.0,0.0,0.0,23.65,1.52,0.0
20230625:0210,0.0,0.0,0.0,0.0,0.0,23.51,1.45,0.0
20230625:0310,0.0,0.0,0.0,0.0,0.0,23.15,1.31,0.0
20230625:0410,0.0,0.0,0.0,0.0,0.0,22.9,1.24,0.0
20230625:0510,8.95,0.0,22.27,0.47,4.44,22.78,1.17,0.0
20230625:0610,41.36,20.04,59.0,3.58,15.32,23.6,1.31,0.0
20230625:0710,191.06,169.43,99.34,7.03,26.74,24.69,1.72,0.0
20230625:0810,372.43,346.51,130.33,10.36,38.44,26.0,2.48,0.0
20230625:0910,532.36,533.27,143.65,13.49,50.16,27.03,3.24,0.0
20230625:1010,644.85,677.56,154.84,15.84,61.46,28.25,3.52,0.0
20230625:1110,718.54,768.91,159.22,17.27,71.09,28.61,4.62,0.0
20230625:1210,741.9,795.32,161.89,17.71,75.0,28.76,5.17,0.0
20230625:1310,716.89,765.52,153.93,17.16,69.51,28.91,5.52,0.0
20230625:1410,632.78,652.95,152.2,15.43,59.37,29.09,5.45,0.0
20230625:1510,504.55,493.8,144.49,12.88,47.94,29.0,5.24,0.0
20230625:1610,340.53,319.51,120.4,9.82,36.2,28.58,4.62,0.0
20230625:1710,153.24,136.51,91.38,6.33,24.53,27.95,4.07,0.0
20230625:1810,30.72,0.11,51.71,2.91,13.2,27.1,3.59,0.0
20230625:1910,1.11,0.0,8.56,0.18,2.45,26.61,2.97,0.0
20230625:2010,0.0,0.0,0.0,0.0,0.0,26.17,1.79,0.0
20230625:2110,0.0,0.0,0.0,0.0,0.0,25.69,1.45,0.0
20230625:2210,0.0,0.0,0.0,0.0,0.0,25.31,0.97,0.0
20230625:2310,0.0,0.0,0.0,0.0,0.0,25.24,0.21,0.0
20230626:0010,0.0,0.0,0.0,0.0,0.0,25.26,0.14,0.0
20230626:0110,0.0,0.0,0.0,0.0,0.0,24.73,0.0,0.0
20230626:0210,0.0,0.0,0.0,0.0,0.0,24.52,0.76,0.0
20230626:0310,0.0,0.0,0.0,0.0,0.0,24.54,1.24,0.0
20230626:0410,0.0,0.0,0.0,0.0,0.0,24.51,1.45,0.0
20230626:0510,0.0,0.0,2.57,0.05,4.39,24.4,1.79,0.0
20230626:0610,62.29,3.78,91.54,2.3,15.27,24.94,1.66,0.0
20230626:0710,181.73,112.87,139.19,6.17,26.68,25.35,1.31,0.0
20230626:0810,233.28,45.93,256.33,6.11,38.38,26.35,2.34,0.0
20230626:0910,517.17,497.55,158.1,13.04,50.11,27.01,3.45,0.0
20230626:1010,629.98,643.78,165.62,15.39,61.41,27.73,3.52,0.0
20230626:1110,701.85,731.44,172.09,16.8,71.04,27.87,4.34,0.0
20230626:1210,724.0,757.65,174.8,17.23,74.97,27.99,4.69,0.0
20230626:1310,697.83,729.21,166.83,16.71,69.52,28.16,4.69,0.0
20230626:1410,618.71,629.88,159.08,15.1,59.4,28.22,4.41,0.0
20230626:1510,493.93,475.62,149.36,12.59,47.96,28.08,4.34,0.0
20230626:1610,308.58,211.94,186.63,8.61,36.22,27.58,3.45,0.0
20230626:1710,143.93,43.13,157.26,4.58,24.56,26.77,2.69,0.0
20230626:1810,35.13,0.0,58.92,1.19,13.22,26.15,2.34,0.0
20230626:1910,0.0,0.0,1.71,0.04,2.46,25.77,1.03,0.0
20230626:2010,0.0,0.0,0.0,0.0,0.0,25.32,0.34,0.0
20230626:2110,0.0,0.0,0.0,0.0,0.0,25.35,0.69,0.0
20230626:2210,0.0,0.0,0.0,0.0,0.0,25.38,0.69,0.0
20230626:2310,0.0,0.0,0.0,0.0,0.0,25.19,0.28,0.0
20230627:0010,0.0,0.0,0.0,0.0,0.0,24.96,2.0,0.0
20230627:0110,0.0,0.0,0.0,0.0,0.0,24.69,2.14,0.0
20230627:0210,0.0,0.0,0.0,0.0,0.0,24.71,1.24,0.0
20230627:0310,0.0,0.0,0.0,0.0,0.0,24.42,1.1,0.0
20230627:0410,0.0,0.0,0.0,0.0,0.0,24.06,1.1,0.0
20230627:0510,7.8,0.0,20.55,0.43,4.33,23.77,1.1,0.0
20230627:0610,45.42,16.57,65.74,3.38,15.21,24.4,0.97,0.0
20230627:0710,184.35,154.16,107.04,6.75,26.62,25.54,0.69,0.0
20230627:0810,354.33,308.65,152.82,9.95,38.32,26.85,0.97,0.0
20230627:0910,502.37,464.56,182.02,12.82,50.05,27.37,2.07,0.0
20230627:1010,611.76,614.75,187.17,15.23,61.35,28.13,2.0,0.0
20230627:1110,686.74,712.37,188.0,16.73,70.99,28.45,2.97,0.0
20230627:1210,703.58,709.31,209.55,16.96,74.94,28.74,3.66,0.0
20230627:1310,679.69,673.66,204.38,16.35,69.52,28.97,4.41,0.0
20230627:1410,603.02,571.25,199.03,14.7,59.41,28.9,4.62,0.0
20230627:1510,481.12,429.19,182.72,12.26,47.98,28.73,4.14,0.0
20230627:1610,324.25,268.58,152.27,9.24,36.24,28.5,3.38,0.0
20230627:1710,153.07,105.51,117.1,5.82,24.58,28.04,3.38,0.0
20230627:1810,42.84,0.41,68.23,2.48,13.24,27.42,3.03,0.0
20230627:1910,0.75,0.0,7.71,0.16,2.48,26.75,2.41,0.0
20230627:2010,0.0,0.0,0.0,0.0,0.0,26.3,1.72,0.0
20230627:2110,0.0,0.0,0.0,0.0,0.0,25.71,1.52,0.0
20230627:2210,0.0,0.0,0.0,0.0,0.0,25.33,0.9,0.0
20230627:2310,0.0,0.0,0.0,0.0,0.0,25.22,0.9,0.0
20230628:0010,0.0,0.0,0.0,0.0,0.0,24.99,1.17,0.0
20230628:0110,0.0,0.0,0.0,0.0,0.0,24.9,1.31,0.0
20230628:0210,0.0,0.0,0.0,0.0,0.0,24.76,1.52,0.0
20230628:0310,0.0,0.0,0.0,0.0,0.0,24.55,1.66,0.0
20230628:0410,0.0,0.0,0.0,0.0,0.0,24.49,1.52,0.0
20230628:0510,6.71,0.0,18.84,0.4,4.26,24.42,1.86,0.0
20230628:0610,54.68,10.99,79.46,3.0,15.15,24.94,2.0,0.0
20230628:0710,182.88,123.4,131.42,6.33,26.56,26.17,2.34,0.0
20230628:0810,349.22,274.86,174.29,9.6,38.26,27.18,2.69,0.0
20230628:0910,497.41,430.69,203.88,12.55,49.98,27.62,3.1,0.0
20230628:1010,610.49,580.1,209.54,14.97,61.28,28.28,3.1,0.0
20230628:1110,678.05,646.92,230.25,16.28,70.92,28.45,4.07,0.0
20230628:1210,706.65,683.36,226.32,16.78,74.9,28.48,4.97,0.0
20230628:1310,679.87,648.96,221.09,16.19,69.52,28.5,5.24,0.0
20230628:1410,598.44,540.71,219.34,14.49,59.42,28.44,5.1,0.0
20230628:1510,465.44,367.69,221.36,11.74,48.0,28.22,4.62,0.0
20230628:1610,326.3,265.02,156.05,9.22,36.26,27.91,3.93,0.0
20230628:1710,155.02,112.74,112.27,5.95,24.59,27.31,4.21,0.0
20230628:1810,35.65,0.83,58.33,2.75,13.25,26.81,4.21,0.0
20230628:1910,1.12,0.0,8.56,0.18,2.48,26.27,3.59,0.0
20230628:2010,0.0,0.0,0.0,0.0,0.0,25.9,2.97,0.0
20230628:2110,0.0,0.0,0.0,0.0,0.0,25.63,2.48,0.0
20230628:2210,0.0,0.0,0.0,0.0,0.0,25.29,1.31,0.0
20230628:2310,0.0,0.0,0.0,0.0,0.0,25.15,1.38,0.0
20230629:0010,0.0,0.0,0.0,0.0,0.0,24.98,2.0,0.0
20230629:0110,0.0,0.0,0.0,0.0,0.0,24.78,2.14,0.0
20230629:0210,0.0,0.0,0.0,0.0,0.0,24.29,2.28,0.0
20230629:0310,0.0,0.0,0.0,0.0,0.0,23.9,2.28,0.0
20230629:0410,0.0,0.0,0.0,0.0,0.0,23.71,1.93,0.0
20230629:0510,6.22,0.0,17.98,0.38,4.2,23.61,2.07,0.0
20230629:0610,61.18,5.58,89.25,2.51,15.08,24.3,2.07,0.0
20230629:0710,176.49,83.91,157.84,5.68,26.5,25.4,2.14,0.0
20230629:0810,325.49,202.39,215.95,8.79,38.2,26.42,2.28,0.0
20230629:0910,475.65,363.7,241.31,11.92,49.92,26.85,2.97,0.0
20230629:1010,566.95,434.1,292.74,13.76,61.22,27.03,3.1,0.0
20230629:1110,673.9,632.73,237.06,16.13,70.86,27.12,3.59,0.0
20230629:1210,681.25,605.82,270.88,16.17,74.85,27.4,4.21,0.0
20230629:1310,667.12,610.77,243.44,15.88,69.51,27.62,4.55,0.0
20230629:1410,593.95,527.98,226.09,14.36,59.43,27.82,4.69,0.0
20230629:1510,477.59,405.21,198.0,12.04,48.01,27.9,4.62,0.0
20230629:1610,312.64,215.15,187.75,8.68,36.27,27.68,3.93,0.0
20230629:1710,153.49,87.56,131.9,5.52,24.6,27.48,3.31,0.0
20230629:1810,41.64,0.81,66.47,2.55,13.26,27.09,3.45,0.0
20230629:1910,1.11,0.0,8.56,0.18,2.48,26.48,3.24,0.0
20230629:2010,0.0,0.0,0.0,0.0,0.0,25.93,2.83,0.0
20230629:2110,0.0,0.0,0.0,0.0,0.0,25.42,2.34,0.0
20230629:2210,0.0,0.0,0.0,0.0,0.0,24.83,1.17,0.0
20230629:2310,0.0,0.0,0.0,0.0,0.0,24.78,0.83,0.0
20230630:0010,0.0,0.0,0.0,0.0,0.0,24.97,2.76,0.0
20230630:0110,0.0,0.0,0.0,0.0,0.0,25.05,4.55,0.0
20230630:0210,0.0,0.0,0.0,0.0,0.0,24.89,3.72,0.0
20230630:0310,0.0,0.0,0.0,0.0,0.0,24.78,4.07,0.0
20230630:0410,0.0,0.0,0.0,0.0,0.0,24.69,5.52,0.0
20230630:0510,3.25,0.0,12.85,0.27,4.13,24.69,6.21,0.0
20230630:0610,25.85,0.0,46.36,0.92,15.01,24.75,6.07,0.0
20230630:0710,122.6,8.77,157.62,3.4,26.43,25.1,5.52,0.0
20230630:0810,134.31,1.61,178.19,3.58,38.13,25.78,5.66,0.0
20230630:0910,357.3,115.62,332.5,8.83,49.85,26.23,5.79,0.0
20230630:1010,621.13,594.87,196.02,14.99,61.15,27.2,4.14,0.0
20230630:1110,0.0,0.0,0.0,0.0,0.0,27.49,3.93,0.0
20230630:1210,712.7,716.33,199.78,16.89,74.8,27.64,4.62,0.0
20230630:1310,700.15,706.78,179.91,16.49,69.49,27.32,5.86,0.0
20230630:1410,623.37,599.75,177.86,14.83,59.43,27.05,6.9,0.0
20230630:1510,500.99,459.67,161.09,12.44,48.02,26.72,7.24,0.0
20230630:1610,337.19,293.35,134.89,9.44,36.28,26.51,6.34,0.0
20230630:1710,155.5,117.49,107.02,5.97,24.61,25.98,5.31,0.0
20230630:1810,39.03,1.13,62.54,2.64,13.26,25.64,4.55,0.0
20230630:1910,0.76,0.0,7.71,0.16,2.48,25.29,3.79,0.0
20230630:2010,0.0,0.0,0.0,0.0,0.0,24.96,2.76,0.0
20230630:2110,0.0,0.0,0.0,0.0,0.0,24.73,2.14,0.0
20230630:2210,0.0,0.0,0.0,0.0,0.0,24.55,1.66,0.0
20230630:2310,0.0,0.0,0.0,0.0,0.0,24.37,0.83,0.0
20230701:0010,0.0,0.0,0.0,0.0,0.0,24.16,1.03,0.0
20230701:0110,0.0,0.0,0.0,0.0,0.0,24.1,1.59,0.0
20230701:0210,0.0,0.0,0.0,0.0,0.0,24.06,1.79,0.0
20230701:0310,0.0,0.0,0.0,0.0,0.0,24.1,1.38,0.0
20230701:0410,0.0,0.0,0.0,0.0,0.0,23.7,0.9,0.0
20230701:0510,6.75,0.0,18.84,0.4,4.05,23.5,0.97,0.0
20230701:0610,43.06,15.28,63.33,3.29,14.94,24.25,1.03,0.0
20230701:0710,181.41,152.79,104.47,6.66,26.36,25.36,1.03,0.0
20230701:0810,361.22,339.0,126.86,10.11,38.06,25.98,1.59,0.0
20230701:0910,519.98,525.57,139.06,13.22,49.78,26.12,2.14,0.0
20230701:1010,632.36,660.44,154.06,15.46,61.07,27.18,3.03,0.0
20230701:1110,706.55,760.42,154.45,16.98,70.71,27.33,3.59,0.0
20230701:1210,726.92,778.27,161.11,17.33,74.74,27.39,4.07,0.0
20230701:1310,710.02,760.48,148.23,16.91,69.47,27.12,4.55,0.0
20230701:1410,627.96,640.69,153.53,15.16,59.43,27.07,4.76,0.0
20230701:1510,503.6,493.0,140.16,12.71,48.03,27.07,4.55,0.0
20230701:1610,341.49,315.89,120.09,9.66,36.29,26.88,5.24,0.0
20230701:1710,155.55,137.71,90.36,6.26,24.61,26.31,5.24,0.0
20230701:1810,29.89,1.86,50.24,2.93,13.26,25.9,4.41,0.0
20230701:1910,1.12,0.0,8.56,0.18,2.47,25.53,3.45,0.0
20230701:2010,0.0,0.0,0.0,0.0,0.0,25.05,2.41,0.0
20230701:2110,0.0,0.0,0.0,0.0,0.0,24.86,1.79,0.0
20230701:2210,0.0,0.0,0.0,0.0,0.0,24.41,0.28,0.0
20230701:2310,0.0,0.0,0.0,0.0,0.0,24.26,0.62,0.0
20230702:0010,0.0,0.0,0.0,0.0,0.0,24.19,0.97,0.0
20230702:0110,0.0,0.0,0.0,0.0,0.0,24.26,1.24,0.0
20230702:0210,0.0,0.0,0.0,0.0,0.0,24.16,1.38,0.0
20230702:0310,0.0,0.0,0.0,0.0,0.0,23.85,1.52,0.0
20230702:0410,0.0,0.0,0.0,0.0,0.0,23.77,1.72,0.0
20230702:0510,6.74,0.0,18.84,0.4,3.97,23.7,1.79,0.0
20230702:0610,36.11,18.34,53.48,3.51,14.86,24.52,1.17,0.0
20230702:0710,180.86,167.23,92.54,6.84,26.28,25.74,0.34,0.0
20230702:0810,364.03,352.16,118.48,10.24,37.99,26.67,1.72,0.0
20230702:0910,521.87,524.16,139.12,13.18,49.71,26.93,3.1,0.0
20230702:1010,604.12,558.81,216.43,14.67,60.99,27.5,3.38,0.0
20230702:1110,699.51,727.05,172.39,16.67,70.63,27.71,4.34,0.0
20230702:1210,724.08,753.5,175.13,17.11,74.67,27.83,5.03,0.0
20230702:1310,710.56,760.15,148.31,16.89,69.44,27.88,5.1,0.0
20230702:1410,629.39,648.84,148.71,15.21,59.42,27.85,5.03,0.0
20230702:1510,503.8,498.94,137.37,12.77,48.03,27.9,4.48,0.0
20230702:1610,340.68,319.6,118.32,9.69,36.29,27.32,4.07,0.0
20230702:1710,154.9,138.16,90.45,6.26,24.61,26.98,3.31,0.0
20230702:1810,40.92,1.36,65.41,2.57,13.25,26.66,2.34,0.0
20230702:1910,1.5,0.0,9.42,0.2,2.46,26.04,1.86,0.0
20230702:2010,0.0,0.0,0.0,0.0,0.0,25.66,0.76,0.0
20230702:2110,0.0,0.0,0.0,0.0,0.0,25.39,0.07,0.0
20230702:2210,0.0,0.0,0.0,0.0,0.0,25.1,1.1,0.0
20230702:2310,0.0,0.0,0.0,0.0,0.0,25.17,1.38,0.0
20230703:0010,0.0,0.0,0.0,0.0,0.0,25.25,0.41,0.0
20230703:0110,0.0,0.0,0.0,0.0,0.0,25.0,0.97,0.0
20230703:0210,0.0,0.0,0.0,0.0,0.0,24.58,0.83,0.0
20230703:0310,0.0,0.0,0.0,0.0,0.0,24.27,0.48,0.0
20230703:0410,0.0,0.0,0.0,0.0,0.0,23.94,0.55,0.0
20230703:0510,4.2,0.0,14.56,0.31,3.89,24.05,0.48,0.0
20230703:0610,38.54,16.06,57.43,3.33,14.78,24.47,1.17,0.0
20230703:0710,179.63,142.24,111.97,6.49,26.21,25.4,0.9,0.0
20230703:0810,357.57,324.97,134.46,9.93,37.91,26.32,2.28,0.0
20230703:0910,519.01,515.61,143.04,13.08,49.63,26.79,3.17,0.0
20230703:1010,622.33,649.16,159.1,15.32,60.91,27.45,2.41,0.0
20230703:1110,700.69,748.99,159.56,16.84,70.54,28.02,3.72,0.0
20230703:1210,724.97,776.6,162.26,17.29,74.6,28.24,4.28,0.0
20230703:1310,696.18,728.91,165.29,16.6,69.41,28.27,4.69,0.0
20230703:1410,617.98,621.29,163.49,14.94,59.41,28.29,4.97,0.0
20230703:1510,500.95,485.38,145.14,12.62,48.02,27.88,5.03,0.0
20230703:1610,334.7,300.44,130.55,9.48,36.28,27.46,3.79,0.0
20230703:1710,152.17,65.79,147.48,5.08,24.6,26.88,3.79,0.0
20230703:1810,46.05,0.24,72.75,1.65,13.24,26.33,3.72,0.0
20230703:1910,0.41,0.0,6.85,0.14,2.44,25.67,2.83,0.0
20230703:2010,0.0,0.0,0.0,0.0,0.0,25.19,2.21,0.0
20230703:2110,0.0,0.0,0.0,0.0,0.0,24.85,1.86,0.0
20230703:2210,0.0,0.0,0.0,0.0,0.0,24.61,3.17,0.0
20230703:2310,0.0,0.0,0.0,0.0,0.0,24.48,2.55,0.0
20230704:0010,0.0,0.0,0.0,0.0,0.0,24.28,1.86,0.0
20230704:0110,0.0,0.0,0.0,0.0,0.0,24.29,1.59,0.0
20230704:0210,0.0,0.0,0.0,0.0,0.0,23.77,2.0,0.0
20230704:0310,0.0,0.0,0.0,0.0,0.0,23.75,2.48,0.0
20230704:0410,0.0,0.0,0.0,0.0,0.0,23.61,2.28,0.0
20230704:0510,6.22,0.0,17.98,0.38,3.81,23.63,2.0,0.0
20230704:0610,38.44,15.82,57.28,3.33,14.7,24.09,1.66,0.0
20230704:0710,180.82,164.26,93.56,6.76,26.13,25.16,1.24,0.0
20230704:0810,360.6,342.27,124.2,10.11,37.83,26.28,1.45,0.0
20230704:0910,519.5,524.19,139.25,13.17,49.55,26.97,2.62,0.0
20230704:1010,635.26,668.69,149.36,15.5,60.83,28.11,3.52,0.0
20230704:1110,707.1,750.63,159.65,16.86,70.45,28.56,4.76,0.0
20230704:1210,734.6,779.27,161.36,17.31,74.52,28.69,5.86,0.0
20230704:1310,698.3,706.38,180.25,16.44,69.37,28.49,6.34,0.0
20230704:1410,616.82,600.32,179.23,14.81,59.39,28.65,6.0,0.0
20230704:1510,498.53,479.83,149.08,12.57,48.01,28.72,5.38,0.0
20230704:1610,331.65,285.18,141.82,9.33,36.28,28.44,4.9,0.0
20230704:1710,155.63,134.99,94.29,6.2,24.59,27.96,4.14,0.0
20230704:1810,31.58,2.46,52.91,2.86,13.22,27.49,3.17,0.0
20230704:1910,1.49,0.0,9.42,0.2,2.42,26.97,2.55,0.0
20230704:2010,0.0,0.0,0.0,0.0,0.0,26.43,2.07,0.0
20230704:2110,0.0,0.0,0.0,0.0,0.0,25.98,2.0,0.0
20230704:2210,0.0,0.0,0.0,0.0,0.0,25.23,1.66,0.0
20230704:2310,0.0,0.0,0.0,0.0,0.0,24.92,1.93,0.0
20230705:0010,0.0,0.0,0.0,0.0,0.0,24.87,1.66,0.0
20230705:0110,0.0,0.0,0.0,0.0,0.0,24.53,1.38,0.0
20230705:0210,0.0,0.0,0.0,0.0,0.0,24.35,1.17,0.0
20230705:0310,0.0,0.0,0.0,0.0,0.0,24.26,0.97,0.0
20230705:0410,0.0,0.0,0.0,0.0,0.0,24.26,1.03,0.0
20230705:0510,5.17,0.0,16.27,0.34,3.72,24.45,1.38,0.0
20230705:0610,43.64,13.04,65.01,3.15,14.62,24.66,1.93,0.0
20230705:0710,0.0,0.0,0.0,0.0,0.0,25.24,2.34,0.0
20230705:0810,358.43,324.01,134.58,9.89,37.75,26.19,2.83,0.0
20230705:0910,520.36,514.83,143.19,13.04,49.47,26.65,3.52,0.0
20230705:1010,635.63,657.02,154.35,15.35,60.74,27.38,4.0,0.0
20230705:1110,696.26,726.08,172.65,16.62,70.35,27.82,4.0,0.0
20230705:1210,724.87,766.34,167.43,17.16,74.43,27.66,4.48,0.0
20230705:1310,696.09,717.8,172.43,16.49,69.32,27.67,4.83,0.0
20230705:1410,617.77,610.49,171.52,14.85,59.37,27.73,5.03,0.0
20230705:1510,503.0,486.79,144.4,12.61,48.0,27.36,5.1,0.0
20230705:1610,337.33,301.65,130.77,9.48,36.26,27.36,4.62,0.0
20230705:1710,156.06,98.21,124.69,5.64,24.58,27.09,4.48,0.0
20230705:1810,3.13,0.0,12.73,0.25,13.2,26.6,4.41,0.0
20230705:1910,0.0,0.0,0.86,0.02,2.39,26.07,4.0,0.0
20230705:2010,0.0,0.0,0.0,0.0,0.0,25.76,3.52,0.0
20230705:2110,0.0,0.0,0.0,0.0,0.0,25.5,2.69,0.0
20230705:2210,0.0,0.0,0.0,0.0,0.0,25.19,3.31,0.0
20230705:2310,0.0,0.0,0.0,0.0,0.0,25.19,3.86,0.0
20230706:0010,0.0,0.0,0.0,0.0,0.0,25.05,3.66,0.0
20230706:0110,0.0,0.0,0.0,0.0,0.0,24.92,3.24,0.0
20230706:0210,0.0,0.0,0.0,0.0,0.0,24.8,2.76,0.0
20230706:0310,0.0,0.0,0.0,0.0,0.0,24.76,2.41,0.0
20230706:0410,0.0,0.0,0.0,0.0,0.0,24.62,2.07,0.0
20230706:0510,4.18,0.0,14.56,0.31,3.62,24.79,2.07,0.0
20230706:0610,56.11,5.32,83.4,2.44,14.53,25.09,2.55,0.0
20230706:0710,114.79,7.54,150.45,3.22,25.96,25.74,2.9,0.0
20230706:0810,327.89,218.16,200.66,8.81,37.66,26.38,3.38,0.0
20230706:0910,509.06,476.66,165.35,12.68,49.38,26.69,3.86,0.0
20230706:1010,485.93,254.36,363.35,11.76,60.65,27.34,3.86,0.0
20230706:1110,698.89,721.97,173.72,16.55,70.25,27.5,4.55,0.0
20230706:1210,715.01,749.52,175.48,16.98,74.34,27.69,4.0,0.0
20230706:1310,682.94,700.17,182.42,16.33,69.27,27.77,3.72,0.0
20230706:1410,584.87,519.64,227.68,14.14,59.34,27.9,3.86,0.0
20230706:1510,488.47,449.16,167.46,12.26,47.98,27.8,4.48,0.0
20230706:1610,338.13,304.69,127.22,9.46,36.25,27.34,5.52,0.0
20230706:1710,156.44,128.86,98.42,6.06,24.56,26.74,5.93,0.0
20230706:1810,32.42,2.76,53.72,2.79,13.18,26.21,5.24,0.0
20230706:1910,0.76,0.0,7.71,0.16,2.36,25.74,3.86,0.0
20230706:2010,0.0,0.0,0.0,0.0,0.0,25.42,3.31,0.0
20230706:2110,0.0,0.0,0.0,0.0,0.0,25.36,3.31,0.0
20230706:2210,0.0,0.0,0.0,0.0,0.0,25.5,3.52,0.0
20230706:2310,0.0,0.0,0.0,0.0,0.0,25.5,3.52,0.0
20230707:0010,0.0,0.0,0.0,0.0,0.0,25.45,3.79,0.0
20230707:0110,0.0,0.0,0.0,0.0,0.0,25.26,3.38,0.0
20230707:0210,0.0,0.0,0.0,0.0,0.0,25.1,2.9,0.0
20230707:0310,0.0,0.0,0.0,0.0,0.0,24.96,3.03,0.0
20230707:0410,0.0,0.0,0.0,0.0,0.0,24.92,3.31,0.0
20230707:0510,5.16,0.0,16.27,0.34,3.53,24.94,4.41,0.0
20230707:0610,44.4,11.8,66.51,3.06,14.44,25.18,3.24,0.0
20230707:0710,167.73,71.06,158.8,5.3,25.87,25.98,3.24,0.0
20230707:0810,343.09,267.17,172.05,9.33,37.58,27.13,3.59,0.0
20230707:0910,498.89,445.67,187.41,12.46,49.29,27.86,3.86,0.0
20230707:1010,575.98,475.09,266.37,13.96,60.56,28.72,3.59,0.0
20230707:1110,689.47,701.35,190.72,16.46,70.14,29.35,4.55,0.0
20230707:1210,706.7,715.06,202.47,16.82,74.23,29.83,4.76,0.0
20230707:1310,673.95,667.96,207.25,16.17,69.21,30.05,4.41,0.0
20230707:1410,603.12,590.36,187.39,14.72,59.31,30.34,4.34,0.0
20230707:1510,486.15,455.28,166.65,12.35,47.95,30.35,4.41,0.0
20230707:1610,331.28,291.82,139.38,9.39,36.22,30.23,4.28,0.0
20230707:1710,154.91,131.14,98.36,6.11,24.53,29.99,3.79,0.0
20230707:1810,32.58,2.93,54.64,2.79,13.15,29.34,4.62,0.0
20230707:1910,0.73,0.0,7.71,0.16,2.32,28.24,4.14,0.0
20230707:2010,0.0,0.0,0.0,0.0,0.0,27.5,2.0,0.0
20230707:2110,0.0,0.0,0.0,0.0,0.0,26.95,1.03,0.0
20230707:2210,0.0,0.0,0.0,0.0,0.0,26.21,2.55,0.0
20230707:2310,0.0,0.0,0.0,0.0,0.0,25.86,3.1,0.0
20230708:0010,0.0,0.0,0.0,0.0,0.0,25.69,3.1,0.0
20230708:0110,0.0,0.0,0.0,0.0,0.0,25.47,3.03,0.0
20230708:0210,0.0,0.0,0.0,0.0,0.0,25.2,2.55,0.0
20230708:0310,0.0,0.0,0.0,0.0,0.0,24.79,1.45,0.0
20230708:0410,0.0,0.0,0.0,0.0,0.0,24.58,0.55,0.0
20230708:0510,4.19,0.0,14.56,0.31,3.43,24.51,1.31,0.0
20230708:0610,48.89,9.34,73.05,2.86,14.34,24.88,1.45,0.0
20230708:0710,174.77,110.82,133.18,5.97,25.78,25.81,2.14,0.0
20230708:0810,350.65,300.09,150.7,9.64,37.49,26.85,2.62,0.0
20230708:0910,508.43,492.33,157.9,12.82,49.2,27.72,2.83,0.0
20230708:1010,611.96,617.43,181.17,15.05,60.46,28.45,2.41,0.0
20230708:1110,679.15,689.51,199.76,16.38,70.03,28.87,3.17,0.0
20230708:1210,700.21,703.15,210.51,16.73,74.13,29.26,3.93,0.0
20230708:1310,683.48,682.45,198.54,16.26,69.14,29.46,4.97,0.0
20230708:1410,612.77,604.48,178.76,14.81,59.27,29.6,5.03,0.0
20230708:1510,489.6,456.08,167.75,12.37,47.93,29.43,4.34,0.0
20230708:1610,330.78,282.12,146.96,9.3,36.2,29.2,3.86,0.0
20230708:1710,156.37,115.5,112.46,5.9,24.5,28.85,3.17,0.0
20230708:1810,39.14,2.4,63.39,2.59,13.11,28.19,2.28,0.0
20230708:1910,0.09,0.0,5.99,0.13,2.28,27.42,2.55,0.0
20230708:2010,0.0,0.0,0.0,0.0,0.0,26.76,2.76,0.0
20230708:2110,0.0,0.0,0.0,0.0,0.0,26.22,1.79,0.0
20230708:2210,0.0,0.0,0.0,0.0,0.0,26.01,0.76,0.0
20230708:2310,0.0,0.0,0.0,0.0,0.0,26.03,1.38,0.0
20230709:0010,0.0,0.0,0.0,0.0,0.0,26.11,1.59,0.0
20230709:0110,0.0,0.0,0.0,0.0,0.0,26.05,0.62,0.0
20230709:0210,0.0,0.0,0.0,0.0,0.0,25.84,1.17,0.0
20230709:0310,0.0,0.0,0.0,0.0,0.0,25.29,1.52,0.0
20230709:0410,0.0,0.0,0.0,0.0,0.0,25.33,0.62,0.0
20230709:0510,3.7,0.0,13.7,0.29,3.33,24.88,0.76,0.0
20230709:0610,46.94,0.71,73.76,1.57,14.25,25.28,0.48,0.0
20230709:0710,152.53,39.73,169.09,4.56,25.69,25.93,1.24,0.0
20230709:0810,218.75,39.1,246.32,5.75,37.4,26.99,2.21,0.0
20230709:0910,414.04,227.97,300.86,10.33,49.11,27.54,2.83,0.0
20230709:1010,583.24,504.88,248.72,14.16,60.36,28.18,2.97,0.0
20230709:1110,636.7,530.23,293.37,15.17,69.92,28.62,3.86,0.0
20230709:1210,439.68,128.81,433.36,10.78,74.01,28.91,4.55,0.0
20230709:1310,683.66,694.1,190.78,16.31,69.07,29.18,4.34,0.0
20230709:1410,601.15,579.77,194.48,14.61,59.23,29.64,4.07,0.0
20230709:1510,491.47,473.07,156.42,12.48,47.89,29.75,3.79,0.0
20230709:1610,331.39,298.03,135.02,9.4,36.17,29.74,2.97,0.0
20230709:1710,155.44,123.78,105.14,5.99,24.47,29.43,2.55,0.0
20230709:1810,38.03,2.66,62.02,2.62,13.07,28.87,2.76,0.0
20230709:1910,0.4,0.0,6.85,0.14,2.23,27.82,3.17,0.0
20230709:2010,0.0,0.0,0.0,0.0,0.0,26.9,2.9,0.0
20230709:2110,0.0,0.0,0.0,0.0,0.0,26.55,1.59,0.0
20230709:2210,0.0,0.0,0.0,0.0,0.0,25.99,1.38,0.0
20230709:2310,0.0,0.0,0.0,0.0,0.0,25.83,0.97,0.0
20230710:0010,0.0,0.0,0.0,0.0,0.0,25.85,1.38,0.0
20230710:0110,0.0,0.0,0.0,0.0,0.0,26.02,3.03,0.0
20230710:0210,0.0,0.0,0.0,0.0,0.0,26.07,3.72,0.0
20230710:0310,0.0,0.0,0.0,0.0,0.0,26.05,3.38,0.0
20230710:0410,0.0,0.0,0.0,0.0,0.0,26.33,2.28,0.0
20230710:0510,3.23,0.0,12.85,0.27,3.22,25.43,2.14,0.0
20230710:0610,48.78,8.53,73.56,2.79,14.15,26.15,2.21,0.0
20230710:0710,174.67,120.67,125.63,6.09,25.59,27.27,2.83,0.0
20230710:0810,345.66,285.58,161.16,9.49,37.3,28.33,2.97,0.0
20230710:0910,480.69,399.56,218.05,12.08,49.01,29.22,3.17,0.0
20230710:1010,603.2,574.27,210.66,14.74,60.25,29.55,3.1,0.0
20230710:1110,676.16,667.84,215.82,16.24,69.8,29.87,3.79,0.0
20230710:1210,707.86,721.74,202.96,16.89,73.89,30.12,4.34,0.0
20230710:1310,683.82,688.25,198.9,16.33,69.0,30.39,4.83,0.0
20230710:1410,611.09,597.81,186.91,14.79,59.18,30.53,5.1,0.0
20230710:1510,486.56,443.4,178.55,12.28,47.85,30.53,4.76,0.0
20230710:1610,329.5,274.7,153.76,9.22,36.13,30.19,4.34,0.0
20230710:1710,157.16,112.22,116.42,5.84,24.43,29.58,3.79,0.0
20230710:1810,27.8,4.09,47.86,2.93,13.03,28.88,3.1,0.0
20230710:1910,1.09,0.0,8.56,0.18,2.17,28.32,2.76,0.0
20230710:2010,0.0,0.0,0.0,0.0,0.0,27.48,3.66,0.0
20230710:2110,0.0,0.0,0.0,0.0,0.0,26.92,3.38,0.0
20230710:2210,0.0,0.0,0.0,0.0,0.0,26.77,3.1,0.0
20230710:2310,0.0,0.0,0.0,0.0,0.0,26.89,1.86,0.0
20230711:0010,0.0,0.0,0.0,0.0,0.0,26.95,2.07,0.0
20230711:0110,0.0,0.0,0.0,0.0,0.0,26.91,2.9,0.0
20230711:0210,0.0,0.0,0.0,0.0,0.0,26.94,2.69,0.0
20230711:0310,0.0,0.0,0.0,0.0,0.0,26.54,2.28,0.0
20230711:0410,0.0,0.0,0.0,0.0,0.0,26.03,2.0,0.0
20230711:0510,2.76,0.0,11.99,0.25,3.12,26.47,2.28,0.0
20230711:0610,51.83,6.63,78.29,2.6,14.05,26.9,2.34,0.0
20230711:0710,172.59,113.31,130.52,5.97,25.49,27.64,2.07,0.0
20230711:0810,340.56,273.85,168.73,9.37,37.21,28.33,2.14,0.0
20230711:0910,489.61,432.87,197.44,12.33,48.92,28.77,2.69,0.0
20230711:1010,612.16,597.09,196.24,14.88,60.15,29.65,3.59,0.0
20230711:1110,678.07,681.51,208.13,16.33,69.67,29.98,3.52,0.0
20230711:1210,695.7,722.76,202.12,16.87,73.76,30.5,2.97,0.0
20230711:1310,668.92,689.28,198.06,16.31,68.91,30.81,2.9,0.0
20230711:1410,601.51,597.85,187.07,14.78,59.12,31.09,3.52,0.0
20230711:1510,393.83,206.37,301.8,9.95,47.81,31.04,4.0,0.0
20230711:1610,269.05,115.97,237.38,7.29,36.09,30.77,3.31,0.0
20230711:1710,94.33,3.64,132.47,2.75,24.39,31.17,2.55,0.0
20230711:1810,37.34,0.14,63.13,1.32,12.98,31.64,2.76,0.0
20230711:1910,0.38,0.0,6.85,0.14,2.11,30.83,2.62,0.0
20230711:2010,0.0,0.0,0.0,0.0,0.0,29.76,2.34,0.0
20230711:2110,0.0,0.0,0.0,0.0,0.0,28.78,2.14,0.0
20230711:2210,0.0,0.0,0.0,0.0,0.0,27.21,0.62,0.0
20230711:2310,0.0,0.0,0.0,0.0,0.0,27.43,1.72,0.0
20230712:0010,0.0,0.0,0.0,0.0,0.0,27.67,2.28,0.0
20230712:0110,0.0,0.0,0.0,0.0,0.0,27.53,2.07,0.0
20230712:0210,0.0,0.0,0.0,0.0,0.0,27.58,1.66,0.0
20230712:0310,0.0,0.0,0.0,0.0,0.0,27.57,1.79,0.0
20230712:0410,0.0,0.0,0.0,0.0,0.0,27.65,1.86,0.0
20230712:0510,2.73,0.0,11.99,0.25,3.0,27.8,1.79,0.0
20230712:0610,47.7,7.91,73.1,2.71,13.94,27.99,1.17,0.0
20230712:0710,168.93,109.11,132.61,5.88,25.39,29.41,0.97,0.0
20230712:0810,333.54,266.2,171.66,9.24,37.11,30.25,2.07,0.0
20230712:0910,463.4,372.71,231.34,11.77,48.82,30.43,2.21,0.0
20230712:1010,551.92,447.8,282.01,13.67,60.04,31.58,2.34,0.0
20230712:1110,660.33,651.14,224.92,16.06,69.54,32.06,3.38,0.0
20230712:1210,692.77,691.25,220.03,16.6,73.63,31.79,4.41,0.0
20230712:1310,668.06,635.52,229.57,15.88,68.82,31.29,5.52,0.0
20230712:1410,526.0,350.94,322.9,12.7,59.06,30.54,5.24,0.0
20230712:1510,479.05,409.08,199.74,11.95,47.76,29.79,5.17,0.0
20230712:1610,322.66,247.91,169.93,8.9,36.04,29.77,4.83,0.0
20230712:1710,153.77,80.93,138.31,5.28,24.34,29.4,4.14,0.0
20230712:1810,45.1,1.7,71.74,2.21,12.92,28.9,3.1,0.0
20230712:1910,0.39,0.0,6.85,0.14,2.05,28.56,1.52,0.0
20230712:2010,0.0,0.0,0.0,0.0,0.0,28.31,1.24,0.0
20230712:2110,0.0,0.0,0.0,0.0,0.0,27.82,1.24,0.0
20230712:2210,0.0,0.0,0.0,0.0,0.0,27.3,2.07,0.0
20230712:2310,0.0,0.0,0.0,0.0,0.0,27.03,2.07,0.0
20230713:0010,0.0,0.0,0.0,0.0,0.0,26.93,1.52,0.0
20230713:0110,0.0,0.0,0.0,0.0,0.0,26.67,1.52,0.0
20230713:0210,0.0,0.0,0.0,0.0,0.0,26.41,1.93,0.0
20230713:0310,0.0,0.0,0.0,0.0,0.0,26.24,2.14,0.0
20230713:0410,0.0,0.0,0.0,0.0,0.0,26.13,2.34,0.0
20230713:0510,0.0,0.0,5.14,0.11,2.89,26.19,2.55,0.0
20230713:0610,47.96,0.94,75.2,1.65,13.83,26.7,3.03,0.0
20230713:0710,126.37,15.26,159.06,3.62,25.29,27.68,3.31,0.0
20230713:0810,256.97,82.9,251.12,6.78,37.01,28.88,3.59,0.0
20230713:0910,504.67,474.48,170.08,12.61,48.71,29.62,4.21,0.0
20230713:1010,634.78,663.21,154.34,15.32,59.93,29.75,4.41,0.0
20230713:1110,701.72,734.66,172.73,16.62,69.41,30.21,5.24,0.0
20230713:1210,734.91,777.38,167.51,17.2,73.49,29.97,6.28,0.0
20230713:1310,707.03,728.76,172.58,16.53,68.72,29.78,6.9,0.0
20230713:1410,627.73,620.99,172.73,14.9,59.0,29.46,6.76,0.0
20230713:1510,468.69,362.9,228.03,11.56,47.71,29.06,6.21,0.0
20230713:1610,324.31,238.89,176.58,8.81,35.99,28.67,6.41,0.0
20230713:1710,160.22,133.85,99.03,6.09,24.29,28.01,6.76,0.0
20230713:1810,33.35,3.78,55.15,2.73,12.86,27.54,6.14,0.0
20230713:1910,0.09,0.0,5.99,0.13,1.98,27.13,5.17,0.0
20230713:2010,0.0,0.0,0.0,0.0,0.0,26.83,4.0,0.0
20230713:2110,0.0,0.0,0.0,0.0,0.0,26.64,3.03,0.0
20230713:2210,0.0,0.0,0.0,0.0,0.0,26.6,2.14,0.0
20230713:2310,0.0,0.0,0.0,0.0,0.0,26.39,2.14,0.0
20230714:0010,0.0,0.0,0.0,0.0,0.0,26.33,2.14,0.0
20230714:0110,0.0,0.0,0.0,0.0,0.0,26.15,1.79,0.0
20230714:0210,0.0,0.0,0.0,0.0,0.0,25.96,1.59,0.0
20230714:0310,0.0,0.0,0.0,0.0,0.0,25.81,1.59,0.0
20230714:0410,0.0,0.0,0.0,0.0,0.0,25.56,1.66,0.0
20230714:0510,2.34,0.0,11.13,0.24,2.77,25.59,1.93,0.0
20230714:0610,38.09,11.19,59.07,2.97,13.73,25.85,1.93,0.0
20230714:0710,173.34,131.33,114.81,6.15,25.19,26.37,1.79,0.0
20230714:0810,257.85,82.26,252.09,6.78,36.91,26.88,2.0,0.0
20230714:0910,334.73,102.19,327.84,8.43,48.61,27.37,2.21,0.0
20230714:1010,563.43,449.3,282.42,13.67,59.81,27.8,2.28,0.0
20230714:1110,702.53,758.48,159.92,16.8,69.27,28.11,3.17,0.0
20230714:1210,727.08,777.65,168.69,17.2,73.34,28.58,4.07,0.0
20230714:1310,700.61,742.77,164.77,16.62,68.62,28.9,4.28,0.0
20230714:1410,625.32,645.13,158.15,15.06,58.92,29.21,4.28,0.0
20230714:1510,508.54,504.3,141.85,12.71,47.65,29.19,4.62,0.0
20230714:1610,346.29,324.86,121.73,9.64,35.94,28.86,4.62,0.0
20230714:1710,159.21,144.28,90.02,6.2,24.23,28.37,4.41,0.0
20230714:1810,31.08,4.12,52.2,2.75,12.8,27.94,4.0,0.0
20230714:1910,0.0,0.0,5.14,0.11,1.9,27.34,3.52,0.0
20230714:2010,0.0,0.0,0.0,0.0,0.0,26.74,2.9,0.0
20230714:2110,0.0,0.0,0.0,0.0,0.0,26.22,2.62,0.0
20230714:2210,0.0,0.0,0.0,0.0,0.0,25.94,1.59,0.0
20230714:2310,0.0,0.0,0.0,0.0,0.0,25.89,1.93,0.0
20230715:0010,0.0,0.0,0.0,0.0,0.0,25.88,2.34,0.0
20230715:0110,0.0,0.0,0.0,0.0,0.0,25.78,1.93,0.0
20230715:0210,0.0,0.0,0.0,0.0,0.0,25.55,1.93,0.0
20230715:0310,0.0,0.0,0.0,0.0,0.0,25.33,1.93,0.0
20230715:0410,0.0,0.0,0.0,0.0,0.0,25.13,2.0,0.0
20230715:0510,1.92,0.0,10.28,0.22,2.66,25.07,1.59,0.0
20230715:0610,41.58,9.49,64.0,2.82,13.61,25.29,1.31,0.0
20230715:0710,172.64,127.22,116.88,6.06,25.08,26.26,2.55,0.0
20230715:0810,312.19,186.35,215.29,8.3,36.8,27.64,3.38,0.0
20230715:0910,507.99,490.97,157.89,12.66,48.5,28.98,3.72,0.0
20230715:1010,623.18,641.51,165.49,15.06,59.69,30.23,4.0,0.0
20230715:1110,692.7,732.18,174.05,16.55,69.13,30.84,4.28,0.0
20230715:1210,715.85,748.2,184.85,16.93,73.19,31.11,5.17,0.0
20230715:1310,697.39,727.35,172.9,16.46,68.51,31.23,6.07,0.0
20230715:1410,626.84,642.56,158.31,14.99,58.85,31.09,6.34,0.0
20230715:1510,505.66,501.82,142.02,12.64,47.59,30.92,5.72,0.0
20230715:1610,339.8,313.61,127.55,9.48,35.88,30.78,5.31,0.0
20230715:1710,157.0,133.22,98.55,6.02,24.16,30.46,4.62,0.0
20230715:1810,32.45,3.98,54.54,2.69,12.73,29.89,4.28,0.0
20230715:1910,0.0,0.0,4.28,0.09,1.82,29.21,3.86,0.0
20230715:2010,0.0,0.0,0.0,0.0,0.0,28.6,2.97,0.0
20230715:2110,0.0,0.0,0.0,0.0,0.0,27.86,2.07,0.0
20230715:2210,0.0,0.0,0.0,0.0,0.0,27.11,1.52,0.0
20230715:2310,0.0,0.0,0.0,0.0,0.0,26.93,0.9,0.0
20230716:0010,0.0,0.0,0.0,0.0,0.0,26.5,0.9,0.0
20230716:0110,0.0,0.0,0.0,0.0,0.0,26.07,0.28,0.0
20230716:0210,0.0,0.0,0.0,0.0,0.0,25.84,0.76,0.0
20230716:0310,0.0,0.0,0.0,0.0,0.0,25.5,0.83,0.0
20230716:0410,0.0,0.0,0.0,0.0,0.0,25.34,1.38,0.0
20230716:0510,0.0,0.0,4.28,0.09,2.53,25.4,2.62,0.0
20230716:0610,42.65,0.52,68.47,1.45,13.5,26.3,2.97,0.0
20230716:0710,84.46,1.28,119.94,2.42,24.97,27.34,3.38,0.0
20230716:0810,299.93,160.36,226.19,7.94,36.7,28.58,4.21,0.0
20230716:0910,484.0,402.21,212.34,11.92,48.39,29.03,4.69,0.0
20230716:1010,443.61,186.94,379.09,10.78,59.57,29.03,4.55,0.0
20230716:1110,601.37,425.48,345.65,14.16,68.98,29.32,5.1,0.0
20230716:1210,679.36,601.4,273.22,15.86,73.03,29.45,5.38,0.0
20230716:1310,681.28,657.69,216.64,15.95,68.39,29.21,5.38,0.0
20230716:1410,614.73,594.84,187.93,14.61,58.76,29.34,5.45,0.0
20230716:1510,499.52,476.59,156.64,12.39,47.52,29.35,5.1,0.0
20230716:1610,335.59,289.25,143.63,9.22,35.81,29.1,4.83,0.0
20230716:1710,157.59,118.35,110.0,5.79,24.1,28.71,5.03,0.0
20230716:1810,39.89,2.82,64.3,2.41,12.65,28.07,5.24,0.0
20230716:1910,0.0,0.0,5.14,0.11,1.73,27.48,4.83,0.0
20230716:2010,0.0,0.0,0.0,0.0,0.0,27.15,4.14,0.0
20230716:2110,0.0,0.0,0.0,0.0,0.0,26.96,3.72,0.0
20230716:2210,0.0,0.0,0.0,0.0,0.0,27.03,3.86,0.0
20230716:2310,0.0,0.0,0.0,0.0,0.0,26.84,3.66,0.0
20230717:0010,0.0,0.0,0.0,0.0,0.0,26.76,3.38,0.0
20230717:0110,0.0,0.0,0.0,0.0,0.0,26.52,3.52,0.0
20230717:0210,0.0,0.0,0.0,0.0,0.0,26.41,3.93,0.0
20230717:0310,0.0,0.0,0.0,0.0,0.0,26.19,4.41,0.0
20230717:0410,0.0,0.0,0.0,0.0,0.0,25.93,3.59,0.0
20230717:0510,0.75,0.0,7.71,0.16,2.41,25.87,3.17,0.0
20230717:0610,43.33,8.15,66.91,2.69,13.39,26.49,3.24,0.0
20230717:0710,173.9,130.59,115.98,6.11,24.86,27.38,3.79,0.0
20230717:0810,358.72,329.03,132.19,9.77,36.59,28.77,4.41,0.0
20230717:0910,522.47,518.8,145.71,12.93,48.28,29.44,4.76,0.0
20230717:1010,638.91,665.21,158.01,15.32,59.45,30.25,4.76,0.0
20230717:1110,707.99,746.7,172.51,16.73,68.83,30.54,5.1,0.0
20230717:1210,733.16,776.78,175.31,17.22,72.87,30.61,5.52,0.0
20230717:1310,702.83,728.09,181.38,16.57,68.27,30.87,5.66,0.0
20230717:1410,637.03,664.46,153.81,15.26,58.67,31.13,5.72,0.0
20230717:1510,510.25,506.99,144.33,12.73,47.44,31.33,5.72,0.0
20230717:1610,344.74,322.13,125.98,9.58,35.74,31.24,5.52,0.0
20230717:1710,159.12,138.22,96.81,6.09,24.02,30.69,5.1,0.0
20230717:1810,29.88,4.58,50.96,2.77,12.57,30.07,4.69,0.0
20230717:1910,0.0,0.0,4.28,0.09,1.64,29.54,4.34,0.0
20230717:2010,0.0,0.0,0.0,0.0,0.0,29.07,3.93,0.0
20230717:2110,0.0,0.0,0.0,0.0,0.0,28.73,3.59,0.0
20230717:2210,0.0,0.0,0.0,0.0,0.0,27.85,3.31,0.0
20230717:2310,0.0,0.0,0.0,0.0,0.0,27.6,2.76,0.0
20230718:0010,0.0,0.0,0.0,0.0,0.0,27.64,2.76,0.0
20230718:0110,0.0,0.0,0.0,0.0,0.0,27.22,2.97,0.0
20230718:0210,0.0,0.0,0.0,0.0,0.0,26.6,3.03,0.0
20230718:0310,0.0,0.0,0.0,0.0,0.0,26.05,3.24,0.0
20230718:0410,0.0,0.0,0.0,0.0,0.0,25.57,3.38,0.0
20230718:0510,0.76,0.0,7.71,0.16,2.28,25.44,3.31,0.0
20230718:0610,37.89,10.14,59.36,2.88,13.27,26.59,2.83,0.0
20230718:0710,174.06,152.34,99.28,6.38,24.75,28.36,2.34,0.0
20230718:0810,360.38,350.71,121.03,10.0,36.48,29.62,2.14,0.0
20230718:0910,518.37,540.23,137.16,13.17,48.17,30.53,2.28,0.0
20230718:1010,633.9,683.02,152.28,15.52,59.32,31.19,3.03,0.0
20230718:1110,707.33,778.84,159.72,17.05,68.68,31.53,3.59,0.0
20230718:1210,725.17,787.23,174.58,17.36,72.7,31.6,3.93,0.0
20230718:1310,698.03,751.29,171.64,16.78,68.14,31.72,3.86,0.0
20230718:1410,628.61,673.61,152.04,15.37,58.58,31.79,3.52,0.0
20230718:1510,508.83,521.1,140.66,12.91,47.36,31.72,3.31,0.0
20230718:1610,347.34,337.16,120.46,9.78,35.66,31.62,3.03,0.0
20230718:1710,159.68,146.39,92.17,6.22,23.94,31.13,2.55,0.0
20230718:1810,29.03,4.73,49.99,2.77,12.48,30.67,1.66,0.0
20230718:1910,0.0,0.0,4.28,0.09,1.55,30.25,0.48,0.0
20230718:2010,0.0,0.0,0.0,0.0,0.0,29.75,0.48,0.0
20230718:2110,0.0,0.0,0.0,0.0,0.0,29.09,1.03,0.0
20230718:2210,0.0,0.0,0.0,0.0,0.0,28.91,0.97,0.0
20230718:2310,0.0,0.0,0.0,0.0,0.0,28.57,0.97,0.0
20230719:0010,0.0,0.0,0.0,0.0,0.0,28.17,1.59,0.0
20230719:0110,0.0,0.0,0.0,0.0,0.0,27.71,2.41,0.0
20230719:0210,0.0,0.0,0.0,0.0,0.0,27.25,2.21,0.0
20230719:0310,0.0,0.0,0.0,0.0,0.0,26.99,2.21,0.0
20230719:0410,0.0,0.0,0.0,0.0,0.0,26.9,2.9,0.0
20230719:0510,0.09,0.0,5.99,0.13,2.15,26.68,2.62,0.0
20230719:0610,37.69,9.3,59.52,2.75,13.15,27.04,2.34,0.0
20230719:0710,169.63,138.65,106.23,6.11,24.64,28.31,1.72,0.0
20230719:0810,342.26,314.22,138.21,9.51,36.37,30.54,1.45,0.0
20230719:0910,486.87,481.56,164.4,12.5,48.05,32.34,1.59,0.0
20230719:1010,587.32,572.0,210.31,14.49,59.19,33.12,2.62,0.0
20230719:1110,667.13,666.21,217.49,16.02,68.52,32.92,4.0,0.0
20230719:1210,697.28,693.79,221.45,16.49,72.52,32.24,4.97,0.0
20230719:1310,655.29,589.16,260.09,15.43,68.0,31.28,5.38,0.0
20230719:1410,595.38,543.57,222.58,14.21,58.48,30.66,4.9,0.0
20230719:1510,476.24,427.88,189.78,11.97,47.28,30.75,2.9,0.0
20230719:1610,291.57,170.79,213.36,7.92,35.58,30.88,2.41,0.0
20230719:1710,155.12,103.11,122.75,5.53,23.86,30.69,2.69,0.0
20230719:1810,39.28,2.7,64.38,2.3,12.39,30.42,2.07,0.0
20230719:1910,0.0,0.0,2.57,0.05,1.44,29.97,1.1,0.0
20230719:2010,0.0,0.0,0.0,0.0,0.0,29.57,0.41,0.0
20230719:2110,0.0,0.0,0.0,0.0,0.0,29.3,1.03,0.0
20230719:2210,0.0,0.0,0.0,0.0,0.0,28.7,1.17,0.0
20230719:2310,0.0,0.0,0.0,0.0,0.0,28.48,1.45,0.0
20230720:0010,0.0,0.0,0.0,0.0,0.0,28.46,0.83,0.0
20230720:0110,0.0,0.0,0.0,0.0,0.0,28.35,1.66,0.0
20230720:0210,0.0,0.0,0.0,0.0,0.0,28.0,0.76,0.0
20230720:0310,0.0,0.0,0.0,0.0,0.0,27.49,0.83,0.0
20230720:0410,0.0,0.0,0.0,0.0,0.0,27.46,1.31,0.0
20230720:0510,0.0,0.0,5.14,0.11,2.02,27.77,1.86,0.0
20230720:0610,46.97,1.65,74.04,1.75,13.03,27.61,2.48,0.0
20230720:0710,161.83,92.36,136.11,5.37,24.52,28.14,2.55,0.0
20230720:0810,284.23,142.12,229.17,7.56,36.26,29.22,2.28,0.0
20230720:0910,423.22,266.35,278.45,10.49,47.93,29.73,3.17,0.0
20230720:1010,64.33,0.0,97.27,1.94,59.06,30.14,4.62,0.0
20230720:1110,221.96,2.98,289.25,5.81,68.35,29.99,3.24,0.0
20230720:1210,101.43,0.0,143.63,2.86,72.34,30.26,3.31,0.0
20230720:1310,429.4,136.17,415.16,10.51,67.86,30.16,4.76,0.0
20230720:1410,115.15,0.0,160.9,3.2,58.37,30.7,3.17,0.0
20230720:1510,40.72,0.0,67.27,1.34,47.19,30.45,3.79,0.0
20230720:1610,24.38,0.0,45.45,0.9,35.5,30.44,3.45,0.0
20230720:1710,14.83,0.0,31.82,0.63,23.77,29.84,2.97,0.0
20230720:1810,8.9,0.0,22.73,0.45,12.3,29.11,2.69,0.0
20230720:1910,0.0,0.0,0.0,0.0,0.0,28.48,2.21,0.0
20230720:2010,0.0,0.0,0.0,0.0,0.0,28.14,1.72,0.0
20230720:2110,0.0,0.0,0.0,0.0,0.0,28.08,1.1,0.0
20230720:2210,0.0,0.0,0.0,0.0,0.0,28.08,1.66,0.0
20230720:2310,0.0,0.0,0.0,0.0,0.0,27.94,1.93,0.0
20230721:0010,0.0,0.0,0.0,0.0,0.0,27.8,2.07,0.0
20230721:0110,0.0,0.0,0.0,0.0,0.0,27.55,2.34,0.0
20230721:0210,0.0,0.0,0.0,0.0,0.0,27.39,2.14,0.0
20230721:0310,0.0,0.0,0.0,0.0,0.0,27.13,2.21,0.0
20230721:0410,0.0,0.0,0.0,0.0,0.0,26.86,2.34,0.0
20230721:0510,0.0,0.0,5.14,0.11,1.89,26.69,2.48,0.0
20230721:0610,45.89,5.16,71.4,2.31,12.9,27.07,2.14,0.0
20230721:0710,161.27,88.16,140.87,5.34,24.41,29.12,1.45,0.0
20230721:0810,299.75,178.63,217.95,8.1,36.14,31.12,1.66,0.0
20230721:0910,507.91,526.66,139.66,12.86,47.81,31.65,2.34,0.0
20230721:1010,623.54,667.07,155.79,15.19,58.92,31.58,2.97,0.0
20230721:1110,690.35,739.77,174.26,16.51,68.19,31.58,3.59,0.0
20230721:1210,724.35,770.92,177.08,17.02,72.15,31.41,5.03,0.0
20230721:1310,561.45,345.64,379.29,13.33,67.71,31.0,5.1,0.0
20230721:1410,70.09,0.0,104.54,2.08,58.26,30.33,4.97,0.0
20230721:1510,82.8,0.0,119.99,2.39,47.09,29.81,5.79,0.0
20230721:1610,316.76,216.83,191.0,8.45,35.4,29.33,5.72,0.0
20230721:1710,156.66,95.9,127.91,5.39,23.68,28.76,4.76,0.0
20230721:1810,39.96,2.66,64.67,2.26,12.2,28.47,4.21,0.0
20230721:1910,0.0,0.0,0.0,0.0,0.0,28.14,2.97,0.0
20230721:2010,0.0,0.0,0.0,0.0,0.0,27.66,1.31,0.0
20230721:2110,0.0,0.0,0.0,0.0,0.0,27.51,1.17,0.0
20230721:2210,0.0,0.0,0.0,0.0,0.0,27.56,2.83,0.0
20230721:2310,0.0,0.0,0.0,0.0,0.0,27.64,2.76,0.0
20230722:0010,0.0,0.0,0.0,0.0,0.0,27.24,2.28,0.0
20230722:0110,0.0,0.0,0.0,0.0,0.0,26.8,2.62,0.0
20230722:0210,0.0,0.0,0.0,0.0,0.0,26.46,2.21,0.0
20230722:0310,0.0,0.0,0.0,0.0,0.0,26.17,1.86,0.0
20230722:0410,0.0,0.0,0.0,0.0,0.0,26.05,2.48,0.0
20230722:0510,0.0,0.0,4.28,0.09,1.75,26.12,2.48,0.0
20230722:0610,42.87,1.0,68.66,1.54,12.78,26.35,2.21,0.0
20230722:0710,154.79,62.97,152.17,4.83,24.29,27.25,2.62,0.0
20230722:0810,254.92,88.34,242.8,6.67,36.03,28.32,3.17,0.0
20230722:0910,361.45,148.75,316.43,9.01,47.69,29.19,3.03,0.0
20230722:1010,576.71,491.96,253.94,13.74,58.78,29.78,3.66,0.0
20230722:1110,548.55,323.73,383.9,13.02,68.01,29.84,4.28,0.0
20230722:1210,647.84,528.13,312.22,15.14,71.96,29.94,4.55,0.0
20230722:1310,110.07,0.0,153.62,3.06,67.55,29.75,4.69,0.0
20230722:1410,239.1,11.69,300.73,6.19,58.14,29.75,3.79,0.0
20230722:1510,296.73,70.36,312.57,7.51,46.99,29.75,4.14,0.0
20230722:1610,138.18,4.17,183.72,3.74,35.31,29.4,4.14,0.0
20230722:1710,125.01,22.34,152.27,3.69,23.58,28.78,4.14,0.0
20230722:1810,32.39,3.96,54.25,2.5,12.09,28.37,4.41,0.0
20230722:1910,0.0,0.0,0.0,0.0,0.0,27.89,4.28,0.0
20230722:2010,0.0,0.0,0.0,0.0,0.0,27.5,3.72,0.0
20230722:2110,0.0,0.0,0.0,0.0,0.0,27.43,3.59,0.0
20230722:2210,0.0,0.0,0.0,0.0,0.0,27.3,2.76,0.0
20230722:2310,0.0,0.0,0.0,0.0,0.0,27.12,2.62,0.0
20230723:0010,0.0,0.0,0.0,0.0,0.0,27.05,2.0,0.0
20230723:0110,0.0,0.0,0.0,0.0,0.0,26.94,2.21,0.0
20230723:0210,0.0,0.0,0.0,0.0,0.0,26.81,3.24,0.0
20230723:0310,0.0,0.0,0.0,0.0,0.0,26.61,3.59,0.0
20230723:0410,0.0,0.0,0.0,0.0,0.0,26.33,3.38,0.0
20230723:0510,0.0,0.0,3.43,0.07,1.62,26.01,3.45,0.0
20230723:0610,43.69,5.5,68.23,2.31,12.65,26.39,3.38,0.0
20230723:0710,160.15,81.7,142.35,5.15,24.17,27.32,2.9,0.0
20230723:0810,329.93,250.74,176.3,8.79,35.91,28.45,2.9,0.0
20230723:0910,486.17,426.98,196.8,11.94,47.57,29.13,3.24,0.0
20230723:1010,564.98,455.97,275.8,13.47,58.64,29.87,3.52,0.0
20230723:1110,412.27,115.16,416.43,10.16,67.84,30.21,4.07,0.0
20230723:1210,630.94,487.96,334.65,14.83,71.76,30.26,4.07,0.0
20230723:1310,592.91,425.23,344.24,14.0,67.39,30.39,4.21,0.0
20230723:1410,329.25,62.49,363.03,8.28,58.01,30.29,4.0,0.0
20230723:1510,411.14,246.97,282.84,10.18,46.88,30.19,3.38,0.0
20230723:1610,333.84,296.23,139.44,9.11,35.21,29.99,3.17,0.0
20230723:1710,153.02,91.77,128.48,5.24,23.47,29.77,3.38,0.0
20230723:1810,42.93,1.29,69.3,1.84,11.98,29.19,3.17,0.0
20230723:1910,0.0,0.0,0.0,0.0,0.0,28.69,0.97,0.0
20230723:2010,0.0,0.0,0.0,0.0,0.0,28.47,0.62,0.0
20230723:2110,0.0,0.0,0.0,0.0,0.0,28.46,0.97,0.0
20230723:2210,0.0,0.0,0.0,0.0,0.0,27.99,1.03,0.0
20230723:2310,0.0,0.0,0.0,0.0,0.0,27.73,1.45,0.0
20230724:0010,0.0,0.0,0.0,0.0,0.0,27.53,2.21,0.0
20230724:0110,0.0,0.0,0.0,0.0,0.0,27.46,2.41,0.0
20230724:0210,0.0,0.0,0.0,0.0,0.0,27.49,1.17,0.0
20230724:0310,0.0,0.0,0.0,0.0,0.0,27.19,1.59,0.0
20230724:0410,0.0,0.0,0.0,0.0,0.0,27.03,3.1,0.0
20230724:0510,0.0,0.0,2.57,0.05,1.48,27.04,2.83,0.0
20230724:0610,39.88,6.62,63.27,2.41,12.52,27.15,2.48,0.0
20230724:0710,166.0,118.5,118.46,5.7,24.05,27.93,2.41,0.0
20230724:0810,334.53,272.8,162.6,8.97,35.79,29.24,2.62,0.0
20230724:0910,415.69,251.5,287.2,10.31,47.44,30.4,2.76,0.0
20230724:1010,570.59,497.33,253.62,13.78,58.5,31.81,2.97,0.0
20230724:1110,228.43,4.02,298.42,6.0,67.66,31.85,3.72,0.0
20230724:1210,170.2,0.0,229.07,4.56,71.55,31.25,3.93,0.0
20230724:1310,105.06,0.0,149.08,2.97,67.22,32.03,4.14,0.0
20230724:1410,578.83,512.0,242.0,13.85,57.88,32.71,4.62,0.0
20230724:1510,362.36,156.45,311.46,9.04,46.77,32.88,6.28,0.0
20230724:1610,210.1,43.68,235.94,5.61,35.1,32.37,4.76,0.0
20230724:1710,151.68,94.19,126.71,5.26,23.36,32.18,4.07,0.0
20230724:1810,35.43,3.02,59.46,2.26,11.86,31.66,3.52,0.0
20230724:1910,0.0,0.0,0.0,0.0,0.0,30.82,1.03,0.0
20230724:2010,0.0,0.0,0.0,0.0,0.0,30.06,0.48,0.0
20230724:2110,0.0,0.0,0.0,0.0,0.0,29.46,1.03,0.0
20230724:2210,0.0,0.0,0.0,0.0,0.0,29.41,1.93,0.0
20230724:2310,0.0,0.0,0.0,0.0,0.0,29.05,3.31,0.0
20230725:0010,0.0,0.0,0.0,0.0,0.0,30.58,4.28,0.0
20230725:0110,0.0,0.0,0.0,0.0,0.0,30.63,4.07,0.0
20230725:0210,0.0,0.0,0.0,0.0,0.0,29.96,3.45,0.0
20230725:0310,0.0,0.0,0.0,0.0,0.0,28.78,2.55,0.0
20230725:0410,0.0,0.0,0.0,0.0,0.0,27.37,1.86,0.0
20230725:0510,0.0,0.0,0.0,0.0,0.0,27.51,1.45,0.0
20230725:0610,28.81,10.99,47.43,2.8,12.39,26.84,1.38,0.0
20230725:0710,172.99,169.0,83.98,6.38,23.93,28.06,1.66,0.0
20230725:0810,363.09,360.53,112.98,9.86,35.67,28.96,2.21,0.0
20230725:0910,520.02,538.25,135.65,12.88,47.32,29.53,2.55,0.0
20230725:1010,638.97,692.35,145.72,15.34,58.35,30.55,3.17,0.0
20230725:1110,708.22,770.7,162.15,16.71,67.48,30.79,3.86,0.0
20230725:1210,695.71,655.29,252.65,16.19,71.34,30.76,4.83,0.0
20230725:1310,651.56,552.92,287.67,15.12,67.05,30.48,5.52,0.0
20230725:1410,651.12,685.11,145.54,15.23,57.75,30.13,6.14,0.0
20230725:1510,515.98,499.72,150.91,12.46,46.65,29.77,6.69,0.0
20230725:1610,347.82,315.34,131.41,9.31,34.98,29.51,6.34,0.0
20230725:1710,160.41,144.65,90.93,5.97,23.25,29.16,5.66,0.0
20230725:1810,28.43,4.43,48.92,2.53,11.74,28.78,4.28,0.0
20230725:1910,0.0,0.0,0.0,0.0,0.0,28.36,2.97,0.0
20230725:2010,0.0,0.0,0.0,0.0,0.0,27.94,2.14,0.0
20230725:2110,0.0,0.0,0.0,0.0,0.0,27.6,1.66,0.0
20230725:2210,0.0,0.0,0.0,0.0,0.0,27.21,0.9,0.0
20230725:2310,0.0,0.0,0.0,0.0,0.0,27.09,0.9,0.0
20230726:0010,0.0,0.0,0.0,0.0,0.0,26.92,1.59,0.0
20230726:0110,0.0,0.0,0.0,0.0,0.0,26.78,2.34,0.0
20230726:0210,0.0,0.0,0.0,0.0,0.0,26.38,3.38,0.0
20230726:0310,0.0,0.0,0.0,0.0,0.0,26.22,4.83,0.0
20230726:0410,0.0,0.0,0.0,0.0,0.0,25.8,5.86,0.0
20230726:0510,0.0,0.0,0.0,0.0,0.0,25.54,6.34,0.0
20230726:0610,42.76,5.13,66.92,2.22,12.26,25.86,6.76,0.0
20230726:0710,170.38,134.43,106.61,5.86,23.8,26.71,7.24,0.0
20230726:0810,352.59,296.18,149.98,9.17,35.55,27.55,7.38,0.0
20230726:0910,522.28,492.86,159.21,12.41,47.19,28.14,7.1,0.0
20230726:1010,628.08,598.54,197.43,14.52,58.21,28.8,6.0,0.0
20230726:1110,664.43,573.9,274.61,15.21,67.29,29.25,6.14,0.0
20230726:1210,743.21,784.78,170.15,16.96,71.12,29.48,6.21,0.0
20230726:1310,726.38,781.02,151.11,16.67,66.86,29.66,6.14,0.0
20230726:1410,650.27,686.94,141.74,15.16,57.6,29.71,5.93,0.0
20230726:1510,523.09,529.37,132.64,12.66,46.53,29.37,5.52,0.0
20230726:1610,353.94,340.27,114.68,9.49,34.87,28.96,5.31,0.0
20230726:1710,161.61,153.27,84.64,6.06,23.13,28.58,5.17,0.0
20230726:1810,26.47,4.6,46.09,2.53,11.61,28.14,4.97,0.0
20230726:1910,0.0,0.0,0.0,0.0,0.0,27.75,4.0,0.0
20230726:2010,0.0,0.0,0.0,0.0,0.0,27.59,3.17,0.0
20230726:2110,0.0,0.0,0.0,0.0,0.0,27.43,2.83,0.0
20230726:2210,0.0,0.0,0.0,0.0,0.0,27.11,2.14,0.0
20230726:2310,0.0,0.0,0.0,0.0,0.0,27.07,2.14,0.0
20230727:0010,0.0,0.0,0.0,0.0,0.0,27.04,1.79,0.0
20230727:0110,0.0,0.0,0.0,0.0,0.0,26.88,1.93,0.0
20230727:0210,0.0,0.0,0.0,0.0,0.0,26.56,1.59,0.0
20230727:0310,0.0,0.0,0.0,0.0,0.0,26.53,1.31,0.0
20230727:0410,0.0,0.0,0.0,0.0,0.0,26.36,1.52,0.0
20230727:0510,0.0,0.0,0.0,0.0,0.0,26.22,1.79,0.0
20230727:0610,36.95,0.5,61.19,1.3,12.13,26.32,2.48,0.0
20230727:0710,69.45,0.67,101.79,2.04,23.68,26.69,2.62,0.0
20230727:0810,245.44,77.12,241.09,6.37,35.42,27.36,2.9,0.0
20230727:0910,420.23,250.03,283.98,10.16,47.06,27.94,3.79,0.0
20230727:1010,590.06,525.02,236.28,13.87,58.05,28.89,3.52,0.0
20230727:1110,592.84,415.58,348.72,13.82,67.1,29.21,4.28,0.0
20230727:1210,692.37,652.36,246.01,15.95,70.9,29.48,4.62,0.0
20230727:1310,691.88,713.28,184.48,16.02,66.67,29.66,4.48,0.0
20230727:1410,640.82,676.98,142.91,14.96,57.45,29.5,5.1,0.0
20230727:1510,510.27,506.62,141.61,12.35,46.4,29.67,5.03,0.0
20230727:1610,344.4,324.63,120.61,9.24,34.74,29.66,4.76,0.0
20230727:1710,157.98,142.98,89.66,5.84,23.0,28.96,4.41,0.0
20230727:1810,27.44,4.27,47.56,2.46,11.48,28.27,4.0,0.0
20230727:1910,0.0,0.0,0.0,0.0,0.0,27.64,3.59,0.0
20230727:2010,0.0,0.0,0.0,0.0,0.0,27.21,2.62,0.0
20230727:2110,0.0,0.0,0.0,0.0,0.0,26.81,1.93,0.0
20230727:2210,0.0,0.0,0.0,0.0,0.0,26.42,0.55,0.0
20230727:2310,0.0,0.0,0.0,0.0,0.0,26.16,1.45,0.0
20230728:0010,0.0,0.0,0.0,0.0,0.0,25.82,1.93,0.0
20230728:0110,0.0,0.0,0.0,0.0,0.0,25.53,2.07,0.0
20230728:0210,0.0,0.0,0.0,0.0,0.0,25.23,2.0,0.0
20230728:0310,0.0,0.0,0.0,0.0,0.0,25.29,2.34,0.0
20230728:0410,0.0,0.0,0.0,0.0,0.0,25.32,2.0,0.0
20230728:0510,0.0,0.0,0.0,0.0,0.0,25.07,1.79,0.0
20230728:0610,30.61,9.32,50.03,2.57,12.0,25.35,2.0,0.0
20230728:0710,159.38,87.92,136.49,5.14,23.55,26.34,0.97,0.0
20230728:0810,326.45,236.59,184.81,8.54,35.3,27.57,2.62,0.0
20230728:0910,507.76,482.74,165.53,12.26,46.93,28.49,3.52,0.0
20230728:1010,584.9,500.71,254.86,13.74,57.9,29.08,3.52,0.0
20230728:1110,708.37,763.35,162.8,16.48,66.9,29.46,3.86,0.0
20230728:1210,734.14,795.82,164.55,16.98,70.67,29.67,4.28,0.0
20230728:1310,719.67,779.94,152.6,16.6,66.48,29.85,5.03,0.0
20230728:1410,649.09,695.7,137.18,15.16,57.3,29.98,5.17,0.0
20230728:1510,517.1,522.4,136.03,12.51,46.26,29.97,4.97,0.0
20230728:1610,351.93,338.74,116.08,9.42,34.61,29.68,4.83,0.0
20230728:1710,159.27,148.41,86.96,5.91,22.87,29.22,4.21,0.0
20230728:1810,25.84,4.4,45.42,2.48,11.34,28.64,3.86,0.0
20230728:1910,0.0,0.0,0.0,0.0,0.0,27.99,3.24,0.0
20230728:2010,0.0,0.0,0.0,0.0,0.0,27.47,2.21,0.0
20230728:2110,0.0,0.0,0.0,0.0,0.0,26.97,1.52,0.0
20230728:2210,0.0,0.0,0.0,0.0,0.0,26.38,0.83,0.0
20230728:2310,0.0,0.0,0.0,0.0,0.0,26.28,0.69,0.0
20230729:0010,0.0,0.0,0.0,0.0,0.0,26.13,0.62,0.0
20230729:0110,0.0,0.0,0.0,0.0,0.0,25.98,0.28,0.0
20230729:0210,0.0,0.0,0.0,0.0,0.0,25.76,0.34,0.0
20230729:0310,0.0,0.0,0.0,0.0,0.0,25.27,0.55,0.0
20230729:0410,0.0,0.0,0.0,0.0,0.0,25.31,0.55,0.0
20230729:0510,0.0,0.0,0.0,0.0,0.0,24.98,0.62,0.0
20230729:0610,31.57,8.75,51.49,2.5,11.86,25.19,0.97,0.0
20230729:0710,168.71,148.98,94.29,5.93,23.42,26.1,1.38,0.0
20230729:0810,350.6,325.7,130.02,9.31,35.17,27.53,1.66,0.0
20230729:0910,504.66,502.39,153.17,12.37,46.79,28.71,1.86,0.0
20230729:1010,628.73,658.25,161.61,14.85,57.74,29.53,3.1,0.0
20230729:1110,707.63,753.16,169.12,16.37,66.7,29.99,4.41,0.0
20230729:1210,739.23,785.58,170.9,16.87,70.44,30.0,5.66,0.0
20230729:1310,717.09,760.67,162.97,16.4,66.28,29.97,5.79,0.0
20230729:1410,642.01,668.91,152.46,14.9,57.14,30.07,5.59,0.0
20230729:1510,512.75,508.04,144.09,12.35,46.12,30.15,5.31,0.0
20230729:1610,348.09,329.86,121.05,9.3,34.48,30.09,4.76,0.0
20230729:1710,157.53,141.97,90.91,5.79,22.74,29.72,4.0,0.0
20230729:1810,29.44,3.51,50.77,2.3,11.19,29.45,3.52,0.0
20230729:1910,0.0,0.0,0.0,0.0,0.0,28.95,3.03,0.0
20230729:2010,0.0,0.0,0.0,0.0,0.0,28.59,2.48,0.0
20230729:2110,0.0,0.0,0.0,0.0,0.0,27.86,1.79,0.0
20230729:2210,0.0,0.0,0.0,0.0,0.0,27.19,1.24,0.0
20230729:2310,0.0,0.0,0.0,0.0,0.0,26.73,1.17,0.0
20230730:0010,0.0,0.0,0.0,0.0,0.0,26.34,1.17,0.0
20230730:0110,0.0,0.0,0.0,0.0,0.0,26.28,1.17,0.0
20230730:0210,0.0,0.0,0.0,0.0,0.0,26.16,1.52,0.0
20230730:0310,0.0,0.0,0.0,0.0,0.0,26.04,2.14,0.0
20230730:0410,0.0,0.0,0.0,0.0,0.0,25.8,1.72,0.0
20230730:0510,0.0,0.0,0.0,0.0,0.0,25.54,1.03,0.0
20230730:0610,31.64,8.43,51.88,2.44,11.72,25.89,0.28,0.0
20230730:0710,165.06,123.2,113.13,5.59,23.29,26.79,1.1,0.0
20230730:0810,325.87,242.07,180.68,8.52,35.04,27.96,2.14,0.0
20230730:0910,481.91,405.94,211.95,11.61,46.65,28.82,3.17,0.0
20230730:1010,605.84,576.41,212.27,14.25,57.58,29.77,3.24,0.0
20230730:1110,704.25,741.94,176.46,16.26,66.5,30.0,4.34,0.0
20230730:1210,740.88,796.88,166.1,16.95,70.2,30.0,5.17,0.0
20230730:1310,717.01,771.89,158.18,16.48,66.07,30.18,5.1,0.0
20230730:1410,639.87,669.86,151.7,14.87,56.97,30.3,5.24,0.0
20230730:1510,516.72,523.05,136.53,12.46,45.97,30.36,4.9,0.0
20230730:1610,347.64,330.39,120.34,9.26,34.34,29.97,4.41,0.0
20230730:1710,157.55,141.46,91.11,5.75,22.6,29.56,4.28,0.0
20230730:1810,26.57,3.73,46.71,2.31,11.05,29.03,3.52,0.0
20230730:1910,0.0,0.0,0.0,0.0,0.0,28.6,2.9,0.0
20230730:2010,0.0,0.0,0.0,0.0,0.0,28.23,2.55,0.0
20230730:2110,0.0,0.0,0.0,0.0,0.0,27.91,2.07,0.0
20230730:2210,0.0,0.0,0.0,0.0,0.0,27.17,1.38,0.0
20230730:2310,0.0,0.0,0.0,0.0,0.0,26.93,1.38,0.0
20230731:0010,0.0,0.0,0.0,0.0,0.0,26.79,1.45,0.0
20230731:0110,0.0,0.0,0.0,0.0,0.0,26.5,1.38,0.0
20230731:0210,0.0,0.0,0.0,0.0,0.0,26.19,1.24,0.0
20230731:0310,0.0,0.0,0.0,0.0,0.0,26.05,0.9,0.0
20230731:0410,0.0,0.0,0.0,0.0,0.0,25.93,0.48,0.0
20230731:0510,0.0,0.0,0.0,0.0,0.0,25.94,0.14,0.0
20230731:0610,34.53,6.96,56.15,2.28,11.59,26.01,0.28,0.0
20230731:0710,167.9,153.6,90.15,5.91,23.16,26.66,1.03,0.0
20230731:0810,356.96,346.84,118.22,9.46,34.91,27.84,1.59,0.0
20230731:0910,515.18,522.11,140.99,12.44,46.52,28.47,2.62,0.0
20230731:1010,638.75,682.17,148.11,14.96,57.42,29.21,3.31,0.0
20230731:1110,691.86,696.98,202.81,15.9,66.29,29.54,4.28,0.0
20230731:1210,729.95,769.19,179.5,16.66,69.96,29.83,4.97,0.0
20230731:1310,716.48,767.88,158.39,16.37,65.86,30.26,5.52,0.0
20230731:1410,642.18,674.85,147.93,14.85,56.8,30.46,5.66,0.0
20230731:1510,517.39,519.13,137.76,12.37,45.82,30.39,5.86,0.0
20230731:1610,346.88,326.63,121.54,9.17,34.2,30.2,5.59,0.0
20230731:1710,155.69,139.62,90.52,5.66,22.45,29.81,4.69,0.0
20230731:1810,25.99,3.59,45.98,2.28,10.89,29.24,4.41,0.0
20230731:1910,0.0,0.0,0.0,0.0,0.0,28.76,3.79,0.0
20230731:2010,0.0,0.0,0.0,0.0,0.0,28.44,3.17,0.0
20230731:2110,0.0,0.0,0.0,0.0,0.0,28.04,2.41,0.0
20230731:2210,0.0,0.0,0.0,0.0,0.0,27.49,1.59,0.0
20230731:2310,0.0,0.0,0.0,0.0,0.0,27.24,1.79,0.0
20230801:0010,0.0,0.0,0.0,0.0,0.0,26.83,1.86,0.0
20230801:0110,0.0,0.0,0.0,0.0,0.0,26.45,1.93,0.0
20230801:0210,0.0,0.0,0.0,0.0,0.0,25.99,2.07,0.0
20230801:0310,0.0,0.0,0.0,0.0,0.0,25.51,2.07,0.0
20230801:0410,0.0,0.0,0.0,0.0,0.0,25.2,1.59,0.0
20230801:0510,0.0,0.0,0.0,0.0,0.0,25.04,1.1,0.0
20230801:0610,25.89,10.43,43.52,2.55,11.45,25.25,1.03,0.0
20230801:0710,170.09,165.01,82.93,6.04,23.03,26.4,0.76,0.0
20230801:0810,335.78,278.38,160.88,8.83,34.78,27.8,1.03,0.0
20230801:0910,484.9,435.69,195.53,11.79,46.38,28.93,1.72,0.0
20230801:1010,622.58,666.2,158.43,14.81,57.26,30.86,2.41,0.0
20230801:1110,698.7,761.46,165.88,16.33,66.08,31.44,3.45,0.0
20230801:1210,740.92,829.04,149.25,17.13,69.71,31.6,4.48,0.0
20230801:1310,729.11,814.06,135.19,16.73,65.64,31.57,5.66,0.0
20230801:1410,650.54,697.93,137.14,15.03,56.62,31.51,6.28,0.0
20230801:1510,517.79,524.77,135.08,12.39,45.66,31.34,6.07,0.0
20230801:1610,350.43,341.95,113.25,9.3,34.05,31.25,5.52,0.0
20230801:1710,155.17,141.13,89.76,5.66,22.3,30.93,4.55,0.0
20230801:1810,25.01,3.54,44.88,2.28,10.73,30.42,3.38,0.0
20230801:1910,0.0,0.0,0.0,0.0,0.0,29.77,2.14,0.0
20230801:2010,0.0,0.0,0.0,0.0,0.0,29.04,0.9,0.0
20230801:2110,0.0,0.0,0.0,0.0,0.0,28.48,0.69,0.0
20230801:2210,0.0,0.0,0.0,0.0,0.0,27.96,1.03,0.0
20230801:2310,0.0,0.0,0.0,0.0,0.0,27.62,1.31,0.0
20230802:0010,0.0,0.0,0.0,0.0,0.0,27.27,1.45,0.0
20230802:0110,0.0,0.0,0.0,0.0,0.0,26.71,1.17,0.0
20230802:0210,0.0,0.0,0.0,0.0,0.0,26.6,0.69,0.0
20230802:0310,0.0,0.0,0.0,0.0,0.0,26.42,0.76,0.0
20230802:0410,0.0,0.0,0.0,0.0,0.0,25.95,0.83,0.0
20230802:0510,0.0,0.0,0.0,0.0,0.0,25.35,0.83,0.0
20230802:0610,32.4,7.53,53.12,2.28,11.31,25.71,0.69,0.0
20230802:0710,170.74,167.53,82.18,6.06,22.9,26.81,0.55,0.0
20230802:0810,361.76,367.62,108.26,9.62,34.65,28.03,0.76,0.0
20230802:0910,520.88,548.04,130.76,12.66,46.24,29.2,1.93,0.0
20230802:1010,636.81,694.46,145.69,15.05,57.09,30.49,2.69,0.0
20230802:1110,713.12,782.15,158.08,16.51,65.87,31.1,4.0,0.0
20230802:1210,748.29,826.18,153.66,17.11,69.46,31.42,5.31,0.0
20230802:1310,740.66,832.82,128.27,16.89,65.41,31.64,6.28,0.0
20230802:1410,658.96,715.16,130.34,15.17,56.43,31.87,6.76,0.0
20230802:1510,523.76,537.2,130.45,12.5,45.5,32.01,6.76,0.0
20230802:1610,353.93,350.44,109.69,9.37,33.89,31.92,6.21,0.0
20230802:1710,156.53,152.19,82.5,5.79,22.14,31.72,5.45,0.0
20230802:1810,21.96,3.74,40.73,2.31,10.57,31.52,4.41,0.0
20230802:1910,0.0,0.0,0.0,0.0,0.0,30.97,3.24,0.0
20230802:2010,0.0,0.0,0.0,0.0,0.0,30.11,2.21,0.0
20230802:2110,0.0,0.0,0.0,0.0,0.0,29.64,1.38,0.0
20230802:2210,0.0,0.0,0.0,0.0,0.0,28.76,1.66,0.0
20230802:2310,0.0,0.0,0.0,0.0,0.0,28.37,1.66,0.0
20230803:0010,0.0,0.0,0.0,0.0,0.0,27.84,2.07,0.0
20230803:0110,0.0,0.0,0.0,0.0,0.0,27.51,2.48,0.0
20230803:0210,0.0,0.0,0.0,0.0,0.0,27.99,2.97,0.0
20230803:0310,0.0,0.0,0.0,0.0,0.0,29.25,3.79,0.0
20230803:0410,0.0,0.0,0.0,0.0,0.0,29.9,4.14,0.0
20230803:0510,0.0,0.0,0.0,0.0,0.0,29.68,3.86,0.0
20230803:0610,24.33,10.59,42.02,2.5,11.17,29.04,3.59,0.0
20230803:0710,170.23,170.11,79.71,6.04,22.77,29.71,3.72,0.0
20230803:0810,367.65,371.15,104.71,9.58,34.52,30.45,4.69,0.0
20230803:0910,531.19,554.93,125.08,12.64,46.09,30.95,4.97,0.0
20230803:1010,642.39,694.66,142.88,14.96,56.92,31.69,4.34,0.0
20230803:1110,712.17,773.11,159.29,16.33,65.65,31.6,4.9,0.0
20230803:1210,747.75,828.54,148.71,17.02,69.2,31.47,5.52,0.0
20230803:1310,731.66,812.59,135.67,16.62,65.18,31.3,6.07,0.0
20230803:1410,652.11,696.26,137.64,14.92,56.24,30.92,6.41,0.0
20230803:1510,525.02,537.23,127.72,12.41,45.33,30.63,6.62,0.0
20230803:1610,352.6,344.15,110.9,9.22,33.73,30.27,6.0,0.0
20230803:1710,155.89,146.3,84.68,5.64,21.98,29.6,5.72,0.0
20230803:1810,22.55,3.38,41.22,2.24,10.4,28.98,5.24,0.0
20230803:1910,0.0,0.0,0.0,0.0,0.0,28.59,4.9,0.0
20230803:2010,0.0,0.0,0.0,0.0,0.0,28.29,5.17,0.0
20230803:2110,0.0,0.0,0.0,0.0,0.0,27.92,5.93,0.0
20230803:2210,0.0,0.0,0.0,0.0,0.0,27.62,5.59,0.0
20230803:2310,0.0,0.0,0.0,0.0,0.0,27.22,6.14,0.0
20230804:0010,0.0,0.0,0.0,0.0,0.0,27.08,5.93,0.0
20230804:0110,0.0,0.0,0.0,0.0,0.0,27.38,5.79,0.0
20230804:0210,0.0,0.0,0.0,0.0,0.0,27.12,6.55,0.0
20230804:0310,0.0,0.0,0.0,0.0,0.0,26.67,8.07,0.0
20230804:0410,0.0,0.0,0.0,0.0,0.0,26.06,9.17,0.0
20230804:0510,0.0,0.0,0.0,0.0,0.0,25.75,9.03,0.0
20230804:0610,28.23,8.86,47.05,2.31,11.02,25.54,8.9,0.0
20230804:0710,170.88,154.35,88.39,5.77,22.63,25.74,8.55,0.0
20230804:0810,359.88,317.02,135.43,9.02,34.38,26.51,7.66,0.0
20230804:0910,531.97,517.26,145.05,12.26,45.95,27.29,6.76,0.0
20230804:1010,554.65,406.21,302.96,12.77,56.75,27.73,3.72,0.0
20230804:1110,568.24,366.0,371.56,13.22,65.43,28.55,3.03,0.0
20230804:1210,744.27,816.38,156.18,16.89,68.94,29.05,4.21,0.0
20230804:1310,740.38,811.91,136.96,16.58,64.95,29.03,6.07,0.0
20230804:1410,663.42,695.46,137.9,14.87,56.04,28.34,7.31,0.0
20230804:1510,537.89,543.08,125.03,12.42,45.16,27.61,7.72,0.0
20230804:1610,361.25,348.38,108.3,9.22,33.56,27.03,7.59,0.0
20230804:1710,159.07,151.35,81.17,5.68,21.81,26.68,7.03,0.0
20230804:1810,22.27,3.16,40.45,2.21,10.23,26.46,5.72,0.0
20230804:1910,0.0,0.0,0.0,0.0,0.0,26.08,4.34,0.0
20230804:2010,0.0,0.0,0.0,0.0,0.0,25.9,2.83,0.0
20230804:2110,0.0,0.0,0.0,0.0,0.0,25.57,1.52,0.0
20230804:2210,0.0,0.0,0.0,0.0,0.0,25.3,0.9,0.0
20230804:2310,0.0,0.0,0.0,0.0,0.0,24.91,0.48,0.0
20230805:0010,0.0,0.0,0.0,0.0,0.0,24.7,0.76,0.0
20230805:0110,0.0,0.0,0.0,0.0,0.0,24.52,0.83,0.0
20230805:0210,0.0,0.0,0.0,0.0,0.0,23.98,1.1,0.0
20230805:0310,0.0,0.0,0.0,0.0,0.0,23.75,1.38,0.0
20230805:0410,0.0,0.0,0.0,0.0,0.0,23.66,1.66,0.0
20230805:0510,0.0,0.0,0.0,0.0,0.0,23.56,1.72,0.0
20230805:0610,23.65,11.24,40.08,2.5,10.88,23.83,1.52,0.0
20230805:0710,174.04,171.91,80.11,6.02,22.5,25.35,1.1,0.0
20230805:0810,372.05,379.29,103.32,9.64,34.25,26.76,1.52,0.0
20230805:0910,536.18,566.04,123.69,12.73,45.8,27.54,2.41,0.0
20230805:1010,656.89,716.54,137.45,15.16,56.58,27.96,2.97,0.0
20230805:1110,728.67,808.9,146.66,16.64,65.2,28.48,3.45,0.0
20230805:1210,771.83,864.69,136.96,17.34,68.67,28.63,4.97,0.0
20230805:1310,756.81,837.15,129.04,16.84,64.7,28.55,6.48,0.0
20230805:1410,675.37,718.02,131.14,15.1,55.84,28.32,7.31,0.0
20230805:1510,542.64,553.86,123.36,12.55,44.98,27.73,6.83,0.0
20230805:1610,366.04,360.62,104.72,9.37,33.39,27.13,5.86,0.0
20230805:1710,160.47,155.09,80.32,5.73,21.64,26.54,4.76,0.0
20230805:1810,21.56,2.97,39.5,2.19,10.05,26.32,3.93,0.0
20230805:1910,0.0,0.0,0.0,0.0,0.0,26.18,3.38,0.0
20230805:2010,0.0,0.0,0.0,0.0,0.0,26.0,2.83,0.0
20230805:2110,0.0,0.0,0.0,0.0,0.0,25.55,2.55,0.0
20230805:2210,0.0,0.0,0.0,0.0,0.0,25.22,2.48,0.0
20230805:2310,0.0,0.0,0.0,0.0,0.0,24.75,2.28,0.0
20230806:0010,0.0,0.0,0.0,0.0,0.0,24.46,1.86,0.0
20230806:0110,0.0,0.0,0.0,0.0,0.0,24.36,1.59,0.0
20230806:0210,0.0,0.0,0.0,0.0,0.0,24.25,1.52,0.0
20230806:0310,0.0,0.0,0.0,0.0,0.0,23.93,1.52,0.0
20230806:0410,0.0,0.0,0.0,0.0,0.0,23.74,1.52,0.0
20230806:0510,0.0,0.0,0.0,0.0,0.0,23.35,1.52,0.0
20230806:0610,23.94,10.9,40.59,2.42,10.74,23.84,1.31,0.0
20230806:0710,172.03,166.05,83.2,5.9,22.36,25.41,0.69,0.0
20230806:0810,361.97,365.09,111.28,9.46,34.11,27.17,0.34,0.0
20230806:0910,526.29,559.5,127.96,12.64,45.65,28.43,1.52,0.0
20230806:1010,650.06,718.98,136.72,15.14,56.4,29.35,2.55,0.0
20230806:1110,735.06,821.81,140.77,16.71,64.98,29.47,4.07,0.0
20230806:1210,770.44,867.29,136.19,17.33,68.4,29.44,5.03,0.0
20230806:1310,750.21,838.69,129.3,16.82,64.45,29.51,5.72,0.0
20230806:1410,667.1,719.39,131.42,15.08,55.63,29.32,5.79,0.0
20230806:1510,533.39,547.22,127.61,12.46,44.79,29.07,5.45,0.0
20230806:1610,360.18,356.13,106.9,9.28,33.22,28.74,5.03,0.0
20230806:1710,158.87,156.79,78.7,5.71,21.46,28.22,4.62,0.0
20230806:1810,19.96,2.84,37.47,2.19,9.86,27.67,3.93,0.0
20230806:1910,0.0,0.0,0.0,0.0,0.0,27.06,3.1,0.0
20230806:2010,0.0,0.0,0.0,0.0,0.0,26.77,2.55,0.0
20230806:2110,0.0,0.0,0.0,0.0,0.0,26.31,2.34,0.0
20230806:2210,0.0,0.0,0.0,0.0,0.0,25.99,2.83,0.0
20230806:2310,0.0,0.0,0.0,0.0,0.0,25.85,3.03,0.0
20230807:0010,0.0,0.0,0.0,0.0,0.0,25.77,3.24,0.0
20230807:0110,0.0,0.0,0.0,0.0,0.0,25.62,3.17,0.0
20230807:0210,0.0,0.0,0.0,0.0,0.0,25.48,2.97,0.0
20230807:0310,0.0,0.0,0.0,0.0,0.0,25.26,2.97,0.0
20230807:0410,0.0,0.0,0.0,0.0,0.0,25.17,3.24,0.0
20230807:0510,0.0,0.0,0.0,0.0,0.0,25.03,3.38,0.0
20230807:0610,24.19,10.42,41.26,2.33,10.59,25.14,3.66,0.0
20230807:0710,170.84,159.39,85.44,5.73,22.22,25.94,4.14,0.0
20230807:0810,355.12,312.9,139.18,8.9,33.97,27.1,4.69,0.0
20230807:0910,534.28,536.24,137.12,12.33,45.5,27.8,4.97,0.0
20230807:1010,661.88,699.97,143.03,14.87,56.22,28.24,5.17,0.0
20230807:1110,736.09,788.93,154.35,16.33,64.74,28.15,5.52,0.0
20230807:1210,764.8,833.21,149.85,16.93,68.12,28.34,5.72,0.0
20230807:1310,737.05,795.44,148.08,16.35,64.2,28.19,5.66,0.0
20230807:1410,583.29,470.66,268.05,13.15,55.41,27.97,5.31,0.0
20230807:1510,497.7,435.96,188.35,11.48,44.6,27.46,5.52,0.0
20230807:1610,319.95,231.14,176.61,8.05,33.03,27.26,5.79,0.0
20230807:1710,113.29,19.64,138.56,3.27,21.28,26.68,5.93,0.0
20230807:1810,31.65,0.97,53.83,1.63,9.67,26.33,5.52,0.0
20230807:1910,0.0,0.0,0.0,0.0,0.0,25.89,4.83,0.0
20230807:2010,0.0,0.0,0.0,0.0,0.0,25.76,4.07,0.0
20230807:2110,0.0,0.0,0.0,0.0,0.0,25.68,3.45,0.0
20230807:2210,0.0,0.0,0.0,0.0,0.0,25.57,2.28,0.0
20230807:2310,0.0,0.0,0.0,0.0,0.0,25.44,2.0,0.0
20230808:0010,0.0,0.0,0.0,0.0,0.0,25.31,2.21,0.0
20230808:0110,0.0,0.0,0.0,0.0,0.0,25.23,2.28,0.0
20230808:0210,0.0,0.0,0.0,0.0,0.0,25.03,2.07,0.0
20230808:0310,0.0,0.0,0.0,0.0,0.0,24.76,1.45,0.0
20230808:0410,0.0,0.0,0.0,0.0,0.0,24.68,1.17,0.0
20230808:0510,0.0,0.0,0.0,0.0,0.0,24.59,1.66,0.0
20230808:0610,33.24,5.48,54.58,1.88,10.45,24.65,2.0,0.0
20230808:0710,160.28,108.83,117.41,5.06,22.08,25.44,2.0,0.0
20230808:0810,332.36,258.37,169.37,8.36,33.83,26.14,1.93,0.0
20230808:0910,502.12,457.59,181.4,11.66,45.35,26.54,2.76,0.0
20230808:1010,628.81,625.42,184.57,14.25,56.04,27.1,3.1,0.0
20230808:1110,702.6,716.09,194.32,15.73,64.51,27.62,3.79,0.0
20230808:1210,676.12,574.75,294.37,15.06,67.84,27.77,4.62,0.0
20230808:1310,703.42,697.57,202.24,15.57,63.94,27.87,5.24,0.0
20230808:1410,626.53,604.44,190.22,14.02,55.19,28.06,5.31,0.0
20230808:1510,499.7,455.36,174.13,11.54,44.4,28.17,5.31,0.0
20230808:1610,326.98,262.77,156.54,8.26,32.85,27.91,4.83,0.0
20230808:1710,147.3,101.69,111.09,4.86,21.1,27.29,3.72,0.0
20230808:1810,28.71,1.07,49.97,1.68,9.48,26.79,3.72,0.0
20230808:1910,0.0,0.0,0.0,0.0,0.0,26.23,3.93,0.0
20230808:2010,0.0,0.0,0.0,0.0,0.0,25.82,3.45,0.0
20230808:2110,0.0,0.0,0.0,0.0,0.0,25.5,2.41,0.0
20230808:2210,0.0,0.0,0.0,0.0,0.0,25.2,2.69,0.0
20230808:2310,0.0,0.0,0.0,0.0,0.0,24.9,2.34,0.0
20230809:0010,0.0,0.0,0.0,0.0,0.0,24.84,1.17,0.0
20230809:0110,0.0,0.0,0.0,0.0,0.0,24.9,0.9,0.0
20230809:0210,0.0,0.0,0.0,0.0,0.0,24.79,1.03,0.0
20230809:0310,0.0,0.0,0.0,0.0,0.0,24.6,0.97,0.0
20230809:0410,0.0,0.0,0.0,0.0,0.0,24.88,1.1,0.0
20230809:0510,0.0,0.0,0.0,0.0,0.0,24.67,1.03,0.0
20230809:0610,32.6,5.62,53.72,1.86,10.3,24.46,0.97,0.0
20230809:0710,158.09,100.9,121.42,4.92,21.95,24.88,1.52,0.0
20230809:0810,337.6,272.54,160.39,8.43,33.69,25.74,2.14,0.0
20230809:0910,477.34,388.22,218.66,11.07,45.2,26.5,2.76,0.0
20230809:1010,604.24,565.82,217.37,13.76,55.85,27.58,2.62,0.0
20230809:1110,692.19,684.82,211.69,15.46,64.27,28.14,4.0,0.0
20230809:1210,707.46,687.44,230.6,15.77,67.56,28.63,4.34,0.0
20230809:1310,687.44,679.89,211.54,15.39,63.67,29.02,4.28,0.0
20230809:1410,597.02,545.9,221.84,13.53,54.97,29.36,4.21,0.0
20230809:1510,467.88,386.25,211.49,10.94,44.2,29.5,4.07,0.0
20230809:1610,311.3,229.84,173.36,7.9,32.65,29.42,4.34,0.0
20230809:1710,142.08,85.32,119.83,4.59,20.9,28.76,4.14,0.0
20230809:1810,28.74,0.72,50.46,1.54,9.28,28.18,3.1,0.0
20230809:1910,0.0,0.0,0.0,0.0,0.0,27.56,1.59,0.0
20230809:2010,0.0,0.0,0.0,0.0,0.0,27.25,2.48,0.0
20230809:2110,0.0,0.0,0.0,0.0,0.0,26.87,2.62,0.0
20230809:2210,0.0,0.0,0.0,0.0,0.0,26.45,1.72,0.0
20230809:2310,0.0,0.0,0.0,0.0,0.0,26.35,2.48,0.0
20230810:0010,0.0,0.0,0.0,0.0,0.0,26.19,2.76,0.0
20230810:0110,0.0,0.0,0.0,0.0,0.0,26.07,1.72,0.0
20230810:0210,0.0,0.0,0.0,0.0,0.0,26.02,1.24,0.0
20230810:0310,0.0,0.0,0.0,0.0,0.0,25.69,1.03,0.0
20230810:0410,0.0,0.0,0.0,0.0,0.0,25.57,1.52,0.0
20230810:0510,0.0,0.0,0.0,0.0,0.0,25.42,1.24,0.0
20230810:0610,33.73,3.74,55.91,1.63,10.16,25.42,1.66,0.0
20230810:0710,149.36,72.79,135.67,4.49,21.81,26.11,2.76,0.0
20230810:0810,311.0,202.57,197.07,7.74,33.55,27.42,3.31,0.0
20230810:0910,467.41,366.01,231.08,10.87,45.04,28.78,3.59,0.0
20230810:1010,587.24,513.06,247.63,13.36,55.67,30.87,4.28,0.0
20230810:1110,666.27,636.51,240.82,15.12,64.02,32.15,4.28,0.0
20230810:1210,696.15,689.65,231.03,15.77,67.27,32.85,4.62,0.0
20230810:1310,676.25,668.43,218.9,15.28,63.4,33.58,5.59,0.0
20230810:1410,596.19,558.15,216.43,13.6,54.74,33.86,6.0,0.0
20230810:1510,469.48,402.67,202.43,11.03,43.99,33.6,6.21,0.0
20230810:1610,313.3,250.04,161.69,8.05,32.46,33.3,5.59,0.0
20230810:1710,139.0,87.35,117.25,4.58,20.71,32.29,4.76,0.0
20230810:1810,27.67,0.57,49.7,1.5,9.08,31.43,3.31,0.0
20230810:1910,0.0,0.0,0.0,0.0,0.0,30.41,2.21,0.0
20230810:2010,0.0,0.0,0.0,0.0,0.0,29.45,1.52,0.0
20230810:2110,0.0,0.0,0.0,0.0,0.0,28.62,2.07,0.0
20230810:2210,0.0,0.0,0.0,0.0,0.0,28.02,2.41,0.0
20230810:2310,0.0,0.0,0.0,0.0,0.0,27.57,3.1,0.0
20230811:0010,0.0,0.0,0.0,0.0,0.0,27.46,3.52,0.0
20230811:0110,0.0,0.0,0.0,0.0,0.0,27.18,3.66,0.0
20230811:0210,0.0,0.0,0.0,0.0,0.0,26.96,3.86,0.0
20230811:0310,0.0,0.0,0.0,0.0,0.0,26.8,3.45,0.0
20230811:0410,0.0,0.0,0.0,0.0,0.0,26.69,2.97,0.0
20230811:0510,0.0,0.0,0.0,0.0,0.0,26.61,2.69,0.0
20230811:0610,29.16,7.06,49.23,1.92,10.01,26.79,2.9,0.0
20230811:0710,166.13,143.11,95.87,5.39,21.67,27.51,2.9,0.0
20230811:0810,356.92,338.3,123.33,8.93,33.41,28.69,3.03,0.0
20230811:0910,513.32,501.47,158.15,11.9,44.89,29.56,3.45,0.0
20230811:1010,636.5,657.21,169.64,14.4,55.48,30.07,3.86,0.0
20230811:1110,728.98,801.5,149.38,16.26,63.78,30.24,4.76,0.0
20230811:1210,760.03,844.95,145.84,16.86,66.97,30.42,5.38,0.0
20230811:1310,730.99,795.29,149.26,16.17,63.13,30.22,5.79,0.0
20230811:1410,651.65,688.55,143.98,14.52,54.5,29.96,5.86,0.0
20230811:1510,522.93,528.53,132.95,11.99,43.78,29.57,5.86,0.0
20230811:1610,349.06,335.12,114.0,8.79,32.25,29.21,5.59,0.0
20230811:1710,149.89,135.55,86.57,5.17,20.51,28.61,5.1,0.0
20230811:1810,20.34,0.89,38.55,1.77,8.87,28.08,4.48,0.0
20230811:1910,0.0,0.0,0.0,0.0,0.0,27.48,3.66,0.0
20230811:2010,0.0,0.0,0.0,0.0,0.0,27.04,2.28,0.0
20230811:2110,0.0,0.0,0.0,0.0,0.0,26.71,0.97,0.0
20230811:2210,0.0,0.0,0.0,0.0,0.0,26.32,0.83,0.0
20230811:2310,0.0,0.0,0.0,0.0,0.0,26.3,1.03,0.0
20230812:0010,0.0,0.0,0.0,0.0,0.0,26.06,1.45,0.0
20230812:0110,0.0,0.0,0.0,0.0,0.0,25.9,1.52,0.0
20230812:0210,0.0,0.0,0.0,0.0,0.0,25.36,1.24,0.0
20230812:0310,0.0,0.0,0.0,0.0,0.0,25.06,1.17,0.0
20230812:0410,0.0,0.0,0.0,0.0,0.0,24.9,1.24,0.0
20230812:0510,0.0,0.0,0.0,0.0,0.0,24.65,1.38,0.0
20230812:0610,26.44,8.43,44.91,1.97,9.86,24.94,1.59,0.0
20230812:0710,165.62,137.59,98.97,5.28,21.53,25.67,1.72,0.0
20230812:0810,357.12,331.91,128.46,8.86,33.27,26.71,2.07,0.0
20230812:0910,516.42,502.7,158.52,11.88,44.73,27.45,2.69,0.0
20230812:1010,627.06,622.16,191.09,14.12,55.28,28.01,2.97,0.0
20230812:1110,736.27,813.79,144.53,16.33,63.53,28.45,4.14,0.0
20230812:1210,763.86,846.68,146.16,16.84,66.67,28.78,4.83,0.0
20230812:1310,735.67,806.46,144.4,16.22,62.85,28.93,5.03,0.0
20230812:1410,647.86,679.64,149.39,14.41,54.25,29.02,4.97,0.0
20230812:1510,516.58,521.78,136.23,11.88,43.56,29.07,4.28,0.0
20230812:1610,344.06,325.9,118.11,8.64,32.05,28.77,4.34,0.0
20230812:1710,148.17,132.89,86.85,5.08,20.3,28.2,4.07,0.0
20230812:1810,24.56,0.39,44.62,1.56,8.66,27.69,3.24,0.0
20230812:1910,0.0,0.0,0.0,0.0,0.0,27.11,2.55,0.0
20230812:2010,0.0,0.0,0.0,0.0,0.0,26.74,2.0,0.0
20230812:2110,0.0,0.0,0.0,0.0,0.0,26.38,1.66,0.0
20230812:2210,0.0,0.0,0.0,0.0,0.0,26.0,1.1,0.0
20230812:2310,0.0,0.0,0.0,0.0,0.0,25.88,0.97,0.0
20230813:0010,0.0,0.0,0.0,0.0,0.0,25.82,1.24,0.0
20230813:0110,0.0,0.0,0.0,0.0,0.0,25.57,1.1,0.0
20230813:0210,0.0,0.0,0.0,0.0,0.0,25.37,1.03,0.0
20230813:0310,0.0,0.0,0.0,0.0,0.0,25.25,1.38,0.0
20230813:0410,0.0,0.0,0.0,0.0,0.0,25.11,1.72,0.0
20230813:0510,0.0,0.0,0.0,0.0,0.0,24.88,2.07,0.0
20230813:0610,28.34,7.33,47.71,1.86,9.71,24.95,2.62,0.0
20230813:0710,167.23,144.95,93.72,5.32,21.38,25.93,3.1,0.0
20230813:0810,359.49,336.67,123.99,8.83,33.12,27.1,3.24,0.0
20230813:0910,509.55,471.71,176.48,11.61,44.57,27.66,3.52,0.0
20230813:1010,640.54,643.37,177.36,14.2,55.09,28.01,4.21,0.0
20230813:1110,733.9,788.94,156.19,16.06,63.27,28.37,5.1,0.0
20230813:1210,682.03,578.83,295.53,14.96,66.37,28.42,5.45,0.0
20230813:1310,733.98,792.21,150.89,16.04,62.56,28.45,5.38,0.0
20230813:1410,647.95,675.91,149.66,14.31,54.01,28.62,5.24,0.0
20230813:1510,517.01,518.01,136.5,11.77,43.34,28.5,4.76,0.0
20230813:1610,346.65,331.33,114.57,8.64,31.83,28.15,4.41,0.0
20230813:1710,146.77,130.21,87.13,4.99,20.09,27.65,3.93,0.0
20230813:1810,23.31,0.19,42.81,1.52,8.44,27.15,3.72,0.0
20230813:1910,0.0,0.0,0.0,0.0,0.0,26.57,3.03,0.0
20230813:2010,0.0,0.0,0.0,0.0,0.0,26.28,1.86,0.0
20230813:2110,0.0,0.0,0.0,0.0,0.0,25.98,0.9,0.0
20230813:2210,0.0,0.0,0.0,0.0,0.0,25.44,0.69,0.0
20230813:2310,0.0,0.0,0.0,0.0,0.0,25.36,0.62,0.0
20230814:0010,0.0,0.0,0.0,0.0,0.0,25.23,0.69,0.0
20230814:0110,0.0,0.0,0.0,0.0,0.0,24.99,0.76,0.0
20230814:0210,0.0,0.0,0.0,0.0,0.0,24.65,0.83,0.0
20230814:0310,0.0,0.0,0.0,0.0,0.0,24.49,1.17,0.0
20230814:0410,0.0,0.0,0.0,0.0,0.0,24.22,1.38,0.0
20230814:0510,0.0,0.0,0.0,0.0,0.0,24.1,1.59,0.0
20230814:0610,24.59,9.52,42.04,1.97,9.56,24.38,1.66,0.0
20230814:0710,169.99,156.32,87.5,5.43,21.24,25.67,2.0,0.0
20230814:0810,335.3,262.69,168.64,8.21,32.98,27.01,2.55,0.0
20230814:0910,483.97,396.92,219.88,11.05,44.41,27.54,3.17,0.0
20230814:1010,633.93,647.97,176.78,14.21,54.89,28.15,2.83,0.0
20230814:1110,729.53,804.55,150.36,16.17,63.02,28.54,3.66,0.0
20230814:1210,754.98,825.58,158.25,16.58,66.07,28.87,4.55,0.0
20230814:1310,726.58,786.43,155.38,15.97,62.27,29.12,4.76,0.0
20230814:1410,640.98,671.12,154.1,14.25,53.75,29.48,4.48,0.0
20230814:1510,513.5,513.22,140.84,11.72,43.11,29.34,4.48,0.0
20230814:1610,338.27,319.26,120.6,8.48,31.62,29.13,3.24,0.0
20230814:1710,144.82,123.07,91.98,4.88,19.87,28.61,3.38,0.0
20230814:1810,24.06,0.0,44.53,0.94,8.22,28.09,3.86,0.0
20230814:1910,0.0,0.0,0.0,0.0,0.0,27.41,2.97,0.0
20230814:2010,0.0,0.0,0.0,0.0,0.0,26.9,2.07,0.0
20230814:2110,0.0,0.0,0.0,0.0,0.0,26.53,1.72,0.0
20230814:2210,0.0,0.0,0.0,0.0,0.0,26.35,1.17,0.0
20230814:2310,0.0,0.0,0.0,0.0,0.0,26.18,0.9,0.0
20230815:0010,0.0,0.0,0.0,0.0,0.0,26.06,1.17,0.0
20230815:0110,0.0,0.0,0.0,0.0,0.0,25.84,1.52,0.0
20230815:0210,0.0,0.0,0.0,0.0,0.0,25.51,1.59,0.0
20230815:0310,0.0,0.0,0.0,0.0,0.0,25.29,1.24,0.0
20230815:0410,0.0,0.0,0.0,0.0,0.0,25.15,1.38,0.0
20230815:0510,0.0,0.0,0.0,0.0,0.0,25.06,1.72,0.0
20230815:0610,30.13,5.29,50.74,1.63,9.41,25.26,1.72,0.0
20230815:0710,153.45,91.73,124.82,4.61,21.1,26.19,1.31,0.0
20230815:0810,324.56,246.36,176.25,8.01,32.83,27.37,1.17,0.0
20230815:0910,509.99,492.35,165.52,11.68,44.24,28.1,2.28,0.0
20230815:1010,636.44,671.6,161.89,14.31,54.69,28.85,2.62,0.0
20230815:1110,714.48,767.75,170.33,15.84,62.75,29.1,3.52,0.0
20230815:1210,741.93,798.27,172.02,16.31,65.76,29.38,4.34,0.0
20230815:1310,713.8,746.37,177.34,15.63,61.97,29.38,4.97,0.0
20230815:1410,629.35,620.09,183.77,13.85,53.49,29.32,5.31,0.0
20230815:1510,499.38,464.95,167.74,11.3,42.87,29.28,5.31,0.0
20230815:1610,323.99,271.71,147.37,8.03,31.4,29.15,4.41,0.0
20230815:1710,139.38,97.28,107.12,4.52,19.65,28.61,3.52,0.0
20230815:1810,21.58,0.0,41.11,0.87,7.99,27.87,3.1,0.0
20230815:1910,0.0,0.0,0.0,0.0,0.0,27.55,3.31,0.0
20230815:2010,0.0,0.0,0.0,0.0,0.0,27.26,3.03,0.0
20230815:2110,0.0,0.0,0.0,0.0,0.0,27.11,2.34,0.0
20230815:2210,0.0,0.0,0.0,0.0,0.0,26.77,1.93,0.0
20230815:2310,0.0,0.0,0.0,0.0,0.0,26.49,1.52,0.0
20230816:0010,0.0,0.0,0.0,0.0,0.0,26.61,1.93,0.0
20230816:0110,0.0,0.0,0.0,0.0,0.0,26.3,2.62,0.0
20230816:0210,0.0,0.0,0.0,0.0,0.0,26.02,2.83,0.0
20230816:0310,0.0,0.0,0.0,0.0,0.0,25.82,3.03,0.0
20230816:0410,0.0,0.0,0.0,0.0,0.0,25.46,3.1,0.0
20230816:0510,0.0,0.0,0.0,0.0,0.0,25.33,3.1,0.0
20230816:0610,26.75,0.94,47.47,1.05,9.26,25.37,2.9,0.0
20230816:0710,157.08,102.83,118.66,4.72,20.95,26.38,2.76,0.0
20230816:0810,323.85,236.49,181.1,7.88,32.68,27.73,2.76,0.0
20230816:0910,479.2,396.56,219.67,10.96,44.08,28.27,2.55,0.0
20230816:1010,632.73,660.52,170.44,14.21,54.49,29.4,2.62,0.0
20230816:1110,712.34,769.46,170.72,15.82,62.49,29.75,3.38,0.0
20230816:1210,735.14,784.84,181.73,16.2,65.44,30.03,4.14,0.0
20230816:1310,705.59,732.92,186.98,15.52,61.67,30.13,4.55,0.0
20230816:1410,623.51,621.44,183.14,13.82,53.23,30.32,4.62,0.0
20230816:1510,494.98,465.0,168.11,11.27,42.64,30.2,4.48,0.0
20230816:1610,322.73,271.37,147.7,7.99,31.17,29.78,4.28,0.0
20230816:1710,140.53,112.25,96.22,4.65,19.43,28.89,3.79,0.0
20230816:1810,22.17,0.0,41.96,0.89,7.76,28.14,2.97,0.0
20230816:1910,0.0,0.0,0.0,0.0,0.0,27.59,2.55,0.0
20230816:2010,0.0,0.0,0.0,0.0,0.0,27.34,2.21,0.0
20230816:2110,0.0,0.0,0.0,0.0,0.0,26.91,1.79,0.0
20230816:2210,0.0,0.0,0.0,0.0,0.0,26.83,1.66,0.0
20230816:2310,0.0,0.0,0.0,0.0,0.0,26.49,1.59,0.0
20230817:0010,0.0,0.0,0.0,0.0,0.0,26.23,1.17,0.0
20230817:0110,0.0,0.0,0.0,0.0,0.0,26.22,0.76,0.0
20230817:0210,0.0,0.0,0.0,0.0,0.0,26.1,0.55,0.0
20230817:0310,0.0,0.0,0.0,0.0,0.0,25.77,0.69,0.0
20230817:0410,0.0,0.0,0.0,0.0,0.0,25.22,1.24,0.0
20230817:0510,0.0,0.0,0.0,0.0,0.0,25.15,0.48,0.0
20230817:0610,26.24,7.83,44.87,1.74,9.11,24.95,0.69,0.0
20230817:0710,162.58,128.43,103.31,4.97,20.81,25.7,1.17,0.0
20230817:0810,359.28,343.11,121.54,8.72,32.53,26.77,1.66,0.0
20230817:0910,523.2,529.91,143.43,11.85,43.91,27.51,2.28,0.0
20230817:1010,642.76,691.89,151.35,14.36,54.28,28.67,2.48,0.0
20230817:1110,720.96,790.65,157.55,15.9,62.22,29.1,3.45,0.0
20230817:1210,749.71,822.34,159.19,16.38,65.12,29.41,4.34,0.0
20230817:1310,725.45,781.96,157.38,15.77,61.37,29.65,5.17,0.0
20230817:1410,643.68,666.25,155.06,14.03,52.96,29.77,5.86,0.0
20230817:1510,510.26,499.76,145.74,11.43,42.39,29.66,5.93,0.0
20230817:1610,334.61,307.75,124.34,8.21,30.94,29.33,5.1,0.0
20230817:1710,141.02,125.96,85.36,4.74,19.2,28.87,4.07,0.0
20230817:1810,20.91,0.0,40.25,0.85,7.53,28.35,3.38,0.0
20230817:1910,0.0,0.0,0.0,0.0,0.0,28.05,2.48,0.0
20230817:2010,0.0,0.0,0.0,0.0,0.0,27.67,1.93,0.0
20230817:2110,0.0,0.0,0.0,0.0,0.0,27.25,1.59,0.0
20230817:2210,0.0,0.0,0.0,0.0,0.0,27.12,1.17,0.0
20230817:2310,0.0,0.0,0.0,0.0,0.0,26.86,1.1,0.0
20230818:0010,0.0,0.0,0.0,0.0,0.0,26.5,1.17,0.0
20230818:0110,0.0,0.0,0.0,0.0,0.0,26.03,1.17,0.0
20230818:0210,0.0,0.0,0.0,0.0,0.0,25.61,0.9,0.0
20230818:0310,0.0,0.0,0.0,0.0,0.0,25.11,0.83,0.0
20230818:0410,0.0,0.0,0.0,0.0,0.0,24.89,0.83,0.0
20230818:0510,0.0,0.0,0.0,0.0,0.0,24.75,1.1,0.0
20230818:0610,23.55,9.35,40.78,1.77,8.96,24.75,0.9,0.0
20230818:0710,166.87,152.15,88.81,5.19,20.66,25.72,0.14,0.0
20230818:0810,325.8,242.39,179.15,7.88,32.38,26.95,1.66,0.0
20230818:0910,458.24,335.39,249.57,10.4,43.74,28.07,3.24,0.0
20230818:1010,628.98,638.17,185.42,14.0,54.07,29.37,2.83,0.0
20230818:1110,727.82,807.68,151.72,16.02,61.95,29.95,3.72,0.0
20230818:1210,759.52,850.34,148.11,16.6,64.8,30.31,4.55,0.0
20230818:1310,729.42,797.82,151.55,15.88,61.06,30.5,5.17,0.0
20230818:1410,645.96,679.54,150.37,14.12,52.69,30.56,5.52,0.0
20230818:1510,513.04,518.46,137.18,11.56,42.14,30.66,5.03,0.0
20230818:1610,331.0,302.92,128.52,8.16,30.7,30.5,4.28,0.0
20230818:1710,135.89,104.16,98.58,4.45,18.96,29.75,3.17,0.0
20230818:1810,20.22,0.0,39.39,0.83,7.29,28.93,2.07,0.0
20230818:1910,0.0,0.0,0.0,0.0,0.0,28.49,0.9,0.0
20230818:2010,0.0,0.0,0.0,0.0,0.0,28.19,0.0,0.0
20230818:2110,0.0,0.0,0.0,0.0,0.0,27.9,0.55,0.0
20230818:2210,0.0,0.0,0.0,0.0,0.0,27.42,1.59,0.0
20230818:2310,0.0,0.0,0.0,0.0,0.0,27.19,1.59,0.0
20230819:0010,0.0,0.0,0.0,0.0,0.0,26.77,0.83,0.0
20230819:0110,0.0,0.0,0.0,0.0,0.0,26.42,0.14,0.0
20230819:0210,0.0,0.0,0.0,0.0,0.0,26.12,0.21,0.0
20230819:0310,0.0,0.0,0.0,0.0,0.0,25.73,0.21,0.0
20230819:0410,0.0,0.0,0.0,0.0,0.0,25.38,0.21,0.0
20230819:0510,0.0,0.0,0.0,0.0,0.0,25.37,0.62,0.0
20230819:0610,28.71,3.17,49.52,1.3,8.81,25.29,0.76,0.0
20230819:0710,142.95,71.2,130.26,4.16,20.52,26.43,0.9,0.0
20230819:0810,350.77,329.15,128.96,8.5,32.23,27.8,1.1,0.0
20230819:0910,516.18,527.85,144.12,11.72,43.57,28.7,1.79,0.0
20230819:1010,639.92,689.04,153.07,14.23,53.86,30.32,2.9,0.0
20230819:1110,719.82,787.87,159.27,15.77,61.68,30.58,4.07,0.0
20230819:1210,735.9,779.13,182.72,15.97,64.48,30.54,4.97,0.0
20230819:1310,705.23,726.9,186.92,15.26,60.74,30.54,5.45,0.0
20230819:1410,615.0,590.45,198.15,13.42,52.41,30.31,5.38,0.0
20230819:1510,464.34,383.98,208.21,10.47,41.89,30.05,4.83,0.0
20230819:1610,321.7,279.96,138.21,7.87,30.46,29.61,4.0,0.0
20230819:1710,138.0,121.88,85.86,4.59,18.73,29.09,3.45,0.0
20230819:1810,18.44,0.0,36.82,0.78,7.05,28.56,2.83,0.0
20230819:1910,0.0,0.0,0.0,0.0,0.0,28.23,2.07,0.0
20230819:2010,0.0,0.0,0.0,0.0,0.0,27.83,1.45,0.0
20230819:2110,0.0,0.0,0.0,0.0,0.0,27.38,1.38,0.0
20230819:2210,0.0,0.0,0.0,0.0,0.0,26.93,1.52,0.0
20230819:2310,0.0,0.0,0.0,0.0,0.0,26.6,1.66,0.0
20230820:0010,0.0,0.0,0.0,0.0,0.0,26.39,1.59,0.0
20230820:0110,0.0,0.0,0.0,0.0,0.0,26.28,1.52,0.0
20230820:0210,0.0,0.0,0.0,0.0,0.0,26.07,1.45,0.0
20230820:0310,0.0,0.0,0.0,0.0,0.0,25.81,1.31,0.0
20230820:0410,0.0,0.0,0.0,0.0,0.0,25.63,1.17,0.0
20230820:0510,0.0,0.0,0.0,0.0,0.0,25.53,0.97,0.0
20230820:0610,26.3,2.42,46.61,1.16,8.66,25.84,0.83,0.0
20230820:0710,137.99,62.95,131.27,3.98,20.37,26.42,1.03,0.0
20230820:0810,353.61,336.19,123.51,8.48,32.08,27.55,1.45,0.0
20230820:0910,514.23,522.15,144.37,11.57,43.4,28.44,2.0,0.0
20230820:1010,635.42,682.25,153.3,14.07,53.65,29.11,2.41,0.0
20230820:1110,719.27,790.88,154.28,15.68,61.4,29.49,3.66,0.0
20230820:1210,746.77,821.48,155.89,16.15,64.15,29.86,4.55,0.0
20230820:1310,715.4,770.0,159.29,15.44,60.42,29.99,4.9,0.0
20230820:1410,634.53,662.56,152.89,13.78,52.12,30.04,4.97,0.0
20230820:1510,500.52,495.44,142.62,11.16,41.63,29.89,4.69,0.0
20230820:1610,325.26,296.97,125.17,7.9,30.22,29.67,4.48,0.0
20230820:1710,133.89,111.31,89.85,4.39,18.48,29.21,3.72,0.0
20230820:1810,18.45,0.0,36.82,0.78,6.8,28.56,3.72,0.0
20230820:1910,0.0,0.0,0.0,0.0,0.0,27.82,3.17,0.0
20230820:2010,0.0,0.0,0.0,0.0,0.0,27.6,2.0,0.0
20230820:2110,0.0,0.0,0.0,0.0,0.0,27.23,1.24,0.0
20230820:2210,0.0,0.0,0.0,0.0,0.0,26.8,0.34,0.0
20230820:2310,0.0,0.0,0.0,0.0,0.0,26.71,0.28,0.0
20230821:0010,0.0,0.0,0.0,0.0,0.0,26.62,0.62,0.0
20230821:0110,0.0,0.0,0.0,0.0,0.0,26.57,0.69,0.0
20230821:0210,0.0,0.0,0.0,0.0,0.0,26.35,0.62,0.0
20230821:0310,0.0,0.0,0.0,0.0,0.0,26.06,0.62,0.0
20230821:0410,0.0,0.0,0.0,0.0,0.0,25.92,0.69,0.0
20230821:0510,0.0,0.0,0.0,0.0,0.0,25.54,0.97,0.0
20230821:0610,23.56,8.7,41.1,1.61,8.5,25.59,1.1,0.0
20230821:0710,165.42,142.95,94.45,4.97,20.22,26.5,1.1,0.0
20230821:0810,356.19,334.51,128.84,8.5,31.93,27.91,1.59,0.0
20230821:0910,524.04,535.26,143.99,11.74,43.22,28.81,2.28,0.0
20230821:1010,643.97,698.12,152.91,14.27,53.43,29.51,2.34,0.0
20230821:1110,727.14,808.19,152.78,15.88,61.12,29.91,3.52,0.0
20230821:1210,751.33,827.85,160.69,16.28,63.82,30.19,4.34,0.0
20230821:1310,722.34,786.07,157.8,15.63,60.1,30.22,4.55,0.0
20230821:1410,640.03,677.14,151.42,13.94,51.84,30.36,4.41,0.0
20230821:1510,503.12,498.87,146.17,11.23,41.37,30.27,4.21,0.0
20230821:1610,326.69,298.79,127.53,7.94,29.97,30.07,3.72,0.0
20230821:1710,134.89,120.07,84.51,4.47,18.24,29.58,3.1,0.0
20230821:1810,17.2,0.0,35.11,0.74,6.55,28.95,2.28,0.0
20230821:1910,0.0,0.0,0.0,0.0,0.0,28.44,1.31,0.0
20230821:2010,0.0,0.0,0.0,0.0,0.0,28.13,0.83,0.0
20230821:2110,0.0,0.0,0.0,0.0,0.0,27.78,0.97,0.0
20230821:2210,0.0,0.0,0.0,0.0,0.0,27.44,1.17,0.0
20230821:2310,0.0,0.0,0.0,0.0,0.0,27.22,0.97,0.0
20230822:0010,0.0,0.0,0.0,0.0,0.0,27.04,0.9,0.0
20230822:0110,0.0,0.0,0.0,0.0,0.0,26.89,0.76,0.0
20230822:0210,0.0,0.0,0.0,0.0,0.0,27.04,0.9,0.0
20230822:0310,0.0,0.0,0.0,0.0,0.0,26.5,1.38,0.0
20230822:0410,0.0,0.0,0.0,0.0,0.0,26.04,1.52,0.0
20230822:0510,0.0,0.0,0.0,0.0,0.0,25.9,1.72,0.0
20230822:0610,22.25,9.78,39.08,1.63,8.35,26.14,1.59,0.0
20230822:0710,168.79,156.19,87.37,5.08,20.07,27.32,1.38,0.0
20230822:0810,358.46,347.63,121.49,8.55,31.77,28.99,1.52,0.0
20230822:0910,523.43,543.26,140.36,11.76,43.05,30.1,2.21,0.0
20230822:1010,649.53,708.72,148.13,14.31,53.21,30.63,2.97,0.0
20230822:1110,732.65,820.15,147.91,15.93,60.84,30.82,4.0,0.0
20230822:1210,759.99,850.86,149.48,16.4,63.48,30.89,4.76,0.0
20230822:1310,718.5,775.92,163.38,15.5,59.77,31.0,4.9,0.0
20230822:1410,622.08,620.53,183.43,13.51,51.54,31.01,4.9,0.0
20230822:1510,505.77,506.54,141.54,11.23,41.1,30.86,4.76,0.0
20230822:1610,329.12,309.38,120.18,7.96,29.71,30.62,4.34,0.0
20230822:1710,133.96,121.12,82.91,4.43,17.99,30.14,3.79,0.0
20230822:1810,15.96,0.0,33.4,0.71,6.29,29.54,3.38,0.0
20230822:1910,0.0,0.0,0.0,0.0,0.0,29.0,3.1,0.0
20230822:2010,0.0,0.0,0.0,0.0,0.0,28.83,2.97,0.0
20230822:2110,0.0,0.0,0.0,0.0,0.0,28.52,2.76,0.0
20230822:2210,0.0,0.0,0.0,0.0,0.0,27.71,2.14,0.0
20230822:2310,0.0,0.0,0.0,0.0,0.0,27.45,1.59,0.0
20230823:0010,0.0,0.0,0.0,0.0,0.0,27.15,1.59,0.0
20230823:0110,0.0,0.0,0.0,0.0,0.0,26.83,1.52,0.0
20230823:0210,0.0,0.0,0.0,0.0,0.0,26.47,1.66,0.0
20230823:0310,0.0,0.0,0.0,0.0,0.0,26.1,1.79,0.0
20230823:0410,0.0,0.0,0.0,0.0,0.0,25.93,2.0,0.0
20230823:0510,0.0,0.0,0.0,0.0,0.0,25.74,2.28,0.0
20230823:0610,21.77,10.45,38.15,1.63,8.2,25.88,2.55,0.0
20230823:0710,171.49,160.45,85.87,5.1,19.93,27.34,2.55,0.0
20230823:0810,366.37,356.98,121.06,8.66,31.62,29.72,2.34,0.0
20230823:0910,537.18,564.06,135.91,11.97,42.87,30.94,2.97,0.0
20230823:1010,664.52,733.6,141.41,14.54,52.99,31.13,3.52,0.0
20230823:1110,744.3,836.65,146.36,16.11,60.55,31.11,4.34,0.0
20230823:1210,762.05,844.12,159.55,16.4,63.14,31.13,4.9,0.0
20230823:1310,735.75,813.15,151.43,15.84,59.44,31.21,4.97,0.0
20230823:1410,647.84,690.48,150.3,14.03,51.24,31.29,4.83,0.0
20230823:1510,511.39,517.45,140.08,11.34,40.83,31.24,4.62,0.0
20230823:1610,338.03,330.86,111.97,8.16,29.46,31.02,4.0,0.0
20230823:1710,135.54,128.56,79.42,4.5,17.73,30.48,3.17,0.0
20230823:1810,14.76,0.0,31.69,0.67,6.03,29.83,2.34,0.0
20230823:1910,0.0,0.0,0.0,0.0,0.0,29.42,1.66,0.0
20230823:2010,0.0,0.0,0.0,0.0,0.0,29.19,1.24,0.0
20230823:2110,0.0,0.0,0.0,0.0,0.0,28.43,1.17,0.0
20230823:2210,0.0,0.0,0.0,0.0,0.0,28.08,0.9,0.0
20230823:2310,0.0,0.0,0.0,0.0,0.0,27.69,0.34,0.0
20230824:0010,0.0,0.0,0.0,0.0,0.0,27.5,0.21,0.0
20230824:0110,0.0,0.0,0.0,0.0,0.0,26.62,0.48,0.0
20230824:0210,0.0,0.0,0.0,0.0,0.0,25.99,0.97,0.0
20230824:0310,0.0,0.0,0.0,0.0,0.0,25.66,1.24,0.0
20230824:0410,0.0,0.0,0.0,0.0,0.0,25.51,1.31,0.0
20230824:0510,0.0,0.0,0.0,0.0,0.0,25.43,1.52,0.0
20230824:0610,21.35,10.65,37.5,1.59,8.04,25.67,1.52,0.0
20230824:0710,173.19,163.95,85.3,5.12,19.78,27.1,1.52,0.0
20230824:0810,367.43,368.46,116.63,8.73,31.46,29.23,0.83,0.0
20230824:0910,531.49,567.02,135.3,11.95,42.69,30.49,1.59,0.0
20230824:1010,654.44,736.83,141.84,14.54,52.77,31.35,2.14,0.0
20230824:1110,740.52,839.99,146.77,16.11,60.26,31.4,3.72,0.0
20230824:1210,763.64,847.38,159.99,16.4,62.8,31.35,4.9,0.0
20230824:1310,739.49,815.26,151.84,15.82,59.1,31.26,5.31,0.0
20230824:1410,651.11,692.36,149.65,14.0,50.94,31.09,5.17,0.0
20230824:1510,516.55,525.33,137.5,11.38,40.56,30.95,4.76,0.0
20230824:1610,332.84,317.27,118.09,7.98,29.2,30.66,4.0,0.0
20230824:1710,133.97,128.14,77.84,4.43,17.48,30.12,3.03,0.0
20230824:1810,14.21,0.0,30.83,0.65,5.77,29.41,2.0,0.0
20230824:1910,0.0,0.0,0.0,0.0,0.0,28.78,1.03,0.0
20230824:2010,0.0,0.0,0.0,0.0,0.0,28.38,1.17,0.0
20230824:2110,0.0,0.0,0.0,0.0,0.0,28.19,1.86,0.0
20230824:2210,0.0,0.0,0.0,0.0,0.0,27.83,1.93,0.0
20230824:2310,0.0,0.0,0.0,0.0,0.0,27.65,2.14,0.0
20230825:0010,0.0,0.0,0.0,0.0,0.0,27.22,1.86,0.0
20230825:0110,0.0,0.0,0.0,0.0,0.0,26.48,1.24,0.0
20230825:0210,0.0,0.0,0.0,0.0,0.0,25.8,0.69,0.0
20230825:0310,0.0,0.0,0.0,0.0,0.0,25.24,0.62,0.0
20230825:0410,0.0,0.0,0.0,0.0,0.0,24.77,1.24,0.0
20230825:0510,0.0,0.0,0.0,0.0,0.0,24.44,2.07,0.0
20230825:0610,22.52,8.96,39.38,1.46,7.89,24.69,2.41,0.0
20230825:0710,170.42,153.72,88.43,4.92,19.62,25.82,2.9,0.0
20230825:0810,368.92,350.88,121.73,8.46,31.3,27.47,3.38,0.0
20230825:0910,532.57,531.52,149.69,11.56,42.51,28.8,3.72,0.0
20230825:1010,653.43,695.02,157.6,14.07,52.54,30.28,3.79,0.0
20230825:1110,720.45,765.39,180.55,15.43,59.97,31.22,4.69,0.0
20230825:1210,740.11,778.02,192.68,15.79,62.45,31.76,5.45,0.0
20230825:1310,712.63,737.33,188.58,15.14,58.77,32.0,6.28,0.0
20230825:1410,628.5,622.01,183.71,13.38,50.64,31.74,6.76,0.0
20230825:1510,491.04,452.73,171.45,10.71,40.28,31.19,6.69,0.0
20230825:1610,315.96,268.93,141.14,7.49,28.93,30.15,5.52,0.0
20230825:1710,126.12,97.01,92.87,4.0,17.21,29.06,4.28,0.0
20230825:1810,13.12,0.0,29.12,0.61,5.51,28.58,2.97,0.0
20230825:1910,0.0,0.0,0.0,0.0,0.0,28.26,1.66,0.0
20230825:2010,0.0,0.0,0.0,0.0,0.0,28.14,1.17,0.0
20230825:2110,0.0,0.0,0.0,0.0,0.0,27.86,1.03,0.0
20230825:2210,0.0,0.0,0.0,0.0,0.0,27.45,0.69,0.0
20230825:2310,0.0,0.0,0.0,0.0,0.0,27.2,0.69,0.0
20230826:0010,0.0,0.0,0.0,0.0,0.0,27.0,0.62,0.0
20230826:0110,0.0,0.0,0.0,0.0,0.0,27.03,0.62,0.0
20230826:0210,0.0,0.0,0.0,0.0,0.0,26.41,0.97,0.0
20230826:0310,0.0,0.0,0.0,0.0,0.0,25.92,1.17,0.0
20230826:0410,0.0,0.0,0.0,0.0,0.0,25.69,1.45,0.0
20230826:0510,0.0,0.0,0.0,0.0,0.0,25.57,1.59,0.0
20230826:0610,22.06,2.27,40.84,0.98,7.74,25.66,1.38,0.0
20230826:0710,142.12,77.75,122.83,4.0,19.47,26.34,1.03,0.0
20230826:0810,283.08,164.5,204.02,6.75,31.14,27.74,1.45,0.0
20230826:0910,403.23,242.99,276.99,9.17,42.33,28.94,2.34,0.0
20230826:1010,616.2,605.35,201.56,13.33,52.31,29.6,2.83,0.0
20230826:1110,676.05,653.29,235.58,14.54,59.67,30.31,3.66,0.0
20230826:1210,715.05,717.12,218.35,15.21,62.11,30.87,4.9,0.0
20230826:1310,672.09,628.65,240.06,14.25,58.42,31.14,5.93,0.0
20230826:1410,598.86,560.96,209.68,12.8,50.33,31.51,5.66,0.0
20230826:1510,27.04,0.0,49.09,0.98,39.99,30.6,5.17,0.0
20230826:1610,41.37,0.0,68.18,1.36,28.66,30.4,2.48,0.0
20230826:1710,33.12,0.0,57.27,1.14,16.95,29.75,0.21,0.0
20230826:1810,7.54,0.0,20.55,0.43,5.24,29.65,3.59,0.0
20230826:1910,0.0,0.0,0.0,0.0,0.0,29.21,3.17,0.0
20230826:2010,0.0,0.0,0.0,0.0,0.0,28.43,3.72,0.0
20230826:2110,0.0,0.0,0.0,0.0,0.0,28.11,2.97,0.0
20230826:2210,0.0,0.0,0.0,0.0,0.0,28.22,4.48,0.0
20230826:2310,0.0,0.0,0.0,0.0,0.0,27.89,1.59,0.0
20230827:0010,0.0,0.0,0.0,0.0,0.0,27.56,2.48,0.0
20230827:0110,0.0,0.0,0.0,0.0,0.0,27.56,2.97,0.0
20230827:0210,0.0,0.0,0.0,0.0,0.0,27.02,2.21,0.0
20230827:0310,0.0,0.0,0.0,0.0,0.0,27.0,3.79,0.0
20230827:0410,0.0,0.0,0.0,0.0,0.0,26.96,4.14,0.0
20230827:0510,0.0,0.0,0.0,0.0,0.0,27.02,3.1,0.0
20230827:0610,7.88,0.0,20.91,0.42,7.58,26.78,3.24,0.0
20230827:0710,71.86,3.53,101.94,2.1,19.32,26.88,6.48,0.0
20230827:0810,321.25,217.84,187.3,7.29,30.98,26.23,6.28,0.0
20230827:0910,498.08,399.96,218.5,10.53,42.14,25.21,5.45,0.0
20230827:1010,658.9,699.09,154.16,13.96,52.08,28.63,3.72,0.0
20230827:1110,725.59,758.19,182.29,15.23,59.37,29.0,4.83,0.0
20230827:1210,403.75,116.05,403.69,9.62,61.75,29.2,3.45,0.0
20230827:1310,513.9,295.99,376.61,11.65,58.08,28.1,1.66,0.0
20230827:1410,445.75,239.75,340.26,10.2,50.01,28.6,1.66,0.0
20230827:1510,79.27,0.0,115.45,2.3,39.71,28.73,2.83,0.0
20230827:1610,174.71,38.08,194.86,4.5,28.39,28.68,2.83,0.0
20230827:1710,87.12,19.78,108.65,2.59,16.68,28.17,2.69,0.0
20230827:1810,11.52,0.0,26.55,0.56,4.96,26.97,2.83,0.0
20230827:1910,0.0,0.0,0.0,0.0,0.0,25.76,2.76,0.0
20230827:2010,0.0,0.0,0.0,0.0,0.0,24.99,2.07,0.0
20230827:2110,0.0,0.0,0.0,0.0,0.0,24.34,1.72,0.0
20230827:2210,0.0,0.0,0.0,0.0,0.0,23.51,2.0,0.0
20230827:2310,0.0,0.0,0.0,0.0,0.0,23.63,2.14,0.0
20230828:0010,0.0,0.0,0.0,0.0,0.0,23.42,2.41,0.0
20230828:0110,0.0,0.0,0.0,0.0,0.0,22.62,2.62,0.0
20230828:0210,0.0,0.0,0.0,0.0,0.0,22.41,2.69,0.0
20230828:0310,0.0,0.0,0.0,0.0,0.0,22.35,2.69,0.0
20230828:0410,0.0,0.0,0.0,0.0,0.0,22.18,2.76,0.0
20230828:0510,0.0,0.0,0.0,0.0,0.0,21.95,2.69,0.0
20230828:0610,18.84,13.36,32.6,1.52,7.43,21.93,2.76,0.0
20230828:0710,183.17,175.26,81.22,5.08,19.17,23.09,3.1,0.0
20230828:0810,387.3,366.74,121.32,8.57,30.82,24.31,3.52,0.0
20230828:0910,564.2,578.22,136.1,11.92,41.95,25.42,3.24,0.0
20230828:1010,676.98,770.29,131.92,14.67,51.85,26.73,1.38,0.0
20230828:1110,744.61,865.12,139.85,16.15,59.07,27.45,1.72,0.0
20230828:1210,762.37,871.06,154.28,16.44,61.4,27.83,2.21,0.0
20230828:1310,734.86,813.96,157.79,15.66,57.73,28.24,2.97,0.0
20230828:1410,663.39,718.06,140.92,14.03,49.69,28.61,3.79,0.0
20230828:1510,526.67,536.36,131.99,11.25,39.41,28.52,4.69,0.0
20230828:1610,340.4,321.86,114.74,7.81,28.11,27.92,5.86,0.0
20230828:1710,133.11,128.23,74.28,4.23,16.41,27.15,7.17,0.0
20230828:1810,10.44,0.0,24.83,0.52,4.69,26.35,7.1,0.0
20230828:1910,0.0,0.0,0.0,0.0,0.0,25.98,6.41,0.0
20230828:2010,0.0,0.0,0.0,0.0,0.0,25.53,5.45,0.0
20230828:2110,0.0,0.0,0.0,0.0,0.0,24.9,4.83,0.0
20230828:2210,0.0,0.0,0.0,0.0,0.0,25.05,3.86,0.0
20230828:2310,0.0,0.0,0.0,0.0,0.0,24.89,3.45,0.0
20230829:0010,0.0,0.0,0.0,0.0,0.0,24.52,2.48,0.0
20230829:0110,0.0,0.0,0.0,0.0,0.0,24.06,2.0,0.0
20230829:0210,0.0,0.0,0.0,0.0,0.0,23.69,2.0,0.0
20230829:0310,0.0,0.0,0.0,0.0,0.0,23.46,1.93,0.0
20230829:0410,0.0,0.0,0.0,0.0,0.0,23.08,1.86,0.0
20230829:0510,0.0,0.0,0.0,0.0,0.0,22.86,1.79,0.0
20230829:0610,19.58,11.71,34.25,1.41,7.27,23.07,1.66,0.0
20230829:0710,176.13,166.5,83.42,4.9,19.02,24.67,1.38,0.0
20230829:0810,363.72,344.52,129.36,8.28,30.65,26.0,0.48,0.0
20230829:0910,540.1,565.01,138.36,11.68,41.76,26.57,1.24,0.0
20230829:1010,666.53,744.74,139.54,14.32,51.61,28.42,2.0,0.0
20230829:1110,738.77,814.38,159.22,15.61,58.77,28.77,3.45,0.0
20230829:1210,762.85,831.44,167.16,15.97,61.04,28.84,4.34,0.0
20230829:1310,738.4,786.84,164.23,15.28,57.37,28.88,5.59,0.0
20230829:1410,659.63,683.44,151.51,13.6,49.37,28.77,6.62,0.0
20230829:1510,520.76,515.44,137.24,10.94,39.12,28.29,6.69,0.0
20230829:1610,329.41,299.73,121.67,7.51,27.83,27.66,6.55,0.0
20230829:1710,111.76,61.42,103.48,3.35,16.13,26.98,6.07,0.0
20230829:1810,7.15,0.0,19.7,0.42,4.41,26.57,4.97,0.0
20230829:1910,0.0,0.0,0.0,0.0,0.0,26.37,4.28,0.0
20230829:2010,0.0,0.0,0.0,0.0,0.0,26.07,3.93,0.0
20230829:2110,0.0,0.0,0.0,0.0,0.0,25.46,3.59,0.0
20230829:2210,0.0,0.0,0.0,0.0,0.0,25.16,3.52,0.0
20230829:2310,0.0,0.0,0.0,0.0,0.0,24.78,2.83,0.0
20230830:0010,0.0,0.0,0.0,0.0,0.0,24.67,2.69,0.0
20230830:0110,0.0,0.0,0.0,0.0,0.0,24.42,2.07,0.0
20230830:0210,0.0,0.0,0.0,0.0,0.0,24.36,1.79,0.0
20230830:0310,0.0,0.0,0.0,0.0,0.0,24.31,2.07,0.0
20230830:0410,0.0,0.0,0.0,0.0,0.0,24.19,2.34,0.0
20230830:0510,0.0,0.0,0.0,0.0,0.0,23.89,2.69,0.0
20230830:0610,18.55,1.7,35.86,0.81,7.11,23.88,2.41,0.0
20230830:0710,136.74,66.86,123.37,3.71,18.86,24.58,2.48,0.0
20230830:0810,347.03,285.4,155.11,7.7,30.49,25.72,3.45,0.0
20230830:0910,340.97,135.17,295.26,7.81,41.57,26.27,4.0,0.0
20230830:1010,646.17,650.33,181.23,13.47,51.37,26.93,3.38,0.0
20230830:1110,612.54,449.3,333.74,12.98,58.46,27.28,4.34,0.0
20230830:1210,437.05,151.69,403.71,10.07,60.68,27.11,3.86,0.0
20230830:1310,97.26,0.0,136.35,2.71,57.02,26.88,3.72,0.0
20230830:1410,430.1,206.09,340.76,9.66,49.05,26.8,3.1,0.0
20230830:1510,91.2,0.0,129.08,2.57,38.82,26.86,3.1,0.0
20230830:1610,164.15,32.75,185.45,4.21,27.55,26.61,2.34,0.0
20230830:1710,116.24,85.89,89.36,3.56,15.85,26.17,2.62,0.0
20230830:1810,7.18,0.0,19.7,0.42,4.13,25.88,2.21,0.0
20230830:1910,0.0,0.0,0.0,0.0,0.0,25.46,1.52,0.0
20230830:2010,0.0,0.0,0.0,0.0,0.0,25.15,1.03,0.0
20230830:2110,0.0,0.0,0.0,0.0,0.0,24.59,0.41,0.0
20230830:2210,0.0,0.0,0.0,0.0,0.0,24.38,0.83,0.0
20230830:2310,0.0,0.0,0.0,0.0,0.0,24.03,1.17,0.0
20230831:0010,0.0,0.0,0.0,0.0,0.0,23.84,1.45,0.0
20230831:0110,0.0,0.0,0.0,0.0,0.0,23.57,1.45,0.0
20230831:0210,0.0,0.0,0.0,0.0,0.0,23.27,1.52,0.0
20230831:0310,0.0,0.0,0.0,0.0,0.0,23.05,1.52,0.0
20230831:0410,0.0,0.0,0.0,0.0,0.0,22.9,1.38,0.0
20230831:0510,0.0,0.0,0.0,0.0,0.0,22.71,1.24,0.0
20230831:0610,20.0,9.65,35.34,1.25,6.96,22.75,1.17,0.0
20230831:0710,170.9,149.27,91.55,4.63,18.71,23.97,1.17,0.0
20230831:0810,373.78,360.21,121.41,8.3,30.32,25.71,1.38,0.0
20230831:0910,549.88,577.98,131.97,11.66,41.38,26.45,1.86,0.0
20230831:1010,675.8,751.74,134.94,14.23,51.13,27.21,2.34,0.0
20230831:1110,747.94,832.76,150.42,15.63,58.15,27.72,3.31,0.0
20230831:1210,767.71,849.77,157.28,15.97,60.32,28.03,3.86,0.0
20230831:1310,732.34,792.4,159.68,15.17,56.66,28.1,4.14,0.0
20230831:1410,653.68,696.57,142.81,13.55,48.72,28.23,4.28,0.0
20230831:1510,515.85,522.22,131.87,10.85,38.52,28.13,4.41,0.0
20230831:1610,327.49,309.23,113.63,7.43,27.26,27.83,4.34,0.0
20230831:1710,123.13,114.35,75.06,3.85,15.57,27.25,4.55,0.0
20230831:1810,7.15,0.0,19.7,0.42,3.84,26.52,4.07,0.0
20230831:1910,0.0,0.0,0.0,0.0,0.0,25.98,2.76,0.0
20230831:2010,0.0,0.0,0.0,0.0,0.0,25.68,1.52,0.0
20230831:2110,0.0,0.0,0.0,0.0,0.0,25.01,1.38,0.0
20230831:2210,0.0,0.0,0.0,0.0,0.0,24.99,1.24,0.0
20230831:2310,0.0,0.0,0.0,0.0,0.0,24.62,1.59,0.0
20230901:0010,0.0,0.0,0.0,0.0,0.0,24.42,1.03,0.0
20230901:0110,0.0,0.0,0.0,0.0,0.0,23.95,0.34,0.0
20230901:0210,0.0,0.0,0.0,0.0,0.0,23.41,0.14,0.0
20230901:0310,0.0,0.0,0.0,0.0,0.0,22.9,0.21,0.0
20230901:0410,0.0,0.0,0.0,0.0,0.0,22.74,0.55,0.0
20230901:0510,0.0,0.0,0.0,0.0,0.0,22.58,0.83,0.0
20230901:0610,20.1,7.12,36.24,1.1,6.8,22.83,0.69,0.0
20230901:0710,171.98,156.75,86.32,4.63,18.55,23.67,0.62,0.0
20230901:0810,369.08,358.68,120.76,8.21,30.16,25.07,0.34,0.0
20230901:0910,530.32,547.91,143.49,11.32,41.18,26.2,0.97,0.0
20230901:1010,639.62,656.5,182.34,13.47,50.88,27.06,2.0,0.0
20230901:1110,696.57,666.56,236.94,14.45,57.84,27.37,3.72,0.0
20230901:1210,679.87,572.72,299.07,14.09,59.96,27.61,4.97,0.0
20230901:1310,438.02,166.03,387.34,9.93,56.3,27.6,5.24,0.0
20230901:1410,263.04,33.92,302.72,6.49,48.39,27.5,5.1,0.0
20230901:1510,257.28,61.65,267.49,6.2,38.21,27.1,4.48,0.0
20230901:1610,324.0,305.29,112.91,7.31,26.97,26.96,3.59,0.0
20230901:1710,89.24,31.3,101.21,2.64,15.29,26.54,3.17,0.0
20230901:1810,6.13,0.0,17.98,0.38,3.56,26.02,3.03,0.0
20230901:1910,0.0,0.0,0.0,0.0,0.0,25.64,2.69,0.0
20230901:2010,0.0,0.0,0.0,0.0,0.0,25.42,2.28,0.0
20230901:2110,0.0,0.0,0.0,0.0,0.0,25.07,2.14,0.0
20230901:2210,0.0,0.0,0.0,0.0,0.0,24.72,2.21,0.0
20230901:2310,0.0,0.0,0.0,0.0,0.0,24.72,2.28,0.0
20230902:0010,0.0,0.0,0.0,0.0,0.0,24.53,2.28,0.0
20230902:0110,0.0,0.0,0.0,0.0,0.0,24.21,1.93,0.0
20230902:0210,0.0,0.0,0.0,0.0,0.0,23.97,1.52,0.0
20230902:0310,0.0,0.0,0.0,0.0,0.0,24.26,0.62,0.0
20230902:0410,0.0,0.0,0.0,0.0,0.0,24.36,1.03,0.0
20230902:0510,0.0,0.0,0.0,0.0,0.0,24.27,1.79,0.0
20230902:0610,4.69,0.0,15.45,0.31,6.64,24.27,1.17,0.0
20230902:0710,16.55,0.0,33.63,0.67,18.39,24.54,3.45,0.0
20230902:0810,37.76,0.0,61.81,1.23,29.99,24.34,4.62,0.0
20230902:0910,159.01,3.35,204.8,4.12,40.99,24.41,5.03,0.0
20230902:1010,225.13,12.55,276.66,5.68,50.64,25.27,3.45,0.0
20230902:1110,78.51,0.0,112.72,2.24,57.52,25.33,3.79,0.0
20230902:1210,270.05,18.48,325.56,6.73,59.59,25.98,4.34,0.0
20230902:1310,691.96,656.67,226.48,14.09,55.93,25.85,4.34,0.0
20230902:1410,626.5,627.11,172.45,12.84,48.05,26.43,3.66,0.0
20230902:1510,139.92,2.21,185.61,3.73,37.9,26.54,3.31,0.0
20230902:1610,55.42,0.0,84.54,1.68,26.68,26.03,4.83,0.0
20230902:1710,28.48,0.0,50.0,0.99,15.0,25.46,5.24,0.0
20230902:1810,0.42,0.0,6.85,0.14,3.26,25.19,4.97,0.0
20230902:1910,0.0,0.0,0.0,0.0,0.0,24.8,4.76,0.0
20230902:2010,0.0,0.0,0.0,0.0,0.0,24.39,5.17,0.0
20230902:2110,0.0,0.0,0.0,0.0,0.0,23.9,5.38,0.0
20230902:2210,0.0,0.0,0.0,0.0,0.0,24.16,1.86,0.0
20230902:2310,0.0,0.0,0.0,0.0,0.0,23.63,0.14,0.0
20230903:0010,0.0,0.0,0.0,0.0,0.0,23.05,3.52,0.0
20230903:0110,0.0,0.0,0.0,0.0,0.0,21.97,4.55,0.0
20230903:0210,0.0,0.0,0.0,0.0,0.0,21.36,4.14,0.0
20230903:0310,0.0,0.0,0.0,0.0,0.0,21.16,4.69,0.0
20230903:0410,0.0,0.0,0.0,0.0,0.0,21.41,5.66,0.0
20230903:0510,0.0,0.0,0.0,0.0,0.0,22.23,6.55,0.0
20230903:0610,8.66,0.0,21.82,0.43,6.49,22.77,7.38,0.0
20230903:0710,70.45,4.81,97.52,2.03,18.24,23.54,7.93,0.0
20230903:0810,52.97,0.0,80.9,1.61,29.82,24.65,7.66,0.0
20230903:0910,386.47,195.61,281.29,8.34,40.79,25.58,8.83,0.0
20230903:1010,417.44,165.14,349.38,9.17,50.39,26.45,11.52,0.0
20230903:1110,506.61,241.88,380.88,10.8,57.2,26.84,12.83,0.0
20230903:1210,591.5,357.22,368.68,12.15,59.22,26.81,13.45,0.0
20230903:1310,325.38,56.6,349.3,7.7,55.56,27.14,13.1,0.0
20230903:1410,312.73,70.78,319.96,7.32,47.71,27.23,12.48,0.0
20230903:1510,190.33,18.93,227.26,4.79,37.59,27.29,12.14,0.0
20230903:1610,96.67,3.16,132.02,2.68,26.38,27.42,11.79,0.0
20230903:1710,57.97,6.23,82.97,1.77,14.71,27.38,11.31,0.0
20230903:1810,0.4,0.0,6.85,0.14,2.97,27.12,10.62,0.0
20230903:1910,0.0,0.0,0.0,0.0,0.0,27.01,9.86,0.0
20230903:2010,0.0,0.0,0.0,0.0,0.0,26.88,9.45,0.0
20230903:2110,0.0,0.0,0.0,0.0,0.0,26.95,9.31,0.0
20230903:2210,0.0,0.0,0.0,0.0,0.0,26.69,8.83,0.0
20230903:2310,0.0,0.0,0.0,0.0,0.0,26.68,8.34,0.0
20230904:0010,0.0,0.0,0.0,0.0,0.0,26.62,7.79,0.0
20230904:0110,0.0,0.0,0.0,0.0,0.0,26.44,7.45,0.0
20230904:0210,0.0,0.0,0.0,0.0,0.0,26.25,6.62,0.0
20230904:0310,0.0,0.0,0.0,0.0,0.0,26.14,5.72,0.0
20230904:0410,0.0,0.0,0.0,0.0,0.0,25.97,5.24,0.0
20230904:0510,0.0,0.0,0.0,0.0,0.0,25.76,5.03,0.0
20230904:0610,16.01,2.17,32.33,0.74,6.33,25.72,4.83,0.0
20230904:0710,105.26,29.25,119.26,2.88,18.08,26.12,4.76,0.0
20230904:0810,239.04,96.64,210.47,5.61,29.65,26.89,4.9,0.0
20230904:0910,362.12,168.48,288.53,8.07,40.59,27.38,4.9,0.0
20230904:1010,399.45,153.27,351.12,9.02,50.13,27.58,5.1,0.0
20230904:1110,431.07,156.93,387.62,9.77,56.88,27.16,4.83,0.0
20230904:1210,455.95,179.38,398.65,10.27,58.85,27.12,4.28,0.0
20230904:1310,569.99,387.52,341.65,12.06,55.19,27.14,3.72,0.0
20230904:1410,297.89,61.95,318.12,7.16,47.37,27.21,3.86,0.0
20230904:1510,406.16,275.56,238.22,8.7,37.28,27.11,3.79,0.0
20230904:1610,236.4,128.56,179.4,5.53,26.08,26.98,3.03,0.0
20230904:1710,82.29,28.84,95.01,2.44,14.42,26.38,2.28,0.0
20230904:1810,0.75,0.0,7.71,0.16,2.68,25.78,2.21,0.0
20230904:1910,0.0,0.0,0.0,0.0,0.0,25.73,1.45,0.0
20230904:2010,0.0,0.0,0.0,0.0,0.0,25.58,1.17,0.0
20230904:2110,0.0,0.0,0.0,0.0,0.0,25.41,1.31,0.0
20230904:2210,0.0,0.0,0.0,0.0,0.0,24.69,1.45,0.0
20230904:2310,0.0,0.0,0.0,0.0,0.0,24.28,1.24,0.0
20230905:0010,0.0,0.0,0.0,0.0,0.0,24.18,1.52,0.0
20230905:0110,0.0,0.0,0.0,0.0,0.0,23.69,1.66,0.0
20230905:0210,0.0,0.0,0.0,0.0,0.0,23.42,1.72,0.0
20230905:0310,0.0,0.0,0.0,0.0,0.0,23.2,1.52,0.0
20230905:0410,0.0,0.0,0.0,0.0,0.0,23.06,1.38,0.0
20230905:0510,0.0,0.0,0.0,0.0,0.0,23.05,1.52,0.0
20230905:0610,16.4,3.65,32.12,0.8,6.17,23.2,1.66,0.0
20230905:0710,130.95,62.21,119.78,3.44,17.92,23.58,1.66,0.0
20230905:0810,306.68,204.65,189.03,6.8,29.47,25.15,1.38,0.0
20230905:0910,440.67,309.36,255.56,9.44,40.38,26.36,1.72,0.0
20230905:1010,585.15,506.06,259.18,12.3,49.88,27.54,1.93,0.0
20230905:1110,607.47,472.9,324.15,12.91,56.56,28.0,2.28,0.0
20230905:1210,668.1,594.29,286.61,14.0,58.47,28.37,2.69,0.0
20230905:1310,653.15,595.54,258.67,13.56,54.82,28.7,3.17,0.0
20230905:1410,572.43,495.73,240.32,11.85,47.03,28.93,3.86,0.0
20230905:1510,437.77,345.94,211.13,9.22,36.96,28.82,4.21,0.0
20230905:1610,272.41,197.06,157.34,6.17,25.78,28.48,4.34,0.0
20230905:1710,88.09,41.08,92.97,2.62,14.12,27.95,4.21,0.0
20230905:1810,1.89,0.0,10.28,0.22,2.38,27.37,4.41,0.0
20230905:1910,0.0,0.0,0.0,0.0,0.0,26.83,4.76,0.0
20230905:2010,0.0,0.0,0.0,0.0,0.0,26.42,4.62,0.0
20230905:2110,0.0,0.0,0.0,0.0,0.0,26.04,4.34,0.0
20230905:2210,0.0,0.0,0.0,0.0,0.0,25.78,4.83,0.0
20230905:2310,0.0,0.0,0.0,0.0,0.0,25.57,4.55,0.0
20230906:0010,0.0,0.0,0.0,0.0,0.0,25.52,4.07,0.0
20230906:0110,0.0,0.0,0.0,0.0,0.0,25.26,3.79,0.0
20230906:0210,0.0,0.0,0.0,0.0,0.0,25.04,3.66,0.0
20230906:0310,0.0,0.0,0.0,0.0,0.0,24.9,4.07,0.0
20230906:0410,0.0,0.0,0.0,0.0,0.0,24.88,4.41,0.0
20230906:0510,0.0,0.0,0.0,0.0,0.0,25.03,4.55,0.0
20230906:0610,11.64,0.96,26.25,0.56,6.01,24.96,4.62,0.0
20230906:0710,149.48,98.04,109.94,3.83,17.76,25.21,4.69,0.0
20230906:0810,353.53,293.41,152.53,7.47,29.3,25.96,4.9,0.0
20230906:0910,483.72,376.39,229.15,9.91,40.18,26.33,4.97,0.0
20230906:1010,645.84,616.8,202.93,12.93,49.62,27.23,5.1,0.0
20230906:1110,639.94,504.35,310.33,13.08,56.23,27.43,5.24,0.0
20230906:1210,447.03,168.02,396.78,10.06,58.1,27.38,5.1,0.0
20230906:1310,715.21,736.39,181.98,14.32,54.45,27.48,4.83,0.0
20230906:1410,630.44,637.26,164.83,12.64,46.68,27.45,4.62,0.0
20230906:1510,488.71,463.65,151.11,9.93,36.64,27.21,4.83,0.0
20230906:1610,306.29,274.23,120.24,6.69,25.47,27.0,4.83,0.0
20230906:1710,103.45,81.4,78.95,3.09,13.82,26.55,4.14,0.0
20230906:1810,0.75,0.0,7.71,0.16,2.08,26.16,3.1,0.0
20230906:1910,0.0,0.0,0.0,0.0,0.0,25.82,2.14,0.0
20230906:2010,0.0,0.0,0.0,0.0,0.0,25.49,1.66,0.0
20230906:2110,0.0,0.0,0.0,0.0,0.0,24.97,1.66,0.0
20230906:2210,0.0,0.0,0.0,0.0,0.0,24.48,1.86,0.0
20230906:2310,0.0,0.0,0.0,0.0,0.0,24.19,1.72,0.0
20230907:0010,0.0,0.0,0.0,0.0,0.0,23.97,1.03,0.0
20230907:0110,0.0,0.0,0.0,0.0,0.0,23.8,1.1,0.0
20230907:0210,0.0,0.0,0.0,0.0,0.0,23.59,1.24,0.0
20230907:0310,0.0,0.0,0.0,0.0,0.0,23.4,1.31,0.0
20230907:0410,0.0,0.0,0.0,0.0,0.0,23.24,1.31,0.0
20230907:0510,0.0,0.0,0.0,0.0,0.0,23.0,1.17,0.0
20230907:0610,16.57,8.57,30.7,0.94,5.85,22.79,1.38,0.0
20230907:0710,161.38,126.71,98.26,4.07,17.6,23.33,1.59,0.0
20230907:0810,316.72,225.7,179.4,6.87,29.12,24.73,1.52,0.0
20230907:0910,529.3,534.0,148.98,10.85,39.97,25.53,1.38,0.0
20230907:1010,651.86,694.74,159.81,13.33,49.36,26.47,1.93,0.0
20230907:1110,715.78,752.89,184.86,14.54,55.9,26.69,2.83,0.0
20230907:1210,736.7,761.21,195.95,14.83,57.72,26.56,3.66,0.0
20230907:1310,701.21,702.12,199.07,14.03,54.07,26.48,4.07,0.0
20230907:1410,603.39,561.3,202.91,12.08,46.33,26.69,4.48,0.0
20230907:1510,422.75,311.37,219.05,8.77,36.32,26.58,4.76,0.0
20230907:1610,282.77,220.98,142.63,6.2,25.17,26.1,4.48,0.0
20230907:1710,85.39,42.2,87.8,2.51,13.52,25.51,3.79,0.0
20230907:1810,0.0,0.0,5.14,0.11,1.78,25.08,2.83,0.0
20230907:1910,0.0,0.0,0.0,0.0,0.0,24.83,1.86,0.0
20230907:2010,0.0,0.0,0.0,0.0,0.0,24.62,1.31,0.0
20230907:2110,0.0,0.0,0.0,0.0,0.0,24.12,1.1,0.0
20230907:2210,0.0,0.0,0.0,0.0,0.0,23.89,0.21,0.0
20230907:2310,0.0,0.0,0.0,0.0,0.0,23.42,0.48,0.0
20230908:0010,0.0,0.0,0.0,0.0,0.0,23.29,0.28,0.0
20230908:0110,0.0,0.0,0.0,0.0,0.0,23.03,0.28,0.0
20230908:0210,0.0,0.0,0.0,0.0,0.0,22.71,0.41,0.0
20230908:0310,0.0,0.0,0.0,0.0,0.0,22.58,0.69,0.0
20230908:0410,0.0,0.0,0.0,0.0,0.0,22.55,0.97,0.0
20230908:0510,0.0,0.0,0.0,0.0,0.0,22.46,1.38,0.0
20230908:0610,13.85,7.96,26.89,0.89,5.69,22.36,1.38,0.0
20230908:0710,145.9,93.47,109.34,3.69,17.44,23.16,1.38,0.0
20230908:0810,334.14,261.14,163.94,7.09,28.94,24.15,1.79,0.0
20230908:0910,536.88,531.41,150.45,10.78,39.76,24.74,2.34,0.0
20230908:1010,662.76,701.76,156.0,13.31,49.1,25.24,2.41,0.0
20230908:1110,727.44,763.44,177.83,14.52,55.57,25.4,3.31,0.0
20230908:1210,750.39,787.13,179.33,14.88,57.34,25.46,4.0,0.0
20230908:1310,721.63,752.63,168.89,14.23,53.69,25.62,4.41,0.0
20230908:1410,622.21,614.51,171.66,12.3,45.98,25.83,4.34,0.0
20230908:1510,488.07,469.37,143.68,9.78,35.99,25.8,3.93,0.0
20230908:1610,298.49,264.56,119.73,6.44,24.86,25.57,3.52,0.0
20230908:1710,100.14,83.69,72.97,2.97,13.22,25.07,3.03,0.0
20230908:1810,0.0,0.0,4.28,0.09,1.48,24.53,2.34,0.0
20230908:1910,0.0,0.0,0.0,0.0,0.0,24.24,1.86,0.0
20230908:2010,0.0,0.0,0.0,0.0,0.0,24.08,1.86,0.0
20230908:2110,0.0,0.0,0.0,0.0,0.0,23.67,1.38,0.0
20230908:2210,0.0,0.0,0.0,0.0,0.0,23.23,1.66,0.0
20230908:2310,0.0,0.0,0.0,0.0,0.0,23.05,1.86,0.0
20230909:0010,0.0,0.0,0.0,0.0,0.0,22.83,1.79,0.0
20230909:0110,0.0,0.0,0.0,0.0,0.0,22.81,1.72,0.0
20230909:0210,0.0,0.0,0.0,0.0,0.0,22.7,1.72,0.0
20230909:0310,0.0,0.0,0.0,0.0,0.0,22.36,0.97,0.0
20230909:0410,0.0,0.0,0.0,0.0,0.0,22.23,0.69,0.0
20230909:0510,0.0,0.0,0.0,0.0,0.0,21.97,0.83,0.0
20230909:0610,14.2,6.7,27.72,0.83,5.53,21.76,1.52,0.0
20230909:0710,155.01,109.31,104.87,3.83,17.27,22.73,2.48,0.0
20230909:0810,361.1,310.7,144.44,7.45,28.77,24.12,3.1,0.0
20230909:0910,549.4,546.27,147.05,10.89,39.55,25.16,3.31,0.0
20230909:1010,675.63,711.22,154.49,13.36,48.83,25.85,3.59,0.0
20230909:1110,730.68,758.63,184.9,14.5,55.24,26.3,3.93,0.0
20230909:1210,745.31,781.14,187.52,14.87,56.96,26.54,3.72,0.0
20230909:1310,711.32,747.83,174.86,14.2,53.31,26.65,3.45,0.0
20230909:1410,624.55,632.99,165.08,12.41,45.63,26.68,3.66,0.0
20230909:1510,488.15,466.54,146.26,9.73,35.66,26.36,4.48,0.0
20230909:1610,296.34,257.97,123.03,6.35,24.55,26.04,4.55,0.0
20230909:1710,98.83,82.98,72.3,2.91,12.92,25.61,4.21,0.0
20230909:1810,0.0,0.0,0.0,0.0,0.0,25.33,3.66,0.0
20230909:1910,0.0,0.0,0.0,0.0,0.0,24.97,2.97,0.0
20230909:2010,0.0,0.0,0.0,0.0,0.0,24.76,2.41,0.0
20230909:2110,0.0,0.0,0.0,0.0,0.0,24.29,2.0,0.0
20230909:2210,0.0,0.0,0.0,0.0,0.0,24.02,2.34,0.0
20230909:2310,0.0,0.0,0.0,0.0,0.0,23.77,2.21,0.0
20230910:0010,0.0,0.0,0.0,0.0,0.0,23.5,2.34,0.0
20230910:0110,0.0,0.0,0.0,0.0,0.0,23.25,2.07,0.0
20230910:0210,0.0,0.0,0.0,0.0,0.0,23.04,1.86,0.0
20230910:0310,0.0,0.0,0.0,0.0,0.0,22.87,1.86,0.0
20230910:0410,0.0,0.0,0.0,0.0,0.0,22.5,1.93,0.0
20230910:0510,0.0,0.0,0.0,0.0,0.0,22.16,2.28,0.0
20230910:0610,13.2,6.47,26.36,0.78,5.37,21.99,2.48,0.0
20230910:0710,170.39,146.67,89.53,4.12,17.11,22.81,2.55,0.0
20230910:0810,377.47,353.1,124.63,7.7,28.59,24.45,2.69,0.0
20230910:0910,550.6,546.08,147.51,10.83,39.33,25.6,3.79,0.0
20230910:1010,677.77,701.79,159.16,13.24,48.56,26.59,4.9,0.0
20230910:1110,109.5,0.0,150.9,3.0,54.9,26.88,5.31,0.0
20230910:1210,165.33,0.0,218.17,4.34,56.57,26.93,5.17,0.0
20230910:1310,191.69,2.39,247.47,4.96,52.93,26.98,5.31,0.0
20230910:1410,624.43,619.76,171.8,12.26,45.27,27.22,4.9,0.0
20230910:1510,481.48,455.56,150.7,9.58,35.33,27.06,4.55,0.0
20230910:1610,289.31,245.71,128.09,6.2,24.23,27.04,4.76,0.0
20230910:1710,97.03,84.25,69.8,2.86,12.61,26.46,4.97,0.0
20230910:1810,0.0,0.0,0.0,0.0,0.0,26.0,4.41,0.0
20230910:1910,0.0,0.0,0.0,0.0,0.0,25.58,3.17,0.0
20230910:2010,0.0,0.0,0.0,0.0,0.0,25.29,2.21,0.0
20230910:2110,0.0,0.0,0.0,0.0,0.0,25.11,2.21,0.0
20230910:2210,0.0,0.0,0.0,0.0,0.0,24.41,2.48,0.0
20230910:2310,0.0,0.0,0.0,0.0,0.0,24.06,2.97,0.0
20230911:0010,0.0,0.0,0.0,0.0,0.0,23.8,2.28,0.0
20230911:0110,0.0,0.0,0.0,0.0,0.0,23.45,1.52,0.0
20230911:0210,0.0,0.0,0.0,0.0,0.0,23.16,1.38,0.0
20230911:0310,0.0,0.0,0.0,0.0,0.0,22.83,1.52,0.0
20230911:0410,0.0,0.0,0.0,0.0,0.0,22.54,1.93,0.0
20230911:0510,0.0,0.0,0.0,0.0,0.0,22.41,2.14,0.0
20230911:0610,12.05,11.79,22.87,0.89,5.21,22.37,1.72,0.0
20230911:0710,129.53,66.32,113.92,3.27,16.94,23.12,1.17,0.0
20230911:0810,334.49,268.72,161.71,7.03,28.4,24.53,0.69,0.0
20230911:0910,518.03,506.98,165.19,10.49,39.12,25.32,0.9,0.0
20230911:1010,634.0,676.75,170.06,12.98,48.29,26.11,0.76,0.0
20230911:1110,700.53,739.32,194.22,14.25,54.57,26.44,1.66,0.0
20230911:1210,725.12,760.62,196.84,14.59,56.19,26.65,2.48,0.0
20230911:1310,707.19,727.36,184.19,13.93,52.54,27.04,4.14,0.0
20230911:1410,624.97,625.42,165.84,12.19,44.91,27.41,5.17,0.0
20230911:1510,165.69,12.87,205.84,4.27,35.0,27.29,5.1,0.0
20230911:1610,239.48,150.99,160.47,5.34,23.92,27.1,4.41,0.0
20230911:1710,94.21,82.59,68.13,2.77,12.31,26.42,3.72,0.0
20230911:1810,0.0,0.0,0.0,0.0,0.0,25.82,2.69,0.0
20230911:1910,0.0,0.0,0.0,0.0,0.0,25.39,1.72,0.0
20230911:2010,0.0,0.0,0.0,0.0,0.0,25.05,1.1,0.0
20230911:2110,0.0,0.0,0.0,0.0,0.0,24.5,0.48,0.0
20230911:2210,0.0,0.0,0.0,0.0,0.0,24.63,0.55,0.0
20230911:2310,0.0,0.0,0.0,0.0,0.0,24.58,1.24,0.0
20230912:0010,0.0,0.0,0.0,0.0,0.0,24.43,2.55,0.0
20230912:0110,0.0,0.0,0.0,0.0,0.0,23.89,2.76,0.0
20230912:0210,0.0,0.0,0.0,0.0,0.0,23.57,2.55,0.0
20230912:0310,0.0,0.0,0.0,0.0,0.0,23.34,1.79,0.0
20230912:0410,0.0,0.0,0.0,0.0,0.0,23.06,1.24,0.0
20230912:0510,0.0,0.0,0.0,0.0,0.0,22.69,1.03,0.0
20230912:0610,8.69,0.65,21.63,0.45,5.05,22.3,1.24,0.0
20230912:0710,84.23,16.27,104.13,2.31,16.78,22.75,1.38,0.0
20230912:0810,325.26,250.1,168.13,6.84,28.22,24.13,0.55,0.0
20230912:0910,410.39,264.54,261.74,8.68,38.9,25.3,1.03,0.0
20230912:1010,587.61,488.29,261.78,11.76,48.02,26.74,3.66,0.0
20230912:1110,626.9,487.17,311.24,12.59,54.23,26.58,4.48,0.0
20230912:1210,541.16,315.06,372.29,11.38,55.8,26.66,4.14,0.0
20230912:1310,657.39,593.58,249.57,13.02,52.16,26.88,4.07,0.0
20230912:1410,322.01,93.24,314.63,7.43,44.55,26.39,3.86,0.0
20230912:1510,414.7,315.51,209.65,8.46,34.67,26.67,3.24,0.0
20230912:1610,298.68,283.13,107.86,6.33,23.6,26.27,1.59,0.0
20230912:1710,28.36,1.01,49.14,0.99,12.0,25.5,2.28,0.0
20230912:1810,0.0,0.0,0.0,0.0,0.0,25.11,2.28,0.0
20230912:1910,0.0,0.0,0.0,0.0,0.0,24.64,2.21,0.0
20230912:2010,0.0,0.0,0.0,0.0,0.0,24.35,2.0,0.0
20230912:2110,0.0,0.0,0.0,0.0,0.0,24.02,2.0,0.0
20230912:2210,0.0,0.0,0.0,0.0,0.0,23.93,2.55,0.0
20230912:2310,0.0,0.0,0.0,0.0,0.0,23.71,2.9,0.0
20230913:0010,0.0,0.0,0.0,0.0,0.0,23.53,2.55,0.0
20230913:0110,0.0,0.0,0.0,0.0,0.0,23.27,2.0,0.0
20230913:0210,0.0,0.0,0.0,0.0,0.0,22.96,1.66,0.0
20230913:0310,0.0,0.0,0.0,0.0,0.0,23.08,1.66,0.0
20230913:0410,0.0,0.0,0.0,0.0,0.0,23.21,2.14,0.0
20230913:0510,0.0,0.0,0.0,0.0,0.0,23.15,2.55,0.0
20230913:0610,11.3,9.68,22.48,0.76,4.88,23.11,2.76,0.0
20230913:0710,114.73,47.29,112.66,2.93,16.61,23.3,2.97,0.0
20230913:0810,226.66,88.73,201.1,5.17,28.03,24.21,3.17,0.0
20230913:0910,490.23,403.46,212.45,9.69,38.68,25.09,3.45,0.0
20230913:1010,559.67,436.57,280.72,11.32,47.75,26.11,2.69,0.0
20230913:1110,701.9,716.05,203.34,13.94,53.88,26.39,2.62,0.0
20230913:1210,658.85,630.63,259.74,13.65,55.42,25.95,0.62,0.0
20230913:1310,625.91,531.12,276.53,12.55,51.77,25.57,2.62,0.0
20230913:1410,535.9,419.45,258.82,10.71,44.19,26.18,3.72,0.0
20230913:1510,449.11,385.15,177.98,8.86,34.33,26.65,4.9,0.0
20230913:1610,190.99,84.92,165.53,4.45,23.28,26.77,5.38,0.0
20230913:1710,76.74,47.31,74.37,2.24,11.69,26.23,5.31,0.0
20230913:1810,0.0,0.0,0.0,0.0,0.0,25.62,5.1,0.0
20230913:1910,0.0,0.0,0.0,0.0,0.0,25.07,5.03,0.0
20230913:2010,0.0,0.0,0.0,0.0,0.0,24.77,4.69,0.0
20230913:2110,0.0,0.0,0.0,0.0,0.0,24.48,4.21,0.0
20230913:2210,0.0,0.0,0.0,0.0,0.0,24.29,4.21,0.0
20230913:2310,0.0,0.0,0.0,0.0,0.0,23.95,3.93,0.0
20230914:0010,0.0,0.0,0.0,0.0,0.0,23.79,5.03,0.0
20230914:0110,0.0,0.0,0.0,0.0,0.0,23.72,5.52,0.0
20230914:0210,0.0,0.0,0.0,0.0,0.0,23.55,4.48,0.0
20230914:0310,0.0,0.0,0.0,0.0,0.0,23.26,4.07,0.0
20230914:0410,0.0,0.0,0.0,0.0,0.0,23.05,2.97,0.0
20230914:0510,0.0,0.0,0.0,0.0,0.0,22.92,3.1,0.0
20230914:0610,11.3,5.84,23.77,0.65,4.72,22.94,3.79,0.0
20230914:0710,155.98,115.98,99.26,3.67,16.44,23.46,4.48,0.0
20230914:0810,373.61,337.89,129.06,7.34,27.85,24.71,5.31,0.0
20230914:0910,547.01,524.89,155.29,10.42,38.46,25.25,5.38,0.0
20230914:1010,670.3,684.96,165.03,12.84,47.47,26.04,4.69,0.0
20230914:1110,727.1,735.3,194.48,14.02,53.54,26.76,5.1,0.0
20230914:1210,740.13,740.79,205.57,14.27,55.03,26.81,5.38,0.0
20230914:1310,699.02,692.98,199.11,13.49,51.38,26.93,5.03,0.0
20230914:1410,602.26,571.59,189.75,11.63,43.83,26.98,4.9,0.0
20230914:1510,459.04,408.02,166.93,8.95,33.99,26.9,5.38,0.0
20230914:1610,275.47,228.22,127.05,5.75,22.97,26.63,5.86,0.0
20230914:1710,80.81,58.61,70.66,2.33,11.38,26.02,6.0,0.0
20230914:1810,0.0,0.0,0.0,0.0,0.0,25.59,5.59,0.0
20230914:1910,0.0,0.0,0.0,0.0,0.0,25.24,5.1,0.0
20230914:2010,0.0,0.0,0.0,0.0,0.0,25.05,4.9,0.0
20230914:2110,0.0,0.0,0.0,0.0,0.0,24.79,4.76,0.0
20230914:2210,0.0,0.0,0.0,0.0,0.0,24.77,3.86,0.0
20230914:2310,0.0,0.0,0.0,0.0,0.0,24.55,4.07,0.0
20230915:0010,0.0,0.0,0.0,0.0,0.0,24.44,5.03,0.0
20230915:0110,0.0,0.0,0.0,0.0,0.0,24.24,4.9,0.0
20230915:0210,0.0,0.0,0.0,0.0,0.0,24.18,4.07,0.0
20230915:0310,0.0,0.0,0.0,0.0,0.0,23.78,4.07,0.0
20230915:0410,0.0,0.0,0.0,0.0,0.0,23.35,3.52,0.0
20230915:0510,0.0,0.0,0.0,0.0,0.0,22.84,3.31,0.0
20230915:0610,0.0,0.0,2.73,0.05,4.56,23.01,2.97,0.0
20230915:0710,5.82,0.0,17.27,0.34,16.27,22.49,2.97,0.0
20230915:0810,312.71,212.52,177.74,6.37,27.66,22.97,4.48,0.0
20230915:0910,539.1,497.97,166.79,10.16,38.23,23.63,5.38,0.0
20230915:1010,657.91,652.01,178.98,12.53,47.19,24.68,4.21,0.0
20230915:1110,715.36,711.93,203.1,13.76,53.2,25.96,4.48,0.0
20230915:1210,725.48,732.04,205.74,14.09,54.64,27.04,4.21,0.0
20230915:1310,683.8,684.17,199.28,13.31,50.99,27.43,3.86,0.0
20230915:1410,574.79,521.28,210.88,11.21,43.46,27.45,4.0,0.0
20230915:1510,429.4,356.75,185.88,8.5,33.66,27.31,4.07,0.0
20230915:1610,174.08,69.01,160.49,4.11,22.64,26.08,4.62,0.0
20230915:1710,73.21,45.83,70.97,2.12,11.06,24.78,4.28,0.0
20230915:1810,0.0,0.0,0.0,0.0,0.0,24.13,3.72,0.0
20230915:1910,0.0,0.0,0.0,0.0,0.0,23.7,3.52,0.0
20230915:2010,0.0,0.0,0.0,0.0,0.0,23.49,3.52,0.0
20230915:2110,0.0,0.0,0.0,0.0,0.0,23.43,3.03,0.0
20230915:2210,0.0,0.0,0.0,0.0,0.0,23.23,2.34,0.0
20230915:2310,0.0,0.0,0.0,0.0,0.0,23.09,2.21,0.0
20230916:0010,0.0,0.0,0.0,0.0,0.0,22.88,1.86,0.0
20230916:0110,0.0,0.0,0.0,0.0,0.0,23.13,1.72,0.0
20230916:0210,0.0,0.0,0.0,0.0,0.0,22.89,1.86,0.0
20230916:0310,0.0,0.0,0.0,0.0,0.0,22.55,1.66,0.0
20230916:0410,0.0,0.0,0.0,0.0,0.0,22.56,1.31,0.0
20230916:0510,0.0,0.0,0.0,0.0,0.0,22.63,1.1,0.0
20230916:0610,9.68,4.91,21.62,0.56,4.39,22.55,1.03,0.0
20230916:0710,78.47,14.91,98.7,2.17,16.1,23.13,0.62,0.0
20230916:0810,235.55,105.37,198.92,5.3,27.47,23.97,0.55,0.0
20230916:0910,427.97,299.21,250.62,8.81,38.01,24.73,0.76,0.0
20230916:1010,407.05,191.13,336.8,9.02,46.91,24.91,0.21,0.0
20230916:1110,503.66,290.09,363.66,10.78,52.85,25.54,1.17,0.0
20230916:1210,632.19,500.59,315.13,12.66,54.25,25.77,2.9,0.0
20230916:1310,434.24,189.08,360.7,9.46,50.6,25.64,3.03,0.0
20230916:1410,388.28,179.62,313.24,8.43,43.1,25.88,2.48,0.0
20230916:1510,181.12,24.19,212.78,4.54,33.32,25.81,2.62,0.0
20230916:1610,104.44,11.81,133.0,2.8,22.32,25.69,2.69,0.0
20230916:1710,46.82,11.95,64.63,1.46,10.75,25.49,2.76,0.0
20230916:1810,0.0,0.0,0.0,0.0,0.0,25.23,2.14,0.0
20230916:1910,0.0,0.0,0.0,0.0,0.0,24.89,1.86,0.0
20230916:2010,0.0,0.0,0.0,0.0,0.0,24.82,1.93,0.0
20230916:2110,0.0,0.0,0.0,0.0,0.0,24.56,1.93,0.0
20230916:2210,0.0,0.0,0.0,0.0,0.0,24.2,1.45,0.0
20230916:2310,0.0,0.0,0.0,0.0,0.0,24.22,1.79,0.0
20230917:0010,0.0,0.0,0.0,0.0,0.0,24.16,2.14,0.0
20230917:0110,0.0,0.0,0.0,0.0,0.0,24.0,3.45,0.0
20230917:0210,0.0,0.0,0.0,0.0,0.0,23.76,2.48,0.0
20230917:0310,0.0,0.0,0.0,0.0,0.0,23.13,1.59,0.0
20230917:0410,0.0,0.0,0.0,0.0,0.0,22.8,2.28,0.0
20230917:0510,0.0,0.0,0.0,0.0,0.0,22.51,2.14,0.0
20230917:0610,8.38,2.6,20.41,0.47,4.23,22.09,1.66,0.0
20230917:0710,136.42,84.97,104.65,3.24,15.93,22.3,0.69,0.0
20230917:0810,317.86,237.9,169.51,6.49,27.28,23.56,0.55,0.0
20230917:0910,471.74,378.23,221.27,9.31,37.78,24.51,1.79,0.0
20230917:1010,590.12,506.24,250.77,11.57,46.62,26.46,3.03,0.0
20230917:1110,656.84,585.48,266.49,12.93,52.5,26.82,3.1,0.0
20230917:1210,692.79,626.57,258.6,13.36,53.85,26.91,5.03,0.0
20230917:1310,624.86,515.79,277.87,12.17,50.21,27.04,4.97,0.0
20230917:1410,481.69,329.32,283.44,9.77,42.73,27.01,3.24,0.0
20230917:1510,369.6,243.59,223.58,7.54,32.97,26.88,3.86,0.0
20230917:1610,164.57,60.84,157.16,3.91,22.0,26.23,4.97,0.0
20230917:1710,40.51,7.75,59.73,1.3,10.44,25.4,4.62,0.0
20230917:1810,0.0,0.0,0.0,0.0,0.0,24.73,4.34,0.0
20230917:1910,0.0,0.0,0.0,0.0,0.0,24.14,3.79,0.0
20230917:2010,0.0,0.0,0.0,0.0,0.0,23.84,2.62,0.0
20230917:2110,0.0,0.0,0.0,0.0,0.0,23.87,1.79,0.0
20230917:2210,0.0,0.0,0.0,0.0,0.0,24.06,1.59,0.0
20230917:2310,0.0,0.0,0.0,0.0,0.0,23.28,1.38,0.0
20230918:0010,0.0,0.0,0.0,0.0,0.0,23.05,0.21,0.0
20230918:0110,0.0,0.0,0.0,0.0,0.0,23.12,2.55,0.0
20230918:0210,0.0,0.0,0.0,0.0,0.0,22.98,2.9,0.0
20230918:0310,0.0,0.0,0.0,0.0,0.0,22.84,2.34,0.0
20230918:0410,0.0,0.0,0.0,0.0,0.0,22.83,2.41,0.0
20230918:0510,0.0,0.0,0.0,0.0,0.0,22.78,2.83,0.0
20230918:0610,9.42,6.44,20.61,0.56,4.06,22.68,2.9,0.0
20230918:0710,163.13,133.44,92.02,3.65,15.76,23.08,2.69,0.0
20230918:0810,339.35,269.18,159.93,6.71,27.08,24.22,2.62,0.0
20230918:0910,427.93,287.03,253.48,8.63,37.55,25.12,2.55,0.0
20230918:1010,528.28,376.46,301.14,10.67,46.34,26.04,2.34,0.0
20230918:1110,568.58,395.96,339.74,11.63,52.15,26.65,2.41,0.0
20230918:1210,700.3,741.35,205.57,14.03,53.46,26.92,1.17,0.0
20230918:1310,688.36,731.71,177.85,13.46,49.81,27.05,2.14,0.0
20230918:1410,570.9,515.34,214.62,11.03,42.36,26.83,3.24,0.0
20230918:1510,442.23,387.59,172.49,8.55,32.63,26.65,3.31,0.0
20230918:1610,162.2,60.26,155.41,3.85,21.68,26.04,3.45,0.0
20230918:1710,51.86,20.35,64.66,1.57,10.12,25.31,3.17,0.0
20230918:1810,0.0,0.0,0.0,0.0,0.0,24.83,2.21,0.0
20230918:1910,0.0,0.0,0.0,0.0,0.0,24.44,1.38,0.0
20230918:2010,0.0,0.0,0.0,0.0,0.0,24.4,1.45,0.0
20230918:2110,0.0,0.0,0.0,0.0,0.0,24.02,0.97,0.0
20230918:2210,0.0,0.0,0.0,0.0,0.0,23.83,1.31,0.0
20230918:2310,0.0,0.0,0.0,0.0,0.0,23.75,1.45,0.0
20230919:0010,0.0,0.0,0.0,0.0,0.0,23.68,1.31,0.0
20230919:0110,0.0,0.0,0.0,0.0,0.0,23.65,1.45,0.0
20230919:0210,0.0,0.0,0.0,0.0,0.0,23.64,1.66,0.0
20230919:0310,0.0,0.0,0.0,0.0,0.0,23.61,1.86,0.0
20230919:0410,0.0,0.0,0.0,0.0,0.0,23.4,1.72,0.0
20230919:0510,0.0,0.0,0.0,0.0,0.0,23.26,1.79,0.0
20230919:0610,0.0,0.0,2.73,0.05,3.89,23.35,1.93,0.0
20230919:0710,25.94,0.0,46.36,0.92,15.58,23.63,1.86,0.0
20230919:0810,34.23,0.0,57.27,1.14,26.89,24.02,2.55,0.0
20230919:0910,55.29,0.0,83.63,1.66,37.31,23.71,3.86,0.0
20230919:1010,126.56,0.0,169.99,3.38,46.05,23.85,2.48,0.0
20230919:1110,199.29,3.74,254.0,5.1,51.8,23.92,2.07,0.0
20230919:1210,235.64,12.48,288.68,5.9,53.07,24.05,2.69,0.0
20230919:1310,150.79,0.0,199.08,3.96,49.42,23.95,2.55,0.0
20230919:1410,305.4,88.25,299.19,7.0,42.0,23.89,1.59,0.0
20230919:1510,210.0,46.94,223.22,5.01,32.29,24.28,2.28,0.0
20230919:1610,243.51,177.81,136.32,5.01,21.35,23.6,3.17,0.0
20230919:1710,4.23,0.0,14.54,0.29,9.81,22.51,3.31,0.0
20230919:1810,0.0,0.0,0.0,0.0,0.0,21.99,3.17,0.0
20230919:1910,0.0,0.0,0.0,0.0,0.0,21.78,3.66,0.0
20230919:2010,0.0,0.0,0.0,0.0,0.0,21.58,2.41,0.0
20230919:2110,0.0,0.0,0.0,0.0,0.0,21.08,2.07,0.0
20230919:2210,0.0,0.0,0.0,0.0,0.0,20.37,3.03,0.0
20230919:2310,0.0,0.0,0.0,0.0,0.0,20.03,2.55,0.0
20230920:0010,0.0,0.0,0.0,0.0,0.0,20.39,1.59,0.0
20230920:0110,0.0,0.0,0.0,0.0,0.0,20.46,1.17,0.0
20230920:0210,0.0,0.0,0.0,0.0,0.0,20.47,1.66,0.0
20230920:0310,0.0,0.0,0.0,0.0,0.0,20.45,1.03,0.0
20230920:0410,0.0,0.0,0.0,0.0,0.0,20.29,0.76,0.0
20230920:0510,0.0,0.0,0.0,0.0,0.0,20.19,1.17,0.0
20230920:0610,7.82,5.2,18.36,0.47,3.72,19.96,1.1,0.0
20230920:0710,168.26,142.29,88.37,3.64,15.41,20.42,1.24,0.0
20230920:0810,364.67,313.54,143.75,6.94,26.69,21.47,1.86,0.0
20230920:0910,550.48,534.09,156.56,10.22,37.08,22.7,2.69,0.0
20230920:1010,672.53,683.5,172.65,12.57,45.76,24.67,3.66,0.0
20230920:1110,741.99,786.01,173.12,14.02,51.45,25.81,3.79,0.0
20230920:1210,754.31,805.01,174.53,14.31,52.67,26.71,4.0,0.0
20230920:1310,716.06,750.49,170.42,13.47,49.03,27.17,4.55,0.0
20230920:1410,631.04,645.09,153.32,11.72,41.63,27.39,5.38,0.0
20230920:1510,472.38,445.49,144.89,8.79,31.95,27.16,6.28,0.0
20230920:1610,273.89,238.79,115.24,5.43,21.03,26.69,6.76,0.0
20230920:1710,69.0,55.53,59.78,1.94,9.49,25.82,6.76,0.0
20230920:1810,0.0,0.0,0.0,0.0,0.0,25.2,6.28,0.0
20230920:1910,0.0,0.0,0.0,0.0,0.0,24.64,5.24,0.0
20230920:2010,0.0,0.0,0.0,0.0,0.0,24.26,3.86,0.0
20230920:2110,0.0,0.0,0.0,0.0,0.0,23.82,2.69,0.0
20230920:2210,0.0,0.0,0.0,0.0,0.0,23.54,1.93,0.0
20230920:2310,0.0,0.0,0.0,0.0,0.0,22.99,1.86,0.0
20230921:0010,0.0,0.0,0.0,0.0,0.0,22.52,1.66,0.0
20230921:0110,0.0,0.0,0.0,0.0,0.0,22.06,1.66,0.0
20230921:0210,0.0,0.0,0.0,0.0,0.0,21.77,1.72,0.0
20230921:0310,0.0,0.0,0.0,0.0,0.0,21.4,1.79,0.0
20230921:0410,0.0,0.0,0.0,0.0,0.0,21.23,1.86,0.0
20230921:0510,0.0,0.0,0.0,0.0,0.0,21.08,2.07,0.0
20230921:0610,6.79,5.55,16.62,0.43,3.56,20.85,2.41,0.0
20230921:0710,175.07,153.06,86.48,3.71,15.23,21.58,2.9,0.0
20230921:0810,310.39,210.03,181.29,6.19,26.49,23.48,2.76,0.0
20230921:0910,352.95,168.3,276.24,7.47,36.84,24.91,2.9,0.0
20230921:1010,573.1,450.61,281.26,11.16,45.47,26.15,3.24,0.0
20230921:1110,697.62,656.4,243.44,13.29,51.09,26.69,4.0,0.0
20230921:1210,749.55,768.65,198.15,14.11,52.28,27.02,4.76,0.0
20230921:1310,574.97,404.27,322.77,11.3,48.63,27.17,5.31,0.0
20230921:1410,304.65,86.77,299.37,6.96,41.26,27.39,5.38,0.0
20230921:1510,331.96,185.53,233.41,6.85,31.6,27.4,5.52,0.0
20230921:1610,138.71,41.06,146.06,3.4,20.7,27.04,5.79,0.0
20230921:1710,54.08,29.03,61.36,1.59,9.18,26.01,5.52,0.0
20230921:1810,0.0,0.0,0.0,0.0,0.0,25.06,4.83,0.0
20230921:1910,0.0,0.0,0.0,0.0,0.0,24.89,3.66,0.0
20230921:2010,0.0,0.0,0.0,0.0,0.0,24.82,2.76,0.0
20230921:2110,0.0,0.0,0.0,0.0,0.0,24.55,2.28,0.0
20230921:2210,0.0,0.0,0.0,0.0,0.0,24.32,2.28,0.0
20230921:2310,0.0,0.0,0.0,0.0,0.0,23.95,2.41,0.0
20230922:0010,0.0,0.0,0.0,0.0,0.0,23.83,2.76,0.0
20230922:0110,0.0,0.0,0.0,0.0,0.0,23.67,2.34,0.0
20230922:0210,0.0,0.0,0.0,0.0,0.0,23.03,1.66,0.0
20230922:0310,0.0,0.0,0.0,0.0,0.0,22.65,1.17,0.0
20230922:0410,0.0,0.0,0.0,0.0,0.0,22.71,1.38,0.0
20230922:0510,0.0,0.0,0.0,0.0,0.0,22.48,2.07,0.0
20230922:0610,1.39,0.0,9.09,0.18,3.39,22.46,3.38,0.0
20230922:0710,108.36,46.36,104.71,2.64,15.05,22.42,4.21,0.0
20230922:0810,165.01,34.05,179.79,3.98,26.29,22.89,4.69,0.0
20230922:0910,142.67,2.53,185.7,3.73,36.6,23.48,4.21,0.0
20230922:1010,307.05,70.87,315.32,7.09,45.17,24.43,3.79,0.0
20230922:1110,405.74,143.08,367.02,8.93,50.73,25.09,3.72,0.0
20230922:1210,723.83,710.41,227.17,13.71,51.88,25.59,3.45,0.0
20230922:1310,713.7,765.91,165.09,13.47,48.24,25.94,2.83,0.0
20230922:1410,616.68,647.68,153.43,11.63,40.89,26.15,2.07,0.0
20230922:1510,461.86,453.4,140.88,8.72,31.26,26.19,1.52,0.0
20230922:1610,273.82,255.39,106.65,5.41,20.38,26.02,0.97,0.0
20230922:1710,67.78,60.73,55.05,1.86,8.86,25.06,1.72,0.0
20230922:1810,0.0,0.0,0.0,0.0,0.0,23.76,2.69,0.0
20230922:1910,0.0,0.0,0.0,0.0,0.0,23.15,3.03,0.0
20230922:2010,0.0,0.0,0.0,0.0,0.0,22.59,2.76,0.0
20230922:2110,0.0,0.0,0.0,0.0,0.0,21.85,2.55,0.0
20230922:2210,0.0,0.0,0.0,0.0,0.0,22.78,1.31,0.0
20230922:2310,0.0,0.0,0.0,0.0,0.0,22.0,1.31,0.0
20230923:0010,0.0,0.0,0.0,0.0,0.0,21.19,1.52,0.0
20230923:0110,0.0,0.0,0.0,0.0,0.0,20.8,1.79,0.0
20230923:0210,0.0,0.0,0.0,0.0,0.0,20.31,2.07,0.0
20230923:0310,0.0,0.0,0.0,0.0,0.0,19.79,2.34,0.0
20230923:0410,0.0,0.0,0.0,0.0,0.0,19.37,2.48,0.0
20230923:0510,0.0,0.0,0.0,0.0,0.0,19.01,2.62,0.0
20230923:0610,5.78,5.08,15.0,0.38,3.22,18.93,2.83,0.0
20230923:0710,173.82,147.57,88.06,3.58,14.87,19.93,3.03,0.0
20230923:0810,394.02,367.74,124.25,7.2,26.09,21.96,2.83,0.0
20230923:0910,569.34,565.02,148.13,10.33,36.36,23.18,3.31,0.0
20230923:1010,696.27,720.3,161.76,12.71,44.88,23.85,4.0,0.0
20230923:1110,766.07,823.4,163.09,14.18,50.38,24.25,3.72,0.0
20230923:1210,778.18,852.67,158.87,14.52,51.48,24.15,3.17,0.0
20230923:1310,728.81,772.49,164.73,13.49,47.84,24.14,3.31,0.0
20230923:1410,630.82,645.21,155.09,11.56,40.52,24.06,3.17,0.0
20230923:1510,476.49,458.11,139.48,8.7,30.91,23.99,3.1,0.0
20230923:1610,268.32,230.29,116.52,5.19,20.05,23.83,3.1,0.0
20230923:1710,66.22,58.5,54.27,1.79,8.55,23.57,2.83,0.0
20230923:1810,0.0,0.0,0.0,0.0,0.0,23.08,1.93,0.0
20230923:1910,0.0,0.0,0.0,0.0,0.0,22.77,1.59,0.0
20230923:2010,0.0,0.0,0.0,0.0,0.0,22.41,1.52,0.0
20230923:2110,0.0,0.0,0.0,0.0,0.0,21.89,1.17,0.0
20230923:2210,0.0,0.0,0.0,0.0,0.0,21.49,0.83,0.0
20230923:2310,0.0,0.0,0.0,0.0,0.0,21.13,0.34,0.0
20230924:0010,0.0,0.0,0.0,0.0,0.0,20.78,0.28,0.0
20230924:0110,0.0,0.0,0.0,0.0,0.0,20.49,0.62,0.0
20230924:0210,0.0,0.0,0.0,0.0,0.0,20.22,0.83,0.0
20230924:0310,0.0,0.0,0.0,0.0,0.0,19.88,1.1,0.0
20230924:0410,0.0,0.0,0.0,0.0,0.0,19.75,1.31,0.0
20230924:0510,0.0,0.0,0.0,0.0,0.0,19.45,1.45,0.0
20230924:0610,5.34,5.45,14.13,0.36,3.04,19.33,1.59,0.0
20230924:0710,180.9,164.05,82.3,3.65,14.69,20.21,2.0,0.0
20230924:0810,396.72,382.59,118.76,7.25,25.88,22.08,1.45,0.0
20230924:0910,557.46,572.61,144.35,10.31,36.12,23.55,1.24,0.0
20230924:1010,678.15,729.43,157.93,12.71,44.58,24.38,1.72,0.0
20230924:1110,750.89,822.48,163.6,14.11,50.02,24.62,2.41,0.0
20230924:1210,765.67,840.33,164.97,14.38,51.09,24.69,2.62,0.0
20230924:1310,722.29,770.19,166.4,13.42,47.45,24.75,2.9,0.0
20230924:1410,630.81,651.68,152.44,11.54,40.15,24.79,3.1,0.0
20230924:1510,473.83,455.22,139.98,8.61,30.57,24.62,3.31,0.0
20230924:1610,280.98,261.27,102.76,5.32,19.73,24.46,3.38,0.0
20230924:1710,65.8,62.7,51.04,1.75,8.23,23.88,3.1,0.0
20230924:1810,0.0,0.0,0.0,0.0,0.0,23.36,2.14,0.0
20230924:1910,0.0,0.0,0.0,0.0,0.0,22.92,1.72,0.0
20230924:2010,0.0,0.0,0.0,0.0,0.0,22.36,1.59,0.0
20230924:2110,0.0,0.0,0.0,0.0,0.0,21.83,1.24,0.0
20230924:2210,0.0,0.0,0.0,0.0,0.0,21.11,1.03,0.0
20230924:2310,0.0,0.0,0.0,0.0,0.0,20.76,1.1,0.0
20230925:0010,0.0,0.0,0.0,0.0,0.0,20.47,1.03,0.0
20230925:0110,0.0,0.0,0.0,0.0,0.0,20.31,1.1,0.0
20230925:0210,0.0,0.0,0.0,0.0,0.0,19.99,1.24,0.0
20230925:0310,0.0,0.0,0.0,0.0,0.0,19.82,1.31,0.0
20230925:0410,0.0,0.0,0.0,0.0,0.0,19.61,1.38,0.0
20230925:0510,0.0,0.0,0.0,0.0,0.0,19.46,1.38,0.0
20230925:0610,4.64,4.4,13.35,0.33,2.87,19.5,1.38,0.0
20230925:0710,179.58,162.67,82.69,3.6,14.51,20.37,1.31,0.0
20230925:0810,393.23,376.97,121.3,7.16,25.68,22.23,1.24,0.0
20230925:0910,563.86,571.27,146.01,10.25,35.87,23.24,1.93,0.0
20230925:1010,681.18,728.37,158.43,12.64,44.28,24.04,1.93,0.0
20230925:1110,749.95,811.27,168.51,13.96,49.66,24.56,2.69,0.0
20230925:1210,776.79,851.0,158.69,14.36,50.69,24.89,3.45,0.0
20230925:1310,732.65,779.45,161.38,13.4,47.05,25.03,3.86,0.0
20230925:1410,630.16,640.21,156.11,11.38,39.78,25.03,4.07,0.0
20230925:1510,473.3,452.3,139.32,8.5,30.23,24.78,4.14,0.0
20230925:1610,275.48,251.34,104.99,5.17,19.4,24.58,4.21,0.0
20230925:1710,62.73,59.13,50.12,1.66,7.92,24.07,4.07,0.0
20230925:1810,0.0,0.0,0.0,0.0,0.0,23.62,3.17,0.0
20230925:1910,0.0,0.0,0.0,0.0,0.0,23.22,2.34,0.0
20230925:2010,0.0,0.0,0.0,0.0,0.0,22.95,1.72,0.0
20230925:2110,0.0,0.0,0.0,0.0,0.0,22.41,1.38,0.0
20230925:2210,0.0,0.0,0.0,0.0,0.0,21.77,1.79,0.0
20230925:2310,0.0,0.0,0.0,0.0,0.0,21.6,1.72,0.0
20230926:0010,0.0,0.0,0.0,0.0,0.0,21.47,1.72,0.0
20230926:0110,0.0,0.0,0.0,0.0,0.0,21.21,1.52,0.0
20230926:0210,0.0,0.0,0.0,0.0,0.0,21.16,1.31,0.0
20230926:0310,0.0,0.0,0.0,0.0,0.0,20.95,1.24,0.0
20230926:0410,0.0,0.0,0.0,0.0,0.0,20.87,1.24,0.0
20230926:0510,0.0,0.0,0.0,0.0,0.0,20.56,1.52,0.0
20230926:0610,3.38,3.17,11.66,0.27,2.7,20.45,1.79,0.0
20230926:0710,174.27,154.56,83.61,3.47,14.33,21.05,2.21,0.0
20230926:0810,380.55,350.32,129.4,6.89,25.47,22.38,1.79,0.0
20230926:0910,450.79,337.53,238.73,8.7,35.63,23.31,0.76,0.0
20230926:1010,656.41,720.82,158.67,12.48,43.98,24.04,0.41,0.0
20230926:1110,728.87,801.24,169.87,13.78,49.3,24.49,1.45,0.0
20230926:1210,760.99,841.12,160.09,14.18,50.3,24.8,2.48,0.0
20230926:1310,721.45,769.42,161.58,13.2,46.66,24.98,3.31,0.0
20230926:1410,613.1,611.76,164.83,11.07,39.4,25.2,3.72,0.0
20230926:1510,458.97,428.51,146.69,8.25,29.88,25.03,3.86,0.0
20230926:1610,267.65,243.83,103.99,5.01,19.07,24.81,3.66,0.0
20230926:1710,58.54,53.99,49.01,1.56,7.6,24.13,3.24,0.0
20230926:1810,0.0,0.0,0.0,0.0,0.0,23.52,2.48,0.0
20230926:1910,0.0,0.0,0.0,0.0,0.0,23.07,1.72,0.0
20230926:2010,0.0,0.0,0.0,0.0,0.0,22.6,1.24,0.0
20230926:2110,0.0,0.0,0.0,0.0,0.0,22.02,0.34,0.0
20230926:2210,0.0,0.0,0.0,0.0,0.0,21.67,0.83,0.0
20230926:2310,0.0,0.0,0.0,0.0,0.0,21.47,0.97,0.0
20230927:0010,0.0,0.0,0.0,0.0,0.0,21.24,0.9,0.0
20230927:0110,0.0,0.0,0.0,0.0,0.0,21.09,0.76,0.0
20230927:0210,0.0,0.0,0.0,0.0,0.0,20.74,0.34,0.0
20230927:0310,0.0,0.0,0.0,0.0,0.0,20.41,0.41,0.0
20230927:0410,0.0,0.0,0.0,0.0,0.0,20.26,0.69,0.0
20230927:0510,0.0,0.0,0.0,0.0,0.0,19.96,0.76,0.0
20230927:0610,1.43,0.0,9.09,0.18,2.53,19.81,0.34,0.0
20230927:0710,126.12,75.8,98.81,2.79,14.14,20.22,0.21,0.0
20230927:0810,381.65,361.43,123.78,6.89,25.26,21.15,0.41,0.0
20230927:0910,545.5,551.52,149.69,9.93,35.38,22.24,0.76,0.0
20230927:1010,669.71,714.48,158.96,12.33,43.68,23.63,1.59,0.0
20230927:1110,739.57,795.0,170.18,13.64,48.94,24.11,2.48,0.0
20230927:1210,755.11,810.36,171.51,13.87,49.9,24.51,3.03,0.0
20230927:1310,719.57,761.9,163.06,13.06,46.26,24.65,3.45,0.0
20230927:1410,609.98,605.14,165.15,10.92,39.04,24.81,3.79,0.0
20230927:1510,455.81,421.43,146.93,8.1,29.54,24.7,4.41,0.0
20230927:1610,259.91,230.82,105.91,4.83,18.75,24.37,4.34,0.0
20230927:1710,53.47,47.13,47.64,1.43,7.29,23.49,3.66,0.0
20230927:1810,0.0,0.0,0.0,0.0,0.0,22.9,2.55,0.0
20230927:1910,0.0,0.0,0.0,0.0,0.0,22.56,2.0,0.0
20230927:2010,0.0,0.0,0.0,0.0,0.0,22.14,2.0,0.0
20230927:2110,0.0,0.0,0.0,0.0,0.0,22.16,2.14,0.0
20230927:2210,0.0,0.0,0.0,0.0,0.0,21.35,2.14,0.0
20230927:2310,0.0,0.0,0.0,0.0,0.0,21.0,2.21,0.0
20230928:0010,0.0,0.0,0.0,0.0,0.0,20.84,1.93,0.0
20230928:0110,0.0,0.0,0.0,0.0,0.0,20.63,1.72,0.0
20230928:0210,0.0,0.0,0.0,0.0,0.0,20.37,1.72,0.0
20230928:0310,0.0,0.0,0.0,0.0,0.0,20.19,1.86,0.0
20230928:0410,0.0,0.0,0.0,0.0,0.0,20.01,1.93,0.0
20230928:0510,0.0,0.0,0.0,0.0,0.0,19.85,1.93,0.0
20230928:0610,1.77,1.87,9.03,0.2,2.35,19.71,1.79,0.0
20230928:0710,161.97,133.4,88.03,3.22,13.95,20.44,1.59,0.0
20230928:0810,365.48,318.15,140.73,6.56,25.05,21.76,1.86,0.0
20230928:0910,557.33,556.57,146.97,9.89,35.13,22.47,2.14,0.0
20230928:1010,670.23,701.53,163.73,12.17,43.37,24.49,2.48,0.0
20230928:1110,742.14,791.31,170.6,13.53,48.58,24.55,3.1,0.0
20230928:1210,720.44,695.75,227.97,13.17,49.5,24.58,3.79,0.0
20230928:1310,726.05,767.37,159.06,13.0,45.87,24.64,4.14,0.0
20230928:1410,607.91,599.76,165.52,10.8,38.67,24.85,4.14,0.0
20230928:1510,450.08,416.9,146.17,7.98,29.19,24.62,3.79,0.0
20230928:1610,255.12,226.96,105.15,4.72,18.43,24.39,3.38,0.0
20230928:1710,47.83,39.86,46.14,1.3,6.98,23.74,2.9,0.0
20230928:1810,0.0,0.0,0.0,0.0,0.0,23.24,2.0,0.0
20230928:1910,0.0,0.0,0.0,0.0,0.0,22.69,1.52,0.0
20230928:2010,0.0,0.0,0.0,0.0,0.0,22.76,1.52,0.0
20230928:2110,0.0,0.0,0.0,0.0,0.0,22.46,1.72,0.0
20230928:2210,0.0,0.0,0.0,0.0,0.0,21.49,1.03,0.0
20230928:2310,0.0,0.0,0.0,0.0,0.0,21.49,0.9,0.0
20230929:0010,0.0,0.0,0.0,0.0,0.0,21.45,0.76,0.0
20230929:0110,0.0,0.0,0.0,0.0,0.0,21.39,0.76,0.0
20230929:0210,0.0,0.0,0.0,0.0,0.0,21.12,0.76,0.0
20230929:0310,0.0,0.0,0.0,0.0,0.0,20.8,0.76,0.0
20230929:0410,0.0,0.0,0.0,0.0,0.0,20.48,0.55,0.0
20230929:0510,0.0,0.0,0.0,0.0,0.0,20.21,0.14,0.0
20230929:0610,0.0,0.0,5.45,0.11,2.18,20.14,0.14,0.0
20230929:0710,104.18,50.31,96.0,2.42,13.77,20.64,0.34,0.0
20230929:0810,288.8,186.74,179.3,5.61,24.84,22.03,1.03,0.0
20230929:0910,491.48,411.99,209.21,8.99,34.87,22.89,1.72,0.0
20230929:1010,662.14,691.06,168.6,12.04,43.07,24.14,1.93,0.0
20230929:1110,733.49,790.21,169.92,13.44,48.22,24.62,2.41,0.0
20230929:1210,757.94,827.94,161.27,13.82,49.11,24.91,2.97,0.0
20230929:1310,718.6,765.02,159.55,12.91,45.48,25.16,3.59,0.0
20230929:1410,603.67,598.29,164.92,10.71,38.3,25.15,3.79,0.0
20230929:1510,450.88,422.98,142.61,7.94,28.85,24.95,3.66,0.0
20230929:1610,250.34,220.3,106.4,4.61,18.1,24.62,3.31,0.0
20230929:1710,46.47,41.27,43.66,1.25,6.66,23.92,3.03,0.0
20230929:1810,0.0,0.0,0.0,0.0,0.0,23.41,2.14,0.0
20230929:1910,0.0,0.0,0.0,0.0,0.0,23.08,1.38,0.0
20230929:2010,0.0,0.0,0.0,0.0,0.0,22.66,1.17,0.0
20230929:2110,0.0,0.0,0.0,0.0,0.0,22.18,0.9,0.0
20230929:2210,0.0,0.0,0.0,0.0,0.0,21.96,0.97,0.0
20230929:2310,0.0,0.0,0.0,0.0,0.0,21.59,0.9,0.0
20230930:0010,0.0,0.0,0.0,0.0,0.0,21.46,1.24,0.0
20230930:0110,0.0,0.0,0.0,0.0,0.0,21.32,1.59,0.0
20230930:0210,0.0,0.0,0.0,0.0,0.0,21.05,1.72,0.0
20230930:0310,0.0,0.0,0.0,0.0,0.0,20.78,1.93,0.0
20230930:0410,0.0,0.0,0.0,0.0,0.0,20.59,1.93,0.0
20230930:0510,0.0,0.0,0.0,0.0,0.0,20.29,1.72,0.0
20230930:0610,0.26,0.0,6.36,0.13,2.0,20.2,1.52,0.0
20230930:0710,174.47,157.65,81.48,3.31,13.58,21.08,1.31,0.0
20230930:0810,385.46,372.89,121.57,6.84,24.62,23.01,0.48,0.0
20230930:0910,543.67,560.2,149.5,9.86,34.62,24.05,0.48,0.0
20230930:1010,655.77,713.56,163.02,12.19,42.76,25.47,0.83,0.0
20230930:1110,728.86,803.61,169.84,13.55,47.85,25.9,1.72,0.0
20230930:1210,750.57,829.62,165.55,13.83,48.71,26.21,2.41,0.0
20230930:1310,710.27,766.62,162.65,12.91,45.09,26.3,2.76,0.0
20230930:1410,604.41,618.07,159.47,10.81,37.93,26.45,2.83,0.0
20230930:1510,456.23,443.98,136.4,8.05,28.51,26.28,2.76,0.0
20230930:1610,254.13,232.88,102.5,4.65,17.78,26.03,2.41,0.0
20230930:1710,46.87,45.98,41.6,1.23,6.35,25.5,1.66,0.0
20230930:1810,0.0,0.0,0.0,0.0,0.0,24.73,0.76,0.0
20230930:1910,0.0,0.0,0.0,0.0,0.0,24.46,0.28,0.0
20230930:2010,0.0,0.0,0.0,0.0,0.0,24.25,0.9,0.0
20230930:2110,0.0,0.0,0.0,0.0,0.0,24.07,1.38,0.0
20230930:2210,0.0,0.0,0.0,0.0,0.0,23.29,0.97,0.0
20230930:2310,0.0,0.0,0.0,0.0,0.0,22.8,1.03,0.0
20231001:0010,0.0,0.0,0.0,0.0,0.0,22.39,1.52,0.0
20231001:0110,0.0,0.0,0.0,0.0,0.0,22.26,2.0,0.0
20231001:0210,0.0,0.0,0.0,0.0,0.0,22.17,2.14,0.0
20231001:0310,0.0,0.0,0.0,0.0,0.0,21.92,2.0,0.0
20231001:0410,0.0,0.0,0.0,0.0,0.0,21.63,1.93,0.0
20231001:0510,0.0,0.0,0.0,0.0,0.0,21.31,1.79,0.0
20231001:0610,0.25,0.0,6.36,0.13,1.82,21.12,1.72,0.0
20231001:0710,184.97,180.47,73.72,3.4,13.39,22.04,1.72,0.0
20231001:0810,393.67,390.06,114.93,6.89,24.41,24.36,1.1,0.0
20231001:0910,548.75,584.19,139.28,9.95,34.37,26.19,0.62,0.0
20231001:1010,657.45,738.98,151.34,12.28,42.45,27.33,0.76,0.0
20231001:1110,742.42,851.65,147.78,13.78,47.49,27.53,1.93,0.0
20231001:1210,757.29,855.18,153.63,13.93,48.32,27.66,2.69,0.0
20231001:1310,721.18,802.8,145.1,13.06,44.7,27.74,3.1,0.0
20231001:1410,608.26,627.42,155.8,10.81,37.56,27.68,3.38,0.0
20231001:1510,467.33,470.77,124.31,8.14,28.17,27.41,3.45,0.0
20231001:1610,261.7,252.85,93.19,4.68,17.46,26.98,3.17,0.0
20231001:1710,47.8,51.11,39.57,1.21,6.05,26.19,2.41,0.0
20231001:1810,0.0,0.0,0.0,0.0,0.0,25.34,0.97,0.0
20231001:1910,0.0,0.0,0.0,0.0,0.0,24.41,0.28,0.0
20231001:2010,0.0,0.0,0.0,0.0,0.0,24.3,0.97,0.0
20231001:2110,0.0,0.0,0.0,0.0,0.0,24.06,1.52,0.0
20231001:2210,0.0,0.0,0.0,0.0,0.0,23.41,1.59,0.0
20231001:2310,0.0,0.0,0.0,0.0,0.0,22.89,1.59,0.0
20231002:0010,0.0,0.0,0.0,0.0,0.0,22.56,1.72,0.0
20231002:0110,0.0,0.0,0.0,0.0,0.0,22.36,1.86,0.0
20231002:0210,0.0,0.0,0.0,0.0,0.0,21.91,1.86,0.0
20231002:0310,0.0,0.0,0.0,0.0,0.0,21.49,1.79,0.0
20231002:0410,0.0,0.0,0.0,0.0,0.0,21.25,1.72,0.0
20231002:0510,0.0,0.0,0.0,0.0,0.0,21.03,1.79,0.0
20231002:0610,0.0,0.0,5.45,0.11,1.64,20.95,1.86,0.0
20231002:0710,183.17,176.14,75.07,3.33,13.2,21.86,1.93,0.0
20231002:0810,391.37,384.06,115.13,6.76,24.19,24.13,1.52,0.0
20231002:0910,558.08,582.82,138.57,9.86,34.11,25.61,1.66,0.0
20231002:1010,666.5,711.13,165.3,12.06,42.14,26.62,2.07,0.0
20231002:1110,748.47,837.51,152.75,13.6,47.13,26.8,2.69,0.0
20231002:1210,768.62,863.69,148.32,13.89,47.92,26.84,3.24,0.0
20231002:1310,724.71,788.6,150.07,12.88,44.31,26.79,3.86,0.0
20231002:1410,613.43,623.43,156.27,10.71,37.2,26.63,4.21,0.0
20231002:1510,462.71,452.88,130.0,7.94,27.83,26.39,4.28,0.0
20231002:1610,260.13,249.18,92.45,4.58,17.14,25.91,3.86,0.0
20231002:1710,44.42,46.39,38.41,1.12,5.74,25.06,3.03,0.0
20231002:1810,0.0,0.0,0.0,0.0,0.0,24.42,1.59,0.0
20231002:1910,0.0,0.0,0.0,0.0,0.0,23.92,0.97,0.0
20231002:2010,0.0,0.0,0.0,0.0,0.0,23.53,1.17,0.0
20231002:2110,0.0,0.0,0.0,0.0,0.0,23.04,1.24,0.0
20231002:2210,0.0,0.0,0.0,0.0,0.0,22.5,1.38,0.0
20231002:2310,0.0,0.0,0.0,0.0,0.0,22.22,1.17,0.0
20231003:0010,0.0,0.0,0.0,0.0,0.0,22.07,0.83,0.0
20231003:0110,0.0,0.0,0.0,0.0,0.0,21.74,0.69,0.0
20231003:0210,0.0,0.0,0.0,0.0,0.0,21.46,0.76,0.0
20231003:0310,0.0,0.0,0.0,0.0,0.0,21.16,0.83,0.0
20231003:0410,0.0,0.0,0.0,0.0,0.0,20.81,0.97,0.0
20231003:0510,0.0,0.0,0.0,0.0,0.0,20.58,0.97,0.0
20231003:0610,0.0,0.0,3.64,0.07,1.46,20.44,0.83,0.0
20231003:0710,170.97,158.22,77.42,3.13,13.0,21.31,0.69,0.0
20231003:0810,381.79,372.35,116.16,6.58,23.97,22.94,0.62,0.0
20231003:0910,550.19,569.17,139.67,9.64,33.85,23.63,1.1,0.0
20231003:1010,660.72,708.53,159.68,11.88,41.83,24.73,1.45,0.0
20231003:1110,727.42,780.32,174.25,13.11,46.76,25.2,2.41,0.0
20231003:1210,749.01,809.31,166.49,13.38,47.53,25.56,3.24,0.0
20231003:1310,713.12,760.8,155.69,12.53,43.92,25.7,3.86,0.0
20231003:1410,604.75,607.2,157.3,10.45,36.83,25.79,4.21,0.0
20231003:1510,450.25,430.56,134.12,7.67,27.49,25.5,4.21,0.0
20231003:1610,245.39,223.78,98.11,4.32,16.82,25.16,3.79,0.0
20231003:1710,34.64,37.7,31.85,0.99,5.43,24.44,3.17,0.0
20231003:1810,0.0,0.0,0.0,0.0,0.0,23.85,2.41,0.0
20231003:1910,0.0,0.0,0.0,0.0,0.0,23.54,1.93,0.0
20231003:2010,0.0,0.0,0.0,0.0,0.0,23.46,1.93,0.0
20231003:2110,0.0,0.0,0.0,0.0,0.0,23.35,1.93,0.0
20231003:2210,0.0,0.0,0.0,0.0,0.0,23.45,2.69,0.0
20231003:2310,0.0,0.0,0.0,0.0,0.0,23.29,3.1,0.0
20231004:0010,0.0,0.0,0.0,0.0,0.0,23.41,3.1,0.0
20231004:0110,0.0,0.0,0.0,0.0,0.0,23.25,2.97,0.0
20231004:0210,0.0,0.0,0.0,0.0,0.0,23.12,2.9,0.0
20231004:0310,0.0,0.0,0.0,0.0,0.0,22.96,2.83,0.0
20231004:0410,0.0,0.0,0.0,0.0,0.0,22.81,2.69,0.0
20231004:0510,0.0,0.0,0.0,0.0,0.0,22.87,2.55,0.0
20231004:0610,0.0,0.0,0.0,0.0,0.0,22.59,2.07,0.0
20231004:0710,132.77,95.64,89.49,2.66,12.81,22.99,1.93,0.0
20231004:0810,344.18,291.43,146.51,6.06,23.75,24.27,1.72,0.0
20231004:0910,537.28,533.38,153.97,9.35,33.59,25.06,2.0,0.0
20231004:1010,653.22,688.29,166.59,11.66,41.52,25.82,1.93,0.0
20231004:1110,722.97,773.73,174.54,12.97,46.4,26.07,2.69,0.0
20231004:1210,712.24,700.47,219.44,12.73,47.14,25.98,3.72,0.0
20231004:1310,696.69,712.41,177.23,12.17,43.53,25.93,4.41,0.0
20231004:1410,601.75,600.32,156.4,10.29,36.47,25.9,4.9,0.0
20231004:1510,446.09,423.17,134.35,7.52,27.15,25.57,4.9,0.0
20231004:1610,234.06,206.46,100.7,4.12,16.51,25.18,4.41,0.0
20231004:1710,27.01,26.34,29.82,0.83,5.13,24.38,3.59,0.0
20231004:1810,0.0,0.0,0.0,0.0,0.0,23.67,2.34,0.0
20231004:1910,0.0,0.0,0.0,0.0,0.0,23.45,1.1,0.0
20231004:2010,0.0,0.0,0.0,0.0,0.0,23.02,0.55,0.0
20231004:2110,0.0,0.0,0.0,0.0,0.0,22.42,0.21,0.0
20231004:2210,0.0,0.0,0.0,0.0,0.0,22.21,0.48,0.0
20231004:2310,0.0,0.0,0.0,0.0,0.0,21.59,0.28,0.0
20231005:0010,0.0,0.0,0.0,0.0,0.0,21.31,0.34,0.0
20231005:0110,0.0,0.0,0.0,0.0,0.0,21.07,0.34,0.0
20231005:0210,0.0,0.0,0.0,0.0,0.0,20.67,0.34,0.0
20231005:0310,0.0,0.0,0.0,0.0,0.0,20.43,0.48,0.0
20231005:0410,0.0,0.0,0.0,0.0,0.0,20.15,0.62,0.0
20231005:0510,0.0,0.0,0.0,0.0,0.0,19.82,0.76,0.0
20231005:0610,0.0,0.0,0.0,0.0,0.0,19.3,0.9,0.0
20231005:0710,163.98,142.08,81.38,2.95,12.61,19.22,1.03,0.0
20231005:0810,385.48,366.72,119.36,6.46,23.53,20.46,0.83,0.0
20231005:0910,551.2,568.88,140.82,9.53,33.33,22.31,0.76,0.0
20231005:1010,661.1,720.96,152.83,11.81,41.2,23.92,0.97,0.0
20231005:1110,725.31,795.53,166.32,13.06,46.04,24.82,1.72,0.0
20231005:1210,745.01,808.5,166.42,13.24,46.75,25.34,2.83,0.0
20231005:1310,699.87,731.45,170.31,12.24,43.14,25.53,3.45,0.0
20231005:1410,599.31,604.33,156.08,10.27,36.11,25.75,3.72,0.0
20231005:1510,451.85,442.35,126.66,7.58,26.82,25.55,3.66,0.0
20231005:1610,237.7,215.39,97.65,4.12,16.19,25.14,3.38,0.0
20231005:1710,26.3,27.69,28.08,0.8,4.83,24.34,2.83,0.0
20231005:1810,0.0,0.0,0.0,0.0,0.0,23.76,1.79,0.0
20231005:1910,0.0,0.0,0.0,0.0,0.0,23.28,0.9,0.0
20231005:2010,0.0,0.0,0.0,0.0,0.0,22.67,0.48,0.0
20231005:2110,0.0,0.0,0.0,0.0,0.0,22.24,0.62,0.0
20231005:2210,0.0,0.0,0.0,0.0,0.0,21.67,1.17,0.0
20231005:2310,0.0,0.0,0.0,0.0,0.0,21.54,1.31,0.0
20231006:0010,0.0,0.0,0.0,0.0,0.0,21.29,1.38,0.0
20231006:0110,0.0,0.0,0.0,0.0,0.0,21.11,1.59,0.0
20231006:0210,0.0,0.0,0.0,0.0,0.0,20.79,1.72,0.0
20231006:0310,0.0,0.0,0.0,0.0,0.0,20.52,1.79,0.0
20231006:0410,0.0,0.0,0.0,0.0,0.0,20.44,1.52,0.0
20231006:0510,0.0,0.0,0.0,0.0,0.0,20.36,1.59,0.0
20231006:0610,0.0,0.0,0.0,0.0,0.0,20.27,1.79,0.0
20231006:0710,167.7,152.43,77.29,2.95,12.41,20.97,1.86,0.0
20231006:0810,382.68,367.39,118.8,6.4,23.3,23.42,1.52,0.0
20231006:0910,549.23,561.77,143.48,9.42,33.06,24.58,1.66,0.0
20231006:1010,664.15,710.13,159.08,11.7,40.89,25.67,2.0,0.0
20231006:1110,732.88,795.75,166.93,13.0,45.67,26.0,2.69,0.0
20231006:1210,751.53,822.39,160.19,13.26,46.36,26.1,3.24,0.0
20231006:1310,689.14,704.22,184.23,12.04,42.76,26.15,3.59,0.0
20231006:1410,585.66,569.69,172.93,10.04,35.74,26.16,3.93,0.0
20231006:1510,444.33,426.45,132.42,7.41,26.48,25.85,4.07,0.0
20231006:1610,231.34,206.52,98.71,4.0,15.88,25.47,3.79,0.0
20231006:1710,22.35,22.95,26.16,0.71,4.53,24.74,3.24,0.0
20231006:1810,0.0,0.0,0.0,0.0,0.0,24.14,2.28,0.0
20231006:1910,0.0,0.0,0.0,0.0,0.0,23.77,1.38,0.0
20231006:2010,0.0,0.0,0.0,0.0,0.0,23.47,1.1,0.0
20231006:2110,0.0,0.0,0.0,0.0,0.0,23.01,1.17,0.0
20231006:2210,0.0,0.0,0.0,0.0,0.0,22.3,1.72,0.0
20231006:2310,0.0,0.0,0.0,0.0,0.0,22.23,1.72,0.0
20231007:0010,0.0,0.0,0.0,0.0,0.0,22.06,1.93,0.0
20231007:0110,0.0,0.0,0.0,0.0,0.0,21.89,2.21,0.0
20231007:0210,0.0,0.0,0.0,0.0,0.0,21.71,2.41,0.0
20231007:0310,0.0,0.0,0.0,0.0,0.0,21.48,2.62,0.0
20231007:0410,0.0,0.0,0.0,0.0,0.0,21.31,2.62,0.0
20231007:0510,0.0,0.0,0.0,0.0,0.0,21.05,2.41,0.0
20231007:0610,0.0,0.0,0.0,0.0,0.0,20.83,2.28,0.0
20231007:0710,161.6,142.33,79.05,2.84,12.22,21.21,2.55,0.0
20231007:0810,378.86,355.02,122.13,6.26,23.08,23.07,2.34,0.0
20231007:0910,547.42,543.34,150.36,9.24,32.8,24.24,2.55,0.0
20231007:1010,662.05,689.52,166.03,11.48,40.58,25.18,2.62,0.0
20231007:1110,727.51,772.69,173.88,12.75,45.31,25.59,3.1,0.0
20231007:1210,736.54,769.34,183.06,12.86,45.97,25.81,3.79,0.0
20231007:1310,694.29,709.68,176.65,11.94,42.37,25.78,4.34,0.0
20231007:1410,552.84,490.03,203.52,9.49,35.39,25.57,4.62,0.0
20231007:1510,432.89,401.71,139.84,7.18,26.15,25.25,4.48,0.0
20231007:1610,229.04,203.51,97.99,3.91,15.57,24.82,3.93,0.0
20231007:1710,18.34,17.68,24.2,0.61,4.23,24.09,3.1,0.0
20231007:1810,0.0,0.0,0.0,0.0,0.0,23.68,2.07,0.0
20231007:1910,0.0,0.0,0.0,0.0,0.0,23.35,1.31,0.0
20231007:2010,0.0,0.0,0.0,0.0,0.0,23.02,1.17,0.0
20231007:2110,0.0,0.0,0.0,0.0,0.0,22.73,0.69,0.0
20231007:2210,0.0,0.0,0.0,0.0,0.0,21.95,0.55,0.0
20231007:2310,0.0,0.0,0.0,0.0,0.0,21.74,0.07,0.0
20231008:0010,0.0,0.0,0.0,0.0,0.0,21.58,0.48,0.0
20231008:0110,0.0,0.0,0.0,0.0,0.0,21.23,0.48,0.0
20231008:0210,0.0,0.0,0.0,0.0,0.0,20.9,0.34,0.0
20231008:0310,0.0,0.0,0.0,0.0,0.0,20.79,0.83,0.0
20231008:0410,0.0,0.0,0.0,0.0,0.0,20.65,1.03,0.0
20231008:0510,0.0,0.0,0.0,0.0,0.0,20.44,1.03,0.0
20231008:0610,0.0,0.0,0.0,0.0,0.0,20.81,0.55,0.0
20231008:0710,153.91,133.49,79.69,2.73,12.02,21.11,0.21,0.0
20231008:0810,368.42,346.78,124.52,6.15,22.85,21.8,0.14,0.0
20231008:0910,543.87,552.85,145.41,9.22,32.53,22.44,0.9,0.0
20231008:1010,662.06,700.57,159.81,11.47,40.26,23.84,1.79,0.0
20231008:1110,729.94,786.56,166.48,12.75,44.95,24.44,2.48,0.0
20231008:1210,752.21,821.7,156.36,13.06,45.58,25.12,3.24,0.0
20231008:1310,691.0,706.9,177.18,11.85,41.99,25.18,3.79,0.0
20231008:1410,580.26,559.26,172.51,9.78,35.03,25.33,4.0,0.0
20231008:1510,436.83,415.46,131.92,7.16,25.82,25.09,4.07,0.0
20231008:1610,223.2,197.33,96.92,3.78,15.26,24.72,3.93,0.0
20231008:1710,19.95,23.51,22.58,0.61,3.93,23.91,3.24,0.0
20231008:1810,0.0,0.0,0.0,0.0,0.0,23.45,2.41,0.0
20231008:1910,0.0,0.0,0.0,0.0,0.0,23.07,1.59,0.0
20231008:2010,0.0,0.0,0.0,0.0,0.0,22.71,1.17,0.0
20231008:2110,0.0,0.0,0.0,0.0,0.0,22.38,1.03,0.0
20231008:2210,0.0,0.0,0.0,0.0,0.0,22.17,1.1,0.0
20231008:2310,0.0,0.0,0.0,0.0,0.0,22.07,0.76,0.0
20231009:0010,0.0,0.0,0.0,0.0,0.0,22.29,0.69,0.0
20231009:0110,0.0,0.0,0.0,0.0,0.0,21.98,1.03,0.0
20231009:0210,0.0,0.0,0.0,0.0,0.0,21.81,1.52,0.0
20231009:0310,0.0,0.0,0.0,0.0,0.0,21.57,1.72,0.0
20231009:0410,0.0,0.0,0.0,0.0,0.0,21.2,1.79,0.0
20231009:0510,0.0,0.0,0.0,0.0,0.0,20.89,1.86,0.0
20231009:0610,0.0,0.0,0.0,0.0,0.0,20.63,2.07,0.0
20231009:0710,165.22,149.18,76.28,2.79,11.81,20.35,2.41,0.0
20231009:0810,386.66,364.98,118.05,6.2,22.62,21.87,2.69,0.0
20231009:0910,558.77,558.23,143.88,9.21,32.26,22.81,2.76,0.0
20231009:1010,663.77,679.63,172.92,11.34,39.94,23.78,2.55,0.0
20231009:1110,735.09,777.03,174.1,12.68,44.58,24.16,3.03,0.0
20231009:1210,749.46,787.44,175.38,12.84,45.19,24.28,3.79,0.0
20231009:1310,690.22,684.61,190.11,11.7,41.61,24.3,4.28,0.0
20231009:1410,587.81,563.12,171.08,9.75,34.67,24.28,4.62,0.0
20231009:1510,437.22,409.1,134.65,7.07,25.49,24.05,4.55,0.0
20231009:1610,231.11,209.89,93.06,3.8,14.95,23.74,4.21,0.0
20231009:1710,16.28,20.11,19.71,0.52,3.64,23.02,3.66,0.0
20231009:1810,0.0,0.0,0.0,0.0,0.0,22.78,2.83,0.0
20231009:1910,0.0,0.0,0.0,0.0,0.0,22.57,2.0,0.0
20231009:2010,0.0,0.0,0.0,0.0,0.0,22.25,1.31,0.0
20231009:2110,0.0,0.0,0.0,0.0,0.0,21.79,1.03,0.0
20231009:2210,0.0,0.0,0.0,0.0,0.0,21.49,0.97,0.0
20231009:2310,0.0,0.0,0.0,0.0,0.0,21.16,0.62,0.0
20231010:0010,0.0,0.0,0.0,0.0,0.0,21.07,0.76,0.0
20231010:0110,0.0,0.0,0.0,0.0,0.0,20.99,0.83,0.0
20231010:0210,0.0,0.0,0.0,0.0,0.0,20.67,0.83,0.0
20231010:0310,0.0,0.0,0.0,0.0,0.0,20.6,1.03,0.0
20231010:0410,0.0,0.0,0.0,0.0,0.0,20.2,1.31,0.0
20231010:0510,0.0,0.0,0.0,0.0,0.0,19.77,1.59,0.0
20231010:0610,0.0,0.0,0.0,0.0,0.0,19.14,1.86,0.0
20231010:0710,136.61,104.66,82.57,2.46,11.61,19.1,2.0,0.0
20231010:0810,292.61,199.97,165.24,5.15,22.39,20.47,2.21,0.0
20231010:0910,511.58,453.51,186.67,8.57,31.99,22.21,2.48,0.0
20231010:1010,652.19,658.44,179.73,11.12,39.63,24.02,2.48,0.0
20231010:1110,678.84,630.9,239.71,11.83,44.22,24.41,3.24,0.0
20231010:1210,723.88,719.4,205.58,12.39,44.81,24.32,4.0,0.0
20231010:1310,699.33,715.24,170.34,11.72,41.24,24.42,4.48,0.0
20231010:1410,588.49,575.55,161.6,9.69,34.32,24.56,4.41,0.0
20231010:1510,436.5,417.32,127.41,7.0,25.17,24.37,4.21,0.0
20231010:1610,215.39,187.6,96.21,3.58,14.65,23.98,4.0,0.0
20231010:1710,12.42,13.52,18.61,0.45,3.35,23.22,3.59,0.0
20231010:1810,0.0,0.0,0.0,0.0,0.0,22.81,2.76,0.0
20231010:1910,0.0,0.0,0.0,0.0,0.0,22.62,2.0,0.0
20231010:2010,0.0,0.0,0.0,0.0,0.0,22.24,1.59,0.0
20231010:2110,0.0,0.0,0.0,0.0,0.0,21.7,0.9,0.0
20231010:2210,0.0,0.0,0.0,0.0,0.0,21.56,0.9,0.0
20231010:2310,0.0,0.0,0.0,0.0,0.0,21.31,0.41,0.0
20231011:0010,0.0,0.0,0.0,0.0,0.0,21.25,0.55,0.0
20231011:0110,0.0,0.0,0.0,0.0,0.0,21.09,0.97,0.0
20231011:0210,0.0,0.0,0.0,0.0,0.0,20.61,1.1,0.0
20231011:0310,0.0,0.0,0.0,0.0,0.0,20.36,1.31,0.0
20231011:0410,0.0,0.0,0.0,0.0,0.0,19.93,1.38,0.0
20231011:0510,0.0,0.0,0.0,0.0,0.0,19.12,1.38,0.0
20231011:0610,0.0,0.0,0.0,0.0,0.0,18.49,1.31,0.0
20231011:0710,158.5,139.3,76.25,2.62,11.41,18.36,1.38,0.0
20231011:0810,370.9,339.12,125.8,5.93,22.16,19.95,1.1,0.0
20231011:0910,512.3,472.64,179.44,8.63,31.72,21.77,0.97,0.0
20231011:1010,645.4,646.88,185.82,11.01,39.31,23.76,2.07,0.0
20231011:1110,715.4,739.43,188.3,12.3,43.86,24.18,2.69,0.0
20231011:1210,742.31,793.32,168.21,12.68,44.42,24.5,3.17,0.0
20231011:1310,680.71,688.5,183.16,11.52,40.86,24.67,3.38,0.0
20231011:1410,574.31,553.82,170.73,9.51,33.97,24.79,3.59,0.0
20231011:1510,427.03,400.48,134.31,6.85,24.84,24.65,3.86,0.0
20231011:1610,219.35,198.81,91.05,3.56,14.35,24.34,3.79,0.0
20231011:1710,9.68,11.71,15.8,0.38,3.06,23.61,3.45,0.0
20231011:1810,0.0,0.0,0.0,0.0,0.0,23.12,2.69,0.0
20231011:1910,0.0,0.0,0.0,0.0,0.0,22.6,1.59,0.0
20231011:2010,0.0,0.0,0.0,0.0,0.0,22.02,0.9,0.0
20231011:2110,0.0,0.0,0.0,0.0,0.0,21.57,0.48,0.0
20231011:2210,0.0,0.0,0.0,0.0,0.0,21.5,1.31,0.0
20231011:2310,0.0,0.0,0.0,0.0,0.0,21.39,1.38,0.0
20231012:0010,0.0,0.0,0.0,0.0,0.0,21.09,1.31,0.0
20231012:0110,0.0,0.0,0.0,0.0,0.0,20.77,1.24,0.0
20231012:0210,0.0,0.0,0.0,0.0,0.0,20.58,1.24,0.0
20231012:0310,0.0,0.0,0.0,0.0,0.0,20.17,1.03,0.0
20231012:0410,0.0,0.0,0.0,0.0,0.0,19.51,1.31,0.0
20231012:0510,0.0,0.0,0.0,0.0,0.0,19.21,1.66,0.0
20231012:0610,0.0,0.0,0.0,0.0,0.0,18.69,1.79,0.0
20231012:0710,153.71,133.18,76.05,2.53,11.2,18.52,1.86,0.0
20231012:0810,376.65,345.57,123.33,5.91,21.93,19.67,1.72,0.0
20231012:0910,531.32,519.61,159.4,8.81,31.45,21.4,0.76,0.0
20231012:1010,635.3,659.32,179.89,11.01,38.99,23.51,0.69,0.0
20231012:1110,693.9,737.91,190.13,12.24,43.5,24.35,0.97,0.0
20231012:1210,737.23,806.15,161.89,12.68,44.04,24.73,2.34,0.0
20231012:1310,689.72,713.85,170.38,11.57,40.49,24.84,3.45,0.0
20231012:1410,579.55,563.48,165.99,9.49,33.62,25.06,4.07,0.0
20231012:1510,428.6,405.78,130.55,6.8,24.52,24.94,4.28,0.0
20231012:1610,212.85,188.87,93.15,3.45,14.05,24.64,4.0,0.0
20231012:1710,7.54,9.59,13.9,0.33,2.78,23.68,3.24,0.0
20231012:1810,0.0,0.0,0.0,0.0,0.0,23.17,2.14,0.0
20231012:1910,0.0,0.0,0.0,0.0,0.0,22.68,1.17,0.0
20231012:2010,0.0,0.0,0.0,0.0,0.0,22.15,0.62,0.0
20231012:2110,0.0,0.0,0.0,0.0,0.0,21.87,0.14,0.0
20231012:2210,0.0,0.0,0.0,0.0,0.0,21.5,0.83,0.0
20231012:2310,0.0,0.0,0.0,0.0,0.0,20.96,1.17,0.0
20231013:0010,0.0,0.0,0.0,0.0,0.0,20.64,1.24,0.0
20231013:0110,0.0,0.0,0.0,0.0,0.0,20.37,1.17,0.0
20231013:0210,0.0,0.0,0.0,0.0,0.0,20.05,1.17,0.0
20231013:0310,0.0,0.0,0.0,0.0,0.0,19.71,1.17,0.0
20231013:0410,0.0,0.0,0.0,0.0,0.0,19.25,1.1,0.0
20231013:0510,0.0,0.0,0.0,0.0,0.0,18.69,1.24,0.0
20231013:0610,0.0,0.0,0.0,0.0,0.0,18.44,1.59,0.0
20231013:0710,159.73,142.89,74.3,2.55,11.0,18.31,1.45,0.0
20231013:0810,367.28,330.61,128.81,5.79,21.7,19.52,1.1,0.0
20231013:0910,537.02,519.01,158.79,8.73,31.18,21.16,1.52,0.0
20231013:1010,641.83,644.73,185.83,10.87,38.67,23.57,1.79,0.0
20231013:1110,705.83,722.2,196.08,12.08,43.14,24.81,2.62,0.0
20231013:1210,740.08,790.82,168.11,12.51,43.66,25.45,3.52,0.0
20231013:1310,680.18,685.35,183.17,11.36,40.12,25.82,4.21,0.0
20231013:1410,576.35,560.21,165.28,9.39,33.28,25.96,4.62,0.0
20231013:1510,418.64,388.51,136.14,6.64,24.2,25.52,4.55,0.0
20231013:1610,208.81,185.33,92.32,3.36,13.75,25.07,4.07,0.0
20231013:1710,6.77,10.57,12.09,0.29,2.49,24.09,3.24,0.0
20231013:1810,0.0,0.0,0.0,0.0,0.0,23.63,1.93,0.0
20231013:1910,0.0,0.0,0.0,0.0,0.0,23.08,1.45,0.0
20231013:2010,0.0,0.0,0.0,0.0,0.0,22.96,1.59,0.0
20231013:2110,0.0,0.0,0.0,0.0,0.0,22.71,1.86,0.0
20231013:2210,0.0,0.0,0.0,0.0,0.0,21.92,1.79,0.0
20231013:2310,0.0,0.0,0.0,0.0,0.0,21.68,1.66,0.0
20231014:0010,0.0,0.0,0.0,0.0,0.0,21.6,1.38,0.0
20231014:0110,0.0,0.0,0.0,0.0,0.0,21.49,1.38,0.0
20231014:0210,0.0,0.0,0.0,0.0,0.0,21.16,2.21,0.0
20231014:0310,0.0,0.0,0.0,0.0,0.0,20.94,2.21,0.0
20231014:0410,0.0,0.0,0.0,0.0,0.0,20.9,1.72,0.0
20231014:0510,0.0,0.0,0.0,0.0,0.0,20.72,1.79,0.0
20231014:0610,0.0,0.0,0.0,0.0,0.0,20.46,2.21,0.0
20231014:0710,124.56,94.7,78.56,2.21,10.79,20.91,2.83,0.0
20231014:0810,208.28,100.97,164.84,4.12,21.46,22.96,3.45,0.0
20231014:0910,267.25,101.62,236.81,5.62,30.91,25.18,3.59,0.0
20231014:1010,375.07,175.47,298.67,7.58,38.36,26.07,3.17,0.0
20231014:1110,321.37,93.98,313.55,7.13,42.78,26.23,3.45,0.0
20231014:1210,525.55,344.26,321.91,9.78,43.29,26.09,3.72,0.0
20231014:1310,134.42,0.0,180.9,3.6,39.75,26.19,3.45,0.0
20231014:1410,93.92,0.0,131.81,2.62,32.93,25.91,3.31,0.0
20231014:1510,156.12,39.68,167.24,3.67,23.89,25.95,2.41,0.0
20231014:1610,79.25,25.71,89.65,1.97,13.46,25.64,1.59,0.0
20231014:1710,1.13,0.0,8.56,0.18,2.22,24.95,1.45,0.0
20231014:1810,0.0,0.0,0.0,0.0,0.0,24.13,2.07,0.0
20231014:1910,0.0,0.0,0.0,0.0,0.0,23.48,2.21,0.0
20231014:2010,0.0,0.0,0.0,0.0,0.0,22.8,2.0,0.0
20231014:2110,0.0,0.0,0.0,0.0,0.0,22.54,1.86,0.0
20231014:2210,0.0,0.0,0.0,0.0,0.0,22.66,2.76,0.0
20231014:2310,0.0,0.0,0.0,0.0,0.0,22.26,2.55,0.0
20231015:0010,0.0,0.0,0.0,0.0,0.0,21.81,2.69,0.0
20231015:0110,0.0,0.0,0.0,0.0,0.0,21.32,2.9,0.0
20231015:0210,0.0,0.0,0.0,0.0,0.0,20.83,2.97,0.0
20231015:0310,0.0,0.0,0.0,0.0,0.0,20.41,2.55,0.0
20231015:0410,0.0,0.0,0.0,0.0,0.0,20.16,2.48,0.0
20231015:0510,0.0,0.0,0.0,0.0,0.0,20.03,2.62,0.0
20231015:0610,0.0,0.0,0.0,0.0,0.0,19.79,2.62,0.0
20231015:0710,145.14,126.31,73.29,2.33,10.58,20.02,2.41,0.0
20231015:0810,362.02,332.7,122.95,5.62,21.23,21.93,1.72,0.0
20231015:0910,518.28,505.88,159.18,8.48,30.64,23.6,1.1,0.0
20231015:1010,631.27,668.55,167.46,10.76,38.04,24.73,0.83,0.0
20231015:1110,691.82,736.04,182.06,11.92,42.42,25.33,1.52,0.0
20231015:1210,700.21,715.27,197.8,11.92,42.91,25.76,2.76,0.0
20231015:1310,644.07,620.08,204.91,10.8,39.38,26.13,3.66,0.0
20231015:1410,567.14,556.47,160.29,9.15,32.59,26.19,4.14,0.0
20231015:1510,402.78,366.82,138.29,6.33,23.57,25.95,4.9,0.0
20231015:1610,192.86,165.69,91.45,3.09,13.17,25.07,5.45,0.0
20231015:1710,0.43,0.0,6.85,0.14,1.94,23.74,5.24,0.0
20231015:1810,0.0,0.0,0.0,0.0,0.0,23.3,4.55,0.0
20231015:1910,0.0,0.0,0.0,0.0,0.0,22.92,3.72,0.0
20231015:2010,0.0,0.0,0.0,0.0,0.0,22.28,2.62,0.0
20231015:2110,0.0,0.0,0.0,0.0,0.0,22.39,1.79,0.0
20231015:2210,0.0,0.0,0.0,0.0,0.0,22.19,0.97,0.0
20231015:2310,0.0,0.0,0.0,0.0,0.0,22.05,0.28,0.0
20231016:0010,0.0,0.0,0.0,0.0,0.0,21.76,1.17,0.0
20231016:0110,0.0,0.0,0.0,0.0,0.0,21.08,1.59,0.0
20231016:0210,0.0,0.0,0.0,0.0,0.0,21.31,1.72,0.0
20231016:0310,0.0,0.0,0.0,0.0,0.0,20.92,1.93,0.0
20231016:0410,0.0,0.0,0.0,0.0,0.0,20.63,1.93,0.0
20231016:0510,0.0,0.0,0.0,0.0,0.0,20.33,1.66,0.0
20231016:0610,0.0,0.0,0.0,0.0,0.0,20.22,1.59,0.0
20231016:0710,143.68,126.97,71.57,2.28,10.37,20.34,1.79,0.0
20231016:0810,344.82,306.02,128.43,5.39,20.99,21.71,1.45,0.0
20231016:0910,182.71,32.88,203.23,4.34,30.36,22.87,1.79,0.0
20231016:1010,545.89,455.71,247.07,9.51,37.72,25.0,1.72,0.0
20231016:1110,691.78,721.46,183.13,11.7,42.07,25.66,2.41,0.0
20231016:1210,605.66,494.86,278.84,10.6,42.54,25.9,3.52,0.0
20231016:1310,465.57,285.8,298.02,8.63,39.02,26.08,4.69,0.0
20231016:1410,296.13,123.07,249.61,6.06,32.26,25.98,5.17,0.0
20231016:1510,196.84,77.82,175.82,4.14,23.26,25.62,5.38,0.0
20231016:1610,135.76,88.77,96.65,2.53,12.88,25.03,5.45,0.0
20231016:1710,0.0,0.0,5.14,0.11,1.67,24.1,4.97,0.0
20231016:1810,0.0,0.0,0.0,0.0,0.0,23.57,4.07,0.0
20231016:1910,0.0,0.0,0.0,0.0,0.0,23.24,2.62,0.0
20231016:2010,0.0,0.0,0.0,0.0,0.0,22.98,1.52,0.0
20231016:2110,0.0,0.0,0.0,0.0,0.0,22.6,0.14,0.0
20231016:2210,0.0,0.0,0.0,0.0,0.0,22.33,1.03,0.0
20231016:2310,0.0,0.0,0.0,0.0,0.0,22.29,0.97,0.0
20231017:0010,0.0,0.0,0.0,0.0,0.0,21.94,1.1,0.0
20231017:0110,0.0,0.0,0.0,0.0,0.0,21.5,1.66,0.0
20231017:0210,0.0,0.0,0.0,0.0,0.0,21.81,1.72,0.0
20231017:0310,0.0,0.0,0.0,0.0,0.0,21.67,0.9,0.0
20231017:0410,0.0,0.0,0.0,0.0,0.0,21.35,0.34,0.0
20231017:0510,0.0,0.0,0.0,0.0,0.0,21.05,0.62,0.0
20231017:0610,0.0,0.0,0.0,0.0,0.0,20.87,0.76,0.0
20231017:0710,88.83,56.09,72.38,1.77,10.16,21.31,0.83,0.0
20231017:0810,311.11,253.13,142.37,5.05,20.75,22.5,0.9,0.0
20231017:0910,455.26,388.43,195.84,7.67,30.09,23.05,0.41,0.0
20231017:1010,493.6,361.83,270.53,8.86,37.4,24.0,1.24,0.0
20231017:1110,274.99,60.82,289.7,6.33,41.71,24.76,2.0,0.0
20231017:1210,156.6,1.45,205.61,4.11,42.17,25.25,2.83,0.0
20231017:1310,223.4,33.57,253.28,5.35,38.66,25.55,3.52,0.0
20231017:1410,399.6,256.88,244.15,7.2,31.92,25.65,3.93,0.0
20231017:1510,315.36,227.93,169.91,5.35,22.96,25.32,3.72,0.0
20231017:1610,89.14,39.77,87.73,2.01,12.59,24.92,3.24,0.0
20231017:1710,0.0,0.0,2.57,0.05,1.4,24.14,2.62,0.0
20231017:1810,0.0,0.0,0.0,0.0,0.0,23.76,1.66,0.0
20231017:1910,0.0,0.0,0.0,0.0,0.0,23.38,0.76,0.0
20231017:2010,0.0,0.0,0.0,0.0,0.0,23.6,0.62,0.0
20231017:2110,0.0,0.0,0.0,0.0,0.0,23.33,1.1,0.0
20231017:2210,0.0,0.0,0.0,0.0,0.0,22.55,0.9,0.0
20231017:2310,0.0,0.0,0.0,0.0,0.0,21.93,1.1,0.0
20231018:0010,0.0,0.0,0.0,0.0,0.0,21.75,2.0,0.0
20231018:0110,0.0,0.0,0.0,0.0,0.0,21.78,2.55,0.0
20231018:0210,0.0,0.0,0.0,0.0,0.0,22.02,2.34,0.0
20231018:0310,0.0,0.0,0.0,0.0,0.0,21.82,2.14,0.0
20231018:0410,0.0,0.0,0.0,0.0,0.0,21.79,2.07,0.0
20231018:0510,0.0,0.0,0.0,0.0,0.0,21.69,2.14,0.0
20231018:0610,0.0,0.0,0.0,0.0,0.0,21.57,2.21,0.0
20231018:0710,138.86,122.43,70.92,2.17,9.95,21.98,2.83,0.0
20231018:0810,362.17,336.73,119.09,5.46,20.51,23.98,3.24,0.0
20231018:0910,512.25,474.75,168.69,8.12,29.81,25.69,4.14,0.0
20231018:1010,630.26,592.53,199.21,10.18,37.09,26.56,6.14,0.0
20231018:1110,729.05,758.77,168.86,11.81,41.36,27.29,6.21,0.0
20231018:1210,740.24,791.41,158.58,12.06,41.8,27.85,5.66,0.0
20231018:1310,619.3,566.84,223.62,10.31,38.3,28.12,4.97,0.0
20231018:1410,284.82,115.83,247.08,5.91,31.59,27.97,4.76,0.0
20231018:1510,405.78,388.98,125.07,6.2,22.65,27.73,4.69,0.0
20231018:1610,197.0,184.14,82.62,2.98,12.31,27.36,4.34,0.0
20231018:1710,0.0,0.0,0.0,0.0,0.0,26.52,3.72,0.0
20231018:1810,0.0,0.0,0.0,0.0,0.0,25.89,3.38,0.0
20231018:1910,0.0,0.0,0.0,0.0,0.0,25.53,3.03,0.0
20231018:2010,0.0,0.0,0.0,0.0,0.0,25.01,2.97,0.0
20231018:2110,0.0,0.0,0.0,0.0,0.0,24.3,3.03,0.0
20231018:2210,0.0,0.0,0.0,0.0,0.0,24.0,3.31,0.0
20231018:2310,0.0,0.0,0.0,0.0,0.0,23.66,3.31,0.0
20231019:0010,0.0,0.0,0.0,0.0,0.0,23.09,3.03,0.0
20231019:0110,0.0,0.0,0.0,0.0,0.0,22.94,2.9,0.0
20231019:0210,0.0,0.0,0.0,0.0,0.0,22.46,2.97,0.0
20231019:0310,0.0,0.0,0.0,0.0,0.0,22.12,3.52,0.0
20231019:0410,0.0,0.0,0.0,0.0,0.0,21.73,3.17,0.0
20231019:0510,0.0,0.0,0.0,0.0,0.0,21.21,3.45,0.0
20231019:0610,0.0,0.0,0.0,0.0,0.0,20.81,3.59,0.0
20231019:0710,55.0,22.19,61.97,1.36,9.74,20.83,3.93,0.0
20231019:0810,340.14,291.21,130.13,5.14,20.27,21.97,4.76,0.0
20231019:0910,437.15,325.48,211.84,7.2,29.54,23.24,5.52,0.0
20231019:1010,628.47,579.88,198.92,9.98,36.77,23.97,6.14,0.0
20231019:1110,151.56,1.46,197.43,3.94,41.01,24.52,7.1,0.0
20231019:1210,61.82,0.0,91.81,1.83,41.43,24.62,7.1,0.0
20231019:1310,64.14,0.0,94.54,1.88,37.95,24.42,7.72,0.0
20231019:1410,42.18,0.0,67.27,1.34,31.26,24.13,8.34,0.0
20231019:1510,32.3,0.0,54.54,1.09,22.35,23.6,9.31,0.0
20231019:1610,3.21,0.0,12.73,0.25,12.04,23.02,9.86,0.0
20231019:1710,0.0,0.0,0.0,0.0,0.0,22.73,10.07,0.0
20231019:1810,0.0,0.0,0.0,0.0,0.0,22.64,10.34,0.0
20231019:1910,0.0,0.0,0.0,0.0,0.0,22.44,10.28,0.0
20231019:2010,0.0,0.0,0.0,0.0,0.0,21.91,10.14,0.0
20231019:2110,0.0,0.0,0.0,0.0,0.0,21.82,9.93,0.0
20231019:2210,0.0,0.0,0.0,0.0,0.0,20.78,8.69,0.0
20231019:2310,0.0,0.0,0.0,0.0,0.0,18.26,4.83,0.0
20231020:0010,0.0,0.0,0.0,0.0,0.0,18.5,6.14,0.0
20231020:0110,0.0,0.0,0.0,0.0,0.0,18.79,5.52,0.0
20231020:0210,0.0,0.0,0.0,0.0,0.0,18.93,6.0,0.0
20231020:0310,0.0,0.0,0.0,0.0,0.0,19.29,7.1,0.0
20231020:0410,0.0,0.0,0.0,0.0,0.0,19.3,7.52,0.0
20231020:0510,0.0,0.0,0.0,0.0,0.0,19.04,8.28,0.0
20231020:0610,0.0,0.0,0.0,0.0,0.0,18.61,8.97,0.0
20231020:0710,150.71,136.02,67.92,2.15,9.52,18.55,9.17,0.0
20231020:0810,377.25,335.64,120.4,5.37,20.03,19.59,8.69,0.0
20231020:0910,557.44,509.6,157.96,8.23,29.26,20.25,8.9,0.0
20231020:1010,682.54,659.58,172.84,10.43,36.45,20.99,6.97,0.0
20231020:1110,223.17,23.57,256.24,5.32,40.66,22.06,7.45,0.0
20231020:1210,224.84,23.54,258.97,5.37,41.07,22.86,8.14,0.0
20231020:1310,370.24,154.6,298.58,7.29,37.6,23.32,8.48,0.0
20231020:1410,579.79,543.41,163.16,8.75,30.94,23.33,8.34,0.0
20231020:1510,407.64,362.88,135.75,5.99,22.06,22.96,8.21,0.0
20231020:1610,199.92,181.67,81.43,2.86,11.76,22.49,8.28,0.0
20231020:1710,0.0,0.0,0.0,0.0,0.0,21.72,7.66,0.0
20231020:1810,0.0,0.0,0.0,0.0,0.0,21.13,7.24,0.0
20231020:1910,0.0,0.0,0.0,0.0,0.0,20.64,6.9,0.0
20231020:2010,0.0,0.0,0.0,0.0,0.0,20.08,6.55,0.0
20231020:2110,0.0,0.0,0.0,0.0,0.0,19.6,6.34,0.0
20231020:2210,0.0,0.0,0.0,0.0,0.0,19.04,5.86,0.0
20231020:2310,0.0,0.0,0.0,0.0,0.0,18.73,6.14,0.0
20231021:0010,0.0,0.0,0.0,0.0,0.0,18.28,5.79,0.0
20231021:0110,0.0,0.0,0.0,0.0,0.0,17.98,5.31,0.0
20231021:0210,0.0,0.0,0.0,0.0,0.0,17.55,5.45,0.0
20231021:0310,0.0,0.0,0.0,0.0,0.0,17.43,5.45,0.0
20231021:0410,0.0,0.0,0.0,0.0,0.0,17.09,5.52,0.0
20231021:0510,0.0,0.0,0.0,0.0,0.0,16.58,5.17,0.0
20231021:0610,0.0,0.0,0.0,0.0,0.0,16.27,4.97,0.0
20231021:0710,105.04,73.73,71.66,1.79,9.31,16.31,5.1,0.0
20231021:0810,228.72,121.99,159.73,4.07,19.79,17.46,5.45,0.0
20231021:0910,447.8,314.89,222.12,7.18,28.99,18.46,6.07,0.0
20231021:1010,689.29,672.69,171.84,10.51,36.14,19.71,5.38,0.0
20231021:1110,767.95,795.48,159.83,11.92,40.31,20.68,5.24,0.0
20231021:1210,774.98,813.8,157.73,12.12,40.71,21.45,4.97,0.0
20231021:1310,694.95,695.49,174.49,10.85,37.25,22.1,4.41,0.0
20231021:1410,588.87,587.39,147.74,8.95,30.62,22.53,3.66,0.0
20231021:1510,434.49,425.51,116.11,6.28,21.76,22.47,3.24,0.0
20231021:1610,198.7,181.33,82.25,2.82,11.49,22.13,3.59,0.0
20231021:1710,0.0,0.0,0.0,0.0,0.0,21.17,4.48,0.0
20231021:1810,0.0,0.0,0.0,0.0,0.0,19.95,5.24,0.0
20231021:1910,0.0,0.0,0.0,0.0,0.0,19.06,5.03,0.0
20231021:2010,0.0,0.0,0.0,0.0,0.0,18.3,4.34,0.0
20231021:2110,0.0,0.0,0.0,0.0,0.0,17.44,3.1,0.0
20231021:2210,0.0,0.0,0.0,0.0,0.0,17.54,1.38,0.0
20231021:2310,0.0,0.0,0.0,0.0,0.0,16.9,1.59,0.0
20231022:0010,0.0,0.0,0.0,0.0,0.0,16.66,2.0,0.0
20231022:0110,0.0,0.0,0.0,0.0,0.0,16.68,2.07,0.0
20231022:0210,0.0,0.0,0.0,0.0,0.0,16.86,2.21,0.0
20231022:0310,0.0,0.0,0.0,0.0,0.0,17.32,2.48,0.0
20231022:0410,0.0,0.0,0.0,0.0,0.0,17.53,2.97,0.0
20231022:0510,0.0,0.0,0.0,0.0,0.0,17.73,3.72,0.0
20231022:0610,0.0,0.0,0.0,0.0,0.0,17.97,4.07,0.0
20231022:0710,38.8,10.77,51.75,1.09,9.09,18.26,4.62,0.0
20231022:0810,59.56,0.0,87.27,1.74,19.55,19.52,5.31,0.0
20231022:0910,190.71,40.64,199.39,4.3,28.71,20.38,6.55,0.0
20231022:1010,591.97,485.0,234.76,9.35,35.82,21.04,6.62,0.0
20231022:1110,318.0,92.37,297.61,6.73,39.96,21.57,6.76,0.0
20231022:1210,241.05,34.23,266.27,5.61,40.35,21.74,6.69,0.0
20231022:1310,350.76,139.95,289.78,6.96,36.9,22.2,6.55,0.0
20231022:1410,331.11,162.65,242.49,6.17,30.3,21.99,6.9,0.0
20231022:1510,126.33,24.8,142.2,3.02,21.47,22.11,7.45,0.0
20231022:1610,129.05,89.48,85.78,2.21,11.23,21.92,7.52,0.0
20231022:1710,0.0,0.0,0.0,0.0,0.0,21.56,6.34,0.0
20231022:1810,0.0,0.0,0.0,0.0,0.0,21.35,6.28,0.0
20231022:1910,0.0,0.0,0.0,0.0,0.0,21.21,6.34,0.0
20231022:2010,0.0,0.0,0.0,0.0,0.0,21.22,5.66,0.0
20231022:2110,0.0,0.0,0.0,0.0,0.0,20.99,4.0,0.0
20231022:2210,0.0,0.0,0.0,0.0,0.0,20.81,3.03,0.0
20231022:2310,0.0,0.0,0.0,0.0,0.0,20.54,2.62,0.0
20231023:0010,0.0,0.0,0.0,0.0,0.0,20.26,0.34,0.0
20231023:0110,0.0,0.0,0.0,0.0,0.0,20.84,2.9,0.0
20231023:0210,0.0,0.0,0.0,0.0,0.0,20.48,4.97,0.0
20231023:0310,0.0,0.0,0.0,0.0,0.0,19.43,4.48,0.0
20231023:0410,0.0,0.0,0.0,0.0,0.0,18.81,3.66,0.0
20231023:0510,0.0,0.0,0.0,0.0,0.0,18.62,2.9,0.0
20231023:0610,0.0,0.0,0.0,0.0,0.0,18.52,2.55,0.0
20231023:0710,80.95,52.9,64.29,1.52,8.88,18.58,2.41,0.0
20231023:0810,262.2,177.59,150.48,4.3,19.31,19.86,2.0,0.0
20231023:0910,376.61,245.66,223.35,6.49,28.43,21.08,1.66,0.0
20231023:1010,594.26,539.72,214.41,9.57,35.51,22.53,2.28,0.0
20231023:1110,642.43,579.83,240.44,10.56,39.62,23.24,2.69,0.0
20231023:1210,667.89,636.01,222.84,10.92,40.0,23.53,2.55,0.0
20231023:1310,634.65,602.64,202.32,10.11,36.56,23.49,3.17,0.0
20231023:1410,282.99,117.04,237.01,5.66,29.98,23.3,3.72,0.0
20231023:1510,273.7,175.41,168.16,4.67,21.19,23.18,3.79,0.0
20231023:1610,106.09,64.92,82.94,1.99,10.96,22.5,4.34,0.0
20231023:1710,0.0,0.0,0.0,0.0,0.0,21.63,4.14,0.0
20231023:1810,0.0,0.0,0.0,0.0,0.0,21.32,3.17,0.0
20231023:1910,0.0,0.0,0.0,0.0,0.0,21.03,3.03,0.0
20231023:2010,0.0,0.0,0.0,0.0,0.0,20.79,3.31,0.0
20231023:2110,0.0,0.0,0.0,0.0,0.0,20.44,2.83,0.0
20231023:2210,0.0,0.0,0.0,0.0,0.0,20.31,4.34,0.0
20231023:2310,0.0,0.0,0.0,0.0,0.0,20.0,4.97,0.0
20231024:0010,0.0,0.0,0.0,0.0,0.0,19.94,3.52,0.0
20231024:0110,0.0,0.0,0.0,0.0,0.0,19.87,2.76,0.0
20231024:0210,0.0,0.0,0.0,0.0,0.0,19.55,3.24,0.0
20231024:0310,0.0,0.0,0.0,0.0,0.0,19.13,3.93,0.0
20231024:0410,0.0,0.0,0.0,0.0,0.0,18.59,4.55,0.0
20231024:0510,0.0,0.0,0.0,0.0,0.0,18.13,4.76,0.0
20231024:0610,0.0,0.0,0.0,0.0,0.0,17.73,4.69,0.0
20231024:0710,141.42,128.62,64.47,1.92,8.66,17.74,4.76,0.0
20231024:0810,374.13,340.09,115.99,5.15,19.07,18.85,4.9,0.0
20231024:0910,551.5,522.04,147.65,7.99,28.16,19.88,5.24,0.0
20231024:1010,648.52,615.0,187.87,9.93,35.2,21.08,4.48,0.0
20231024:1110,727.57,729.31,181.52,11.28,39.28,21.78,4.69,0.0
20231024:1210,736.76,751.0,175.93,11.47,39.65,22.5,4.69,0.0
20231024:1310,688.17,699.29,162.6,10.54,36.23,23.11,4.83,0.0
20231024:1410,581.16,575.38,143.9,8.59,29.67,23.54,5.38,0.0
20231024:1510,407.17,381.47,122.72,5.77,20.91,23.4,5.31,0.0
20231024:1610,175.62,155.27,79.85,2.48,10.71,22.78,5.17,0.0
20231024:1710,0.0,0.0,0.0,0.0,0.0,21.69,4.76,0.0
20231024:1810,0.0,0.0,0.0,0.0,0.0,20.89,4.62,0.0
20231024:1910,0.0,0.0,0.0,0.0,0.0,20.36,4.14,0.0
20231024:2010,0.0,0.0,0.0,0.0,0.0,19.99,3.59,0.0
20231024:2110,0.0,0.0,0.0,0.0,0.0,19.49,3.86,0.0
20231024:2210,0.0,0.0,0.0,0.0,0.0,19.58,2.55,0.0
20231024:2310,0.0,0.0,0.0,0.0,0.0,19.22,3.52,0.0
20231025:0010,0.0,0.0,0.0,0.0,0.0,18.67,4.34,0.0
20231025:0110,0.0,0.0,0.0,0.0,0.0,18.26,4.41,0.0
20231025:0210,0.0,0.0,0.0,0.0,0.0,18.1,3.59,0.0
20231025:0310,0.0,0.0,0.0,0.0,0.0,17.94,2.97,0.0
20231025:0410,0.0,0.0,0.0,0.0,0.0,17.64,3.31,0.0
20231025:0510,0.0,0.0,0.0,0.0,0.0,17.69,3.45,0.0
20231025:0610,0.0,0.0,0.0,0.0,0.0,17.49,3.59,0.0
20231025:0710,127.68,113.25,62.78,1.77,8.44,17.41,3.66,0.0
20231025:0810,361.85,328.14,115.53,4.99,18.82,18.89,3.72,0.0
20231025:0910,462.7,367.74,196.89,7.13,27.88,20.38,4.28,0.0
20231025:1010,635.31,600.38,187.45,9.71,34.89,22.02,4.69,0.0
20231025:1110,685.04,648.61,209.65,10.74,38.94,23.04,4.83,0.0
20231025:1210,632.17,532.78,257.23,10.24,39.3,23.83,5.1,0.0
20231025:1310,181.65,15.33,219.54,4.5,35.89,24.42,4.83,0.0
20231025:1410,544.94,519.47,161.28,8.19,29.37,24.67,4.48,0.0
20231025:1510,394.09,373.52,120.14,5.61,20.63,24.64,4.14,0.0
20231025:1610,174.86,160.61,76.25,2.42,10.45,24.44,4.0,0.0
20231025:1710,0.0,0.0,0.0,0.0,0.0,23.58,3.93,0.0
20231025:1810,0.0,0.0,0.0,0.0,0.0,23.0,3.79,0.0
20231025:1910,0.0,0.0,0.0,0.0,0.0,22.59,3.79,0.0
20231025:2010,0.0,0.0,0.0,0.0,0.0,22.09,3.93,0.0
20231025:2110,0.0,0.0,0.0,0.0,0.0,21.61,4.14,0.0
20231025:2210,0.0,0.0,0.0,0.0,0.0,21.69,4.14,0.0
20231025:2310,0.0,0.0,0.0,0.0,0.0,21.44,4.14,0.0
20231026:0010,0.0,0.0,0.0,0.0,0.0,21.17,3.93,0.0
20231026:0110,0.0,0.0,0.0,0.0,0.0,20.73,3.52,0.0
20231026:0210,0.0,0.0,0.0,0.0,0.0,20.24,3.52,0.0
20231026:0310,0.0,0.0,0.0,0.0,0.0,19.96,3.24,0.0
20231026:0410,0.0,0.0,0.0,0.0,0.0,19.71,3.38,0.0
20231026:0510,0.0,0.0,0.0,0.0,0.0,19.46,3.72,0.0
20231026:0610,0.0,0.0,0.0,0.0,0.0,19.27,3.86,0.0
20231026:0710,87.45,63.95,62.04,1.48,8.23,19.26,4.14,0.0
20231026:0810,147.0,54.71,136.17,3.07,18.58,20.66,4.28,0.0
20231026:0910,446.27,348.01,198.72,6.93,27.61,21.94,4.9,0.0
20231026:1010,363.37,173.5,275.72,6.91,34.58,23.56,5.24,0.0
20231026:1110,233.66,38.1,257.93,5.46,38.6,24.44,5.52,0.0
20231026:1210,704.85,697.17,189.37,10.94,38.96,25.01,5.86,0.0
20231026:1310,588.44,499.73,231.89,9.31,35.56,25.15,6.28,0.0
20231026:1410,438.02,322.3,218.48,7.07,29.07,25.09,6.69,0.0
20231026:1510,363.02,315.4,135.57,5.24,20.36,24.83,6.83,0.0
20231026:1610,85.56,49.63,73.85,1.7,10.2,24.52,6.69,0.0
20231026:1710,0.0,0.0,0.0,0.0,0.0,24.17,5.72,0.0
20231026:1810,0.0,0.0,0.0,0.0,0.0,23.94,5.31,0.0
20231026:1910,0.0,0.0,0.0,0.0,0.0,23.63,4.97,0.0
20231026:2010,0.0,0.0,0.0,0.0,0.0,23.41,4.9,0.0
20231026:2110,0.0,0.0,0.0,0.0,0.0,22.99,4.83,0.0
20231026:2210,0.0,0.0,0.0,0.0,0.0,22.8,3.52,0.0
20231026:2310,0.0,0.0,0.0,0.0,0.0,22.53,3.59,0.0
20231027:0010,0.0,0.0,0.0,0.0,0.0,22.16,3.17,0.0
20231027:0110,0.0,0.0,0.0,0.0,0.0,21.93,2.9,0.0
20231027:0210,0.0,0.0,0.0,0.0,0.0,21.68,2.83,0.0
20231027:0310,0.0,0.0,0.0,0.0,0.0,21.47,3.17,0.0
20231027:0410,0.0,0.0,0.0,0.0,0.0,21.33,3.1,0.0
20231027:0510,0.0,0.0,0.0,0.0,0.0,21.02,3.1,0.0
20231027:0610,0.0,0.0,0.0,0.0,0.0,20.64,3.17,0.0
20231027:0710,5.36,0.0,16.36,0.33,8.01,20.28,3.45,0.0
20231027:0810,79.74,7.14,104.7,2.13,18.34,20.43,3.86,0.0
20231027:0910,126.42,8.12,158.44,3.22,27.33,20.45,4.34,0.0
20231027:1010,208.58,31.18,231.45,4.86,34.27,21.33,5.31,0.0
20231027:1110,230.17,32.19,256.12,5.37,38.27,21.84,5.93,0.0
20231027:1210,156.93,3.06,200.38,4.01,38.61,22.21,5.79,0.0
20231027:1310,162.68,7.76,202.9,4.11,35.24,22.73,5.45,0.0
20231027:1410,527.13,464.54,187.1,7.9,28.77,23.27,4.97,0.0
20231027:1510,402.55,379.68,121.0,5.57,20.09,23.55,4.62,0.0
20231027:1610,167.32,149.87,76.31,2.28,9.96,23.35,4.55,0.0
20231027:1710,0.0,0.0,0.0,0.0,0.0,22.44,4.28,0.0
20231027:1810,0.0,0.0,0.0,0.0,0.0,21.36,4.14,0.0
20231027:1910,0.0,0.0,0.0,0.0,0.0,20.92,3.86,0.0
20231027:2010,0.0,0.0,0.0,0.0,0.0,20.29,3.66,0.0
20231027:2110,0.0,0.0,0.0,0.0,0.0,19.64,3.24,0.0
20231027:2210,0.0,0.0,0.0,0.0,0.0,18.94,2.97,0.0
20231027:2310,0.0,0.0,0.0,0.0,0.0,18.42,3.1,0.0
20231028:0010,0.0,0.0,0.0,0.0,0.0,17.9,2.83,0.0
20231028:0110,0.0,0.0,0.0,0.0,0.0,17.62,2.62,0.0
20231028:0210,0.0,0.0,0.0,0.0,0.0,17.33,2.48,0.0
20231028:0310,0.0,0.0,0.0,0.0,0.0,16.99,2.41,0.0
20231028:0410,0.0,0.0,0.0,0.0,0.0,16.72,2.41,0.0
20231028:0510,0.0,0.0,0.0,0.0,0.0,16.3,2.69,0.0
20231028:0610,0.0,0.0,0.0,0.0,0.0,16.07,2.83,0.0
20231028:0710,125.64,112.13,60.81,1.65,7.79,15.96,3.03,0.0
20231028:0810,360.52,324.87,117.49,4.85,18.09,17.89,2.83,0.0
20231028:0910,529.2,499.0,155.28,7.65,27.06,19.83,2.69,0.0
20231028:1010,655.15,660.38,165.58,9.87,33.96,20.99,2.76,0.0
20231028:1110,717.92,739.97,174.58,11.07,37.94,21.73,3.03,0.0
20231028:1210,744.96,785.18,158.2,11.36,38.28,22.17,4.0,0.0
20231028:1310,665.69,643.34,185.21,10.02,34.92,22.15,4.76,0.0
20231028:1410,583.34,576.5,141.6,8.34,28.47,22.12,5.17,0.0
20231028:1510,403.81,374.89,121.35,5.48,19.82,21.78,5.45,0.0
20231028:1610,163.53,144.11,74.92,2.19,9.72,21.17,5.66,0.0
20231028:1710,0.0,0.0,0.0,0.0,0.0,20.06,5.1,0.0
20231028:1810,0.0,0.0,0.0,0.0,0.0,19.12,4.41,0.0
20231028:1910,0.0,0.0,0.0,0.0,0.0,18.63,3.59,0.0
20231028:2010,0.0,0.0,0.0,0.0,0.0,18.42,2.69,0.0
20231028:2110,0.0,0.0,0.0,0.0,0.0,18.11,1.86,0.0
20231028:2210,0.0,0.0,0.0,0.0,0.0,17.34,1.86,0.0
20231028:2310,0.0,0.0,0.0,0.0,0.0,17.17,1.66,0.0
20231029:0010,0.0,0.0,0.0,0.0,0.0,16.84,1.24,0.0
20231029:0110,0.0,0.0,0.0,0.0,0.0,16.61,1.24,0.0
20231029:0210,0.0,0.0,0.0,0.0,0.0,16.09,1.38,0.0
20231029:0310,0.0,0.0,0.0,0.0,0.0,15.79,1.59,0.0
20231029:0410,0.0,0.0,0.0,0.0,0.0,15.5,1.79,0.0
20231029:0510,0.0,0.0,0.0,0.0,0.0,15.13,1.86,0.0
20231029:0610,0.0,0.0,0.0,0.0,0.0,14.76,1.79,0.0
20231029:0710,125.77,112.56,60.31,1.61,7.57,14.85,1.79,0.0
20231029:0810,365.57,334.04,115.24,4.85,17.85,16.83,1.86,0.0
20231029:0910,532.77,514.4,150.76,7.69,26.78,19.17,1.59,0.0
20231029:1010,622.08,595.08,196.51,9.57,33.66,20.73,1.72,0.0
20231029:1110,672.86,640.32,219.71,10.58,37.61,21.66,2.34,0.0
20231029:1210,701.65,684.35,206.19,10.87,37.94,22.02,3.31,0.0
20231029:1310,622.0,554.61,221.62,9.57,34.6,22.01,3.93,0.0
20231029:1410,543.36,494.33,175.15,7.92,28.18,21.61,4.34,0.0
20231029:1510,232.3,128.07,162.12,4.05,19.56,20.72,4.62,0.0
20231029:1610,39.51,9.2,54.29,1.12,9.48,19.99,4.41,0.0
20231029:1710,0.0,0.0,0.0,0.0,0.0,19.13,3.52,0.0
20231029:1810,0.0,0.0,0.0,0.0,0.0,18.69,2.62,0.0
20231029:1910,0.0,0.0,0.0,0.0,0.0,18.37,1.72,0.0
20231029:2010,0.0,0.0,0.0,0.0,0.0,17.93,1.45,0.0
20231029:2110,0.0,0.0,0.0,0.0,0.0,17.73,0.9,0.0
20231029:2210,0.0,0.0,0.0,0.0,0.0,16.99,0.55,0.0
20231029:2310,0.0,0.0,0.0,0.0,0.0,16.69,1.24,0.0
20231030:0010,0.0,0.0,0.0,0.0,0.0,16.99,0.97,0.0
20231030:0110,0.0,0.0,0.0,0.0,0.0,16.92,1.86,0.0
20231030:0210,0.0,0.0,0.0,0.0,0.0,16.88,2.41,0.0
20231030:0310,0.0,0.0,0.0,0.0,0.0,16.79,2.76,0.0
20231030:0410,0.0,0.0,0.0,0.0,0.0,16.77,2.97,0.0
20231030:0510,0.0,0.0,0.0,0.0,0.0,16.65,2.41,0.0
20231030:0610,0.0,0.0,0.0,0.0,0.0,16.7,2.21,0.0
20231030:0710,30.11,10.51,40.9,0.85,7.35,16.8,2.21,0.0
20231030:0810,110.94,27.69,119.43,2.55,17.61,17.44,2.34,0.0
20231030:0910,195.44,51.51,193.7,4.23,26.51,18.85,3.45,0.0
20231030:1010,663.24,671.89,155.77,9.75,33.35,20.45,3.45,0.0
20231030:1110,727.65,754.68,162.23,10.94,37.28,21.43,3.86,0.0
20231030:1210,738.09,770.76,158.72,11.09,37.61,22.29,4.48,0.0
20231030:1310,660.57,643.38,178.88,9.82,34.29,23.24,5.38,0.0
20231030:1410,567.59,557.17,143.01,8.05,27.9,23.49,5.79,0.0
20231030:1510,39.48,0.0,63.63,1.27,19.3,23.05,5.79,0.0
20231030:1610,4.22,0.0,14.54,0.29,9.25,22.8,5.1,0.0
20231030:1710,0.0,0.0,0.0,0.0,0.0,22.08,5.1,0.0
20231030:1810,0.0,0.0,0.0,0.0,0.0,21.74,6.21,0.0
20231030:1910,0.0,0.0,0.0,0.0,0.0,21.37,5.93,0.0
20231030:2010,0.0,0.0,0.0,0.0,0.0,20.66,5.45,0.0
20231030:2110,0.0,0.0,0.0,0.0,0.0,19.9,5.38,0.0
20231030:2210,0.0,0.0,0.0,0.0,0.0,19.19,4.0,0.0
20231030:2310,0.0,0.0,0.0,0.0,0.0,18.59,4.14,0.0
20231031:0010,0.0,0.0,0.0,0.0,0.0,18.34,4.28,0.0
20231031:0110,0.0,0.0,0.0,0.0,0.0,18.04,3.93,0.0
20231031:0210,0.0,0.0,0.0,0.0,0.0,17.74,3.38,0.0
20231031:0310,0.0,0.0,0.0,0.0,0.0,17.41,2.97,0.0
20231031:0410,0.0,0.0,0.0,0.0,0.0,17.02,2.34,0.0
20231031:0510,0.0,0.0,0.0,0.0,0.0,16.5,1.93,0.0
20231031:0610,0.0,0.0,0.0,0.0,0.0,16.42,1.52,0.0
20231031:0710,42.34,21.62,45.96,0.98,7.13,16.29,1.59,0.0
20231031:0810,132.67,44.82,127.49,2.8,17.36,16.83,1.52,0.0
20231031:0910,397.9,277.95,211.09,6.31,26.24,17.45,1.24,0.0
20231031:1010,234.73,54.34,240.47,5.21,33.05,19.01,0.83,0.0
20231031:1110,168.09,7.84,208.36,4.21,36.96,19.48,1.24,0.0
20231031:1210,247.08,46.98,262.59,5.61,37.29,19.75,1.59,0.0
20231031:1310,103.47,0.0,139.99,2.79,33.98,19.79,1.86,0.0
20231031:1410,92.84,0.0,127.26,2.53,27.62,19.69,2.28,0.0
20231031:1510,42.36,0.0,66.36,1.32,19.05,19.27,2.55,0.0
20231031:1610,18.41,0.0,35.45,0.71,9.02,18.69,2.28,0.0
20231031:1710,0.0,0.0,0.0,0.0,0.0,18.41,1.59,0.0
20231031:1810,0.0,0.0,0.0,0.0,0.0,18.3,1.24,0.0
20231031:1910,0.0,0.0,0.0,0.0,0.0,18.22,0.97,0.0
20231031:2010,0.0,0.0,0.0,0.0,0.0,18.07,0.9,0.0
20231031:2110,0.0,0.0,0.0,0.0,0.0,17.94,1.31,0.0
20231031:2210,0.0,0.0,0.0,0.0,0.0,18.06,0.62,0.0
20231031:2310,0.0,0.0,0.0,0.0,0.0,17.88,1.31,0.0
20231101:0010,0.0,0.0,0.0,0.0,0.0,17.62,2.34,0.0
20231101:0110,0.0,0.0,0.0,0.0,0.0,17.52,3.24,0.0
20231101:0210,0.0,0.0,0.0,0.0,0.0,17.3,3.38,0.0
20231101:0310,0.0,0.0,0.0,0.0,0.0,16.94,3.31,0.0
20231101:0410,0.0,0.0,0.0,0.0,0.0,16.55,3.24,0.0
20231101:0510,0.0,0.0,0.0,0.0,0.0,16.19,3.17,0.0
20231101:0610,0.0,0.0,0.0,0.0,0.0,15.85,2.9,0.0
20231101:0710,116.35,108.44,53.77,1.41,6.91,16.05,3.31,0.0
20231101:0810,362.32,338.21,104.32,4.59,17.12,17.74,3.66,0.0
20231101:0910,536.82,518.04,135.8,7.36,25.97,19.31,4.21,0.0
20231101:1010,664.11,673.92,146.47,9.53,32.75,20.83,4.69,0.0
20231101:1110,382.66,173.48,295.0,7.23,36.64,21.73,5.45,0.0
20231101:1210,168.93,7.87,209.28,4.23,36.97,22.1,6.21,0.0
20231101:1310,485.89,328.05,265.55,7.96,33.67,22.21,6.07,0.0
20231101:1410,573.3,573.81,130.65,7.94,27.34,22.53,5.66,0.0
20231101:1510,398.03,381.88,108.73,5.17,18.81,22.51,5.72,0.0
20231101:1610,153.78,140.19,68.12,1.94,8.8,21.88,6.0,0.0
20231101:1710,0.0,0.0,0.0,0.0,0.0,20.76,5.59,0.0
20231101:1810,0.0,0.0,0.0,0.0,0.0,20.35,4.9,0.0
20231101:1910,0.0,0.0,0.0,0.0,0.0,20.08,4.21,0.0
20231101:2010,0.0,0.0,0.0,0.0,0.0,19.79,3.72,0.0
20231101:2110,0.0,0.0,0.0,0.0,0.0,19.47,3.59,0.0
20231101:2210,0.0,0.0,0.0,0.0,0.0,19.47,3.93,0.0
20231101:2310,0.0,0.0,0.0,0.0,0.0,19.28,4.21,0.0
20231102:0010,0.0,0.0,0.0,0.0,0.0,19.11,4.41,0.0
20231102:0110,0.0,0.0,0.0,0.0,0.0,18.88,4.55,0.0
20231102:0210,0.0,0.0,0.0,0.0,0.0,18.52,4.83,0.0
20231102:0310,0.0,0.0,0.0,0.0,0.0,18.48,4.9,0.0
20231102:0410,0.0,0.0,0.0,0.0,0.0,18.23,5.17,0.0
20231102:0510,0.0,0.0,0.0,0.0,0.0,18.02,5.52,0.0
20231102:0610,0.0,0.0,0.0,0.0,0.0,17.99,5.93,0.0
20231102:0710,62.89,45.82,49.14,1.09,6.7,18.1,5.93,0.0
20231102:0810,88.62,15.29,106.23,2.21,16.88,19.27,6.0,0.0
20231102:0910,565.88,564.59,119.19,7.54,25.7,20.49,6.97,0.0
20231102:1010,347.29,160.23,263.87,6.46,32.45,22.15,7.45,0.0
20231102:1110,740.93,754.94,152.07,10.63,36.32,22.65,8.83,0.0
20231102:1210,753.81,772.79,148.58,10.8,36.65,23.05,9.86,0.0
20231102:1310,591.13,495.88,226.0,8.86,33.38,24.35,9.66,0.0
20231102:1410,497.63,425.14,183.82,7.2,27.07,25.07,9.38,0.0
20231102:1510,274.67,192.96,150.25,4.21,18.56,24.78,9.38,0.0
20231102:1610,77.54,50.32,63.62,1.43,8.58,24.42,8.83,0.0
20231102:1710,0.0,0.0,0.0,0.0,0.0,24.02,8.07,0.0
20231102:1810,0.0,0.0,0.0,0.0,0.0,22.67,8.48,0.0
20231102:1910,0.0,0.0,0.0,0.0,0.0,21.05,8.83,0.0
20231102:2010,0.0,0.0,0.0,0.0,0.0,19.59,8.62,0.0
20231102:2110,0.0,0.0,0.0,0.0,0.0,18.29,8.97,0.0
20231102:2210,0.0,0.0,0.0,0.0,0.0,17.83,8.76,0.0
20231102:2310,0.0,0.0,0.0,0.0,0.0,17.48,8.9,0.0
20231103:0010,0.0,0.0,0.0,0.0,0.0,16.93,9.24,0.0
20231103:0110,0.0,0.0,0.0,0.0,0.0,16.45,8.28,0.0
20231103:0210,0.0,0.0,0.0,0.0,0.0,16.01,7.45,0.0
20231103:0310,0.0,0.0,0.0,0.0,0.0,15.76,6.83,0.0
20231103:0410,0.0,0.0,0.0,0.0,0.0,15.64,6.97,0.0
20231103:0510,0.0,0.0,0.0,0.0,0.0,15.49,7.17,0.0
20231103:0610,0.0,0.0,0.0,0.0,0.0,15.36,7.38,0.0
20231103:0710,125.44,121.01,51.78,1.37,6.48,15.42,7.31,0.0
20231103:0810,373.2,342.35,104.94,4.54,16.64,16.22,6.9,0.0
20231103:0910,550.68,507.3,145.92,7.29,25.43,17.1,7.45,0.0
20231103:1010,558.45,426.71,242.0,8.36,32.16,18.16,6.62,0.0
20231103:1110,374.15,156.31,294.63,7.05,36.01,19.17,6.76,0.0
20231103:1210,169.66,7.96,207.5,4.2,36.34,19.84,7.59,0.0
20231103:1310,165.65,11.34,199.9,4.07,33.08,20.41,7.79,0.0
20231103:1410,104.56,1.69,139.31,2.79,26.81,21.09,7.86,0.0
20231103:1510,81.69,7.5,106.63,2.17,18.33,21.13,7.59,0.0
20231103:1610,28.7,5.15,44.49,0.9,8.37,20.63,6.9,0.0
20231103:1710,0.0,0.0,0.0,0.0,0.0,19.77,6.97,0.0
20231103:1810,0.0,0.0,0.0,0.0,0.0,19.0,6.69,0.0
20231103:1910,0.0,0.0,0.0,0.0,0.0,18.58,6.14,0.0
20231103:2010,0.0,0.0,0.0,0.0,0.0,18.22,5.79,0.0
20231103:2110,0.0,0.0,0.0,0.0,0.0,17.8,5.59,0.0
20231103:2210,0.0,0.0,0.0,0.0,0.0,17.48,5.31,0.0
20231103:2310,0.0,0.0,0.0,0.0,0.0,17.03,5.03,0.0
20231104:0010,0.0,0.0,0.0,0.0,0.0,16.67,5.03,0.0
20231104:0110,0.0,0.0,0.0,0.0,0.0,16.65,4.83,0.0
20231104:0210,0.0,0.0,0.0,0.0,0.0,16.47,4.69,0.0
20231104:0310,0.0,0.0,0.0,0.0,0.0,16.31,4.55,0.0
20231104:0410,0.0,0.0,0.0,0.0,0.0,16.21,4.55,0.0
20231104:0510,0.0,0.0,0.0,0.0,0.0,16.17,4.55,0.0
20231104:0610,0.0,0.0,0.0,0.0,0.0,16.03,4.55,0.0
20231104:0710,90.61,79.17,50.71,1.18,6.26,16.07,4.41,0.0
20231104:0810,352.33,322.94,105.08,4.34,16.4,17.28,4.62,0.0
20231104:0910,547.41,530.27,129.29,7.23,25.16,18.36,5.31,0.0
20231104:1010,673.59,680.12,142.01,9.37,31.87,19.72,5.66,0.0
20231104:1110,740.38,761.89,148.28,10.54,35.7,20.71,6.34,0.0
20231104:1210,504.56,323.47,289.8,8.36,36.03,21.35,6.55,0.0
20231104:1310,530.87,396.0,249.95,8.21,32.79,21.72,6.69,0.0
20231104:1410,569.88,562.71,131.9,7.69,26.55,21.93,6.62,0.0
20231104:1510,385.68,360.03,113.04,4.9,18.1,22.08,6.83,0.0
20231104:1610,142.92,129.05,65.85,1.75,8.16,21.73,6.55,0.0
20231104:1710,0.0,0.0,0.0,0.0,0.0,20.75,6.62,0.0
20231104:1810,0.0,0.0,0.0,0.0,0.0,20.2,6.55,0.0
20231104:1910,0.0,0.0,0.0,0.0,0.0,19.82,6.34,0.0
20231104:2010,0.0,0.0,0.0,0.0,0.0,19.59,6.41,0.0
20231104:2110,0.0,0.0,0.0,0.0,0.0,19.25,6.62,0.0
20231104:2210,0.0,0.0,0.0,0.0,0.0,19.24,6.14,0.0
20231104:2310,0.0,0.0,0.0,0.0,0.0,18.97,5.31,0.0
20231105:0010,0.0,0.0,0.0,0.0,0.0,19.2,4.21,0.0
20231105:0110,0.0,0.0,0.0,0.0,0.0,19.28,4.83,0.0
20231105:0210,0.0,0.0,0.0,0.0,0.0,18.8,6.14,0.0
20231105:0310,0.0,0.0,0.0,0.0,0.0,17.84,6.34,0.0
20231105:0410,0.0,0.0,0.0,0.0,0.0,16.95,6.07,0.0
20231105:0510,0.0,0.0,0.0,0.0,0.0,16.57,5.59,0.0
20231105:0610,0.0,0.0,0.0,0.0,0.0,16.0,4.97,0.0
20231105:0710,102.21,94.34,50.27,1.19,6.04,15.71,4.21,0.0
20231105:0810,362.9,336.72,104.56,4.39,16.16,16.79,3.86,0.0
20231105:0910,556.67,539.64,130.74,7.29,24.9,17.83,5.1,0.0
20231105:1010,688.13,697.56,142.38,9.49,31.58,19.0,5.38,0.0
20231105:1110,717.72,701.65,183.04,10.33,35.39,19.79,5.17,0.0
20231105:1210,733.28,737.49,170.19,10.54,35.72,20.41,5.24,0.0
20231105:1310,698.4,719.71,142.29,9.78,32.51,20.84,5.31,0.0
20231105:1410,576.0,571.97,133.27,7.74,26.29,20.91,5.03,0.0
20231105:1510,349.95,296.8,133.44,4.63,17.87,20.63,4.69,0.0
20231105:1610,149.65,137.46,65.26,1.75,7.96,20.15,4.14,0.0
20231105:1710,0.0,0.0,0.0,0.0,0.0,18.92,3.31,0.0
20231105:1810,0.0,0.0,0.0,0.0,0.0,17.99,3.31,0.0
20231105:1910,0.0,0.0,0.0,0.0,0.0,17.5,2.9,0.0
20231105:2010,0.0,0.0,0.0,0.0,0.0,17.24,2.55,0.0
20231105:2110,0.0,0.0,0.0,0.0,0.0,17.2,2.41,0.0
20231105:2210,0.0,0.0,0.0,0.0,0.0,16.39,2.76,0.0
20231105:2310,0.0,0.0,0.0,0.0,0.0,16.13,3.03,0.0
20231106:0010,0.0,0.0,0.0,0.0,0.0,15.88,2.83,0.0
20231106:0110,0.0,0.0,0.0,0.0,0.0,15.64,2.69,0.0
20231106:0210,0.0,0.0,0.0,0.0,0.0,15.47,2.48,0.0
20231106:0310,0.0,0.0,0.0,0.0,0.0,15.32,2.21,0.0
20231106:0410,0.0,0.0,0.0,0.0,0.0,14.85,2.34,0.0
20231106:0510,0.0,0.0,0.0,0.0,0.0,14.72,2.62,0.0
20231106:0610,0.0,0.0,0.0,0.0,0.0,14.56,2.9,0.0
20231106:0710,33.45,19.51,36.54,0.76,5.82,14.49,3.03,0.0
20231106:0810,150.53,66.15,125.04,2.82,15.92,15.36,3.1,0.0
20231106:0910,437.26,331.58,195.22,6.29,24.63,16.51,3.31,0.0
20231106:1010,599.14,516.05,213.14,8.63,31.29,17.72,4.0,0.0
20231106:1110,682.16,627.72,213.36,9.95,35.09,18.48,4.0,0.0
20231106:1210,660.7,582.89,234.07,9.82,35.42,19.04,3.79,0.0
20231106:1310,647.27,611.87,189.53,9.28,32.23,19.39,3.59,0.0
20231106:1410,565.34,553.63,140.95,7.61,26.04,19.58,3.59,0.0
20231106:1510,393.23,369.57,112.73,4.88,17.65,19.32,3.66,0.0
20231106:1610,147.34,135.18,64.23,1.7,7.76,19.25,3.52,0.0
20231106:1710,0.0,0.0,0.0,0.0,0.0,18.4,3.03,0.0
20231106:1810,0.0,0.0,0.0,0.0,0.0,17.74,3.24,0.0
20231106:1910,0.0,0.0,0.0,0.0,0.0,17.27,3.24,0.0
20231106:2010,0.0,0.0,0.0,0.0,0.0,16.7,3.03,0.0
20231106:2110,0.0,0.0,0.0,0.0,0.0,16.0,2.76,0.0
20231106:2210,0.0,0.0,0.0,0.0,0.0,15.4,3.03,0.0
20231106:2310,0.0,0.0,0.0,0.0,0.0,14.97,3.38,0.0
20231107:0010,0.0,0.0,0.0,0.0,0.0,14.54,3.72,0.0
20231107:0110,0.0,0.0,0.0,0.0,0.0,13.98,3.79,0.0
20231107:0210,0.0,0.0,0.0,0.0,0.0,13.5,3.79,0.0
20231107:0310,0.0,0.0,0.0,0.0,0.0,13.21,3.79,0.0
20231107:0410,0.0,0.0,0.0,0.0,0.0,13.04,3.59,0.0
20231107:0510,0.0,0.0,0.0,0.0,0.0,12.71,3.45,0.0
20231107:0610,0.0,0.0,0.0,0.0,0.0,12.51,3.45,0.0
20231107:0710,104.21,104.31,41.86,1.14,5.61,12.3,3.31,0.0
20231107:0810,366.08,334.78,106.04,4.3,15.68,13.81,3.1,0.0
20231107:0910,544.1,518.06,140.31,7.11,24.37,15.32,2.76,0.0
20231107:1010,672.77,697.91,143.76,9.4,31.0,16.8,1.93,0.0
20231107:1110,732.19,802.47,141.27,10.71,34.79,17.65,1.24,0.0
20231107:1210,728.95,774.95,157.43,10.65,35.13,17.94,1.66,0.0
20231107:1310,689.12,718.37,146.31,9.71,31.95,18.03,2.34,0.0
20231107:1410,588.56,595.96,127.86,7.79,25.79,18.17,2.97,0.0
20231107:1510,402.61,381.25,110.38,4.9,17.43,18.02,3.38,0.0
20231107:1610,148.32,135.55,63.64,1.66,7.57,17.73,4.0,0.0
20231107:1710,0.0,0.0,0.0,0.0,0.0,16.5,4.55,0.0
20231107:1810,0.0,0.0,0.0,0.0,0.0,15.67,4.28,0.0
20231107:1910,0.0,0.0,0.0,0.0,0.0,15.14,3.93,0.0
20231107:2010,0.0,0.0,0.0,0.0,0.0,14.81,3.52,0.0
20231107:2110,0.0,0.0,0.0,0.0,0.0,14.75,3.03,0.0
20231107:2210,0.0,0.0,0.0,0.0,0.0,14.17,2.69,0.0
20231107:2310,0.0,0.0,0.0,0.0,0.0,13.81,2.62,0.0
20231108:0010,0.0,0.0,0.0,0.0,0.0,13.39,2.34,0.0
20231108:0110,0.0,0.0,0.0,0.0,0.0,12.97,2.21,0.0
20231108:0210,0.0,0.0,0.0,0.0,0.0,12.73,2.48,0.0
20231108:0310,0.0,0.0,0.0,0.0,0.0,12.49,2.48,0.0
20231108:0410,0.0,0.0,0.0,0.0,0.0,12.28,2.55,0.0
20231108:0510,0.0,0.0,0.0,0.0,0.0,12.12,2.48,0.0
20231108:0610,0.0,0.0,0.0,0.0,0.0,11.98,2.69,0.0
20231108:0710,104.33,108.09,38.51,1.09,5.39,11.8,2.76,0.0
20231108:0810,246.6,170.46,129.26,3.45,15.45,12.98,2.55,0.0
20231108:0910,502.36,449.05,157.77,6.67,24.11,14.61,2.21,0.0
20231108:1010,408.82,236.87,258.38,6.84,30.72,16.28,2.28,0.0
20231108:1110,560.2,421.5,267.87,8.72,34.5,17.17,2.28,0.0
20231108:1210,453.03,261.91,290.56,7.74,34.84,17.71,2.62,0.0
20231108:1310,69.9,0.0,99.08,1.97,31.68,17.77,3.17,0.0
20231108:1410,37.58,0.0,60.0,1.19,25.55,17.76,3.79,0.0
20231108:1510,270.5,187.66,143.66,3.91,17.22,17.6,4.07,0.0
20231108:1610,69.35,46.25,54.97,1.19,7.38,17.26,4.55,0.0
20231108:1710,0.0,0.0,0.0,0.0,0.0,16.36,4.83,0.0
20231108:1810,0.0,0.0,0.0,0.0,0.0,15.71,5.03,0.0
20231108:1910,0.0,0.0,0.0,0.0,0.0,15.19,4.76,0.0
20231108:2010,0.0,0.0,0.0,0.0,0.0,14.81,4.41,0.0
20231108:2110,0.0,0.0,0.0,0.0,0.0,14.41,3.79,0.0
20231108:2210,0.0,0.0,0.0,0.0,0.0,13.93,3.17,0.0
20231108:2310,0.0,0.0,0.0,0.0,0.0,14.01,3.03,0.0
20231109:0010,0.0,0.0,0.0,0.0,0.0,13.67,3.1,0.0
20231109:0110,0.0,0.0,0.0,0.0,0.0,13.28,2.9,0.0
20231109:0210,0.0,0.0,0.0,0.0,0.0,12.98,2.41,0.0
20231109:0310,0.0,0.0,0.0,0.0,0.0,12.56,2.34,0.0
20231109:0410,0.0,0.0,0.0,0.0,0.0,12.51,2.69,0.0
20231109:0510,0.0,0.0,0.0,0.0,0.0,12.66,2.76,0.0
20231109:0610,0.0,0.0,0.0,0.0,0.0,12.9,2.62,0.0
20231109:0710,3.44,0.0,12.73,0.25,5.17,13.08,2.9,0.0
20231109:0810,359.83,334.73,98.96,4.12,15.21,14.11,3.31,0.0
20231109:0910,522.63,488.48,140.59,6.75,23.85,15.84,3.45,0.0
20231109:1010,651.49,654.15,149.17,8.93,30.44,18.0,3.24,0.0
20231109:1110,685.48,666.23,187.21,9.82,34.21,19.26,3.45,0.0
20231109:1210,508.35,339.03,282.04,8.21,34.55,20.06,4.34,0.0
20231109:1310,418.69,248.44,262.79,7.02,31.42,20.71,4.48,0.0
20231109:1410,499.54,436.57,175.01,6.87,25.32,20.98,4.48,0.0
20231109:1510,374.71,349.26,112.77,4.59,17.01,20.9,4.21,0.0
20231109:1610,41.96,20.72,46.87,0.98,7.2,20.59,3.31,0.0
20231109:1710,0.0,0.0,0.0,0.0,0.0,19.2,2.83,0.0
20231109:1810,0.0,0.0,0.0,0.0,0.0,18.36,3.03,0.0
20231109:1910,0.0,0.0,0.0,0.0,0.0,17.72,3.17,0.0
20231109:2010,0.0,0.0,0.0,0.0,0.0,17.31,3.17,0.0
20231109:2110,0.0,0.0,0.0,0.0,0.0,16.87,3.1,0.0
20231109:2210,0.0,0.0,0.0,0.0,0.0,16.43,2.9,0.0
20231109:2310,0.0,0.0,0.0,0.0,0.0,16.03,3.52,0.0
20231110:0010,0.0,0.0,0.0,0.0,0.0,15.86,3.59,0.0
20231110:0110,0.0,0.0,0.0,0.0,0.0,15.63,3.52,0.0
20231110:0210,0.0,0.0,0.0,0.0,0.0,15.49,3.45,0.0
20231110:0310,0.0,0.0,0.0,0.0,0.0,15.36,3.45,0.0
20231110:0410,0.0,0.0,0.0,0.0,0.0,15.51,2.97,0.0
20231110:0510,0.0,0.0,0.0,0.0,0.0,15.82,3.03,0.0
20231110:0610,0.0,0.0,0.0,0.0,0.0,16.03,3.72,0.0
20231110:0710,7.8,0.0,20.0,0.4,4.96,16.02,4.07,0.0
20231110:0810,318.79,277.84,110.15,3.82,14.98,16.77,4.48,0.0
20231110:0910,520.41,485.05,139.64,6.66,23.6,17.5,5.1,0.0
20231110:1010,654.13,659.86,144.65,8.88,30.17,18.56,3.79,0.0
20231110:1110,725.27,752.78,147.33,10.11,33.92,19.5,4.28,0.0
20231110:1210,714.14,723.08,164.34,10.06,34.27,20.19,4.41,0.0
20231110:1310,671.41,682.11,147.26,9.21,31.16,20.79,4.83,0.0
20231110:1410,559.41,553.56,130.98,7.29,25.09,21.01,5.03,0.0
20231110:1510,372.7,344.76,112.98,4.52,16.81,20.78,5.03,0.0
20231110:1610,123.51,112.11,58.79,1.43,7.03,20.52,4.69,0.0
20231110:1710,0.0,0.0,0.0,0.0,0.0,19.73,4.34,0.0
20231110:1810,0.0,0.0,0.0,0.0,0.0,19.22,4.14,0.0
20231110:1910,0.0,0.0,0.0,0.0,0.0,18.63,4.28,0.0
20231110:2010,0.0,0.0,0.0,0.0,0.0,18.01,4.07,0.0
20231110:2110,0.0,0.0,0.0,0.0,0.0,17.37,3.86,0.0
20231110:2210,0.0,0.0,0.0,0.0,0.0,17.22,2.21,0.0
20231110:2310,0.0,0.0,0.0,0.0,0.0,17.29,2.97,0.0
20231111:0010,0.0,0.0,0.0,0.0,0.0,17.27,2.97,0.0
20231111:0110,0.0,0.0,0.0,0.0,0.0,17.06,3.1,0.0
20231111:0210,0.0,0.0,0.0,0.0,0.0,16.9,3.38,0.0
20231111:0310,0.0,0.0,0.0,0.0,0.0,16.53,3.45,0.0
20231111:0410,0.0,0.0,0.0,0.0,0.0,16.33,3.79,0.0
20231111:0510,0.0,0.0,0.0,0.0,0.0,16.27,4.34,0.0
20231111:0610,0.0,0.0,0.0,0.0,0.0,16.34,4.69,0.0
20231111:0710,65.07,66.51,32.97,0.81,4.75,16.6,4.97,0.0
20231111:0810,305.53,264.25,109.14,3.67,14.74,18.05,5.52,0.0
20231111:0910,476.54,417.7,156.68,6.26,23.35,19.54,6.07,0.0
20231111:1010,644.32,641.64,145.43,8.66,29.9,21.28,6.41,0.0
20231111:1110,713.33,733.53,148.16,9.87,33.64,22.35,6.41,0.0
20231111:1210,700.76,705.3,163.74,9.82,34.0,22.99,6.28,0.0
20231111:1310,644.72,640.18,157.4,8.88,30.9,23.46,6.21,0.0
20231111:1410,491.79,437.33,167.29,6.69,24.86,23.56,6.0,0.0
20231111:1510,266.74,197.55,136.34,3.78,16.62,23.22,5.86,0.0
20231111:1610,63.96,46.53,50.39,1.09,6.86,22.63,5.38,0.0
20231111:1710,0.0,0.0,0.0,0.0,0.0,21.57,5.59,0.0
20231111:1810,0.0,0.0,0.0,0.0,0.0,21.03,6.07,0.0
20231111:1910,0.0,0.0,0.0,0.0,0.0,20.54,6.28,0.0
20231111:2010,0.0,0.0,0.0,0.0,0.0,20.09,6.34,0.0
20231111:2110,0.0,0.0,0.0,0.0,0.0,19.53,6.41,0.0
20231111:2210,0.0,0.0,0.0,0.0,0.0,19.46,6.07,0.0
20231111:2310,0.0,0.0,0.0,0.0,0.0,19.24,6.48,0.0
20231112:0010,0.0,0.0,0.0,0.0,0.0,19.23,7.1,0.0
20231112:0110,0.0,0.0,0.0,0.0,0.0,19.25,7.59,0.0
20231112:0210,0.0,0.0,0.0,0.0,0.0,19.11,7.59,0.0
20231112:0310,0.0,0.0,0.0,0.0,0.0,19.08,7.38,0.0
20231112:0410,0.0,0.0,0.0,0.0,0.0,18.86,7.03,0.0
20231112:0510,0.0,0.0,0.0,0.0,0.0,18.82,6.69,0.0
20231112:0610,0.0,0.0,0.0,0.0,0.0,18.69,6.41,0.0
20231112:0710,15.13,8.16,23.56,0.49,4.53,18.5,6.07,0.0
20231112:0810,329.37,302.08,102.12,3.8,14.51,19.19,5.31,0.0
20231112:0910,503.16,463.22,146.02,6.46,23.09,19.71,5.45,0.0
20231112:1010,625.44,609.38,164.46,8.55,29.63,20.94,4.21,0.0
20231112:1110,726.41,769.32,141.05,10.09,33.36,21.67,4.48,0.0
20231112:1210,704.49,720.73,164.08,9.93,33.73,22.4,4.41,0.0
20231112:1310,666.63,698.47,139.67,9.17,30.66,22.56,3.86,0.0
20231112:1410,547.95,552.23,130.72,7.18,24.64,22.91,3.72,0.0
20231112:1510,360.05,337.34,112.1,4.38,16.43,22.83,3.72,0.0
20231112:1610,116.81,107.96,56.5,1.34,6.69,22.47,3.45,0.0
20231112:1710,0.0,0.0,0.0,0.0,0.0,21.4,3.1,0.0
20231112:1810,0.0,0.0,0.0,0.0,0.0,20.64,2.97,0.0
20231112:1910,0.0,0.0,0.0,0.0,0.0,20.12,2.97,0.0
20231112:2010,0.0,0.0,0.0,0.0,0.0,19.6,2.9,0.0
20231112:2110,0.0,0.0,0.0,0.0,0.0,19.03,2.83,0.0
20231112:2210,0.0,0.0,0.0,0.0,0.0,18.24,2.55,0.0
20231112:2310,0.0,0.0,0.0,0.0,0.0,18.0,2.83,0.0
20231113:0010,0.0,0.0,0.0,0.0,0.0,17.77,2.9,0.0
20231113:0110,0.0,0.0,0.0,0.0,0.0,17.32,2.9,0.0
20231113:0210,0.0,0.0,0.0,0.0,0.0,16.81,2.97,0.0
20231113:0310,0.0,0.0,0.0,0.0,0.0,16.4,3.1,0.0
20231113:0410,0.0,0.0,0.0,0.0,0.0,16.35,3.45,0.0
20231113:0510,0.0,0.0,0.0,0.0,0.0,16.21,3.59,0.0
20231113:0610,0.0,0.0,0.0,0.0,0.0,16.2,3.66,0.0
20231113:0710,53.72,55.37,29.59,0.71,4.32,16.26,3.86,0.0
20231113:0810,331.89,305.89,100.51,3.76,14.28,17.66,4.0,0.0
20231113:0910,509.83,481.64,138.81,6.47,22.85,18.75,3.86,0.0
20231113:1010,634.43,645.96,148.49,8.64,29.36,20.85,3.03,0.0
20231113:1110,697.25,770.06,140.26,10.04,33.09,22.97,1.72,0.0
20231113:1210,679.46,734.58,157.28,9.93,33.46,22.5,1.17,0.0
20231113:1310,640.22,680.07,146.15,9.02,30.41,22.19,1.52,0.0
20231113:1410,539.97,552.35,131.36,7.14,24.43,22.38,1.86,0.0
20231113:1510,362.43,342.75,111.97,4.38,16.24,22.16,2.34,0.0
20231113:1610,119.01,110.5,56.18,1.32,6.53,21.33,2.76,0.0
20231113:1710,0.0,0.0,0.0,0.0,0.0,20.84,2.55,0.0
20231113:1810,0.0,0.0,0.0,0.0,0.0,20.52,2.14,0.0
20231113:1910,0.0,0.0,0.0,0.0,0.0,19.58,2.21,0.0
20231113:2010,0.0,0.0,0.0,0.0,0.0,18.66,2.34,0.0
20231113:2110,0.0,0.0,0.0,0.0,0.0,18.13,2.48,0.0
20231113:2210,0.0,0.0,0.0,0.0,0.0,18.05,3.03,0.0
20231113:2310,0.0,0.0,0.0,0.0,0.0,17.86,3.24,0.0
20231114:0010,0.0,0.0,0.0,0.0,0.0,17.26,3.31,0.0
20231114:0110,0.0,0.0,0.0,0.0,0.0,16.78,3.31,0.0
20231114:0210,0.0,0.0,0.0,0.0,0.0,16.48,3.45,0.0
20231114:0310,0.0,0.0,0.0,0.0,0.0,16.47,3.59,0.0
20231114:0410,0.0,0.0,0.0,0.0,0.0,16.31,3.59,0.0
20231114:0510,0.0,0.0,0.0,0.0,0.0,16.07,3.52,0.0
20231114:0610,0.0,0.0,0.0,0.0,0.0,15.97,3.59,0.0
20231114:0710,21.06,17.82,22.63,0.49,4.11,15.83,3.45,0.0
20231114:0810,316.07,281.0,105.48,3.62,14.06,16.58,3.45,0.0
20231114:0910,354.01,238.95,192.04,5.28,22.6,18.25,3.03,0.0
20231114:1010,620.91,620.21,158.43,8.48,29.1,20.95,2.83,0.0
20231114:1110,659.64,670.79,180.25,9.53,32.82,23.66,2.28,0.0
20231114:1210,644.18,628.55,201.57,9.44,33.2,23.83,2.28,0.0
20231114:1310,648.6,687.31,144.4,9.02,30.18,23.91,2.62,0.0
20231114:1410,536.0,543.25,132.68,7.03,24.22,24.05,2.97,0.0
20231114:1510,341.68,310.44,118.67,4.2,16.07,23.78,3.59,0.0
20231114:1610,108.62,99.79,54.75,1.25,6.38,23.0,3.59,0.0
20231114:1710,0.0,0.0,0.0,0.0,0.0,21.97,2.97,0.0
20231114:1810,0.0,0.0,0.0,0.0,0.0,21.11,2.69,0.0
20231114:1910,0.0,0.0,0.0,0.0,0.0,20.23,3.03,0.0
20231114:2010,0.0,0.0,0.0,0.0,0.0,19.88,3.72,0.0
20231114:2110,0.0,0.0,0.0,0.0,0.0,19.74,4.14,0.0
20231114:2210,0.0,0.0,0.0,0.0,0.0,20.06,4.62,0.0
20231114:2310,0.0,0.0,0.0,0.0,0.0,20.07,4.97,0.0
20231115:0010,0.0,0.0,0.0,0.0,0.0,19.88,5.1,0.0
20231115:0110,0.0,0.0,0.0,0.0,0.0,19.46,4.9,0.0
20231115:0210,0.0,0.0,0.0,0.0,0.0,18.97,4.34,0.0
20231115:0310,0.0,0.0,0.0,0.0,0.0,18.16,4.07,0.0
20231115:0410,0.0,0.0,0.0,0.0,0.0,17.43,3.72,0.0
20231115:0510,0.0,0.0,0.0,0.0,0.0,17.11,3.31,0.0
20231115:0610,0.0,0.0,0.0,0.0,0.0,16.62,3.1,0.0
20231115:0710,47.51,51.4,25.91,0.61,3.9,16.43,3.03,0.0
20231115:0810,320.8,295.78,99.49,3.6,13.83,17.63,2.9,0.0
20231115:0910,508.66,504.14,126.59,6.42,22.36,19.06,1.93,0.0
20231115:1010,613.85,644.92,145.49,8.5,28.84,20.51,0.9,0.0
20231115:1110,687.52,737.31,148.01,9.71,32.56,20.64,1.66,0.0
20231115:1210,677.76,709.87,163.8,9.68,32.95,20.64,1.52,0.0
20231115:1310,639.84,670.24,146.65,8.84,29.95,20.7,1.66,0.0
20231115:1410,535.74,535.8,132.66,6.93,24.02,20.63,2.28,0.0
20231115:1510,355.59,330.37,110.38,4.2,15.89,20.19,2.76,0.0
20231115:1610,108.45,98.7,53.71,1.21,6.23,19.54,2.34,0.0
20231115:1710,0.0,0.0,0.0,0.0,0.0,18.86,1.38,0.0
20231115:1810,0.0,0.0,0.0,0.0,0.0,18.22,1.17,0.0
20231115:1910,0.0,0.0,0.0,0.0,0.0,17.45,1.52,0.0
20231115:2010,0.0,0.0,0.0,0.0,0.0,16.78,1.93,0.0
20231115:2110,0.0,0.0,0.0,0.0,0.0,16.32,2.34,0.0
20231115:2210,0.0,0.0,0.0,0.0,0.0,16.13,2.28,0.0
20231115:2310,0.0,0.0,0.0,0.0,0.0,15.7,2.07,0.0
20231116:0010,0.0,0.0,0.0,0.0,0.0,15.55,2.0,0.0
20231116:0110,0.0,0.0,0.0,0.0,0.0,15.28,1.86,0.0
20231116:0210,0.0,0.0,0.0,0.0,0.0,14.97,1.72,0.0
20231116:0310,0.0,0.0,0.0,0.0,0.0,14.65,1.66,0.0
20231116:0410,0.0,0.0,0.0,0.0,0.0,14.45,1.66,0.0
20231116:0510,0.0,0.0,0.0,0.0,0.0,14.27,1.66,0.0
20231116:0610,0.0,0.0,0.0,0.0,0.0,14.1,1.86,0.0
20231116:0710,21.09,19.64,20.86,0.45,3.7,14.14,2.0,0.0
20231116:0810,197.6,131.62,115.1,2.82,13.61,15.27,2.0,0.0
20231116:0910,496.08,475.78,134.82,6.24,22.12,17.05,1.59,0.0
20231116:1010,566.98,509.45,194.2,7.87,28.59,18.74,2.21,0.0
20231116:1110,354.22,166.02,269.44,6.47,32.3,19.86,2.76,0.0
20231116:1210,652.15,617.86,199.24,9.22,32.7,20.92,3.31,0.0
20231116:1310,541.08,446.91,222.74,7.81,29.72,21.64,3.79,0.0
20231116:1410,320.63,192.74,203.04,5.19,23.83,21.91,4.14,0.0
20231116:1510,353.46,327.08,110.61,4.14,15.73,21.39,4.07,0.0
20231116:1610,59.85,45.26,45.9,0.96,6.09,20.36,3.79,0.0
20231116:1710,0.0,0.0,0.0,0.0,0.0,19.56,3.31,0.0
20231116:1810,0.0,0.0,0.0,0.0,0.0,19.37,2.83,0.0
20231116:1910,0.0,0.0,0.0,0.0,0.0,18.84,2.83,0.0
20231116:2010,0.0,0.0,0.0,0.0,0.0,18.7,3.1,0.0
20231116:2110,0.0,0.0,0.0,0.0,0.0,19.16,3.24,0.0
20231116:2210,0.0,0.0,0.0,0.0,0.0,18.52,3.24,0.0
20231116:2310,0.0,0.0,0.0,0.0,0.0,18.04,3.31,0.0
20231117:0010,0.0,0.0,0.0,0.0,0.0,17.64,3.86,0.0
20231117:0110,0.0,0.0,0.0,0.0,0.0,17.32,4.0,0.0
20231117:0210,0.0,0.0,0.0,0.0,0.0,17.08,3.66,0.0
20231117:0310,0.0,0.0,0.0,0.0,0.0,16.9,3.59,0.0
20231117:0410,0.0,0.0,0.0,0.0,0.0,16.59,3.38,0.0
20231117:0510,0.0,0.0,0.0,0.0,0.0,16.2,3.17,0.0
20231117:0610,0.0,0.0,0.0,0.0,0.0,15.93,2.97,0.0
20231117:0710,24.81,25.87,20.42,0.45,3.49,15.81,2.83,0.0
20231117:0810,306.23,278.11,98.9,3.4,13.39,16.84,2.62,0.0
20231117:0910,494.97,483.23,129.05,6.19,21.88,18.22,1.66,0.0
20231117:1010,608.25,648.94,138.46,8.36,28.34,20.63,0.62,0.0
20231117:1110,679.85,722.54,149.65,9.49,32.05,20.47,1.72,0.0
20231117:1210,686.08,722.13,153.17,9.57,32.46,20.75,2.21,0.0
20231117:1310,644.19,665.15,144.58,8.68,29.5,20.71,2.76,0.0
20231117:1410,525.04,505.44,139.76,6.67,23.64,20.34,3.66,0.0
20231117:1510,350.36,319.33,110.27,4.05,15.57,19.48,4.28,0.0
20231117:1610,98.49,89.03,50.07,1.1,5.96,18.39,3.72,0.0
20231117:1710,0.0,0.0,0.0,0.0,0.0,17.49,2.83,0.0
20231117:1810,0.0,0.0,0.0,0.0,0.0,17.16,2.41,0.0
20231117:1910,0.0,0.0,0.0,0.0,0.0,16.96,1.86,0.0
20231117:2010,0.0,0.0,0.0,0.0,0.0,16.73,1.52,0.0
20231117:2110,0.0,0.0,0.0,0.0,0.0,16.28,1.38,0.0
20231117:2210,0.0,0.0,0.0,0.0,0.0,15.93,1.72,0.0
20231117:2310,0.0,0.0,0.0,0.0,0.0,15.71,1.86,0.0
20231118:0010,0.0,0.0,0.0,0.0,0.0,15.38,2.07,0.0
20231118:0110,0.0,0.0,0.0,0.0,0.0,15.06,2.0,0.0
20231118:0210,0.0,0.0,0.0,0.0,0.0,15.13,2.0,0.0
20231118:0310,0.0,0.0,0.0,0.0,0.0,15.12,1.93,0.0
20231118:0410,0.0,0.0,0.0,0.0,0.0,15.06,2.14,0.0
20231118:0510,0.0,0.0,0.0,0.0,0.0,14.89,2.14,0.0
20231118:0610,0.0,0.0,0.0,0.0,0.0,14.72,2.07,0.0
20231118:0710,32.82,38.27,19.38,0.45,3.29,14.54,1.86,0.0
20231118:0810,286.33,249.1,102.94,3.24,13.17,15.36,1.93,0.0
20231118:0910,474.97,446.48,139.04,5.97,21.65,16.92,1.24,0.0
20231118:1010,607.81,636.64,141.08,8.23,28.09,18.56,0.62,0.0
20231118:1110,669.17,719.26,148.59,9.4,31.8,18.88,0.69,0.0
20231118:1210,678.83,706.7,158.33,9.44,32.22,19.27,1.72,0.0
20231118:1310,642.97,663.34,143.57,8.61,29.29,19.43,2.34,0.0
20231118:1410,512.15,484.21,145.38,6.53,23.45,19.35,2.9,0.0
20231118:1510,340.19,304.82,113.34,3.96,15.41,18.95,3.31,0.0
20231118:1610,96.12,87.38,48.83,1.07,5.83,18.22,3.17,0.0
20231118:1710,0.0,0.0,0.0,0.0,0.0,17.35,2.14,0.0
20231118:1810,0.0,0.0,0.0,0.0,0.0,16.51,1.52,0.0
20231118:1910,0.0,0.0,0.0,0.0,0.0,16.26,1.31,0.0
20231118:2010,0.0,0.0,0.0,0.0,0.0,15.83,1.1,0.0
20231118:2110,0.0,0.0,0.0,0.0,0.0,15.47,0.97,0.0
20231118:2210,0.0,0.0,0.0,0.0,0.0,15.26,1.38,0.0
20231118:2310,0.0,0.0,0.0,0.0,0.0,14.97,1.38,0.0
20231119:0010,0.0,0.0,0.0,0.0,0.0,14.76,1.31,0.0
20231119:0110,0.0,0.0,0.0,0.0,0.0,14.24,1.45,0.0
20231119:0210,0.0,0.0,0.0,0.0,0.0,13.96,1.52,0.0
20231119:0310,0.0,0.0,0.0,0.0,0.0,13.59,1.59,0.0
20231119:0410,0.0,0.0,0.0,0.0,0.0,13.52,1.79,0.0
20231119:0510,0.0,0.0,0.0,0.0,0.0,13.25,1.66,0.0
20231119:0610,0.0,0.0,0.0,0.0,0.0,13.1,1.52,0.0
20231119:0710,29.48,34.77,18.07,0.42,3.08,12.95,1.45,0.0
20231119:0810,309.77,280.6,99.46,3.35,12.95,13.84,1.03,0.0
20231119:0910,480.09,457.6,139.55,6.02,21.42,14.96,0.07,0.0
20231119:1010,632.37,659.99,139.06,8.37,27.85,16.69,0.97,0.0
20231119:1110,693.36,726.31,151.09,9.46,31.56,17.74,1.79,0.0
20231119:1210,684.4,684.12,174.1,9.39,31.99,18.3,2.48,0.0
20231119:1310,666.17,689.79,138.72,8.75,29.08,18.44,2.9,0.0
20231119:1410,540.15,526.85,135.68,6.73,23.28,18.52,2.97,0.0
20231119:1510,346.63,311.94,114.87,4.0,15.26,18.34,2.48,0.0
20231119:1610,103.35,100.46,45.13,1.1,5.7,17.83,1.79,0.0
20231119:1710,0.0,0.0,0.0,0.0,0.0,17.04,0.69,0.0
20231119:1810,0.0,0.0,0.0,0.0,0.0,15.92,0.14,0.0
20231119:1910,0.0,0.0,0.0,0.0,0.0,15.81,0.69,0.0
20231119:2010,0.0,0.0,0.0,0.0,0.0,15.55,1.17,0.0
20231119:2110,0.0,0.0,0.0,0.0,0.0,15.41,1.38,0.0
20231119:2210,0.0,0.0,0.0,0.0,0.0,14.28,1.38,0.0
20231119:2310,0.0,0.0,0.0,0.0,0.0,14.26,1.24,0.0
20231120:0010,0.0,0.0,0.0,0.0,0.0,14.22,1.52,0.0
20231120:0110,0.0,0.0,0.0,0.0,0.0,14.05,1.79,0.0
20231120:0210,0.0,0.0,0.0,0.0,0.0,13.93,1.93,0.0
20231120:0310,0.0,0.0,0.0,0.0,0.0,13.57,2.14,0.0
20231120:0410,0.0,0.0,0.0,0.0,0.0,13.33,2.28,0.0
20231120:0510,0.0,0.0,0.0,0.0,0.0,13.14,2.21,0.0
20231120:0610,0.0,0.0,0.0,0.0,0.0,12.94,1.93,0.0
20231120:0710,7.01,6.16,13.11,0.27,2.88,12.81,1.72,0.0
20231120:0810,92.08,33.44,90.43,1.92,12.74,14.06,1.31,0.0
20231120:0910,413.6,341.85,167.07,5.46,21.19,15.79,0.55,0.0
20231120:1010,619.38,625.83,147.28,8.12,27.62,16.5,1.45,0.0
20231120:1110,697.31,719.39,151.19,9.35,31.32,17.21,2.48,0.0
20231120:1210,669.29,638.63,188.84,9.11,31.77,17.85,3.24,0.0
20231120:1310,494.56,363.56,236.58,7.22,28.88,18.19,3.72,0.0
20231120:1410,480.63,412.25,170.08,6.2,23.1,18.46,4.07,0.0
20231120:1510,342.4,301.36,115.47,3.91,15.12,17.92,4.41,0.0
20231120:1610,41.47,30.41,36.29,0.78,5.58,17.02,4.07,0.0
20231120:1710,0.0,0.0,0.0,0.0,0.0,16.24,3.24,0.0
20231120:1810,0.0,0.0,0.0,0.0,0.0,15.61,2.34,0.0
20231120:1910,0.0,0.0,0.0,0.0,0.0,15.14,1.52,0.0
20231120:2010,0.0,0.0,0.0,0.0,0.0,14.77,0.97,0.0
20231120:2110,0.0,0.0,0.0,0.0,0.0,14.85,0.76,0.0
20231120:2210,0.0,0.0,0.0,0.0,0.0,14.4,1.1,0.0
20231120:2310,0.0,0.0,0.0,0.0,0.0,14.04,1.1,0.0
20231121:0010,0.0,0.0,0.0,0.0,0.0,13.8,1.17,0.0
20231121:0110,0.0,0.0,0.0,0.0,0.0,13.7,1.45,0.0
20231121:0210,0.0,0.0,0.0,0.0,0.0,13.66,1.66,0.0
20231121:0310,0.0,0.0,0.0,0.0,0.0,13.65,2.07,0.0
20231121:0410,0.0,0.0,0.0,0.0,0.0,13.65,2.34,0.0
20231121:0510,0.0,0.0,0.0,0.0,0.0,13.47,2.34,0.0
20231121:0610,0.0,0.0,0.0,0.0,0.0,13.38,2.34,0.0
20231121:0710,20.67,26.33,14.39,0.33,2.69,13.13,2.28,0.0
20231121:0810,105.19,45.97,93.18,2.01,12.53,14.51,2.14,0.0
20231121:0910,254.3,133.82,178.05,4.23,20.97,15.97,1.52,0.0
20231121:1010,621.21,622.06,147.62,8.05,27.38,17.19,2.21,0.0
20231121:1110,688.24,726.36,146.45,9.31,31.09,17.87,1.66,0.0
20231121:1210,653.16,660.82,178.95,9.15,31.55,18.41,0.83,0.0
20231121:1310,629.44,678.77,140.46,8.59,28.69,18.89,0.21,0.0
20231121:1410,515.14,519.78,134.67,6.58,22.94,19.11,0.34,0.0
20231121:1510,344.81,324.04,108.76,3.94,14.98,18.85,0.48,0.0
20231121:1610,101.08,100.91,42.73,1.05,5.47,18.39,0.69,0.0
20231121:1710,0.0,0.0,0.0,0.0,0.0,16.55,0.76,0.0
20231121:1810,0.0,0.0,0.0,0.0,0.0,15.83,0.34,0.0
20231121:1910,0.0,0.0,0.0,0.0,0.0,16.02,1.79,0.0
20231121:2010,0.0,0.0,0.0,0.0,0.0,15.34,2.48,0.0
20231121:2110,0.0,0.0,0.0,0.0,0.0,15.03,3.45,0.0
20231121:2210,0.0,0.0,0.0,0.0,0.0,15.89,3.59,0.0
20231121:2310,0.0,0.0,0.0,0.0,0.0,15.46,3.86,0.0
20231122:0010,0.0,0.0,0.0,0.0,0.0,15.11,4.21,0.0
20231122:0110,0.0,0.0,0.0,0.0,0.0,14.69,4.34,0.0
20231122:0210,0.0,0.0,0.0,0.0,0.0,14.34,4.34,0.0
20231122:0310,0.0,0.0,0.0,0.0,0.0,13.91,4.41,0.0
20231122:0410,0.0,0.0,0.0,0.0,0.0,13.63,4.34,0.0
20231122:0510,0.0,0.0,0.0,0.0,0.0,13.32,4.07,0.0
20231122:0610,0.0,0.0,0.0,0.0,0.0,13.12,4.14,0.0
20231122:0710,16.26,21.18,13.08,0.29,2.49,12.88,4.28,0.0
20231122:0810,312.32,279.39,97.36,3.2,12.32,13.68,4.28,0.0
20231122:0910,515.7,487.66,128.7,6.0,20.75,15.14,4.07,0.0
20231122:1010,651.48,663.76,136.76,8.25,27.16,16.78,3.03,0.0
20231122:1110,715.08,761.53,139.03,9.51,30.86,17.85,2.34,0.0
20231122:1210,684.75,716.5,162.76,9.42,31.34,18.37,1.17,0.0
20231122:1310,644.4,685.64,142.94,8.64,28.5,18.82,0.83,0.0
20231122:1410,543.99,549.67,130.45,6.75,22.78,18.87,1.52,0.0
20231122:1510,352.11,322.21,112.05,3.94,14.85,18.46,2.34,0.0
20231122:1610,106.41,106.95,42.28,1.05,5.36,17.71,2.9,0.0
20231122:1710,0.0,0.0,0.0,0.0,0.0,16.64,2.69,0.0
20231122:1810,0.0,0.0,0.0,0.0,0.0,15.85,2.62,0.0
20231122:1910,0.0,0.0,0.0,0.0,0.0,15.82,2.0,0.0
20231122:2010,0.0,0.0,0.0,0.0,0.0,15.59,1.59,0.0
20231122:2110,0.0,0.0,0.0,0.0,0.0,14.75,2.28,0.0
20231122:2210,0.0,0.0,0.0,0.0,0.0,14.26,4.83,0.0
20231122:2310,0.0,0.0,0.0,0.0,0.0,13.72,4.34,0.0
20231123:0010,0.0,0.0,0.0,0.0,0.0,13.33,3.52,0.0
20231123:0110,0.0,0.0,0.0,0.0,0.0,13.12,2.69,0.0
20231123:0210,0.0,0.0,0.0,0.0,0.0,12.52,2.48,0.0
20231123:0310,0.0,0.0,0.0,0.0,0.0,12.05,2.48,0.0
20231123:0410,0.0,0.0,0.0,0.0,0.0,11.67,2.69,0.0
20231123:0510,0.0,0.0,0.0,0.0,0.0,11.49,2.76,0.0
20231123:0610,0.0,0.0,0.0,0.0,0.0,11.25,2.76,0.0
20231123:0710,16.04,22.83,11.16,0.25,2.3,11.06,2.97,0.0
20231123:0810,311.55,278.05,96.5,3.15,12.11,11.83,3.1,0.0
20231123:0910,506.95,477.23,131.38,5.91,20.53,13.74,2.55,0.0
20231123:1010,641.01,645.34,141.93,8.1,26.93,15.99,2.62,0.0
20231123:1110,705.16,750.9,143.33,9.42,30.64,16.99,1.59,0.0
20231123:1210,676.98,702.05,167.95,9.31,31.13,17.41,0.83,0.0
20231123:1310,651.09,687.06,142.07,8.61,28.32,17.65,1.03,0.0
20231123:1410,530.93,514.09,141.05,6.55,22.63,17.67,1.93,0.0
20231123:1510,346.44,308.9,115.23,3.87,14.73,17.42,2.76,0.0
20231123:1610,101.59,101.0,41.58,1.01,5.26,16.73,3.1,0.0
20231123:1710,0.0,0.0,0.0,0.0,0.0,15.57,2.14,0.0
20231123:1810,0.0,0.0,0.0,0.0,0.0,14.21,1.59,0.0
20231123:1910,0.0,0.0,0.0,0.0,0.0,14.1,1.72,0.0
20231123:2010,0.0,0.0,0.0,0.0,0.0,13.27,2.07,0.0
20231123:2110,0.0,0.0,0.0,0.0,0.0,12.81,2.41,0.0
20231123:2210,0.0,0.0,0.0,0.0,0.0,12.7,2.97,0.0
20231123:2310,0.0,0.0,0.0,0.0,0.0,12.33,2.21,0.0
20231124:0010,0.0,0.0,0.0,0.0,0.0,11.74,2.14,0.0
20231124:0110,0.0,0.0,0.0,0.0,0.0,11.2,2.48,0.0
20231124:0210,0.0,0.0,0.0,0.0,0.0,10.73,2.76,0.0
20231124:0310,0.0,0.0,0.0,0.0,0.0,10.34,2.83,0.0
20231124:0410,0.0,0.0,0.0,0.0,0.0,10.08,2.83,0.0
20231124:0510,0.0,0.0,0.0,0.0,0.0,10.04,2.62,0.0
20231124:0610,0.0,0.0,0.0,0.0,0.0,9.91,2.41,0.0
20231124:0710,1.56,0.0,9.09,0.18,2.1,9.83,2.62,0.0
20231124:0810,314.6,281.65,96.33,3.13,11.91,11.15,2.62,0.0
20231124:0910,510.92,482.67,131.17,5.91,20.32,13.11,2.21,0.0
20231124:1010,642.36,641.39,146.68,8.08,26.72,15.53,2.55,0.0
20231124:1110,712.17,748.98,146.7,9.4,30.43,17.02,2.14,0.0
20231124:1210,698.98,724.59,161.57,9.4,30.93,17.99,1.86,0.0
20231124:1310,664.97,693.84,141.56,8.63,28.14,18.68,2.28,0.0
20231124:1410,550.42,549.93,131.48,6.69,22.48,19.37,2.62,0.0
20231124:1510,360.71,334.2,111.65,3.96,14.61,19.61,2.9,0.0
20231124:1610,108.51,111.18,41.63,1.03,5.17,19.26,3.24,0.0
20231124:1710,0.0,0.0,0.0,0.0,0.0,17.64,3.45,0.0
20231124:1810,0.0,0.0,0.0,0.0,0.0,16.75,3.17,0.0
20231124:1910,0.0,0.0,0.0,0.0,0.0,16.24,3.03,0.0
20231124:2010,0.0,0.0,0.0,0.0,0.0,15.59,3.1,0.0
20231124:2110,0.0,0.0,0.0,0.0,0.0,14.93,3.31,0.0
20231124:2210,0.0,0.0,0.0,0.0,0.0,14.45,3.24,0.0
20231124:2310,0.0,0.0,0.0,0.0,0.0,14.32,3.79,0.0
20231125:0010,0.0,0.0,0.0,0.0,0.0,14.09,4.0,0.0
20231125:0110,0.0,0.0,0.0,0.0,0.0,13.93,4.14,0.0
20231125:0210,0.0,0.0,0.0,0.0,0.0,13.92,4.48,0.0
20231125:0310,0.0,0.0,0.0,0.0,0.0,13.64,4.55,0.0
20231125:0410,0.0,0.0,0.0,0.0,0.0,13.41,4.41,0.0
20231125:0510,0.0,0.0,0.0,0.0,0.0,13.15,4.28,0.0
20231125:0610,0.0,0.0,0.0,0.0,0.0,12.89,4.0,0.0
20231125:0710,0.68,0.0,7.27,0.14,1.92,12.54,3.66,0.0
20231125:0810,299.19,267.46,95.18,3.0,11.71,13.34,3.24,0.0
20231125:0910,492.72,461.79,134.21,5.75,20.11,15.16,2.41,0.0
20231125:1010,618.01,629.91,146.36,7.94,26.5,17.62,1.45,0.0
20231125:1110,703.92,736.23,146.36,9.24,30.22,18.29,2.69,0.0
20231125:1210,694.52,684.96,173.39,9.15,30.74,18.29,3.79,0.0
20231125:1310,663.74,662.27,150.04,8.41,27.98,18.1,4.28,0.0
20231125:1410,545.93,521.57,138.35,6.51,22.34,17.81,4.48,0.0
20231125:1510,347.82,309.04,113.28,3.8,14.5,17.24,4.28,0.0
20231125:1610,96.55,96.46,39.81,0.96,5.08,16.72,3.66,0.0
20231125:1710,0.0,0.0,0.0,0.0,0.0,15.69,2.55,0.0
20231125:1810,0.0,0.0,0.0,0.0,0.0,15.0,1.86,0.0
20231125:1910,0.0,0.0,0.0,0.0,0.0,14.81,2.0,0.0
20231125:2010,0.0,0.0,0.0,0.0,0.0,14.3,2.14,0.0
20231125:2110,0.0,0.0,0.0,0.0,0.0,14.09,1.93,0.0
20231125:2210,0.0,0.0,0.0,0.0,0.0,13.93,1.86,0.0
20231125:2310,0.0,0.0,0.0,0.0,0.0,13.58,2.07,0.0
20231126:0010,0.0,0.0,0.0,0.0,0.0,13.22,2.41,0.0
20231126:0110,0.0,0.0,0.0,0.0,0.0,13.05,2.69,0.0
20231126:0210,0.0,0.0,0.0,0.0,0.0,12.81,2.83,0.0
20231126:0310,0.0,0.0,0.0,0.0,0.0,12.63,2.76,0.0
20231126:0410,0.0,0.0,0.0,0.0,0.0,12.53,2.55,0.0
20231126:0510,0.0,0.0,0.0,0.0,0.0,12.56,2.14,0.0
20231126:0610,0.0,0.0,0.0,0.0,0.0,12.67,1.72,0.0
20231126:0710,0.0,0.0,4.55,0.09,1.73,12.72,1.59,0.0
20231126:0810,269.77,234.79,95.68,2.8,11.52,13.63,2.0,0.0
20231126:0910,455.78,407.91,143.36,5.43,19.91,14.36,1.72,0.0
20231126:1010,565.25,530.71,174.97,7.41,26.3,16.05,0.83,0.0
20231126:1110,655.45,664.05,166.16,8.79,30.02,16.76,1.1,0.0
20231126:1210,649.95,625.26,186.92,8.75,30.55,17.29,2.0,0.0
20231126:1310,627.2,615.67,159.73,8.08,27.81,17.59,2.62,0.0
20231126:1410,454.72,378.94,172.81,5.82,22.21,17.64,3.1,0.0
20231126:1510,312.92,264.81,117.41,3.56,14.39,17.31,3.45,0.0
20231126:1610,64.23,59.76,36.26,0.81,5.0,16.88,3.66,0.0
20231126:1710,0.0,0.0,0.0,0.0,0.0,15.83,3.1,0.0
20231126:1810,0.0,0.0,0.0,0.0,0.0,14.87,2.76,0.0
20231126:1910,0.0,0.0,0.0,0.0,0.0,14.23,2.41,0.0
20231126:2010,0.0,0.0,0.0,0.0,0.0,14.19,2.34,0.0
20231126:2110,0.0,0.0,0.0,0.0,0.0,14.12,2.34,0.0
20231126:2210,0.0,0.0,0.0,0.0,0.0,13.8,2.69,0.0
20231126:2310,0.0,0.0,0.0,0.0,0.0,13.56,2.41,0.0
20231127:0010,0.0,0.0,0.0,0.0,0.0,13.29,2.34,0.0
20231127:0110,0.0,0.0,0.0,0.0,0.0,12.87,2.41,0.0
20231127:0210,0.0,0.0,0.0,0.0,0.0,12.66,2.48,0.0
20231127:0310,0.0,0.0,0.0,0.0,0.0,12.53,2.69,0.0
20231127:0410,0.0,0.0,0.0,0.0,0.0,12.4,2.83,0.0
20231127:0510,0.0,0.0,0.0,0.0,0.0,12.38,2.83,0.0
20231127:0610,0.0,0.0,0.0,0.0,0.0,12.08,2.97,0.0
20231127:0710,0.0,0.0,4.55,0.09,1.55,11.94,3.1,0.0
20231127:0810,257.95,216.91,96.55,2.69,11.33,12.65,3.31,0.0
20231127:0910,448.61,392.24,144.95,5.3,19.71,14.55,2.97,0.0
20231127:1010,600.03,580.15,156.39,7.56,26.09,17.3,2.83,0.0
20231127:1110,673.4,674.08,161.77,8.79,29.82,18.71,3.31,0.0
20231127:1210,683.83,686.96,161.64,8.95,30.37,19.68,3.93,0.0
20231127:1310,633.2,625.61,155.28,8.08,27.66,20.23,4.28,0.0
20231127:1410,507.2,471.57,147.33,6.17,22.09,20.44,4.69,0.0
20231127:1510,294.36,243.27,119.95,3.45,14.3,20.32,5.03,0.0
20231127:1610,63.4,60.77,35.26,0.8,4.92,19.65,5.03,0.0
20231127:1710,0.0,0.0,0.0,0.0,0.0,18.37,4.83,0.0
20231127:1810,0.0,0.0,0.0,0.0,0.0,17.87,4.28,0.0
20231127:1910,0.0,0.0,0.0,0.0,0.0,17.93,4.07,0.0
20231127:2010,0.0,0.0,0.0,0.0,0.0,18.03,4.48,0.0
20231127:2110,0.0,0.0,0.0,0.0,0.0,17.94,5.1,0.0
20231127:2210,0.0,0.0,0.0,0.0,0.0,17.63,5.1,0.0
20231127:2310,0.0,0.0,0.0,0.0,0.0,17.36,5.24,0.0
20231128:0010,0.0,0.0,0.0,0.0,0.0,17.2,5.24,0.0
20231128:0110,0.0,0.0,0.0,0.0,0.0,16.98,5.24,0.0
20231128:0210,0.0,0.0,0.0,0.0,0.0,16.75,4.76,0.0
20231128:0310,0.0,0.0,0.0,0.0,0.0,16.57,4.62,0.0
20231128:0410,0.0,0.0,0.0,0.0,0.0,16.17,4.48,0.0
20231128:0510,0.0,0.0,0.0,0.0,0.0,15.94,4.34,0.0
20231128:0610,0.0,0.0,0.0,0.0,0.0,15.68,4.14,0.0
20231128:0710,0.0,0.0,0.91,0.02,1.37,15.36,3.59,0.0
20231128:0810,16.04,0.0,31.82,0.63,11.14,15.65,3.52,0.0
20231128:0910,24.91,0.0,43.63,0.87,19.51,16.0,3.38,0.0
20231128:1010,63.15,0.0,90.9,1.81,25.9,17.53,4.14,0.0
20231128:1110,80.51,0.0,111.81,2.22,29.63,18.31,3.59,0.0
20231128:1210,44.71,0.0,69.09,1.37,30.2,18.79,3.59,0.0
20231128:1310,30.8,0.0,51.81,1.03,27.51,19.36,3.72,0.0
20231128:1410,115.38,15.86,137.29,2.82,21.97,19.78,3.86,0.0
20231128:1510,90.07,28.26,95.49,2.01,14.2,19.76,3.38,0.0
20231128:1610,3.81,0.0,13.64,0.27,4.85,19.12,2.97,0.0
20231128:1710,0.0,0.0,0.0,0.0,0.0,18.03,2.69,0.0
20231128:1810,0.0,0.0,0.0,0.0,0.0,17.57,2.48,0.0
20231128:1910,0.0,0.0,0.0,0.0,0.0,17.45,2.48,0.0
20231128:2010,0.0,0.0,0.0,0.0,0.0,17.51,2.9,0.0
20231128:2110,0.0,0.0,0.0,0.0,0.0,17.45,3.38,0.0
20231128:2210,0.0,0.0,0.0,0.0,0.0,16.95,3.45,0.0
20231128:2310,0.0,0.0,0.0,0.0,0.0,16.62,3.93,0.0
20231129:0010,0.0,0.0,0.0,0.0,0.0,16.42,4.62,0.0
20231129:0110,0.0,0.0,0.0,0.0,0.0,16.42,4.55,0.0
20231129:0210,0.0,0.0,0.0,0.0,0.0,16.35,4.34,0.0
20231129:0310,0.0,0.0,0.0,0.0,0.0,16.01,4.07,0.0
20231129:0410,0.0,0.0,0.0,0.0,0.0,15.71,3.86,0.0
20231129:0510,0.0,0.0,0.0,0.0,0.0,15.42,3.72,0.0
20231129:0610,0.0,0.0,0.0,0.0,0.0,15.02,3.45,0.0
20231129:0710,0.0,0.0,0.0,0.0,0.0,14.72,3.45,0.0
20231129:0810,269.69,241.25,89.95,2.68,10.95,15.37,3.59,0.0
20231129:0910,477.14,453.72,122.57,5.41,19.32,16.87,3.52,0.0
20231129:1010,585.18,553.65,159.34,7.31,25.7,18.73,4.28,0.0
20231129:1110,670.42,670.49,155.25,8.61,29.44,19.48,4.41,0.0
20231129:1210,702.64,724.77,141.95,8.99,30.03,19.9,4.9,0.0
20231129:1310,513.73,408.04,215.65,7.03,27.37,19.98,5.17,0.0
20231129:1410,235.86,111.52,180.06,4.14,21.85,19.85,5.17,0.0
20231129:1510,65.99,11.85,83.0,1.7,14.12,19.34,5.52,0.0
20231129:1610,60.53,58.2,33.83,0.76,4.79,18.82,5.72,0.0
20231129:1710,0.0,0.0,0.0,0.0,0.0,17.81,5.1,0.0
20231129:1810,0.0,0.0,0.0,0.0,0.0,17.27,4.07,0.0
20231129:1910,0.0,0.0,0.0,0.0,0.0,16.87,3.03,0.0
20231129:2010,0.0,0.0,0.0,0.0,0.0,16.66,2.21,0.0
20231129:2110,0.0,0.0,0.0,0.0,0.0,16.42,1.79,0.0
20231129:2210,0.0,0.0,0.0,0.0,0.0,16.17,2.34,0.0
20231129:2310,0.0,0.0,0.0,0.0,0.0,15.98,2.34,0.0
20231130:0010,0.0,0.0,0.0,0.0,0.0,15.95,2.14,0.0
20231130:0110,0.0,0.0,0.0,0.0,0.0,15.77,2.21,0.0
20231130:0210,0.0,0.0,0.0,0.0,0.0,15.64,2.07,0.0
20231130:0310,0.0,0.0,0.0,0.0,0.0,15.26,2.14,0.0
20231130:0410,0.0,0.0,0.0,0.0,0.0,15.03,2.55,0.0
20231130:0510,0.0,0.0,0.0,0.0,0.0,14.95,2.55,0.0
20231130:0610,0.0,0.0,0.0,0.0,0.0,14.7,2.34,0.0
20231130:0710,0.0,0.0,0.0,0.0,0.0,14.48,2.14,0.0
20231130:0810,251.92,222.59,89.37,2.55,10.77,15.36,2.28,0.0
20231130:0910,282.42,180.16,164.34,4.12,19.14,16.66,2.34,0.0
20231130:1010,582.38,573.32,147.29,7.29,25.52,18.56,2.48,0.0
20231130:1110,596.05,530.82,200.91,7.96,29.26,19.29,3.86,0.0
20231130:1210,451.02,299.31,250.78,6.91,29.87,19.94,4.0,0.0
20231130:1310,257.11,100.53,216.33,4.88,27.23,19.97,4.76,0.0
20231130:1410,446.74,376.04,166.03,5.62,21.75,20.13,5.1,0.0
20231130:1510,123.73,57.21,105.41,2.3,14.04,19.62,5.52,0.0
20231130:1610,41.37,36.32,31.05,0.67,4.73,18.97,5.31,0.0
20231130:1710,0.0,0.0,0.0,0.0,0.0,18.06,4.9,0.0
20231130:1810,0.0,0.0,0.0,0.0,0.0,17.8,4.21,0.0
20231130:1910,0.0,0.0,0.0,0.0,0.0,17.83,3.24,0.0
20231130:2010,0.0,0.0,0.0,0.0,0.0,18.07,2.41,0.0
20231130:2110,0.0,0.0,0.0,0.0,0.0,17.59,2.14,0.0
20231130:2210,0.0,0.0,0.0,0.0,0.0,17.1,1.38,0.0
20231130:2310,0.0,0.0,0.0,0.0,0.0,16.7,1.79,0.0
20231201:0010,0.0,0.0,0.0,0.0,0.0,16.75,2.41,0.0
20231201:0110,0.0,0.0,0.0,0.0,0.0,16.86,2.41,0.0
20231201:0210,0.0,0.0,0.0,0.0,0.0,16.57,2.62,0.0
20231201:0310,0.0,0.0,0.0,0.0,0.0,16.72,4.0,0.0
20231201:0410,0.0,0.0,0.0,0.0,0.0,16.65,4.62,0.0
20231201:0510,0.0,0.0,0.0,0.0,0.0,16.32,5.03,0.0
20231201:0610,0.0,0.0,0.0,0.0,0.0,16.39,6.41,0.0
20231201:0710,0.0,0.0,0.0,0.0,0.0,16.07,6.9,0.0
20231201:0810,234.89,197.9,91.97,2.44,10.6,16.7,7.24,0.0
20231201:0910,229.91,120.17,160.49,3.73,18.96,17.57,7.79,0.0
20231201:1010,211.9,66.75,195.16,4.25,25.34,18.57,6.62,0.0
20231201:1110,152.07,14.65,179.71,3.67,29.09,18.99,7.1,0.0
20231201:1210,78.83,0.0,109.99,2.19,29.71,19.35,7.17,0.0
20231201:1310,465.13,332.59,227.0,6.6,27.11,20.14,7.24,0.0
20231201:1410,122.36,20.09,140.9,2.91,21.65,20.34,7.24,0.0
20231201:1510,186.77,117.48,117.96,2.75,13.96,19.59,6.07,0.0
20231201:1610,4.88,0.0,15.45,0.31,4.68,18.47,6.55,0.0
20231201:1710,0.0,0.0,0.0,0.0,0.0,17.14,7.72,0.0
20231201:1810,0.0,0.0,0.0,0.0,0.0,16.31,8.14,0.0
20231201:1910,0.0,0.0,0.0,0.0,0.0,15.73,7.24,0.0
20231201:2010,0.0,0.0,0.0,0.0,0.0,15.05,6.48,0.0
20231201:2110,0.0,0.0,0.0,0.0,0.0,14.5,6.21,0.0
20231201:2210,0.0,0.0,0.0,0.0,0.0,14.36,6.41,0.0
20231201:2310,0.0,0.0,0.0,0.0,0.0,14.28,6.62,0.0
20231202:0010,0.0,0.0,0.0,0.0,0.0,14.0,6.28,0.0
20231202:0110,0.0,0.0,0.0,0.0,0.0,13.86,5.93,0.0
20231202:0210,0.0,0.0,0.0,0.0,0.0,13.49,5.79,0.0
20231202:0310,0.0,0.0,0.0,0.0,0.0,13.17,5.79,0.0
20231202:0410,0.0,0.0,0.0,0.0,0.0,12.56,5.86,0.0
20231202:0510,0.0,0.0,0.0,0.0,0.0,12.15,5.66,0.0
20231202:0610,0.0,0.0,0.0,0.0,0.0,11.86,5.38,0.0
20231202:0710,0.0,0.0,0.0,0.0,0.0,11.55,5.17,0.0
20231202:0810,305.66,281.08,85.14,2.73,10.42,11.78,5.24,0.0
20231202:0910,511.09,479.46,120.9,5.48,18.78,13.01,5.45,0.0
20231202:1010,673.12,693.37,113.42,7.85,25.16,14.68,4.76,0.0
20231202:1110,706.77,701.99,154.72,8.79,28.93,15.87,4.62,0.0
20231202:1210,748.66,792.71,123.15,9.3,29.57,16.78,4.62,0.0
20231202:1310,687.89,718.09,123.67,8.37,26.99,17.35,4.14,0.0
20231202:1410,538.15,512.19,140.34,6.28,21.55,17.5,3.79,0.0
20231202:1510,383.89,368.79,98.57,3.85,13.9,17.3,3.59,0.0
20231202:1610,109.22,116.36,35.72,0.9,4.63,16.89,3.66,0.0
20231202:1710,0.0,0.0,0.0,0.0,0.0,15.96,3.72,0.0
20231202:1810,0.0,0.0,0.0,0.0,0.0,15.41,4.41,0.0
20231202:1910,0.0,0.0,0.0,0.0,0.0,14.85,4.76,0.0
20231202:2010,0.0,0.0,0.0,0.0,0.0,14.18,4.97,0.0
20231202:2110,0.0,0.0,0.0,0.0,0.0,13.55,4.83,0.0
20231202:2210,0.0,0.0,0.0,0.0,0.0,12.4,4.21,0.0
20231202:2310,0.0,0.0,0.0,0.0,0.0,12.18,4.55,0.0
20231203:0010,0.0,0.0,0.0,0.0,0.0,11.75,4.34,0.0
20231203:0110,0.0,0.0,0.0,0.0,0.0,11.33,3.72,0.0
20231203:0210,0.0,0.0,0.0,0.0,0.0,10.96,3.66,0.0
20231203:0310,0.0,0.0,0.0,0.0,0.0,10.57,3.66,0.0
20231203:0410,0.0,0.0,0.0,0.0,0.0,10.16,3.59,0.0
20231203:0510,0.0,0.0,0.0,0.0,0.0,9.94,3.31,0.0
20231203:0610,0.0,0.0,0.0,0.0,0.0,9.73,3.1,0.0
20231203:0710,0.0,0.0,0.0,0.0,0.0,9.54,2.97,0.0
20231203:0810,289.93,262.0,86.61,2.62,10.25,10.3,2.9,0.0
20231203:0910,504.95,490.92,113.12,5.44,18.61,12.09,2.14,0.0
20231203:1010,637.14,665.54,121.43,7.67,24.99,13.74,1.38,0.0
20231203:1110,677.92,706.3,148.03,8.72,28.77,14.79,1.03,0.0
20231203:1210,718.59,782.44,124.44,9.19,29.43,15.21,1.45,0.0
20231203:1310,673.7,709.17,124.95,8.28,26.87,15.4,2.14,0.0
20231203:1410,519.66,477.67,148.88,6.09,21.47,15.43,3.03,0.0
20231203:1510,316.3,264.05,118.3,3.45,13.84,15.06,3.38,0.0
20231203:1610,42.61,37.64,30.19,0.65,4.59,14.53,3.38,0.0
20231203:1710,0.0,0.0,0.0,0.0,0.0,13.53,3.1,0.0
20231203:1810,0.0,0.0,0.0,0.0,0.0,13.08,3.17,0.0
20231203:1910,0.0,0.0,0.0,0.0,0.0,12.86,3.1,0.0
20231203:2010,0.0,0.0,0.0,0.0,0.0,12.71,3.1,0.0
20231203:2110,0.0,0.0,0.0,0.0,0.0,12.38,2.34,0.0
20231203:2210,0.0,0.0,0.0,0.0,0.0,12.23,2.41,0.0
20231203:2310,0.0,0.0,0.0,0.0,0.0,11.79,2.0,0.0
20231204:0010,0.0,0.0,0.0,0.0,0.0,11.12,1.66,0.0
20231204:0110,0.0,0.0,0.0,0.0,0.0,10.71,2.48,0.0
20231204:0210,0.0,0.0,0.0,0.0,0.0,10.54,2.62,0.0
20231204:0310,0.0,0.0,0.0,0.0,0.0,10.5,2.55,0.0
20231204:0410,0.0,0.0,0.0,0.0,0.0,10.38,2.62,0.0
20231204:0510,0.0,0.0,0.0,0.0,0.0,10.43,2.62,0.0
20231204:0610,0.0,0.0,0.0,0.0,0.0,10.39,1.86,0.0
20231204:0710,0.0,0.0,0.0,0.0,0.0,10.25,1.52,0.0
20231204:0810,94.61,48.48,76.89,1.63,10.09,10.75,2.0,0.0
20231204:0910,131.13,34.35,131.37,2.77,18.44,11.22,2.07,0.0
20231204:1010,43.84,0.0,66.36,1.32,24.83,12.11,1.03,0.0
20231204:1110,34.05,0.0,54.54,1.09,28.62,12.59,1.66,0.0
20231204:1210,53.63,0.0,78.18,1.56,29.3,13.03,2.55,0.0
20231204:1310,38.37,0.0,60.0,1.19,26.77,13.47,2.48,0.0
20231204:1410,63.31,0.0,89.99,1.79,21.39,14.26,2.69,0.0
20231204:1510,13.48,0.0,28.18,0.56,13.78,14.69,2.83,0.0
20231204:1610,25.11,19.0,25.86,0.54,4.56,14.52,3.03,0.0
20231204:1710,0.0,0.0,0.0,0.0,0.0,14.22,3.45,0.0
20231204:1810,0.0,0.0,0.0,0.0,0.0,14.03,3.17,0.0
20231204:1910,0.0,0.0,0.0,0.0,0.0,13.74,2.97,0.0
20231204:2010,0.0,0.0,0.0,0.0,0.0,13.53,3.03,0.0
20231204:2110,0.0,0.0,0.0,0.0,0.0,13.52,3.31,0.0
20231204:2210,0.0,0.0,0.0,0.0,0.0,12.61,3.79,0.0
20231204:2310,0.0,0.0,0.0,0.0,0.0,12.44,4.41,0.0
20231205:0010,0.0,0.0,0.0,0.0,0.0,12.38,4.9,0.0
20231205:0110,0.0,0.0,0.0,0.0,0.0,12.18,5.03,0.0
20231205:0210,0.0,0.0,0.0,0.0,0.0,12.11,5.24,0.0
20231205:0310,0.0,0.0,0.0,0.0,0.0,11.98,5.03,0.0
20231205:0410,0.0,0.0,0.0,0.0,0.0,11.75,4.48,0.0
20231205:0510,0.0,0.0,0.0,0.0,0.0,11.65,4.28,0.0
20231205:0610,0.0,0.0,0.0,0.0,0.0,11.52,3.45,0.0
20231205:0710,0.0,0.0,0.0,0.0,0.0,11.13,2.76,0.0
20231205:0810,281.2,256.84,84.07,2.51,9.93,11.21,2.41,0.0
20231205:0910,500.36,494.54,108.15,5.35,18.28,12.49,1.66,0.0
20231205:1010,621.64,653.48,121.45,7.51,24.67,14.04,0.83,0.0
20231205:1110,633.01,620.0,178.1,8.28,28.47,14.78,0.62,0.0
20231205:1210,589.56,494.06,224.98,7.92,29.17,15.17,2.41,0.0
20231205:1310,520.19,405.01,220.07,6.96,26.67,15.16,3.24,0.0
20231205:1410,501.83,444.27,155.73,5.9,21.32,15.04,3.72,0.0
20231205:1510,156.36,83.11,113.44,2.51,13.73,14.52,3.93,0.0
20231205:1610,46.72,43.12,29.81,0.65,4.53,14.02,3.79,0.0
20231205:1710,0.0,0.0,0.0,0.0,0.0,13.72,3.24,0.0
20231205:1810,0.0,0.0,0.0,0.0,0.0,13.68,3.1,0.0
20231205:1910,0.0,0.0,0.0,0.0,0.0,13.76,3.1,0.0
20231205:2010,0.0,0.0,0.0,0.0,0.0,13.8,2.9,0.0
20231205:2110,0.0,0.0,0.0,0.0,0.0,13.71,2.41,0.0
20231205:2210,0.0,0.0,0.0,0.0,0.0,13.7,1.86,0.0
20231205:2310,0.0,0.0,0.0,0.0,0.0,13.59,1.66,0.0
20231206:0010,0.0,0.0,0.0,0.0,0.0,13.49,1.93,0.0
20231206:0110,0.0,0.0,0.0,0.0,0.0,13.25,1.93,0.0
20231206:0210,0.0,0.0,0.0,0.0,0.0,13.05,1.86,0.0
20231206:0310,0.0,0.0,0.0,0.0,0.0,13.07,1.86,0.0
20231206:0410,0.0,0.0,0.0,0.0,0.0,13.01,1.72,0.0
20231206:0510,0.0,0.0,0.0,0.0,0.0,12.84,1.45,0.0
20231206:0610,0.0,0.0,0.0,0.0,0.0,12.81,1.17,0.0
20231206:0710,0.0,0.0,0.0,0.0,0.0,12.61,1.31,0.0
20231206:0810,27.92,2.92,44.07,0.89,9.77,12.75,1.59,0.0
20231206:0910,48.06,0.0,71.81,1.43,18.12,13.61,1.45,0.0
20231206:1010,181.87,46.72,179.11,3.82,24.52,14.41,2.0,0.0
20231206:1110,577.74,504.6,205.95,7.67,28.33,14.94,1.52,0.0
20231206:1210,546.65,452.92,226.16,7.6,29.05,15.34,0.76,0.0
20231206:1310,543.68,464.97,197.4,7.09,26.58,15.2,2.0,0.0
20231206:1410,299.58,177.85,183.76,4.52,21.25,15.08,2.41,0.0
20231206:1510,129.69,61.35,105.68,2.3,13.69,14.97,2.34,0.0
20231206:1610,55.31,53.09,31.04,0.69,4.51,14.92,2.76,0.0
20231206:1710,0.0,0.0,0.0,0.0,0.0,14.65,2.97,0.0
20231206:1810,0.0,0.0,0.0,0.0,0.0,13.91,2.41,0.0
20231206:1910,0.0,0.0,0.0,0.0,0.0,13.68,2.41,0.0
20231206:2010,0.0,0.0,0.0,0.0,0.0,13.4,2.48,0.0
20231206:2110,0.0,0.0,0.0,0.0,0.0,13.06,2.48,0.0
20231206:2210,0.0,0.0,0.0,0.0,0.0,12.93,2.07,0.0
20231206:2310,0.0,0.0,0.0,0.0,0.0,12.54,2.21,0.0
20231207:0010,0.0,0.0,0.0,0.0,0.0,12.25,2.14,0.0
20231207:0110,0.0,0.0,0.0,0.0,0.0,11.82,2.07,0.0
20231207:0210,0.0,0.0,0.0,0.0,0.0,11.68,1.86,0.0
20231207:0310,0.0,0.0,0.0,0.0,0.0,11.47,1.86,0.0
20231207:0410,0.0,0.0,0.0,0.0,0.0,11.12,1.86,0.0
20231207:0510,0.0,0.0,0.0,0.0,0.0,10.86,1.86,0.0
20231207:0610,0.0,0.0,0.0,0.0,0.0,11.14,1.72,0.0
20231207:0710,0.0,0.0,0.0,0.0,0.0,11.03,1.66,0.0
20231207:0810,232.61,203.82,82.07,2.21,9.62,11.56,1.59,0.0
20231207:0910,342.3,257.64,152.53,4.27,17.97,12.91,1.72,0.0
20231207:1010,524.23,461.05,174.34,6.55,24.38,14.93,2.14,0.0
20231207:1110,573.51,496.74,204.01,7.56,28.2,15.89,2.34,0.0
20231207:1210,674.66,672.83,149.83,8.41,28.94,16.64,3.93,0.0
20231207:1310,508.92,401.49,208.55,6.75,26.49,17.01,4.76,0.0
20231207:1410,309.02,190.66,181.88,4.56,21.19,17.35,5.03,0.0
20231207:1510,314.38,270.9,110.02,3.35,13.66,17.04,5.17,0.0
20231207:1610,83.78,87.41,32.64,0.78,4.5,16.46,5.24,0.0
20231207:1710,0.0,0.0,0.0,0.0,0.0,15.61,4.62,0.0
20231207:1810,0.0,0.0,0.0,0.0,0.0,15.06,4.14,0.0
20231207:1910,0.0,0.0,0.0,0.0,0.0,15.1,3.79,0.0
20231207:2010,0.0,0.0,0.0,0.0,0.0,14.99,3.17,0.0
20231207:2110,0.0,0.0,0.0,0.0,0.0,14.78,2.62,0.0
20231207:2210,0.0,0.0,0.0,0.0,0.0,14.85,3.31,0.0
20231207:2310,0.0,0.0,0.0,0.0,0.0,14.94,3.52,0.0
20231208:0010,0.0,0.0,0.0,0.0,0.0,14.89,3.72,0.0
20231208:0110,0.0,0.0,0.0,0.0,0.0,14.85,3.66,0.0
20231208:0210,0.0,0.0,0.0,0.0,0.0,14.8,3.66,0.0
20231208:0310,0.0,0.0,0.0,0.0,0.0,14.75,3.52,0.0
20231208:0410,0.0,0.0,0.0,0.0,0.0,14.64,4.0,0.0
20231208:0510,0.0,0.0,0.0,0.0,0.0,14.65,4.34,0.0
20231208:0610,0.0,0.0,0.0,0.0,0.0,14.51,4.07,0.0
20231208:0710,0.0,0.0,0.0,0.0,0.0,14.36,4.83,0.0
20231208:0810,240.55,212.12,84.11,2.24,9.48,15.16,5.66,0.0
20231208:0910,469.57,441.15,117.2,4.99,17.83,16.4,6.21,0.0
20231208:1010,549.49,484.22,173.44,6.69,24.24,17.58,5.93,0.0
20231208:1110,272.36,101.12,228.92,5.12,28.08,18.07,7.17,0.0
20231208:1210,176.68,26.01,195.65,4.05,28.84,18.44,7.93,0.0
20231208:1310,316.72,154.5,226.23,5.34,26.41,18.4,7.86,0.0
20231208:1410,177.97,59.61,163.18,3.53,21.14,18.49,7.66,0.0
20231208:1510,382.76,368.12,93.15,3.71,13.63,18.29,7.45,0.0
20231208:1610,119.69,131.75,33.14,0.89,4.49,17.94,6.55,0.0
20231208:1710,0.0,0.0,0.0,0.0,0.0,17.13,5.79,0.0
20231208:1810,0.0,0.0,0.0,0.0,0.0,16.5,5.17,0.0
20231208:1910,0.0,0.0,0.0,0.0,0.0,16.08,5.03,0.0
20231208:2010,0.0,0.0,0.0,0.0,0.0,15.63,5.1,0.0
20231208:2110,0.0,0.0,0.0,0.0,0.0,15.14,4.69,0.0
20231208:2210,0.0,0.0,0.0,0.0,0.0,14.69,4.0,0.0
20231208:2310,0.0,0.0,0.0,0.0,0.0,14.37,4.62,0.0
20231209:0010,0.0,0.0,0.0,0.0,0.0,14.11,4.55,0.0
20231209:0110,0.0,0.0,0.0,0.0,0.0,13.89,4.62,0.0
20231209:0210,0.0,0.0,0.0,0.0,0.0,13.7,4.69,0.0
20231209:0310,0.0,0.0,0.0,0.0,0.0,13.19,4.21,0.0
20231209:0410,0.0,0.0,0.0,0.0,0.0,12.87,4.34,0.0
20231209:0510,0.0,0.0,0.0,0.0,0.0,12.59,3.93,0.0
20231209:0610,0.0,0.0,0.0,0.0,0.0,12.41,3.59,0.0
20231209:0710,0.0,0.0,0.0,0.0,0.0,12.18,3.1,0.0
20231209:0810,114.52,72.5,76.81,1.65,9.33,12.62,3.31,0.0
20231209:0910,365.1,284.55,151.5,4.38,17.69,13.93,2.97,0.0
20231209:1010,557.5,501.56,167.41,6.73,24.11,15.63,4.0,0.0
20231209:1110,613.96,553.87,192.49,7.83,27.96,16.87,3.79,0.0
20231209:1210,659.52,651.84,164.74,8.37,28.74,17.97,3.03,0.0
20231209:1310,580.82,533.37,180.45,7.36,26.34,18.7,3.24,0.0
20231209:1410,443.83,372.93,168.06,5.5,21.1,19.22,3.52,0.0
20231209:1510,308.95,267.58,112.69,3.35,13.61,19.26,3.79,0.0
20231209:1610,80.24,83.26,33.49,0.78,4.49,18.67,3.79,0.0
20231209:1710,0.0,0.0,0.0,0.0,0.0,17.73,3.93,0.0
20231209:1810,0.0,0.0,0.0,0.0,0.0,17.15,4.21,0.0
20231209:1910,0.0,0.0,0.0,0.0,0.0,16.93,4.21,0.0
20231209:2010,0.0,0.0,0.0,0.0,0.0,16.58,4.21,0.0
20231209:2110,0.0,0.0,0.0,0.0,0.0,16.44,4.28,0.0
20231209:2210,0.0,0.0,0.0,0.0,0.0,16.38,4.34,0.0
20231209:2310,0.0,0.0,0.0,0.0,0.0,16.27,4.41,0.0
20231210:0010,0.0,0.0,0.0,0.0,0.0,16.3,4.55,0.0
20231210:0110,0.0,0.0,0.0,0.0,0.0,16.16,4.48,0.0
20231210:0210,0.0,0.0,0.0,0.0,0.0,16.09,4.34,0.0
20231210:0310,0.0,0.0,0.0,0.0,0.0,15.79,4.14,0.0
20231210:0410,0.0,0.0,0.0,0.0,0.0,15.55,3.86,0.0
20231210:0510,0.0,0.0,0.0,0.0,0.0,15.2,3.72,0.0
20231210:0610,0.0,0.0,0.0,0.0,0.0,15.02,3.59,0.0
20231210:0710,0.0,0.0,0.0,0.0,0.0,14.48,3.24,0.0
20231210:0810,214.37,186.28,80.96,2.06,9.2,14.71,3.03,0.0
20231210:0910,441.45,414.46,119.89,4.79,17.56,16.0,2.55,0.0
20231210:1010,590.26,619.54,119.3,7.07,23.98,17.49,1.31,0.0
20231210:1110,522.8,455.48,214.21,7.32,27.85,19.32,0.07,0.0
20231210:1210,541.31,457.27,220.23,7.49,28.65,19.0,1.45,0.0
20231210:1310,500.19,411.87,206.89,6.76,26.28,19.48,2.21,0.0
20231210:1410,503.88,491.42,131.09,5.88,21.06,19.8,2.55,0.0
20231210:1510,347.9,332.81,97.39,3.53,13.59,19.81,2.9,0.0
20231210:1610,87.69,93.27,33.35,0.8,4.49,19.6,3.17,0.0
20231210:1710,0.0,0.0,0.0,0.0,0.0,18.28,3.24,0.0
20231210:1810,0.0,0.0,0.0,0.0,0.0,17.49,2.97,0.0
20231210:1910,0.0,0.0,0.0,0.0,0.0,17.04,2.97,0.0
20231210:2010,0.0,0.0,0.0,0.0,0.0,16.66,2.83,0.0
20231210:2110,0.0,0.0,0.0,0.0,0.0,16.05,2.97,0.0
20231210:2210,0.0,0.0,0.0,0.0,0.0,15.82,3.1,0.0
20231210:2310,0.0,0.0,0.0,0.0,0.0,15.29,3.31,0.0
20231211:0010,0.0,0.0,0.0,0.0,0.0,14.93,3.59,0.0
20231211:0110,0.0,0.0,0.0,0.0,0.0,14.55,3.66,0.0
20231211:0210,0.0,0.0,0.0,0.0,0.0,14.17,3.72,0.0
20231211:0310,0.0,0.0,0.0,0.0,0.0,13.84,3.66,0.0
20231211:0410,0.0,0.0,0.0,0.0,0.0,13.65,3.79,0.0
20231211:0510,0.0,0.0,0.0,0.0,0.0,13.38,3.72,0.0
20231211:0610,0.0,0.0,0.0,0.0,0.0,13.38,3.31,0.0
20231211:0710,0.0,0.0,0.0,0.0,0.0,13.12,3.03,0.0
20231211:0810,243.51,222.19,77.94,2.15,9.06,13.44,2.9,0.0
20231211:0910,464.9,449.76,111.61,4.92,17.43,14.98,2.41,0.0
20231211:1010,605.25,631.27,120.48,7.16,23.86,17.51,2.0,0.0
20231211:1110,647.54,669.69,147.98,8.21,27.74,20.15,2.28,0.0
20231211:1210,694.06,746.17,125.87,8.7,28.57,20.07,3.1,0.0
20231211:1310,634.91,658.31,133.98,7.79,26.22,20.86,3.38,0.0
20231211:1410,424.84,349.62,172.96,5.39,21.03,21.26,3.59,0.0
20231211:1510,292.44,246.38,116.61,3.27,13.59,20.67,3.72,0.0
20231211:1610,83.45,88.47,32.82,0.78,4.5,19.72,3.45,0.0
20231211:1710,0.0,0.0,0.0,0.0,0.0,18.22,2.69,0.0
20231211:1810,0.0,0.0,0.0,0.0,0.0,18.61,2.07,0.0
20231211:1910,0.0,0.0,0.0,0.0,0.0,17.78,1.93,0.0
20231211:2010,0.0,0.0,0.0,0.0,0.0,17.52,2.0,0.0
20231211:2110,0.0,0.0,0.0,0.0,0.0,16.86,2.0,0.0
20231211:2210,0.0,0.0,0.0,0.0,0.0,16.04,2.14,0.0
20231211:2310,0.0,0.0,0.0,0.0,0.0,15.76,2.34,0.0
20231212:0010,0.0,0.0,0.0,0.0,0.0,15.57,2.48,0.0
20231212:0110,0.0,0.0,0.0,0.0,0.0,15.27,2.69,0.0
20231212:0210,0.0,0.0,0.0,0.0,0.0,15.01,2.9,0.0
20231212:0310,0.0,0.0,0.0,0.0,0.0,14.94,2.9,0.0
20231212:0410,0.0,0.0,0.0,0.0,0.0,14.97,2.97,0.0
20231212:0510,0.0,0.0,0.0,0.0,0.0,14.92,2.9,0.0
20231212:0610,0.0,0.0,0.0,0.0,0.0,14.9,2.83,0.0
20231212:0710,0.0,0.0,0.0,0.0,0.0,14.73,2.62,0.0
20231212:0810,256.39,243.18,74.92,2.19,8.94,14.99,2.62,0.0
20231212:0910,401.9,351.09,138.12,4.56,17.31,17.0,2.34,0.0
20231212:1010,587.82,609.21,128.43,7.05,23.75,20.22,2.14,0.0
20231212:1110,646.31,674.88,148.66,8.25,27.65,21.82,2.28,0.0
20231212:1210,548.54,460.88,225.15,7.56,28.5,21.66,2.76,0.0
20231212:1310,517.24,434.48,209.25,6.94,26.18,22.09,3.17,0.0
20231212:1410,446.09,385.43,167.53,5.55,21.01,22.4,3.38,0.0
20231212:1510,365.49,358.98,95.72,3.65,13.58,21.85,3.52,0.0
20231212:1610,94.96,103.2,33.12,0.81,4.51,20.91,3.52,0.0
20231212:1710,0.0,0.0,0.0,0.0,0.0,19.62,3.03,0.0
20231212:1810,0.0,0.0,0.0,0.0,0.0,19.05,3.03,0.0
20231212:1910,0.0,0.0,0.0,0.0,0.0,18.89,3.17,0.0
20231212:2010,0.0,0.0,0.0,0.0,0.0,18.91,3.52,0.0
20231212:2110,0.0,0.0,0.0,0.0,0.0,19.16,4.0,0.0
20231212:2210,0.0,0.0,0.0,0.0,0.0,18.64,3.86,0.0
20231212:2310,0.0,0.0,0.0,0.0,0.0,18.41,4.41,0.0
20231213:0010,0.0,0.0,0.0,0.0,0.0,18.2,4.62,0.0
20231213:0110,0.0,0.0,0.0,0.0,0.0,17.53,4.28,0.0
20231213:0210,0.0,0.0,0.0,0.0,0.0,17.33,4.14,0.0
20231213:0310,0.0,0.0,0.0,0.0,0.0,16.93,4.28,0.0
20231213:0410,0.0,0.0,0.0,0.0,0.0,16.65,4.62,0.0
20231213:0510,0.0,0.0,0.0,0.0,0.0,16.51,4.62,0.0
20231213:0610,0.0,0.0,0.0,0.0,0.0,16.35,4.21,0.0
20231213:0710,0.0,0.0,0.0,0.0,0.0,16.07,3.66,0.0
20231213:0810,71.64,37.78,63.55,1.32,8.81,16.53,3.79,0.0
20231213:0910,39.1,0.0,61.81,1.23,17.19,17.44,3.72,0.0
20231213:1010,83.61,0.0,115.45,2.3,23.64,18.28,3.52,0.0
20231213:1110,56.76,0.0,83.63,1.66,27.56,18.66,4.62,0.0
20231213:1210,128.33,5.63,161.78,3.26,28.43,18.89,5.59,0.0
20231213:1310,127.92,9.63,157.05,3.18,26.13,18.56,5.24,0.0
20231213:1410,72.16,0.0,101.81,2.03,20.99,18.24,4.69,0.0
20231213:1510,26.78,0.0,46.36,0.92,13.59,17.98,4.9,0.0
20231213:1610,5.44,0.0,16.36,0.33,4.53,17.76,4.62,0.0
20231213:1710,0.0,0.0,0.0,0.0,0.0,17.29,4.83,0.0
20231213:1810,0.0,0.0,0.0,0.0,0.0,16.67,5.38,0.0
20231213:1910,0.0,0.0,0.0,0.0,0.0,16.07,5.72,0.0
20231213:2010,0.0,0.0,0.0,0.0,0.0,15.54,5.72,0.0
20231213:2110,0.0,0.0,0.0,0.0,0.0,14.9,5.93,0.0
20231213:2210,0.0,0.0,0.0,0.0,0.0,14.56,4.62,0.0
20231213:2310,0.0,0.0,0.0,0.0,0.0,14.28,4.48,0.0
20231214:0010,0.0,0.0,0.0,0.0,0.0,13.99,4.34,0.0
20231214:0110,0.0,0.0,0.0,0.0,0.0,13.53,4.83,0.0
20231214:0210,0.0,0.0,0.0,0.0,0.0,13.46,5.45,0.0
20231214:0310,0.0,0.0,0.0,0.0,0.0,13.31,5.52,0.0
20231214:0410,0.0,0.0,0.0,0.0,0.0,13.02,5.45,0.0
20231214:0510,0.0,0.0,0.0,0.0,0.0,12.67,5.17,0.0
20231214:0610,0.0,0.0,0.0,0.0,0.0,12.36,5.24,0.0
20231214:0710,0.0,0.0,0.0,0.0,0.0,12.25,5.66,0.0
20231214:0810,259.48,238.4,77.15,2.15,8.7,12.64,5.79,0.0
20231214:0910,498.73,482.39,104.61,5.01,17.08,13.62,5.79,0.0
20231214:1010,641.47,638.16,123.45,7.2,23.54,15.17,6.21,0.0
20231214:1110,701.17,694.47,147.65,8.37,27.48,16.15,5.93,0.0
20231214:1210,749.45,796.82,115.29,8.99,28.37,16.95,5.31,0.0
20231214:1310,665.87,674.75,137.14,7.94,26.1,17.44,4.34,0.0
20231214:1410,564.45,571.34,116.97,6.29,20.98,17.59,3.38,0.0
20231214:1510,388.87,382.24,94.99,3.78,13.6,17.52,2.34,0.0
20231214:1610,120.95,132.19,34.78,0.9,4.56,17.46,1.1,0.0
20231214:1710,0.0,0.0,0.0,0.0,0.0,16.0,1.1,0.0
20231214:1810,0.0,0.0,0.0,0.0,0.0,15.33,1.31,0.0
20231214:1910,0.0,0.0,0.0,0.0,0.0,14.86,1.79,0.0
20231214:2010,0.0,0.0,0.0,0.0,0.0,14.43,2.55,0.0
20231214:2110,0.0,0.0,0.0,0.0,0.0,13.76,3.24,0.0
20231214:2210,0.0,0.0,0.0,0.0,0.0,13.16,3.24,0.0
20231214:2310,0.0,0.0,0.0,0.0,0.0,12.91,3.38,0.0
20231215:0010,0.0,0.0,0.0,0.0,0.0,12.52,3.79,0.0
20231215:0110,0.0,0.0,0.0,0.0,0.0,12.05,3.79,0.0
20231215:0210,0.0,0.0,0.0,0.0,0.0,11.32,3.66,0.0
20231215:0310,0.0,0.0,0.0,0.0,0.0,10.91,3.52,0.0
20231215:0410,0.0,0.0,0.0,0.0,0.0,10.66,3.45,0.0
20231215:0510,0.0,0.0,0.0,0.0,0.0,10.34,3.31,0.0
20231215:0610,0.0,0.0,0.0,0.0,0.0,10.17,3.1,0.0
20231215:0710,0.0,0.0,0.0,0.0,0.0,9.98,3.03,0.0
20231215:0810,248.4,224.55,77.29,2.08,8.58,10.25,3.1,0.0
20231215:0910,483.27,468.3,106.94,4.92,16.97,11.95,2.55,0.0
20231215:1010,613.32,621.57,127.15,7.09,23.45,14.63,2.28,0.0
20231215:1110,666.7,674.67,152.33,8.25,27.4,15.85,2.14,0.0
20231215:1210,720.41,801.61,110.91,8.97,28.32,16.55,1.66,0.0
20231215:1310,635.76,656.19,143.44,7.85,26.08,16.85,1.31,0.0
20231215:1410,546.44,557.32,120.6,6.22,20.98,17.13,1.45,0.0
20231215:1510,393.26,389.93,92.37,3.8,13.62,16.96,2.07,0.0
20231215:1610,122.91,131.71,36.24,0.92,4.6,16.55,2.48,0.0
20231215:1710,0.0,0.0,0.0,0.0,0.0,14.51,2.48,0.0
20231215:1810,0.0,0.0,0.0,0.0,0.0,13.36,2.0,0.0
20231215:1910,0.0,0.0,0.0,0.0,0.0,13.24,1.31,0.0
20231215:2010,0.0,0.0,0.0,0.0,0.0,13.42,1.24,0.0
20231215:2110,0.0,0.0,0.0,0.0,0.0,13.03,1.59,0.0
20231215:2210,0.0,0.0,0.0,0.0,0.0,11.95,1.66,0.0
20231215:2310,0.0,0.0,0.0,0.0,0.0,11.59,1.79,0.0
20231216:0010,0.0,0.0,0.0,0.0,0.0,11.63,1.86,0.0
20231216:0110,0.0,0.0,0.0,0.0,0.0,11.59,1.72,0.0
20231216:0210,0.0,0.0,0.0,0.0,0.0,11.14,1.45,0.0
20231216:0310,0.0,0.0,0.0,0.0,0.0,10.53,1.31,0.0
20231216:0410,0.0,0.0,0.0,0.0,0.0,9.94,1.79,0.0
20231216:0510,0.0,0.0,0.0,0.0,0.0,9.82,2.07,0.0
20231216:0610,0.0,0.0,0.0,0.0,0.0,9.41,2.28,0.0
20231216:0710,0.0,0.0,0.0,0.0,0.0,9.09,2.48,0.0
20231216:0810,244.41,220.04,77.1,2.04,8.48,9.65,2.55,0.0
20231216:0910,476.28,458.52,109.6,4.86,16.87,11.83,2.21,0.0
20231216:1010,617.06,636.82,120.67,7.13,23.37,13.96,1.66,0.0
20231216:1110,672.08,685.13,147.3,8.26,27.33,15.24,2.07,0.0
20231216:1210,734.0,798.73,112.45,8.95,28.28,15.82,2.76,0.0
20231216:1310,647.04,643.26,148.51,7.79,26.06,16.17,3.1,0.0
20231216:1410,558.37,555.62,122.04,6.22,20.99,16.15,3.03,0.0
20231216:1510,387.29,372.48,97.13,3.74,13.64,15.95,2.97,0.0
20231216:1610,126.22,135.93,35.17,0.92,4.63,15.49,2.62,0.0
20231216:1710,0.0,0.0,0.0,0.0,0.0,14.56,2.14,0.0
20231216:1810,0.0,0.0,0.0,0.0,0.0,13.63,2.34,0.0
20231216:1910,0.0,0.0,0.0,0.0,0.0,12.72,2.69,0.0
20231216:2010,0.0,0.0,0.0,0.0,0.0,12.13,2.76,0.0
20231216:2110,0.0,0.0,0.0,0.0,0.0,11.67,2.76,0.0
20231216:2210,0.0,0.0,0.0,0.0,0.0,11.04,2.55,0.0
20231216:2310,0.0,0.0,0.0,0.0,0.0,10.61,2.48,0.0
20231217:0010,0.0,0.0,0.0,0.0,0.0,10.58,2.97,0.0
20231217:0110,0.0,0.0,0.0,0.0,0.0,10.25,2.9,0.0
20231217:0210,0.0,0.0,0.0,0.0,0.0,10.06,2.9,0.0
20231217:0310,0.0,0.0,0.0,0.0,0.0,9.99,2.97,0.0
20231217:0410,0.0,0.0,0.0,0.0,0.0,9.66,3.1,0.0
20231217:0510,0.0,0.0,0.0,0.0,0.0,9.47,3.03,0.0
20231217:0610,0.0,0.0,0.0,0.0,0.0,9.29,2.83,0.0
20231217:0710,0.0,0.0,0.0,0.0,0.0,9.04,3.1,0.0
20231217:0810,241.23,215.35,76.85,2.01,8.38,9.33,3.52,0.0
20231217:0910,478.36,453.11,109.38,4.81,16.78,10.76,3.38,0.0
20231217:1010,624.16,623.91,123.07,7.03,23.29,12.93,3.38,0.0
20231217:1110,680.81,668.83,152.19,8.17,27.27,14.24,3.93,0.0
20231217:1210,747.22,795.69,110.78,8.9,28.24,15.14,4.55,0.0
20231217:1310,662.63,651.45,144.68,7.81,26.05,15.51,4.9,0.0
20231217:1410,561.22,543.37,125.66,6.17,21.0,15.7,5.17,0.0
20231217:1510,395.86,377.38,95.9,3.76,13.67,15.42,5.31,0.0
20231217:1610,130.89,139.96,35.58,0.94,4.68,15.02,5.17,0.0
20231217:1710,0.0,0.0,0.0,0.0,0.0,14.04,4.69,0.0
20231217:1810,0.0,0.0,0.0,0.0,0.0,13.09,4.55,0.0
20231217:1910,0.0,0.0,0.0,0.0,0.0,12.44,4.34,0.0
20231217:2010,0.0,0.0,0.0,0.0,0.0,11.98,4.21,0.0
20231217:2110,0.0,0.0,0.0,0.0,0.0,11.67,4.07,0.0
20231217:2210,0.0,0.0,0.0,0.0,0.0,11.1,3.66,0.0
20231217:2310,0.0,0.0,0.0,0.0,0.0,10.77,4.07,0.0
20231218:0010,0.0,0.0,0.0,0.0,0.0,10.52,4.21,0.0
20231218:0110,0.0,0.0,0.0,0.0,0.0,10.25,4.34,0.0
20231218:0210,0.0,0.0,0.0,0.0,0.0,9.98,4.55,0.0
20231218:0310,0.0,0.0,0.0,0.0,0.0,10.18,4.34,0.0
20231218:0410,0.0,0.0,0.0,0.0,0.0,10.17,4.21,0.0
20231218:0510,0.0,0.0,0.0,0.0,0.0,10.23,4.14,0.0
20231218:0610,0.0,0.0,0.0,0.0,0.0,10.08,4.07,0.0
20231218:0710,0.0,0.0,0.0,0.0,0.0,10.0,4.07,0.0
20231218:0810,145.75,108.52,75.19,1.63,8.28,10.13,4.0,0.0
20231218:0910,411.35,347.07,135.45,4.41,16.7,10.88,3.66,0.0
20231218:1010,536.6,460.13,176.61,6.4,23.21,12.64,3.38,0.0
20231218:1110,669.63,663.8,151.92,8.12,27.22,13.99,2.76,0.0
20231218:1210,711.4,749.11,128.49,8.68,28.21,14.76,2.55,0.0
20231218:1310,629.27,611.16,157.72,7.63,26.04,15.4,2.69,0.0
20231218:1410,560.29,560.13,117.61,6.2,21.02,15.76,3.17,0.0
20231218:1510,386.13,369.65,96.57,3.73,13.71,15.63,3.38,0.0
20231218:1610,126.42,134.2,36.5,0.94,4.73,15.29,3.24,0.0
20231218:1710,0.0,0.0,0.0,0.0,0.0,14.02,2.62,0.0
20231218:1810,0.0,0.0,0.0,0.0,0.0,12.9,2.34,0.0
20231218:1910,0.0,0.0,0.0,0.0,0.0,12.14,2.07,0.0
20231218:2010,0.0,0.0,0.0,0.0,0.0,11.46,2.28,0.0
20231218:2110,0.0,0.0,0.0,0.0,0.0,11.13,2.21,0.0
20231218:2210,0.0,0.0,0.0,0.0,0.0,10.36,2.55,0.0
20231218:2310,0.0,0.0,0.0,0.0,0.0,9.63,2.55,0.0
20231219:0010,0.0,0.0,0.0,0.0,0.0,9.29,2.48,0.0
20231219:0110,0.0,0.0,0.0,0.0,0.0,8.94,2.48,0.0
20231219:0210,0.0,0.0,0.0,0.0,0.0,8.65,2.69,0.0
20231219:0310,0.0,0.0,0.0,0.0,0.0,8.36,2.76,0.0
20231219:0410,0.0,0.0,0.0,0.0,0.0,8.13,2.69,0.0
20231219:0510,0.0,0.0,0.0,0.0,0.0,7.9,2.55,0.0
20231219:0610,0.0,0.0,0.0,0.0,0.0,7.85,2.48,0.0
20231219:0710,0.0,0.0,0.0,0.0,0.0,7.61,2.48,0.0
20231219:0810,246.3,221.95,75.43,1.99,8.19,7.93,2.62,0.0
20231219:0910,485.69,469.27,106.63,4.86,16.61,9.87,1.93,0.0
20231219:1010,618.46,643.85,120.18,7.14,23.15,12.37,0.83,0.0
20231219:1110,677.6,708.28,140.3,8.36,27.18,13.91,1.1,0.0
20231219:1210,726.72,789.18,120.02,8.93,28.19,14.99,1.93,0.0
20231219:1310,646.18,642.3,153.04,7.83,26.05,16.0,2.55,0.0
20231219:1410,564.83,570.51,120.01,6.31,21.04,16.78,2.69,0.0
20231219:1510,402.34,396.72,94.34,3.87,13.75,17.04,2.76,0.0
20231219:1610,147.76,161.67,36.17,1.01,4.79,16.82,3.03,0.0
20231219:1710,0.0,0.0,0.0,0.0,0.0,15.17,3.03,0.0
20231219:1810,0.0,0.0,0.0,0.0,0.0,14.42,2.69,0.0
20231219:1910,0.0,0.0,0.0,0.0,0.0,14.12,2.28,0.0
20231219:2010,0.0,0.0,0.0,0.0,0.0,13.4,2.14,0.0
20231219:2110,0.0,0.0,0.0,0.0,0.0,12.3,2.14,0.0
20231219:2210,0.0,0.0,0.0,0.0,0.0,11.84,2.48,0.0
20231219:2310,0.0,0.0,0.0,0.0,0.0,11.49,2.97,0.0
20231220:0010,0.0,0.0,0.0,0.0,0.0,11.18,3.24,0.0
20231220:0110,0.0,0.0,0.0,0.0,0.0,11.29,3.66,0.0
20231220:0210,0.0,0.0,0.0,0.0,0.0,11.54,4.21,0.0
20231220:0310,0.0,0.0,0.0,0.0,0.0,11.85,4.55,0.0
20231220:0410,0.0,0.0,0.0,0.0,0.0,12.03,5.17,0.0
20231220:0510,0.0,0.0,0.0,0.0,0.0,12.02,4.9,0.0
20231220:0610,0.0,0.0,0.0,0.0,0.0,11.88,4.97,0.0
20231220:0710,0.0,0.0,0.0,0.0,0.0,11.79,5.24,0.0
20231220:0810,170.12,136.75,76.23,1.7,8.11,12.1,5.31,0.0
20231220:0910,270.04,174.36,148.59,3.62,16.54,13.42,4.48,0.0
20231220:1010,415.91,298.12,203.62,5.64,23.09,15.72,2.41,0.0
20231220:1110,666.07,703.02,135.39,8.25,27.14,16.74,1.52,0.0
20231220:1210,686.7,768.7,120.43,8.75,28.18,17.54,0.62,0.0
20231220:1310,617.32,636.57,149.49,7.74,26.06,17.73,0.76,0.0
20231220:1410,166.92,52.04,159.76,3.42,21.08,17.34,1.45,0.0
20231220:1510,176.95,104.65,119.23,2.68,13.8,17.14,1.52,0.0
20231220:1610,105.25,108.4,37.87,0.9,4.85,16.8,1.24,0.0
20231220:1710,0.0,0.0,0.0,0.0,0.0,15.9,0.9,0.0
20231220:1810,0.0,0.0,0.0,0.0,0.0,15.75,0.34,0.0
20231220:1910,0.0,0.0,0.0,0.0,0.0,15.62,1.1,0.0
20231220:2010,0.0,0.0,0.0,0.0,0.0,15.29,1.59,0.0
20231220:2110,0.0,0.0,0.0,0.0,0.0,14.86,2.21,0.0
20231220:2210,0.0,0.0,0.0,0.0,0.0,14.57,2.0,0.0
20231220:2310,0.0,0.0,0.0,0.0,0.0,13.82,2.69,0.0
20231221:0010,0.0,0.0,0.0,0.0,0.0,13.01,3.38,0.0
20231221:0110,0.0,0.0,0.0,0.0,0.0,12.23,3.72,0.0
20231221:0210,0.0,0.0,0.0,0.0,0.0,11.56,3.59,0.0
20231221:0310,0.0,0.0,0.0,0.0,0.0,10.99,3.52,0.0
20231221:0410,0.0,0.0,0.0,0.0,0.0,10.52,3.59,0.0
20231221:0510,0.0,0.0,0.0,0.0,0.0,10.19,3.52,0.0
20231221:0610,0.0,0.0,0.0,0.0,0.0,9.96,3.38,0.0
20231221:0710,0.0,0.0,0.0,0.0,0.0,9.85,3.17,0.0
20231221:0810,227.36,204.74,73.45,1.88,8.03,10.18,3.1,0.0
20231221:0910,472.74,455.15,105.73,4.74,16.47,11.66,2.76,0.0
20231221:1010,599.64,602.84,126.77,6.87,23.04,13.67,2.0,0.0
20231221:1110,670.9,701.44,135.34,8.23,27.11,14.92,1.52,0.0
20231221:1210,706.31,778.29,117.86,8.81,28.17,15.83,1.24,0.0
20231221:1310,649.34,661.66,139.35,7.83,26.08,16.26,2.48,0.0
20231221:1410,555.57,553.39,121.52,6.2,21.11,16.69,3.17,0.0
20231221:1510,391.13,380.55,95.57,3.8,13.86,16.9,2.97,0.0
20231221:1610,135.36,144.67,37.58,0.99,4.92,16.74,3.24,0.0
20231221:1710,0.0,0.0,0.0,0.0,0.0,15.64,4.0,0.0
20231221:1810,0.0,0.0,0.0,0.0,0.0,14.95,4.07,0.0
20231221:1910,0.0,0.0,0.0,0.0,0.0,14.35,3.79,0.0
20231221:2010,0.0,0.0,0.0,0.0,0.0,13.7,3.45,0.0
20231221:2110,0.0,0.0,0.0,0.0,0.0,13.23,2.97,0.0
20231221:2210,0.0,0.0,0.0,0.0,0.0,12.69,2.83,0.0
20231221:2310,0.0,0.0,0.0,0.0,0.0,12.31,3.03,0.0
20231222:0010,0.0,0.0,0.0,0.0,0.0,12.24,2.97,0.0
20231222:0110,0.0,0.0,0.0,0.0,0.0,12.04,2.9,0.0
20231222:0210,0.0,0.0,0.0,0.0,0.0,11.82,2.9,0.0
20231222:0310,0.0,0.0,0.0,0.0,0.0,11.72,2.9,0.0
20231222:0410,0.0,0.0,0.0,0.0,0.0,11.55,2.97,0.0
20231222:0510,0.0,0.0,0.0,0.0,0.0,11.36,3.03,0.0
20231222:0610,0.0,0.0,0.0,0.0,0.0,11.09,2.97,0.0
20231222:0710,0.0,0.0,0.0,0.0,0.0,10.88,2.9,0.0
20231222:0810,231.25,212.67,71.65,1.88,7.95,11.24,2.97,0.0
20231222:0910,468.19,455.91,104.35,4.72,16.41,13.11,2.55,0.0
20231222:1010,591.35,603.26,126.92,6.87,23.0,15.57,1.59,0.0
20231222:1110,654.55,701.64,135.4,8.23,27.09,16.61,0.62,0.0
20231222:1210,688.02,759.4,124.56,8.72,28.17,17.33,0.9,0.0
20231222:1310,639.58,663.4,139.42,7.85,26.1,17.49,1.66,0.0
20231222:1410,559.72,573.74,115.15,6.29,21.16,17.38,2.28,0.0
20231222:1510,398.54,392.16,94.91,3.87,13.92,16.94,2.41,0.0
20231222:1610,149.37,161.59,37.74,1.05,4.99,16.26,2.0,0.0
20231222:1710,0.0,0.0,0.0,0.0,0.0,14.44,1.38,0.0
20231222:1810,0.0,0.0,0.0,0.0,0.0,13.39,0.48,0.0
20231222:1910,0.0,0.0,0.0,0.0,0.0,14.03,0.69,0.0
20231222:2010,0.0,0.0,0.0,0.0,0.0,14.08,1.52,0.0
20231222:2110,0.0,0.0,0.0,0.0,0.0,13.84,2.0,0.0
20231222:2210,0.0,0.0,0.0,0.0,0.0,12.81,2.41,0.0
20231222:2310,0.0,0.0,0.0,0.0,0.0,12.09,2.21,0.0
20231223:0010,0.0,0.0,0.0,0.0,0.0,11.89,2.28,0.0
20231223:0110,0.0,0.0,0.0,0.0,0.0,11.66,2.41,0.0
20231223:0210,0.0,0.0,0.0,0.0,0.0,11.42,2.41,0.0
20231223:0310,0.0,0.0,0.0,0.0,0.0,11.04,2.41,0.0
20231223:0410,0.0,0.0,0.0,0.0,0.0,10.85,2.28,0.0
20231223:0510,0.0,0.0,0.0,0.0,0.0,10.6,2.0,0.0
20231223:0610,0.0,0.0,0.0,0.0,0.0,10.5,1.72,0.0
20231223:0710,0.0,0.0,0.0,0.0,0.0,10.5,1.52,0.0
20231223:0810,220.92,200.19,73.4,1.84,7.88,10.91,1.45,0.0
20231223:0910,462.97,458.83,103.15,4.72,16.36,12.57,0.9,0.0
20231223:1010,582.8,607.59,125.79,6.89,22.96,14.57,0.21,0.0
20231223:1110,661.47,718.91,128.9,8.3,27.07,15.51,0.34,0.0
20231223:1210,698.06,764.93,124.87,8.77,28.18,16.11,1.03,0.0
20231223:1310,646.39,668.88,138.22,7.88,26.14,16.52,1.72,0.0
20231223:1410,558.3,562.77,120.45,6.28,21.22,16.59,2.41,0.0
20231223:1510,399.78,388.72,95.96,3.87,13.99,16.09,2.97,0.0
20231223:1610,150.12,159.74,39.15,1.07,5.07,15.52,2.97,0.0
20231223:1710,0.0,0.0,0.0,0.0,0.0,14.13,2.0,0.0
20231223:1810,0.0,0.0,0.0,0.0,0.0,12.66,1.66,0.0
20231223:1910,0.0,0.0,0.0,0.0,0.0,12.59,1.17,0.0
20231223:2010,0.0,0.0,0.0,0.0,0.0,12.29,1.17,0.0
20231223:2110,0.0,0.0,0.0,0.0,0.0,12.14,1.24,0.0
20231223:2210,0.0,0.0,0.0,0.0,0.0,11.52,1.72,0.0
20231223:2310,0.0,0.0,0.0,0.0,0.0,11.11,1.52,0.0
20231224:0010,0.0,0.0,0.0,0.0,0.0,10.62,1.52,0.0
20231224:0110,0.0,0.0,0.0,0.0,0.0,10.27,1.59,0.0
20231224:0210,0.0,0.0,0.0,0.0,0.0,9.82,1.59,0.0
20231224:0310,0.0,0.0,0.0,0.0,0.0,9.45,1.52,0.0
20231224:0410,0.0,0.0,0.0,0.0,0.0,9.25,1.52,0.0
20231224:0510,0.0,0.0,0.0,0.0,0.0,9.02,1.52,0.0
20231224:0610,0.0,0.0,0.0,0.0,0.0,9.08,1.38,0.0
20231224:0710,0.0,0.0,0.0,0.0,0.0,9.05,1.38,0.0
20231224:0810,224.0,204.52,70.98,1.83,7.82,9.41,1.45,0.0
20231224:0910,456.33,440.84,106.46,4.63,16.31,11.13,1.24,0.0
20231224:1010,589.54,579.48,135.92,6.78,22.93,13.01,1.86,0.0
20231224:1110,687.72,713.11,130.06,8.26,27.06,14.1,2.48,0.0
20231224:1210,710.57,740.11,132.54,8.64,28.2,14.99,2.97,0.0
20231224:1310,661.87,666.48,137.92,7.87,26.18,15.56,3.59,0.0
20231224:1410,560.88,549.61,125.42,6.24,21.28,15.89,3.86,0.0
20231224:1510,397.84,380.22,98.08,3.85,14.07,15.81,4.21,0.0
20231224:1610,138.96,144.26,40.57,1.05,5.16,15.54,4.07,0.0
20231224:1710,0.0,0.0,0.0,0.0,0.0,14.29,3.59,0.0
20231224:1810,0.0,0.0,0.0,0.0,0.0,12.93,3.17,0.0
20231224:1910,0.0,0.0,0.0,0.0,0.0,12.4,2.69,0.0
20231224:2010,0.0,0.0,0.0,0.0,0.0,11.97,2.48,0.0
20231224:2110,0.0,0.0,0.0,0.0,0.0,11.78,2.21,0.0
20231224:2210,0.0,0.0,0.0,0.0,0.0,11.48,2.28,0.0
20231224:2310,0.0,0.0,0.0,0.0,0.0,11.16,1.93,0.0
20231225:0010,0.0,0.0,0.0,0.0,0.0,10.91,1.66,0.0
20231225:0110,0.0,0.0,0.0,0.0,0.0,10.59,1.66,0.0
20231225:0210,0.0,0.0,0.0,0.0,0.0,10.26,1.66,0.0
20231225:0310,0.0,0.0,0.0,0.0,0.0,10.03,1.72,0.0
20231225:0410,0.0,0.0,0.0,0.0,0.0,9.6,1.86,0.0
20231225:0510,0.0,0.0,0.0,0.0,0.0,9.33,1.79,0.0
20231225:0610,0.0,0.0,0.0,0.0,0.0,9.11,1.66,0.0
20231225:0710,0.0,0.0,0.0,0.0,0.0,8.88,1.59,0.0
20231225:0810,223.5,201.9,72.56,1.83,7.77,9.12,1.59,0.0
20231225:0910,464.41,448.1,107.34,4.68,16.27,10.54,1.31,0.0
20231225:1010,589.53,589.59,135.32,6.85,22.9,13.1,1.03,0.0
20231225:1110,687.95,726.28,129.38,8.37,27.06,14.52,1.72,0.0
20231225:1210,713.0,752.91,131.77,8.75,28.23,15.55,2.48,0.0
20231225:1310,670.39,692.92,132.05,8.03,26.23,16.4,2.97,0.0
20231225:1410,579.18,590.21,114.33,6.44,21.34,17.01,3.45,0.0
20231225:1510,404.83,391.33,99.0,3.94,14.15,16.93,3.79,0.0
20231225:1610,158.36,169.09,40.08,1.12,5.25,16.66,3.79,0.0
20231225:1710,0.0,0.0,0.0,0.0,0.0,14.67,3.38,0.0
20231225:1810,0.0,0.0,0.0,0.0,0.0,13.34,2.48,0.0
20231225:1910,0.0,0.0,0.0,0.0,0.0,12.57,1.72,0.0
20231225:2010,0.0,0.0,0.0,0.0,0.0,12.05,1.38,0.0
20231225:2110,0.0,0.0,0.0,0.0,0.0,11.69,1.52,0.0
20231225:2210,0.0,0.0,0.0,0.0,0.0,11.21,1.66,0.0
20231225:2310,0.0,0.0,0.0,0.0,0.0,10.91,1.79,0.0
20231226:0010,0.0,0.0,0.0,0.0,0.0,10.53,1.86,0.0
20231226:0110,0.0,0.0,0.0,0.0,0.0,10.09,1.86,0.0
20231226:0210,0.0,0.0,0.0,0.0,0.0,9.91,1.93,0.0
20231226:0310,0.0,0.0,0.0,0.0,0.0,9.5,2.07,0.0
20231226:0410,0.0,0.0,0.0,0.0,0.0,9.18,2.0,0.0
20231226:0510,0.0,0.0,0.0,0.0,0.0,8.9,1.86,0.0
20231226:0610,0.0,0.0,0.0,0.0,0.0,8.84,1.59,0.0
20231226:0710,0.0,0.0,0.0,0.0,0.0,8.79,1.24,0.0
20231226:0810,234.31,216.31,71.67,1.86,7.72,9.23,1.17,0.0
20231226:0910,468.22,459.84,103.63,4.72,16.23,10.5,0.83,0.0
20231226:1010,594.38,605.63,130.47,6.93,22.89,12.57,0.55,0.0
20231226:1110,678.0,729.75,129.58,8.41,27.07,13.8,0.55,0.0
20231226:1210,692.16,731.62,142.55,8.7,28.26,14.63,1.03,0.0
20231226:1310,663.92,684.46,139.01,8.05,26.28,15.13,1.86,0.0
20231226:1410,547.39,525.1,141.21,6.26,21.42,15.4,2.28,0.0
20231226:1510,326.43,269.8,125.32,3.56,14.23,15.04,2.55,0.0
20231226:1610,138.37,140.46,43.13,1.09,5.34,14.63,2.48,0.0
20231226:1710,0.0,0.0,0.0,0.0,0.0,12.85,1.79,0.0
20231226:1810,0.0,0.0,0.0,0.0,0.0,11.63,1.66,0.0
20231226:1910,0.0,0.0,0.0,0.0,0.0,11.64,0.9,0.0
20231226:2010,0.0,0.0,0.0,0.0,0.0,11.68,0.21,0.0
20231226:2110,0.0,0.0,0.0,0.0,0.0,11.55,0.48,0.0
20231226:2210,0.0,0.0,0.0,0.0,0.0,10.84,0.83,0.0
20231226:2310,0.0,0.0,0.0,0.0,0.0,10.24,1.38,0.0
20231227:0010,0.0,0.0,0.0,0.0,0.0,9.47,1.72,0.0
20231227:0110,0.0,0.0,0.0,0.0,0.0,9.31,2.0,0.0
20231227:0210,0.0,0.0,0.0,0.0,0.0,8.93,2.07,0.0
20231227:0310,0.0,0.0,0.0,0.0,0.0,8.5,1.93,0.0
20231227:0410,0.0,0.0,0.0,0.0,0.0,8.28,1.59,0.0
20231227:0510,0.0,0.0,0.0,0.0,0.0,8.25,1.17,0.0
20231227:0610,0.0,0.0,0.0,0.0,0.0,8.36,0.76,0.0
20231227:0710,0.0,0.0,0.0,0.0,0.0,8.18,0.48,0.0
20231227:0810,163.96,134.26,71.67,1.59,7.67,8.61,0.55,0.0
20231227:0910,374.21,307.36,139.81,4.18,16.2,10.19,0.76,0.0
20231227:1010,528.33,480.26,170.15,6.44,22.88,12.21,0.21,0.0
20231227:1110,671.93,708.26,135.79,8.3,27.09,13.05,0.69,0.0
20231227:1210,687.8,723.41,143.37,8.64,28.3,13.87,0.9,0.0
20231227:1310,670.34,710.55,125.17,8.12,26.34,14.4,1.38,0.0
20231227:1410,580.61,588.03,115.31,6.46,21.5,14.6,2.62,0.0
20231227:1510,405.13,383.61,100.74,3.94,14.33,14.37,3.86,0.0
20231227:1610,159.17,164.43,42.78,1.16,5.44,13.96,3.86,0.0
20231227:1710,0.0,0.0,0.0,0.0,0.0,12.57,2.48,0.0
20231227:1810,0.0,0.0,0.0,0.0,0.0,11.35,2.07,0.0
20231227:1910,0.0,0.0,0.0,0.0,0.0,10.98,2.0,0.0
20231227:2010,0.0,0.0,0.0,0.0,0.0,10.85,2.28,0.0
20231227:2110,0.0,0.0,0.0,0.0,0.0,10.57,2.48,0.0
20231227:2210,0.0,0.0,0.0,0.0,0.0,10.28,2.34,0.0
20231227:2310,0.0,0.0,0.0,0.0,0.0,9.79,2.14,0.0
20231228:0010,0.0,0.0,0.0,0.0,0.0,9.69,1.86,0.0
20231228:0110,0.0,0.0,0.0,0.0,0.0,9.61,1.66,0.0
20231228:0210,0.0,0.0,0.0,0.0,0.0,9.27,1.66,0.0
20231228:0310,0.0,0.0,0.0,0.0,0.0,8.98,1.72,0.0
20231228:0410,0.0,0.0,0.0,0.0,0.0,9.07,1.72,0.0
20231228:0510,0.0,0.0,0.0,0.0,0.0,8.89,1.59,0.0
20231228:0610,0.0,0.0,0.0,0.0,0.0,9.07,1.59,0.0
20231228:0710,0.0,0.0,0.0,0.0,0.0,9.33,1.72,0.0
20231228:0810,211.42,193.17,68.31,1.74,7.63,10.0,1.86,0.0
20231228:0910,307.91,224.12,143.07,3.76,16.18,11.37,1.86,0.0
20231228:1010,171.58,44.37,168.85,3.58,22.88,13.23,1.66,0.0
20231228:1110,235.65,74.39,212.35,4.63,27.11,14.25,2.41,0.0
20231228:1210,608.31,530.68,205.43,7.81,28.35,14.91,3.17,0.0
20231228:1310,457.65,321.11,227.26,6.4,26.42,15.51,3.38,0.0
20231228:1410,270.96,142.06,185.97,4.36,21.59,15.8,3.38,0.0
20231228:1510,166.92,90.04,119.33,2.66,14.43,15.68,3.72,0.0
20231228:1610,61.87,51.16,39.85,0.85,5.55,15.41,4.0,0.0
20231228:1710,0.0,0.0,0.0,0.0,0.0,14.24,3.79,0.0
20231228:1810,0.0,0.0,0.0,0.0,0.0,13.25,2.97,0.0
20231228:1910,0.0,0.0,0.0,0.0,0.0,13.1,2.21,0.0
20231228:2010,0.0,0.0,0.0,0.0,0.0,13.01,1.86,0.0
20231228:2110,0.0,0.0,0.0,0.0,0.0,12.62,1.79,0.0
20231228:2210,0.0,0.0,0.0,0.0,0.0,11.95,1.52,0.0
20231228:2310,0.0,0.0,0.0,0.0,0.0,11.77,1.45,0.0
20231229:0010,0.0,0.0,0.0,0.0,0.0,11.72,1.38,0.0
20231229:0110,0.0,0.0,0.0,0.0,0.0,11.5,1.38,0.0
20231229:0210,0.0,0.0,0.0,0.0,0.0,11.32,1.17,0.0
20231229:0310,0.0,0.0,0.0,0.0,0.0,11.3,0.9,0.0
20231229:0410,0.0,0.0,0.0,0.0,0.0,11.4,0.76,0.0
20231229:0510,0.0,0.0,0.0,0.0,0.0,11.44,0.69,0.0
20231229:0610,0.0,0.0,0.0,0.0,0.0,11.48,0.9,0.0
20231229:0710,0.0,0.0,0.0,0.0,0.0,11.24,1.31,0.0
20231229:0810,84.74,55.26,60.4,1.25,7.6,11.56,0.76,0.0
20231229:0910,314.19,235.54,143.91,3.83,16.16,12.29,0.69,0.0
20231229:1010,297.62,161.19,199.72,4.76,22.88,13.85,0.83,0.0
20231229:1110,192.67,41.92,197.22,4.16,27.14,14.68,1.45,0.0
20231229:1210,214.08,52.62,211.21,4.5,28.4,15.06,1.79,0.0
20231229:1310,86.18,0.0,117.26,2.33,26.49,15.39,2.14,0.0
20231229:1410,67.5,0.0,95.45,1.9,21.68,15.55,2.41,0.0
20231229:1510,61.76,7.27,81.23,1.65,14.53,15.25,2.48,0.0
20231229:1610,37.92,25.19,35.76,0.74,5.66,14.93,2.69,0.0
20231229:1710,0.0,0.0,0.0,0.0,0.0,14.21,2.28,0.0
20231229:1810,0.0,0.0,0.0,0.0,0.0,13.75,1.66,0.0
20231229:1910,0.0,0.0,0.0,0.0,0.0,13.47,1.31,0.0
20231229:2010,0.0,0.0,0.0,0.0,0.0,14.02,1.03,0.0
20231229:2110,0.0,0.0,0.0,0.0,0.0,14.06,0.9,0.0
20231229:2210,0.0,0.0,0.0,0.0,0.0,13.27,2.34,0.0
20231229:2310,0.0,0.0,0.0,0.0,0.0,13.5,1.38,0.0
20231230:0010,0.0,0.0,0.0,0.0,0.0,13.14,0.28,0.0
20231230:0110,0.0,0.0,0.0,0.0,0.0,12.95,0.83,0.0
20231230:0210,0.0,0.0,0.0,0.0,0.0,12.28,1.66,0.0
20231230:0310,0.0,0.0,0.0,0.0,0.0,12.3,2.21,0.0
20231230:0410,0.0,0.0,0.0,0.0,0.0,12.07,1.66,0.0
20231230:0510,0.0,0.0,0.0,0.0,0.0,11.96,1.45,0.0
20231230:0610,0.0,0.0,0.0,0.0,0.0,11.66,1.72,0.0
20231230:0710,0.0,0.0,0.0,0.0,0.0,11.24,1.66,0.0
20231230:0810,206.82,190.08,68.06,1.72,7.58,11.22,1.45,0.0
20231230:0910,195.86,103.82,136.84,3.09,16.16,12.39,1.1,0.0
20231230:1010,526.57,495.1,160.18,6.44,22.9,14.1,0.14,0.0
20231230:1110,661.08,713.63,126.6,8.26,27.18,14.73,0.48,0.0
20231230:1210,654.89,654.97,165.76,8.36,28.47,15.31,1.24,0.0
20231230:1310,657.05,676.4,134.51,7.98,26.58,15.84,2.34,0.0
20231230:1410,566.9,569.48,119.31,6.4,21.78,16.08,2.9,0.0
20231230:1510,388.65,361.7,106.63,3.92,14.64,15.83,3.59,0.0
20231230:1610,162.99,161.15,51.26,1.21,5.78,15.33,3.59,0.0
20231230:1710,0.0,0.0,0.0,0.0,0.0,14.3,2.41,0.0
20231230:1810,0.0,0.0,0.0,0.0,0.0,12.89,1.86,0.0
20231230:1910,0.0,0.0,0.0,0.0,0.0,12.25,1.79,0.0
20231230:2010,0.0,0.0,0.0,0.0,0.0,12.22,1.93,0.0
20231230:2110,0.0,0.0,0.0,0.0,0.0,11.86,2.07,0.0
20231230:2210,0.0,0.0,0.0,0.0,0.0,11.26,2.21,0.0
20231230:2310,0.0,0.0,0.0,0.0,0.0,10.91,2.21,0.0
20231231:0010,0.0,0.0,0.0,0.0,0.0,10.48,2.0,0.0
20231231:0110,0.0,0.0,0.0,0.0,0.0,10.15,2.0,0.0
20231231:0210,0.0,0.0,0.0,0.0,0.0,9.95,2.07,0.0
20231231:0310,0.0,0.0,0.0,0.0,0.0,10.05,2.28,0.0
20231231:0410,0.0,0.0,0.0,0.0,0.0,10.17,2.48,0.0
20231231:0510,0.0,0.0,0.0,0.0,0.0,10.06,2.48,0.0
20231231:0610,0.0,0.0,0.0,0.0,0.0,9.9,2.69,0.0
20231231:0710,0.0,0.0,0.0,0.0,0.0,9.76,2.41,0.0
20231231:0810,134.83,103.67,68.54,1.46,7.55,9.73,2.69,0.0
20231231:0910,361.98,288.06,139.54,4.07,16.15,11.08,2.83,0.0
20231231:1010,296.81,154.77,200.48,4.74,22.92,13.54,2.76,0.0
20231231:1110,371.67,205.23,240.68,5.91,27.22,15.29,2.97,0.0
20231231:1210,342.21,164.88,247.69,5.84,28.54,16.59,3.52,0.0
20231231:1310,496.14,372.9,226.63,6.78,26.67,17.41,3.79,0.0
20231231:1410,258.89,128.69,188.02,4.34,21.89,17.85,3.72,0.0
20231231:1510,244.86,170.36,131.75,3.22,14.76,18.06,3.52,0.0
20231231:1610,55.63,40.65,43.19,0.87,5.9,17.64,3.24,0.0
20231231:1710,0.0,0.0,0.0,0.0,0.0,16.4,3.1,0.0
20231231:1810,0.0,0.0,0.0,0.0,0.0,15.68,3.03,0.0
20231231:1910,0.0,0.0,0.0,0.0,0.0,15.06,2.9,0.0
20231231:2010,0.0,0.0,0.0,0.0,0.0,14.39,2.76,0.0
20231231:2110,0.0,0.0,0.0,0.0,0.0,13.89,2.76,0.0
20231231:2210,0.0,0.0,0.0,0.0,0.0,13.75,2.55,0.0
20231231:2310,0.0,0.0,0.0,0.0,0.0,13.17,2.48,0.0

P: PV system power (W)
Gb(i): Beam (direct) irradiance on the inclined plane (plane of the array) (W/m2)
Gd(i): Diffuse irradiance on the inclined plane (plane of the array) (W/m2)
Gr(i): Reflected irradiance on the inclined plane (plane of the array) (W/m2)
H_sun: Sun height (degree)
T2m: 2-m air temperature (degree Celsius)
WS10m: 10-m total wind speed (m/s)
Int: 1 means solar radiation values are reconstructed



PVGIS (c) European Union, 2001-2026