fecha,valor,geo_name
2022-12-31 23:00:00+00:00,20037.0,Península
2022-12-31 23:05:00+00:00,20087.0,Península
2022-12-31 23:10:00+00:00,20110.0,Península
2022-12-31 23:15:00+00:00,20104.0,Península
2022-12-31 23:20:00+00:00,20090.0,Península
2022-12-31 23:25:00+00:00,20047.0,Península
2022-12-31 23:30:00+00:00,20021.0,Península
2022-12-31 23:35:00+00:00,20015.0,Península
2022-12-31 23:40:00+00:00,19960.0,Península
2022-12-31 23:45:00+00:00,19894.0,Península
2022-12-31 23:50:00+00:00,19897.0,Península
2022-12-31 23:55:00+00:00,19814.0,Península
2023-01-01 00:00:00+00:00,19749.0,Península
2023-01-01 00:05:00+00:00,19623.0,Península
2023-01-01 00:10:00+00:00,19590.0,Península
2023-01-01 00:15:00+00:00,19509.0,Península
2023-01-01 00:20:00+00:00,19418.0,Península
2023-01-01 00:25:00+00:00,19320.0,Península
2023-01-01 00:30:00+00:00,19231.0,Península
2023-01-01 00:35:00+00:00,19147.0,Península
2023-01-01 00:40:00+00:00,19127.0,Península
2023-01-01 00:45:00+00:00,19053.0,Península
2023-01-01 00:50:00+00:00,18887.0,Península
2023-01-01 00:55:00+00:00,18850.0,Península
2023-01-01 01:00:00+00:00,18699.0,Península
2023-01-01 01:05:00+00:00,18530.0,Península
2023-01-01 01:10:00+00:00,18389.0,Península
2023-01-01 01:15:00+00:00,18342.0,Península
2023-01-01 01:20:00+00:00,18282.0,Península
2023-01-01 01:25:00+00:00,18245.0,Península
2023-01-01 01:30:00+00:00,18100.0,Península
2023-01-01 01:35:00+00:00,18003.0,Península
2023-01-01 01:40:00+00:00,17950.0,Península
2023-01-01 01:45:00+00:00,17859.0,Península
2023-01-01 01:50:00+00:00,17782.0,Península
2023-01-01 01:55:00+00:00,17684.0,Península
2023-01-01 02:00:00+00:00,17582.0,Península
2023-01-01 02:05:00+00:00,17419.0,Península
2023-01-01 02:10:00+00:00,17331.0,Península
2023-01-01 02:15:00+00:00,17234.0,Península
2023-01-01 02:20:00+00:00,17189.0,Península
2023-01-01 02:25:00+00:00,17120.0,Península
2023-01-01 02:30:00+00:00,17052.0,Península
2023-01-01 02:35:00+00:00,17017.0,Península
2023-01-01 02:40:00+00:00,16960.0,Península
2023-01-01 02:45:00+00:00,16893.0,Península
2023-01-01 02:50:00+00:00,16849.0,Península
2023-01-01 02:55:00+00:00,16795.0,Península
2023-01-01 03:00:00+00:00,16793.0,Península
2023-01-01 03:05:00+00:00,16729.0,Península
2023-01-01 03:10:00+00:00,16692.0,Península
2023-01-01 03:15:00+00:00,16632.0,Península
2023-01-01 03:20:00+00:00,16650.0,Península
2023-01-01 03:25:00+00:00,16584.0,Península
2023-01-01 03:30:00+00:00,16550.0,Península
2023-01-01 03:35:00+00:00,16507.0,Península
2023-01-01 03:40:00+00:00,16433.0,Península
2023-01-01 03:45:00+00:00,16381.0,Península
2023-01-01 03:50:00+00:00,16350.0,Península
2023-01-01 03:55:00+00:00,16330.0,Península
2023-01-01 04:00:00+00:00,16295.0,Península
2023-01-01 04:05:00+00:00,16247.0,Península
2023-01-01 04:10:00+00:00,16261.0,Península
2023-01-01 04:15:00+00:00,16229.0,Península
2023-01-01 04:20:00+00:00,16212.0,Península
2023-01-01 04:25:00+00:00,16159.0,Península
2023-01-01 04:30:00+00:00,16151.0,Península
2023-01-01 04:35:00+00:00,16152.0,Península
2023-01-01 04:40:00+00:00,16132.0,Península
2023-01-01 04:45:00+00:00,16166.0,Península
2023-01-01 04:50:00+00:00,16140.0,Península
2023-01-01 04:55:00+00:00,16148.0,Península
2023-01-01 05:00:00+00:00,16166.0,Península
2023-01-01 05:05:00+00:00,16198.0,Península
2023-01-01 05:10:00+00:00,16236.0,Península
2023-01-01 05:15:00+00:00,16251.0,Península
2023-01-01 05:20:00+00:00,16194.0,Península
2023-01-01 05:25:00+00:00,16219.0,Península
2023-01-01 05:30:00+00:00,16221.0,Península
2023-01-01 05:35:00+00:00,16241.0,Península
2023-01-01 05:40:00+00:00,16237.0,Península
2023-01-01 05:45:00+00:00,16228.0,Península
2023-01-01 05:50:00+00:00,16220.0,Península
2023-01-01 05:55:00+00:00,16245.0,Península
2023-01-01 06:00:00+00:00,16264.0,Península
2023-01-01 06:05:00+00:00,16383.0,Península
2023-01-01 06:10:00+00:00,16488.0,Península
2023-01-01 06:15:00+00:00,16485.0,Península
2023-01-01 06:20:00+00:00,16441.0,Península
2023-01-01 06:25:00+00:00,16476.0,Península
2023-01-01 06:30:00+00:00,16491.0,Península
2023-01-01 06:35:00+00:00,16486.0,Península
2023-01-01 06:40:00+00:00,16598.0,Península
2023-01-01 06:45:00+00:00,16554.0,Península
2023-01-01 06:50:00+00:00,16603.0,Península
2023-01-01 06:55:00+00:00,16647.0,Península
2023-01-01 07:00:00+00:00,16652.0,Península
2023-01-01 07:05:00+00:00,16656.0,Península
2023-01-01 07:10:00+00:00,16650.0,Península
2023-01-01 07:15:00+00:00,16608.0,Península
2023-01-01 07:20:00+00:00,16595.0,Península
2023-01-01 07:25:00+00:00,16502.0,Península
2023-01-01 07:30:00+00:00,16493.0,Península
2023-01-01 07:35:00+00:00,16462.0,Península
2023-01-01 07:40:00+00:00,16463.0,Península
2023-01-01 07:45:00+00:00,16401.0,Península
2023-01-01 07:50:00+00:00,16349.0,Península
2023-01-01 07:55:00+00:00,16389.0,Península
2023-01-01 08:00:00+00:00,16466.0,Península
2023-01-01 08:05:00+00:00,16595.0,Península
2023-01-01 08:10:00+00:00,16540.0,Península
2023-01-01 08:15:00+00:00,16619.0,Península
2023-01-01 08:20:00+00:00,16713.0,Península
2023-01-01 08:25:00+00:00,16786.0,Península
2023-01-01 08:30:00+00:00,16825.0,Península
2023-01-01 08:35:00+00:00,16921.0,Península
2023-01-01 08:40:00+00:00,17062.0,Península
2023-01-01 08:45:00+00:00,17163.0,Península
2023-01-01 08:50:00+00:00,17183.0,Península
2023-01-01 08:55:00+00:00,17275.0,Península
2023-01-01 09:00:00+00:00,17396.0,Península
2023-01-01 09:05:00+00:00,17559.0,Península
2023-01-01 09:10:00+00:00,17738.0,Península
2023-01-01 09:15:00+00:00,17949.0,Península
2023-01-01 09:20:00+00:00,17955.0,Península
2023-01-01 09:25:00+00:00,18103.0,Península
2023-01-01 09:30:00+00:00,18094.0,Península
2023-01-01 09:35:00+00:00,18167.0,Península
2023-01-01 09:40:00+00:00,18423.0,Península
2023-01-01 09:45:00+00:00,18469.0,Península
2023-01-01 09:50:00+00:00,18641.0,Península
2023-01-01 09:55:00+00:00,18671.0,Península
2023-01-01 10:00:00+00:00,18784.0,Península
2023-01-01 10:05:00+00:00,18989.0,Península
2023-01-01 10:10:00+00:00,19075.0,Península
2023-01-01 10:15:00+00:00,19116.0,Península
2023-01-01 10:20:00+00:00,19204.0,Península
2023-01-01 10:25:00+00:00,19227.0,Península
2023-01-01 10:30:00+00:00,19220.0,Península
2023-01-01 10:35:00+00:00,19330.0,Península
2023-01-01 10:40:00+00:00,19306.0,Península
2023-01-01 10:45:00+00:00,19409.0,Península
2023-01-01 10:50:00+00:00,19431.0,Península
2023-01-01 10:55:00+00:00,19425.0,Península
2023-01-01 11:00:00+00:00,19417.0,Península
2023-01-01 11:05:00+00:00,19477.0,Península
2023-01-01 11:10:00+00:00,19478.0,Península
2023-01-01 11:15:00+00:00,19560.0,Península
2023-01-01 11:20:00+00:00,19778.0,Península
2023-01-01 11:25:00+00:00,19727.0,Península
2023-01-01 11:30:00+00:00,19774.0,Península
2023-01-01 11:35:00+00:00,19947.0,Península
2023-01-01 11:40:00+00:00,19940.0,Península
2023-01-01 11:45:00+00:00,19905.0,Península
2023-01-01 11:50:00+00:00,19797.0,Península
2023-01-01 11:55:00+00:00,19875.0,Península
2023-01-01 12:00:00+00:00,19946.0,Península
2023-01-01 12:05:00+00:00,20005.0,Península
2023-01-01 12:10:00+00:00,19953.0,Península
2023-01-01 12:15:00+00:00,20251.0,Península
2023-01-01 12:20:00+00:00,20351.0,Península
2023-01-01 12:25:00+00:00,20294.0,Península
2023-01-01 12:30:00+00:00,20380.0,Península
2023-01-01 12:35:00+00:00,20450.0,Península
2023-01-01 12:40:00+00:00,20525.0,Península
2023-01-01 12:45:00+00:00,20625.0,Península
2023-01-01 12:50:00+00:00,20651.0,Península
2023-01-01 12:55:00+00:00,20679.0,Península
2023-01-01 13:00:00+00:00,20745.0,Península
2023-01-01 13:05:00+00:00,20742.0,Península
2023-01-01 13:10:00+00:00,20853.0,Península
2023-01-01 13:15:00+00:00,20683.0,Península
2023-01-01 13:20:00+00:00,20619.0,Península
2023-01-01 13:25:00+00:00,20736.0,Península
2023-01-01 13:30:00+00:00,20481.0,Península
2023-01-01 13:35:00+00:00,20427.0,Península
2023-01-01 13:40:00+00:00,20407.0,Península
2023-01-01 13:45:00+00:00,20331.0,Península
2023-01-01 13:50:00+00:00,20363.0,Península
2023-01-01 13:55:00+00:00,20201.0,Península
2023-01-01 14:00:00+00:00,20281.0,Península
2023-01-01 14:05:00+00:00,20210.0,Península
2023-01-01 14:10:00+00:00,19996.0,Península
2023-01-01 14:15:00+00:00,19960.0,Península
2023-01-01 14:20:00+00:00,19837.0,Península
2023-01-01 14:25:00+00:00,19688.0,Península
2023-01-01 14:30:00+00:00,19547.0,Península
2023-01-01 14:35:00+00:00,19675.0,Península
2023-01-01 14:40:00+00:00,19372.0,Península
2023-01-01 14:45:00+00:00,19456.0,Península
2023-01-01 14:50:00+00:00,19347.0,Península
2023-01-01 14:55:00+00:00,19399.0,Península
2023-01-01 15:00:00+00:00,19411.0,Península
2023-01-01 15:05:00+00:00,19512.0,Península
2023-01-01 15:10:00+00:00,19537.0,Península
2023-01-01 15:15:00+00:00,19515.0,Península
2023-01-01 15:20:00+00:00,19434.0,Península
2023-01-01 15:25:00+00:00,19476.0,Península
2023-01-01 15:30:00+00:00,19536.0,Península
2023-01-01 15:35:00+00:00,19484.0,Península
2023-01-01 15:40:00+00:00,19452.0,Península
2023-01-01 15:45:00+00:00,19584.0,Península
2023-01-01 15:50:00+00:00,19471.0,Península
2023-01-01 15:55:00+00:00,19473.0,Península
2023-01-01 16:00:00+00:00,19581.0,Península
2023-01-01 16:05:00+00:00,19734.0,Península
2023-01-01 16:10:00+00:00,19771.0,Península
2023-01-01 16:15:00+00:00,19773.0,Península
2023-01-01 16:20:00+00:00,19781.0,Península
2023-01-01 16:25:00+00:00,19942.0,Península
2023-01-01 16:30:00+00:00,20098.0,Península
2023-01-01 16:35:00+00:00,20320.0,Península
2023-01-01 16:40:00+00:00,20518.0,Península
2023-01-01 16:45:00+00:00,20684.0,Península
2023-01-01 16:50:00+00:00,20979.0,Península
2023-01-01 16:55:00+00:00,21185.0,Península
2023-01-01 17:00:00+00:00,21414.0,Península
2023-01-01 17:05:00+00:00,21709.0,Península
2023-01-01 17:10:00+00:00,22045.0,Península
2023-01-01 17:15:00+00:00,22324.0,Península
2023-01-01 17:20:00+00:00,22393.0,Península
2023-01-01 17:25:00+00:00,22647.0,Península
2023-01-01 17:30:00+00:00,22743.0,Península
2023-01-01 17:35:00+00:00,22766.0,Península
2023-01-01 17:40:00+00:00,22811.0,Península
2023-01-01 17:45:00+00:00,22951.0,Península
2023-01-01 17:50:00+00:00,23029.0,Península
2023-01-01 17:55:00+00:00,23006.0,Península
2023-01-01 18:00:00+00:00,23217.0,Península
2023-01-01 18:05:00+00:00,23293.0,Península
2023-01-01 18:10:00+00:00,23420.0,Península
2023-01-01 18:15:00+00:00,23426.0,Península
2023-01-01 18:20:00+00:00,23469.0,Península
2023-01-01 18:25:00+00:00,23577.0,Península
2023-01-01 18:30:00+00:00,23589.0,Península
2023-01-01 18:35:00+00:00,23611.0,Península
2023-01-01 18:40:00+00:00,23650.0,Península
2023-01-01 18:45:00+00:00,23812.0,Península
2023-01-01 18:50:00+00:00,23833.0,Península
2023-01-01 18:55:00+00:00,23849.0,Península
2023-01-01 19:00:00+00:00,23927.0,Península
2023-01-01 19:05:00+00:00,24042.0,Península
2023-01-01 19:10:00+00:00,24229.0,Península
2023-01-01 19:15:00+00:00,24277.0,Península
2023-01-01 19:20:00+00:00,24282.0,Península
2023-01-01 19:25:00+00:00,24335.0,Península
2023-01-01 19:30:00+00:00,24449.0,Península
2023-01-01 19:35:00+00:00,24576.0,Península
2023-01-01 19:40:00+00:00,24634.0,Península
2023-01-01 19:45:00+00:00,24627.0,Península
2023-01-01 19:50:00+00:00,24603.0,Península
2023-01-01 19:55:00+00:00,24647.0,Península
2023-01-01 20:00:00+00:00,24640.0,Península
2023-01-01 20:05:00+00:00,24695.0,Península
2023-01-01 20:10:00+00:00,24772.0,Península
2023-01-01 20:15:00+00:00,24809.0,Península
2023-01-01 20:20:00+00:00,24789.0,Península
2023-01-01 20:25:00+00:00,24811.0,Península
2023-01-01 20:30:00+00:00,24679.0,Península
2023-01-01 20:35:00+00:00,24511.0,Península
2023-01-01 20:40:00+00:00,24550.0,Península
2023-01-01 20:45:00+00:00,24537.0,Península
2023-01-01 20:50:00+00:00,24375.0,Península
2023-01-01 20:55:00+00:00,24313.0,Península
2023-01-01 21:00:00+00:00,24206.0,Península
2023-01-01 21:05:00+00:00,24033.0,Península
2023-01-01 21:10:00+00:00,23932.0,Península
2023-01-01 21:15:00+00:00,23803.0,Península
2023-01-01 21:20:00+00:00,23725.0,Península
2023-01-01 21:25:00+00:00,23632.0,Península
2023-01-01 21:30:00+00:00,23414.0,Península
2023-01-01 21:35:00+00:00,23214.0,Península
2023-01-01 21:40:00+00:00,23158.0,Península
2023-01-01 21:45:00+00:00,22992.0,Península
2023-01-01 21:50:00+00:00,22871.0,Península
2023-01-01 21:55:00+00:00,22675.0,Península
2023-01-01 22:00:00+00:00,22532.0,Península
2023-01-01 22:05:00+00:00,22297.0,Península
2023-01-01 22:10:00+00:00,22093.0,Península
2023-01-01 22:15:00+00:00,22024.0,Península
2023-01-01 22:20:00+00:00,21838.0,Península
2023-01-01 22:25:00+00:00,21688.0,Península
2023-01-01 22:30:00+00:00,21501.0,Península
2023-01-01 22:35:00+00:00,21393.0,Península
2023-01-01 22:40:00+00:00,21124.0,Península
2023-01-01 22:45:00+00:00,21076.0,Península
2023-01-01 22:50:00+00:00,20818.0,Península
2023-01-01 22:55:00+00:00,20633.0,Península
2023-01-01 23:00:00+00:00,20415.0,Península
2023-01-01 23:05:00+00:00,20717.0,Península
2023-01-01 23:10:00+00:00,20534.0,Península
2023-01-01 23:15:00+00:00,20398.0,Península
2023-01-01 23:20:00+00:00,20168.0,Península
2023-01-01 23:25:00+00:00,20055.0,Península
2023-01-01 23:30:00+00:00,19898.0,Península
2023-01-01 23:35:00+00:00,19642.0,Península
2023-01-01 23:40:00+00:00,19551.0,Península
2023-01-01 23:45:00+00:00,19554.0,Península
2023-01-01 23:50:00+00:00,19360.0,Península
2023-01-01 23:55:00+00:00,19322.0,Península
2023-01-02 00:00:00+00:00,19094.0,Península
2023-01-02 00:05:00+00:00,19133.0,Península
2023-01-02 00:10:00+00:00,18946.0,Península
2023-01-02 00:15:00+00:00,18806.0,Península
2023-01-02 00:20:00+00:00,18695.0,Península
2023-01-02 00:25:00+00:00,18567.0,Península
2023-01-02 00:30:00+00:00,18397.0,Península
2023-01-02 00:35:00+00:00,18391.0,Península
2023-01-02 00:40:00+00:00,18352.0,Península
2023-01-02 00:45:00+00:00,18304.0,Península
2023-01-02 00:50:00+00:00,18152.0,Península
2023-01-02 00:55:00+00:00,18131.0,Península
2023-01-02 01:00:00+00:00,18035.0,Península
2023-01-02 01:05:00+00:00,18005.0,Península
2023-01-02 01:10:00+00:00,17972.0,Península
2023-01-02 01:15:00+00:00,17777.0,Península
2023-01-02 01:20:00+00:00,17669.0,Península
2023-01-02 01:25:00+00:00,17700.0,Península
2023-01-02 01:30:00+00:00,17686.0,Península
2023-01-02 01:35:00+00:00,17516.0,Península
2023-01-02 01:40:00+00:00,17522.0,Península
2023-01-02 01:45:00+00:00,17448.0,Península
2023-01-02 01:50:00+00:00,17381.0,Península
2023-01-02 01:55:00+00:00,17388.0,Península
2023-01-02 02:00:00+00:00,17271.0,Península
2023-01-02 02:05:00+00:00,17300.0,Península
2023-01-02 02:10:00+00:00,17275.0,Península
2023-01-02 02:15:00+00:00,17301.0,Península
2023-01-02 02:20:00+00:00,17282.0,Península
2023-01-02 02:25:00+00:00,17243.0,Península
2023-01-02 02:30:00+00:00,17266.0,Península
2023-01-02 02:35:00+00:00,17161.0,Península
2023-01-02 02:40:00+00:00,17234.0,Península
2023-01-02 02:45:00+00:00,17246.0,Península
2023-01-02 02:50:00+00:00,17188.0,Península
2023-01-02 02:55:00+00:00,17058.0,Península
2023-01-02 03:00:00+00:00,17110.0,Península
2023-01-02 03:05:00+00:00,17171.0,Península
2023-01-02 03:10:00+00:00,17214.0,Península
2023-01-02 03:15:00+00:00,17325.0,Península
2023-01-02 03:20:00+00:00,17178.0,Península
2023-01-02 03:25:00+00:00,17195.0,Península
2023-01-02 03:30:00+00:00,17256.0,Península
2023-01-02 03:35:00+00:00,17204.0,Península
2023-01-02 03:40:00+00:00,17260.0,Península
2023-01-02 03:45:00+00:00,17267.0,Península
2023-01-02 03:50:00+00:00,17165.0,Península
2023-01-02 03:55:00+00:00,17175.0,Península
2023-01-02 04:00:00+00:00,17301.0,Península
2023-01-02 04:05:00+00:00,17490.0,Península
2023-01-02 04:10:00+00:00,17548.0,Península
2023-01-02 04:15:00+00:00,17661.0,Península
2023-01-02 04:20:00+00:00,17581.0,Península
2023-01-02 04:25:00+00:00,17712.0,Península
2023-01-02 04:30:00+00:00,17755.0,Península
2023-01-02 04:35:00+00:00,17864.0,Península
2023-01-02 04:40:00+00:00,17883.0,Península
2023-01-02 04:45:00+00:00,17947.0,Península
2023-01-02 04:50:00+00:00,18202.0,Península
2023-01-02 04:55:00+00:00,18351.0,Península
2023-01-02 05:00:00+00:00,18699.0,Península
2023-01-02 05:05:00+00:00,19230.0,Península
2023-01-02 05:10:00+00:00,19397.0,Península
2023-01-02 05:15:00+00:00,19598.0,Península
2023-01-02 05:20:00+00:00,19705.0,Península
2023-01-02 05:25:00+00:00,19767.0,Península
2023-01-02 05:30:00+00:00,19907.0,Península
2023-01-02 05:35:00+00:00,20244.0,Península
2023-01-02 05:40:00+00:00,20284.0,Península
2023-01-02 05:45:00+00:00,20465.0,Península
2023-01-02 05:50:00+00:00,20677.0,Península
2023-01-02 05:55:00+00:00,20941.0,Península
2023-01-02 06:00:00+00:00,21003.0,Península
2023-01-02 06:05:00+00:00,21778.0,Península
2023-01-02 06:10:00+00:00,21980.0,Península
2023-01-02 06:15:00+00:00,22072.0,Península
2023-01-02 06:20:00+00:00,22070.0,Península
2023-01-02 06:25:00+00:00,22228.0,Península
2023-01-02 06:30:00+00:00,22370.0,Península
2023-01-02 06:35:00+00:00,22687.0,Península
2023-01-02 06:40:00+00:00,22991.0,Península
2023-01-02 06:45:00+00:00,23117.0,Península
2023-01-02 06:50:00+00:00,23226.0,Península
2023-01-02 06:55:00+00:00,23334.0,Península
2023-01-02 07:00:00+00:00,23660.0,Península
2023-01-02 07:05:00+00:00,23871.0,Península
2023-01-02 07:10:00+00:00,24159.0,Península
2023-01-02 07:15:00+00:00,24223.0,Península
2023-01-02 07:20:00+00:00,24220.0,Península
2023-01-02 07:25:00+00:00,24275.0,Península
2023-01-02 07:30:00+00:00,24361.0,Península
2023-01-02 07:35:00+00:00,24480.0,Península
2023-01-02 07:40:00+00:00,24643.0,Península
2023-01-02 07:45:00+00:00,24682.0,Península
2023-01-02 07:50:00+00:00,24643.0,Península
2023-01-02 07:55:00+00:00,24694.0,Península
2023-01-02 08:00:00+00:00,24856.0,Península
2023-01-02 08:05:00+00:00,25243.0,Península
2023-01-02 08:10:00+00:00,25331.0,Península
2023-01-02 08:15:00+00:00,25450.0,Península
2023-01-02 08:20:00+00:00,25620.0,Península
2023-01-02 08:25:00+00:00,25738.0,Península
2023-01-02 08:30:00+00:00,25736.0,Península
2023-01-02 08:35:00+00:00,26010.0,Península
2023-01-02 08:40:00+00:00,26073.0,Península
2023-01-02 08:45:00+00:00,26252.0,Península
2023-01-02 08:50:00+00:00,26310.0,Península
2023-01-02 08:55:00+00:00,26410.0,Península
2023-01-02 09:00:00+00:00,26512.0,Península
2023-01-02 09:05:00+00:00,26538.0,Península
2023-01-02 09:10:00+00:00,26486.0,Península
2023-01-02 09:15:00+00:00,26626.0,Península
2023-01-02 09:20:00+00:00,26630.0,Península
2023-01-02 09:25:00+00:00,26868.0,Península
2023-01-02 09:30:00+00:00,26929.0,Península
2023-01-02 09:35:00+00:00,26948.0,Península
2023-01-02 09:40:00+00:00,27124.0,Península
2023-01-02 09:45:00+00:00,27054.0,Península
2023-01-02 09:50:00+00:00,27233.0,Península
2023-01-02 09:55:00+00:00,27209.0,Península
2023-01-02 10:00:00+00:00,27246.0,Península
2023-01-02 10:05:00+00:00,27171.0,Península
2023-01-02 10:10:00+00:00,27194.0,Península
2023-01-02 10:15:00+00:00,27197.0,Península
2023-01-02 10:20:00+00:00,27205.0,Península
2023-01-02 10:25:00+00:00,27143.0,Península
2023-01-02 10:30:00+00:00,27162.0,Península
2023-01-02 10:35:00+00:00,27034.0,Península
2023-01-02 10:40:00+00:00,27146.0,Península
2023-01-02 10:45:00+00:00,27021.0,Península
2023-01-02 10:50:00+00:00,27189.0,Península
2023-01-02 10:55:00+00:00,27052.0,Península
2023-01-02 11:00:00+00:00,27060.0,Península
2023-01-02 11:05:00+00:00,27168.0,Península
2023-01-02 11:10:00+00:00,27276.0,Península
2023-01-02 11:15:00+00:00,27281.0,Península
2023-01-02 11:20:00+00:00,27199.0,Península
2023-01-02 11:25:00+00:00,27233.0,Península
2023-01-02 11:30:00+00:00,27154.0,Península
2023-01-02 11:35:00+00:00,27172.0,Península
2023-01-02 11:40:00+00:00,27150.0,Península
2023-01-02 11:45:00+00:00,27146.0,Península
2023-01-02 11:50:00+00:00,27313.0,Península
2023-01-02 11:55:00+00:00,27358.0,Península
2023-01-02 12:00:00+00:00,27429.0,Península
2023-01-02 12:05:00+00:00,27465.0,Península
2023-01-02 12:10:00+00:00,27400.0,Península
2023-01-02 12:15:00+00:00,27464.0,Península
2023-01-02 12:20:00+00:00,27606.0,Península
2023-01-02 12:25:00+00:00,27668.0,Península
2023-01-02 12:30:00+00:00,27801.0,Península
2023-01-02 12:35:00+00:00,27639.0,Península
2023-01-02 12:40:00+00:00,27698.0,Península
2023-01-02 12:45:00+00:00,27845.0,Península
2023-01-02 12:50:00+00:00,27798.0,Península
2023-01-02 12:55:00+00:00,27878.0,Península
2023-01-02 13:00:00+00:00,27851.0,Península
2023-01-02 13:05:00+00:00,27767.0,Península
2023-01-02 13:10:00+00:00,27926.0,Península
2023-01-02 13:15:00+00:00,27977.0,Península
2023-01-02 13:20:00+00:00,27726.0,Península
2023-01-02 13:25:00+00:00,27655.0,Península
2023-01-02 13:30:00+00:00,27667.0,Península
2023-01-02 13:35:00+00:00,27465.0,Península
2023-01-02 13:40:00+00:00,27490.0,Península
2023-01-02 13:45:00+00:00,27563.0,Península
2023-01-02 13:50:00+00:00,27352.0,Península
2023-01-02 13:55:00+00:00,27178.0,Península
2023-01-02 14:00:00+00:00,27194.0,Península
2023-01-02 14:05:00+00:00,27164.0,Península
2023-01-02 14:10:00+00:00,27148.0,Península
2023-01-02 14:15:00+00:00,27028.0,Península
2023-01-02 14:20:00+00:00,27089.0,Península
2023-01-02 14:25:00+00:00,26954.0,Península
2023-01-02 14:30:00+00:00,26919.0,Península
2023-01-02 14:35:00+00:00,26999.0,Península
2023-01-02 14:40:00+00:00,26960.0,Península
2023-01-02 14:45:00+00:00,26840.0,Península
2023-01-02 14:50:00+00:00,26856.0,Península
2023-01-02 14:55:00+00:00,26876.0,Península
2023-01-02 15:00:00+00:00,26900.0,Península
2023-01-02 15:05:00+00:00,26792.0,Península
2023-01-02 15:10:00+00:00,26807.0,Península
2023-01-02 15:15:00+00:00,26813.0,Península
2023-01-02 15:20:00+00:00,26793.0,Península
2023-01-02 15:25:00+00:00,26709.0,Península
2023-01-02 15:30:00+00:00,26861.0,Península
2023-01-02 15:35:00+00:00,26809.0,Península
2023-01-02 15:40:00+00:00,26759.0,Península
2023-01-02 15:45:00+00:00,26825.0,Península
2023-01-02 15:50:00+00:00,26810.0,Península
2023-01-02 15:55:00+00:00,26740.0,Península
2023-01-02 16:00:00+00:00,26817.0,Península
2023-01-02 16:05:00+00:00,26747.0,Península
2023-01-02 16:10:00+00:00,26636.0,Península
2023-01-02 16:15:00+00:00,26763.0,Península
2023-01-02 16:20:00+00:00,26717.0,Península
2023-01-02 16:25:00+00:00,26653.0,Península
2023-01-02 16:30:00+00:00,26709.0,Península
2023-01-02 16:35:00+00:00,26734.0,Península
2023-01-02 16:40:00+00:00,26923.0,Península
2023-01-02 16:45:00+00:00,27056.0,Península
2023-01-02 16:50:00+00:00,27289.0,Península
2023-01-02 16:55:00+00:00,27365.0,Península
2023-01-02 17:00:00+00:00,27325.0,Península
2023-01-02 17:05:00+00:00,27572.0,Península
2023-01-02 17:10:00+00:00,27755.0,Península
2023-01-02 17:15:00+00:00,27883.0,Península
2023-01-02 17:20:00+00:00,28032.0,Península
2023-01-02 17:25:00+00:00,28060.0,Península
2023-01-02 17:30:00+00:00,28200.0,Península
2023-01-02 17:35:00+00:00,28162.0,Península
2023-01-02 17:40:00+00:00,28241.0,Península
2023-01-02 17:45:00+00:00,28330.0,Península
2023-01-02 17:50:00+00:00,28397.0,Península
2023-01-02 17:55:00+00:00,28364.0,Península
2023-01-02 18:00:00+00:00,28454.0,Península
2023-01-02 18:05:00+00:00,28452.0,Península
2023-01-02 18:10:00+00:00,28458.0,Península
2023-01-02 18:15:00+00:00,28587.0,Península
2023-01-02 18:20:00+00:00,28633.0,Península
2023-01-02 18:25:00+00:00,28673.0,Península
2023-01-02 18:30:00+00:00,28688.0,Península
2023-01-02 18:35:00+00:00,28782.0,Península
2023-01-02 18:40:00+00:00,28824.0,Península
2023-01-02 18:45:00+00:00,28754.0,Península
2023-01-02 18:50:00+00:00,28803.0,Península
2023-01-02 18:55:00+00:00,28845.0,Península
2023-01-02 19:00:00+00:00,28956.0,Península
2023-01-02 19:05:00+00:00,29143.0,Península
2023-01-02 19:10:00+00:00,29244.0,Península
2023-01-02 19:15:00+00:00,29335.0,Península
2023-01-02 19:20:00+00:00,29355.0,Península
2023-01-02 19:25:00+00:00,29339.0,Península
2023-01-02 19:30:00+00:00,29439.0,Península
2023-01-02 19:35:00+00:00,29579.0,Península
2023-01-02 19:40:00+00:00,29473.0,Península
2023-01-02 19:45:00+00:00,29451.0,Península
2023-01-02 19:50:00+00:00,29514.0,Península
2023-01-02 19:55:00+00:00,29538.0,Península
2023-01-02 20:00:00+00:00,29437.0,Península
2023-01-02 20:05:00+00:00,29457.0,Península
2023-01-02 20:10:00+00:00,29408.0,Península
2023-01-02 20:15:00+00:00,29330.0,Península
2023-01-02 20:20:00+00:00,29341.0,Península
2023-01-02 20:25:00+00:00,29266.0,Península
2023-01-02 20:30:00+00:00,29129.0,Península
2023-01-02 20:35:00+00:00,29026.0,Península
2023-01-02 20:40:00+00:00,28735.0,Península
2023-01-02 20:45:00+00:00,28665.0,Península
2023-01-02 20:50:00+00:00,28291.0,Península
2023-01-02 20:55:00+00:00,28259.0,Península
2023-01-02 21:00:00+00:00,28026.0,Península
2023-01-02 21:05:00+00:00,27805.0,Península
2023-01-02 21:10:00+00:00,27573.0,Península
2023-01-02 21:15:00+00:00,27465.0,Península
2023-01-02 21:20:00+00:00,27314.0,Península
2023-01-02 21:25:00+00:00,27103.0,Península
2023-01-02 21:30:00+00:00,26922.0,Península
2023-01-02 21:35:00+00:00,26610.0,Península
2023-01-02 21:40:00+00:00,26383.0,Península
2023-01-02 21:45:00+00:00,26133.0,Península
2023-01-02 21:50:00+00:00,26007.0,Península
2023-01-02 21:55:00+00:00,25803.0,Península
2023-01-02 22:00:00+00:00,25633.0,Península
2023-01-02 22:05:00+00:00,25360.0,Península
2023-01-02 22:10:00+00:00,25139.0,Península
2023-01-02 22:15:00+00:00,24939.0,Península
2023-01-02 22:20:00+00:00,24779.0,Península
2023-01-02 22:25:00+00:00,24675.0,Península
2023-01-02 22:30:00+00:00,24449.0,Península
2023-01-02 22:35:00+00:00,24199.0,Península
2023-01-02 22:40:00+00:00,23918.0,Península
2023-01-02 22:45:00+00:00,23700.0,Península
2023-01-02 22:50:00+00:00,23687.0,Península
2023-01-02 22:55:00+00:00,23382.0,Península
2023-01-02 23:00:00+00:00,23137.0,Península
2023-01-02 23:05:00+00:00,23157.0,Península
2023-01-02 23:10:00+00:00,23260.0,Península
2023-01-02 23:15:00+00:00,23235.0,Península
2023-01-02 23:20:00+00:00,22964.0,Península
2023-01-02 23:25:00+00:00,23055.0,Península
2023-01-02 23:30:00+00:00,22898.0,Península
2023-01-02 23:35:00+00:00,22777.0,Península
2023-01-02 23:40:00+00:00,22557.0,Península
2023-01-02 23:45:00+00:00,22357.0,Península
2023-01-02 23:50:00+00:00,22201.0,Península
2023-01-02 23:55:00+00:00,22139.0,Península
2023-01-03 00:00:00+00:00,21943.0,Península
2023-01-03 00:05:00+00:00,21871.0,Península
2023-01-03 00:10:00+00:00,21670.0,Península
2023-01-03 00:15:00+00:00,21502.0,Península
2023-01-03 00:20:00+00:00,21439.0,Península
2023-01-03 00:25:00+00:00,21234.0,Península
2023-01-03 00:30:00+00:00,21297.0,Península
2023-01-03 00:35:00+00:00,21092.0,Península
2023-01-03 00:40:00+00:00,21084.0,Península
2023-01-03 00:45:00+00:00,20757.0,Península
2023-01-03 00:50:00+00:00,20751.0,Península
2023-01-03 00:55:00+00:00,20649.0,Península
2023-01-03 01:00:00+00:00,20488.0,Península
2023-01-03 01:05:00+00:00,20331.0,Península
2023-01-03 01:10:00+00:00,20285.0,Península
2023-01-03 01:15:00+00:00,20256.0,Península
2023-01-03 01:20:00+00:00,20301.0,Península
2023-01-03 01:25:00+00:00,20192.0,Península
2023-01-03 01:30:00+00:00,20131.0,Península
2023-01-03 01:35:00+00:00,20134.0,Península
2023-01-03 01:40:00+00:00,20081.0,Península
2023-01-03 01:45:00+00:00,20068.0,Península
2023-01-03 01:50:00+00:00,20005.0,Península
2023-01-03 01:55:00+00:00,19997.0,Península
2023-01-03 02:00:00+00:00,19759.0,Península
2023-01-03 02:05:00+00:00,19770.0,Península
2023-01-03 02:10:00+00:00,19826.0,Península
2023-01-03 02:15:00+00:00,19823.0,Península
2023-01-03 02:20:00+00:00,19636.0,Península
2023-01-03 02:25:00+00:00,19545.0,Península
2023-01-03 02:30:00+00:00,19592.0,Península
2023-01-03 02:35:00+00:00,19599.0,Península
2023-01-03 02:40:00+00:00,19702.0,Península
2023-01-03 02:45:00+00:00,19629.0,Península
2023-01-03 02:50:00+00:00,19499.0,Península
2023-01-03 02:55:00+00:00,19621.0,Península
2023-01-03 03:00:00+00:00,19675.0,Península
2023-01-03 03:05:00+00:00,19686.0,Península
2023-01-03 03:10:00+00:00,19448.0,Península
2023-01-03 03:15:00+00:00,19429.0,Península
2023-01-03 03:20:00+00:00,19620.0,Península
2023-01-03 03:25:00+00:00,19666.0,Península
2023-01-03 03:30:00+00:00,19539.0,Península
2023-01-03 03:35:00+00:00,19529.0,Península
2023-01-03 03:40:00+00:00,19582.0,Península
2023-01-03 03:45:00+00:00,19584.0,Península
2023-01-03 03:50:00+00:00,19663.0,Península
2023-01-03 03:55:00+00:00,19597.0,Península
2023-01-03 04:00:00+00:00,19493.0,Península
2023-01-03 04:05:00+00:00,19817.0,Península
2023-01-03 04:10:00+00:00,19955.0,Península
2023-01-03 04:15:00+00:00,20032.0,Península
2023-01-03 04:20:00+00:00,19889.0,Península
2023-01-03 04:25:00+00:00,20118.0,Península
2023-01-03 04:30:00+00:00,20243.0,Península
2023-01-03 04:35:00+00:00,20380.0,Península
2023-01-03 04:40:00+00:00,20339.0,Península
2023-01-03 04:45:00+00:00,20284.0,Península
2023-01-03 04:50:00+00:00,20571.0,Península
2023-01-03 04:55:00+00:00,20831.0,Península
2023-01-03 05:00:00+00:00,21024.0,Península
2023-01-03 05:05:00+00:00,21562.0,Península
2023-01-03 05:10:00+00:00,22093.0,Península
2023-01-03 05:15:00+00:00,22215.0,Península
2023-01-03 05:20:00+00:00,22289.0,Península
2023-01-03 05:25:00+00:00,22525.0,Península
2023-01-03 05:30:00+00:00,22727.0,Península
2023-01-03 05:35:00+00:00,22902.0,Península
2023-01-03 05:40:00+00:00,23241.0,Península
2023-01-03 05:45:00+00:00,23259.0,Península
2023-01-03 05:50:00+00:00,23532.0,Península
2023-01-03 05:55:00+00:00,23728.0,Península
2023-01-03 06:00:00+00:00,24058.0,Península
2023-01-03 06:05:00+00:00,24774.0,Península
2023-01-03 06:10:00+00:00,25159.0,Península
2023-01-03 06:15:00+00:00,25256.0,Península
2023-01-03 06:20:00+00:00,25451.0,Península
2023-01-03 06:25:00+00:00,25643.0,Península
2023-01-03 06:30:00+00:00,25872.0,Península
2023-01-03 06:35:00+00:00,26090.0,Península
2023-01-03 06:40:00+00:00,26365.0,Península
2023-01-03 06:45:00+00:00,26766.0,Península
2023-01-03 06:50:00+00:00,26905.0,Península
2023-01-03 06:55:00+00:00,26810.0,Península
2023-01-03 07:00:00+00:00,27154.0,Península
2023-01-03 07:05:00+00:00,27409.0,Península
2023-01-03 07:10:00+00:00,27708.0,Península
2023-01-03 07:15:00+00:00,27663.0,Península
2023-01-03 07:20:00+00:00,27681.0,Península
2023-01-03 07:25:00+00:00,27748.0,Península
2023-01-03 07:30:00+00:00,27907.0,Península
2023-01-03 07:35:00+00:00,28011.0,Península
2023-01-03 07:40:00+00:00,27974.0,Península
2023-01-03 07:45:00+00:00,28096.0,Península
2023-01-03 07:50:00+00:00,28177.0,Península
2023-01-03 07:55:00+00:00,28273.0,Península
2023-01-03 08:00:00+00:00,28542.0,Península
2023-01-03 08:05:00+00:00,29285.0,Península
2023-01-03 08:10:00+00:00,29391.0,Península
2023-01-03 08:15:00+00:00,29589.0,Península
2023-01-03 08:20:00+00:00,29609.0,Península
2023-01-03 08:25:00+00:00,29629.0,Península
2023-01-03 08:30:00+00:00,29612.0,Península
2023-01-03 08:35:00+00:00,29738.0,Península
2023-01-03 08:40:00+00:00,29722.0,Península
2023-01-03 08:45:00+00:00,29609.0,Península
2023-01-03 08:50:00+00:00,29586.0,Península
2023-01-03 08:55:00+00:00,29664.0,Península
2023-01-03 09:00:00+00:00,29605.0,Península
2023-01-03 09:05:00+00:00,29637.0,Península
2023-01-03 09:10:00+00:00,29714.0,Península
2023-01-03 09:15:00+00:00,29791.0,Península
2023-01-03 09:20:00+00:00,29697.0,Península
2023-01-03 09:25:00+00:00,29608.0,Península
2023-01-03 09:30:00+00:00,29680.0,Península
2023-01-03 09:35:00+00:00,29700.0,Península
2023-01-03 09:40:00+00:00,29782.0,Península
2023-01-03 09:45:00+00:00,29545.0,Península
2023-01-03 09:50:00+00:00,29614.0,Península
2023-01-03 09:55:00+00:00,29473.0,Península
2023-01-03 10:00:00+00:00,29570.0,Península
2023-01-03 10:05:00+00:00,29459.0,Península
2023-01-03 10:10:00+00:00,29426.0,Península
2023-01-03 10:15:00+00:00,29234.0,Península
2023-01-03 10:20:00+00:00,29273.0,Península
2023-01-03 10:25:00+00:00,29229.0,Península
2023-01-03 10:30:00+00:00,29148.0,Península
2023-01-03 10:35:00+00:00,29145.0,Península
2023-01-03 10:40:00+00:00,29256.0,Península
2023-01-03 10:45:00+00:00,29278.0,Península
2023-01-03 10:50:00+00:00,29018.0,Península
2023-01-03 10:55:00+00:00,29184.0,Península
2023-01-03 11:00:00+00:00,28941.0,Península
2023-01-03 11:05:00+00:00,29093.0,Península
2023-01-03 11:10:00+00:00,29116.0,Península
2023-01-03 11:15:00+00:00,28890.0,Península
2023-01-03 11:20:00+00:00,28845.0,Península
2023-01-03 11:25:00+00:00,28786.0,Península
2023-01-03 11:30:00+00:00,28832.0,Península
2023-01-03 11:35:00+00:00,28793.0,Península
2023-01-03 11:40:00+00:00,28675.0,Península
2023-01-03 11:45:00+00:00,28878.0,Península
2023-01-03 11:50:00+00:00,28878.0,Península
2023-01-03 11:55:00+00:00,28857.0,Península
2023-01-03 12:00:00+00:00,29023.0,Península
2023-01-03 12:05:00+00:00,28850.0,Península
2023-01-03 12:10:00+00:00,28895.0,Península
2023-01-03 12:15:00+00:00,28871.0,Península
2023-01-03 12:20:00+00:00,29007.0,Península
2023-01-03 12:25:00+00:00,28890.0,Península
2023-01-03 12:30:00+00:00,28736.0,Península
2023-01-03 12:35:00+00:00,28670.0,Península
2023-01-03 12:40:00+00:00,28732.0,Península
2023-01-03 12:45:00+00:00,28841.0,Península
2023-01-03 12:50:00+00:00,28827.0,Península
2023-01-03 12:55:00+00:00,28783.0,Península
2023-01-03 13:00:00+00:00,28707.0,Península
2023-01-03 13:05:00+00:00,28527.0,Península
2023-01-03 13:10:00+00:00,28605.0,Península
2023-01-03 13:15:00+00:00,28624.0,Península
2023-01-03 13:20:00+00:00,28517.0,Península
2023-01-03 13:25:00+00:00,28532.0,Península
2023-01-03 13:30:00+00:00,28531.0,Península
2023-01-03 13:35:00+00:00,28287.0,Península
2023-01-03 13:40:00+00:00,28004.0,Península
2023-01-03 13:45:00+00:00,28145.0,Península
2023-01-03 13:50:00+00:00,27920.0,Península
2023-01-03 13:55:00+00:00,27945.0,Península
2023-01-03 14:00:00+00:00,28071.0,Península
2023-01-03 14:05:00+00:00,27777.0,Península
2023-01-03 14:10:00+00:00,27825.0,Península
2023-01-03 14:15:00+00:00,27550.0,Península
2023-01-03 14:20:00+00:00,27587.0,Península
2023-01-03 14:25:00+00:00,27531.0,Península
2023-01-03 14:30:00+00:00,27603.0,Península
2023-01-03 14:35:00+00:00,27559.0,Península
2023-01-03 14:40:00+00:00,27814.0,Península
2023-01-03 14:45:00+00:00,27798.0,Península
2023-01-03 14:50:00+00:00,27618.0,Península
2023-01-03 14:55:00+00:00,27571.0,Península
2023-01-03 15:00:00+00:00,27666.0,Península
2023-01-03 15:05:00+00:00,27751.0,Península
2023-01-03 15:10:00+00:00,27823.0,Península
2023-01-03 15:15:00+00:00,27522.0,Península
2023-01-03 15:20:00+00:00,27353.0,Península
2023-01-03 15:25:00+00:00,27505.0,Península
2023-01-03 15:30:00+00:00,27660.0,Península
2023-01-03 15:35:00+00:00,27861.0,Península
2023-01-03 15:40:00+00:00,27781.0,Península
2023-01-03 15:45:00+00:00,27722.0,Península
2023-01-03 15:50:00+00:00,27774.0,Península
2023-01-03 15:55:00+00:00,27915.0,Península
2023-01-03 16:00:00+00:00,27880.0,Península
2023-01-03 16:05:00+00:00,27985.0,Península
2023-01-03 16:10:00+00:00,28232.0,Península
2023-01-03 16:15:00+00:00,28306.0,Península
2023-01-03 16:20:00+00:00,28209.0,Península
2023-01-03 16:25:00+00:00,28448.0,Península
2023-01-03 16:30:00+00:00,28369.0,Península
2023-01-03 16:35:00+00:00,28588.0,Península
2023-01-03 16:40:00+00:00,28864.0,Península
2023-01-03 16:45:00+00:00,28908.0,Península
2023-01-03 16:50:00+00:00,28971.0,Península
2023-01-03 16:55:00+00:00,29261.0,Península
2023-01-03 17:00:00+00:00,29170.0,Península
2023-01-03 17:05:00+00:00,29528.0,Península
2023-01-03 17:10:00+00:00,29667.0,Península
2023-01-03 17:15:00+00:00,29821.0,Península
2023-01-03 17:20:00+00:00,30233.0,Península
2023-01-03 17:25:00+00:00,30204.0,Península
2023-01-03 17:30:00+00:00,30366.0,Península
2023-01-03 17:35:00+00:00,30492.0,Península
2023-01-03 17:40:00+00:00,30501.0,Península
2023-01-03 17:45:00+00:00,30702.0,Península
2023-01-03 17:50:00+00:00,30686.0,Península
2023-01-03 17:55:00+00:00,30656.0,Península
2023-01-03 18:00:00+00:00,30826.0,Península
2023-01-03 18:05:00+00:00,30815.0,Península
2023-01-03 18:10:00+00:00,30923.0,Península
2023-01-03 18:15:00+00:00,30869.0,Península
2023-01-03 18:20:00+00:00,31000.0,Península
2023-01-03 18:25:00+00:00,30991.0,Península
2023-01-03 18:30:00+00:00,31108.0,Península
2023-01-03 18:35:00+00:00,31110.0,Península
2023-01-03 18:40:00+00:00,31162.0,Península
2023-01-03 18:45:00+00:00,31132.0,Península
2023-01-03 18:50:00+00:00,31329.0,Península
2023-01-03 18:55:00+00:00,31453.0,Península
2023-01-03 19:00:00+00:00,31263.0,Península
2023-01-03 19:05:00+00:00,31315.0,Península
2023-01-03 19:10:00+00:00,31279.0,Península
2023-01-03 19:15:00+00:00,31336.0,Península
2023-01-03 19:20:00+00:00,31421.0,Península
2023-01-03 19:25:00+00:00,31613.0,Península
2023-01-03 19:30:00+00:00,31462.0,Península
2023-01-03 19:35:00+00:00,31477.0,Península
2023-01-03 19:40:00+00:00,31665.0,Península
2023-01-03 19:45:00+00:00,31744.0,Península
2023-01-03 19:50:00+00:00,31827.0,Península
2023-01-03 19:55:00+00:00,31850.0,Península
2023-01-03 20:00:00+00:00,31907.0,Península
2023-01-03 20:05:00+00:00,31567.0,Península
2023-01-03 20:10:00+00:00,31571.0,Península
2023-01-03 20:15:00+00:00,31573.0,Península
2023-01-03 20:20:00+00:00,31602.0,Península
2023-01-03 20:25:00+00:00,31569.0,Península
2023-01-03 20:30:00+00:00,31264.0,Península
2023-01-03 20:35:00+00:00,30875.0,Península
2023-01-03 20:40:00+00:00,30694.0,Península
2023-01-03 20:45:00+00:00,30587.0,Península
2023-01-03 20:50:00+00:00,30403.0,Península
2023-01-03 20:55:00+00:00,30081.0,Península
2023-01-03 21:00:00+00:00,29818.0,Península
2023-01-03 21:05:00+00:00,29379.0,Península
2023-01-03 21:10:00+00:00,29290.0,Península
2023-01-03 21:15:00+00:00,29074.0,Península
2023-01-03 21:20:00+00:00,28983.0,Península
2023-01-03 21:25:00+00:00,28854.0,Península
2023-01-03 21:30:00+00:00,28403.0,Península
2023-01-03 21:35:00+00:00,28249.0,Península
2023-01-03 21:40:00+00:00,28251.0,Península
2023-01-03 21:45:00+00:00,27984.0,Península
2023-01-03 21:50:00+00:00,27726.0,Península
2023-01-03 21:55:00+00:00,27416.0,Península
2023-01-03 22:00:00+00:00,27192.0,Península
2023-01-03 22:05:00+00:00,26932.0,Península
2023-01-03 22:10:00+00:00,26660.0,Península
2023-01-03 22:15:00+00:00,26576.0,Península
2023-01-03 22:20:00+00:00,26205.0,Península
2023-01-03 22:25:00+00:00,26076.0,Península
2023-01-03 22:30:00+00:00,25848.0,Península
2023-01-03 22:35:00+00:00,25738.0,Península
2023-01-03 22:40:00+00:00,25302.0,Península
2023-01-03 22:45:00+00:00,25198.0,Península
2023-01-03 22:50:00+00:00,25031.0,Península
2023-01-03 22:55:00+00:00,24789.0,Península
2023-01-03 23:00:00+00:00,24229.0,Península
2023-01-03 23:05:00+00:00,24374.0,Península
2023-01-03 23:10:00+00:00,24474.0,Península
2023-01-03 23:15:00+00:00,24473.0,Península
2023-01-03 23:20:00+00:00,24453.0,Península
2023-01-03 23:25:00+00:00,24209.0,Península
2023-01-03 23:30:00+00:00,23953.0,Península
2023-01-03 23:35:00+00:00,23747.0,Península
2023-01-03 23:40:00+00:00,23717.0,Península
2023-01-03 23:45:00+00:00,23424.0,Península
2023-01-03 23:50:00+00:00,23298.0,Península
2023-01-03 23:55:00+00:00,22958.0,Península
2023-01-04 00:00:00+00:00,22860.0,Península
2023-01-04 00:05:00+00:00,22839.0,Península
2023-01-04 00:10:00+00:00,22793.0,Península
2023-01-04 00:15:00+00:00,22569.0,Península
2023-01-04 00:20:00+00:00,22523.0,Península
2023-01-04 00:25:00+00:00,22298.0,Península
2023-01-04 00:30:00+00:00,22052.0,Península
2023-01-04 00:35:00+00:00,21958.0,Península
2023-01-04 00:40:00+00:00,21834.0,Península
2023-01-04 00:45:00+00:00,21730.0,Península
2023-01-04 00:50:00+00:00,21724.0,Península
2023-01-04 00:55:00+00:00,21795.0,Península
2023-01-04 01:00:00+00:00,21709.0,Península
2023-01-04 01:05:00+00:00,21512.0,Península
2023-01-04 01:10:00+00:00,21470.0,Península
2023-01-04 01:15:00+00:00,21226.0,Península
2023-01-04 01:20:00+00:00,21191.0,Península
2023-01-04 01:25:00+00:00,21110.0,Península
2023-01-04 01:30:00+00:00,21128.0,Península
2023-01-04 01:35:00+00:00,20930.0,Península
2023-01-04 01:40:00+00:00,20844.0,Península
2023-01-04 01:45:00+00:00,20989.0,Península
2023-01-04 01:50:00+00:00,21053.0,Península
2023-01-04 01:55:00+00:00,20903.0,Península
2023-01-04 02:00:00+00:00,20797.0,Península
2023-01-04 02:05:00+00:00,20836.0,Península
2023-01-04 02:10:00+00:00,20653.0,Península
2023-01-04 02:15:00+00:00,20609.0,Península
2023-01-04 02:20:00+00:00,20523.0,Península
2023-01-04 02:25:00+00:00,20529.0,Península
2023-01-04 02:30:00+00:00,20593.0,Península
2023-01-04 02:35:00+00:00,20673.0,Península
2023-01-04 02:40:00+00:00,20520.0,Península
2023-01-04 02:45:00+00:00,20420.0,Península
2023-01-04 02:50:00+00:00,20491.0,Península
2023-01-04 02:55:00+00:00,20438.0,Península
2023-01-04 03:00:00+00:00,20477.0,Península
2023-01-04 03:05:00+00:00,20528.0,Península
2023-01-04 03:10:00+00:00,20460.0,Península
2023-01-04 03:15:00+00:00,20410.0,Península
2023-01-04 03:20:00+00:00,20614.0,Península
2023-01-04 03:25:00+00:00,20481.0,Península
2023-01-04 03:30:00+00:00,20411.0,Península
2023-01-04 03:35:00+00:00,20566.0,Península
2023-01-04 03:40:00+00:00,20668.0,Península
2023-01-04 03:45:00+00:00,20553.0,Península
2023-01-04 03:50:00+00:00,20728.0,Península
2023-01-04 03:55:00+00:00,20648.0,Península
2023-01-04 04:00:00+00:00,20734.0,Península
2023-01-04 04:05:00+00:00,20734.0,Península
2023-01-04 04:10:00+00:00,20879.0,Península
2023-01-04 04:15:00+00:00,20883.0,Península
2023-01-04 04:20:00+00:00,20955.0,Península
2023-01-04 04:25:00+00:00,21043.0,Península
2023-01-04 04:30:00+00:00,21130.0,Península
2023-01-04 04:35:00+00:00,21026.0,Península
2023-01-04 04:40:00+00:00,21279.0,Península
2023-01-04 04:45:00+00:00,21246.0,Península
2023-01-04 04:50:00+00:00,21305.0,Península
2023-01-04 04:55:00+00:00,21679.0,Península
2023-01-04 05:00:00+00:00,21890.0,Península
2023-01-04 05:05:00+00:00,22410.0,Península
2023-01-04 05:10:00+00:00,22727.0,Península
2023-01-04 05:15:00+00:00,22783.0,Península
2023-01-04 05:20:00+00:00,23111.0,Península
2023-01-04 05:25:00+00:00,23166.0,Península
2023-01-04 05:30:00+00:00,23331.0,Península
2023-01-04 05:35:00+00:00,23641.0,Península
2023-01-04 05:40:00+00:00,23934.0,Península
2023-01-04 05:45:00+00:00,23973.0,Península
2023-01-04 05:50:00+00:00,24442.0,Península
2023-01-04 05:55:00+00:00,24705.0,Península
2023-01-04 06:00:00+00:00,24943.0,Península
2023-01-04 06:05:00+00:00,25403.0,Península
2023-01-04 06:10:00+00:00,25686.0,Península
2023-01-04 06:15:00+00:00,25845.0,Península
2023-01-04 06:20:00+00:00,26019.0,Península
2023-01-04 06:25:00+00:00,26291.0,Península
2023-01-04 06:30:00+00:00,26642.0,Península
2023-01-04 06:35:00+00:00,27061.0,Península
2023-01-04 06:40:00+00:00,27065.0,Península
2023-01-04 06:45:00+00:00,27340.0,Península
2023-01-04 06:50:00+00:00,27371.0,Península
2023-01-04 06:55:00+00:00,27539.0,Península
2023-01-04 07:00:00+00:00,27803.0,Península
2023-01-04 07:05:00+00:00,28094.0,Península
2023-01-04 07:10:00+00:00,28274.0,Península
2023-01-04 07:15:00+00:00,28454.0,Península
2023-01-04 07:20:00+00:00,28644.0,Península
2023-01-04 07:25:00+00:00,28697.0,Península
2023-01-04 07:30:00+00:00,28933.0,Península
2023-01-04 07:35:00+00:00,29097.0,Península
2023-01-04 07:40:00+00:00,28906.0,Península
2023-01-04 07:45:00+00:00,28998.0,Península
2023-01-04 07:50:00+00:00,29197.0,Península
2023-01-04 07:55:00+00:00,29402.0,Península
2023-01-04 08:00:00+00:00,29627.0,Península
2023-01-04 08:05:00+00:00,29838.0,Península
2023-01-04 08:10:00+00:00,29792.0,Península
2023-01-04 08:15:00+00:00,29900.0,Península
2023-01-04 08:20:00+00:00,30029.0,Península
2023-01-04 08:25:00+00:00,30154.0,Península
2023-01-04 08:30:00+00:00,30200.0,Península
2023-01-04 08:35:00+00:00,30272.0,Península
2023-01-04 08:40:00+00:00,30306.0,Península
2023-01-04 08:45:00+00:00,30189.0,Península
2023-01-04 08:50:00+00:00,30332.0,Península
2023-01-04 08:55:00+00:00,30336.0,Península
2023-01-04 09:00:00+00:00,30237.0,Península
2023-01-04 09:05:00+00:00,30360.0,Península
2023-01-04 09:10:00+00:00,30484.0,Península
2023-01-04 09:15:00+00:00,30454.0,Península
2023-01-04 09:20:00+00:00,30314.0,Península
2023-01-04 09:25:00+00:00,30179.0,Península
2023-01-04 09:30:00+00:00,30247.0,Península
2023-01-04 09:35:00+00:00,30244.0,Península
2023-01-04 09:40:00+00:00,30220.0,Península
2023-01-04 09:45:00+00:00,30162.0,Península
2023-01-04 09:50:00+00:00,29997.0,Península
2023-01-04 09:55:00+00:00,29842.0,Península
2023-01-04 10:00:00+00:00,29898.0,Península
2023-01-04 10:05:00+00:00,29839.0,Península
2023-01-04 10:10:00+00:00,29789.0,Península
2023-01-04 10:15:00+00:00,29875.0,Península
2023-01-04 10:20:00+00:00,29740.0,Península
2023-01-04 10:25:00+00:00,29601.0,Península
2023-01-04 10:30:00+00:00,29388.0,Península
2023-01-04 10:35:00+00:00,29396.0,Península
2023-01-04 10:40:00+00:00,29395.0,Península
2023-01-04 10:45:00+00:00,29349.0,Península
2023-01-04 10:50:00+00:00,29431.0,Península
2023-01-04 10:55:00+00:00,29388.0,Península
2023-01-04 11:00:00+00:00,29368.0,Península
2023-01-04 11:05:00+00:00,29413.0,Península
2023-01-04 11:10:00+00:00,29455.0,Península
2023-01-04 11:15:00+00:00,29405.0,Península
2023-01-04 11:20:00+00:00,29132.0,Península
2023-01-04 11:25:00+00:00,29162.0,Península
2023-01-04 11:30:00+00:00,29175.0,Península
2023-01-04 11:35:00+00:00,29095.0,Península
2023-01-04 11:40:00+00:00,29056.0,Península
2023-01-04 11:45:00+00:00,29043.0,Península
2023-01-04 11:50:00+00:00,29042.0,Península
2023-01-04 11:55:00+00:00,29321.0,Península
2023-01-04 12:00:00+00:00,29043.0,Península
2023-01-04 12:05:00+00:00,29122.0,Península
2023-01-04 12:10:00+00:00,29119.0,Península
2023-01-04 12:15:00+00:00,29177.0,Península
2023-01-04 12:20:00+00:00,29494.0,Península
2023-01-04 12:25:00+00:00,29156.0,Península
2023-01-04 12:30:00+00:00,29298.0,Península
2023-01-04 12:35:00+00:00,29262.0,Península
2023-01-04 12:40:00+00:00,29040.0,Península
2023-01-04 12:45:00+00:00,29290.0,Península
2023-01-04 12:50:00+00:00,29332.0,Península
2023-01-04 12:55:00+00:00,29338.0,Península
2023-01-04 13:00:00+00:00,29274.0,Península
2023-01-04 13:05:00+00:00,29272.0,Península
2023-01-04 13:10:00+00:00,29035.0,Península
2023-01-04 13:15:00+00:00,28995.0,Península
2023-01-04 13:20:00+00:00,28936.0,Península
2023-01-04 13:25:00+00:00,28886.0,Península
2023-01-04 13:30:00+00:00,28998.0,Península
2023-01-04 13:35:00+00:00,28749.0,Península
2023-01-04 13:40:00+00:00,28651.0,Península
2023-01-04 13:45:00+00:00,28507.0,Península
2023-01-04 13:50:00+00:00,28450.0,Península
2023-01-04 13:55:00+00:00,28257.0,Península
2023-01-04 14:00:00+00:00,28292.0,Península
2023-01-04 14:05:00+00:00,28258.0,Península
2023-01-04 14:10:00+00:00,28168.0,Península
2023-01-04 14:15:00+00:00,28008.0,Península
2023-01-04 14:20:00+00:00,28119.0,Península
2023-01-04 14:25:00+00:00,27838.0,Península
2023-01-04 14:30:00+00:00,27892.0,Península
2023-01-04 14:35:00+00:00,27903.0,Península
2023-01-04 14:40:00+00:00,27741.0,Península
2023-01-04 14:45:00+00:00,27730.0,Península
2023-01-04 14:50:00+00:00,27814.0,Península
2023-01-04 14:55:00+00:00,27820.0,Península
2023-01-04 15:00:00+00:00,27678.0,Península
2023-01-04 15:05:00+00:00,27734.0,Península
2023-01-04 15:10:00+00:00,27876.0,Península
2023-01-04 15:15:00+00:00,27851.0,Península
2023-01-04 15:20:00+00:00,28108.0,Península
2023-01-04 15:25:00+00:00,27975.0,Península
2023-01-04 15:30:00+00:00,28059.0,Península
2023-01-04 15:35:00+00:00,28076.0,Península
2023-01-04 15:40:00+00:00,28096.0,Península
2023-01-04 15:45:00+00:00,28045.0,Península
2023-01-04 15:50:00+00:00,28027.0,Península
2023-01-04 15:55:00+00:00,28263.0,Península
2023-01-04 16:00:00+00:00,28155.0,Península
2023-01-04 16:05:00+00:00,28369.0,Península
2023-01-04 16:10:00+00:00,28377.0,Península
2023-01-04 16:15:00+00:00,28306.0,Península
2023-01-04 16:20:00+00:00,28543.0,Península
2023-01-04 16:25:00+00:00,28545.0,Península
2023-01-04 16:30:00+00:00,28701.0,Península
2023-01-04 16:35:00+00:00,28687.0,Península
2023-01-04 16:40:00+00:00,28831.0,Península
2023-01-04 16:45:00+00:00,28893.0,Península
2023-01-04 16:50:00+00:00,29078.0,Península
2023-01-04 16:55:00+00:00,29406.0,Península
2023-01-04 17:00:00+00:00,29584.0,Península
2023-01-04 17:05:00+00:00,29815.0,Península
2023-01-04 17:10:00+00:00,29825.0,Península
2023-01-04 17:15:00+00:00,30022.0,Península
2023-01-04 17:20:00+00:00,30299.0,Península
2023-01-04 17:25:00+00:00,30435.0,Península
2023-01-04 17:30:00+00:00,30630.0,Península
2023-01-04 17:35:00+00:00,30505.0,Península
2023-01-04 17:40:00+00:00,30737.0,Península
2023-01-04 17:45:00+00:00,30732.0,Península
2023-01-04 17:50:00+00:00,30869.0,Península
2023-01-04 17:55:00+00:00,30833.0,Península
2023-01-04 18:00:00+00:00,30769.0,Península
2023-01-04 18:05:00+00:00,30943.0,Península
2023-01-04 18:10:00+00:00,30906.0,Península
2023-01-04 18:15:00+00:00,31043.0,Península
2023-01-04 18:20:00+00:00,31054.0,Península
2023-01-04 18:25:00+00:00,30817.0,Península
2023-01-04 18:30:00+00:00,30967.0,Península
2023-01-04 18:35:00+00:00,31025.0,Península
2023-01-04 18:40:00+00:00,31121.0,Península
2023-01-04 18:45:00+00:00,31105.0,Península
2023-01-04 18:50:00+00:00,31072.0,Península
2023-01-04 18:55:00+00:00,31141.0,Península
2023-01-04 19:00:00+00:00,31335.0,Península
2023-01-04 19:05:00+00:00,31385.0,Península
2023-01-04 19:10:00+00:00,31438.0,Península
2023-01-04 19:15:00+00:00,31323.0,Península
2023-01-04 19:20:00+00:00,31593.0,Península
2023-01-04 19:25:00+00:00,31533.0,Península
2023-01-04 19:30:00+00:00,31510.0,Península
2023-01-04 19:35:00+00:00,31722.0,Península
2023-01-04 19:40:00+00:00,31682.0,Península
2023-01-04 19:45:00+00:00,31717.0,Península
2023-01-04 19:50:00+00:00,31900.0,Península
2023-01-04 19:55:00+00:00,31944.0,Península
2023-01-04 20:00:00+00:00,31851.0,Península
2023-01-04 20:05:00+00:00,31789.0,Península
2023-01-04 20:10:00+00:00,31776.0,Península
2023-01-04 20:15:00+00:00,31734.0,Península
2023-01-04 20:20:00+00:00,31738.0,Península
2023-01-04 20:25:00+00:00,31605.0,Península
2023-01-04 20:30:00+00:00,31397.0,Península
2023-01-04 20:35:00+00:00,30932.0,Península
2023-01-04 20:40:00+00:00,30788.0,Península
2023-01-04 20:45:00+00:00,30672.0,Península
2023-01-04 20:50:00+00:00,30506.0,Península
2023-01-04 20:55:00+00:00,30426.0,Península
2023-01-04 21:00:00+00:00,29938.0,Península
2023-01-04 21:05:00+00:00,29624.0,Península
2023-01-04 21:10:00+00:00,29411.0,Península
2023-01-04 21:15:00+00:00,29257.0,Península
2023-01-04 21:20:00+00:00,29234.0,Península
2023-01-04 21:25:00+00:00,28785.0,Península
2023-01-04 21:30:00+00:00,28681.0,Península
2023-01-04 21:35:00+00:00,28431.0,Península
2023-01-04 21:40:00+00:00,28273.0,Península
2023-01-04 21:45:00+00:00,28016.0,Península
2023-01-04 21:50:00+00:00,27974.0,Península
2023-01-04 21:55:00+00:00,27712.0,Península
2023-01-04 22:00:00+00:00,27350.0,Península
2023-01-04 22:05:00+00:00,27151.0,Península
2023-01-04 22:10:00+00:00,26942.0,Península
2023-01-04 22:15:00+00:00,26736.0,Península
2023-01-04 22:20:00+00:00,26523.0,Península
2023-01-04 22:25:00+00:00,26482.0,Península
2023-01-04 22:30:00+00:00,26078.0,Península
2023-01-04 22:35:00+00:00,25935.0,Península
2023-01-04 22:40:00+00:00,25784.0,Península
2023-01-04 22:45:00+00:00,25341.0,Península
2023-01-04 22:50:00+00:00,25341.0,Península
2023-01-04 22:55:00+00:00,25157.0,Península
2023-01-04 23:00:00+00:00,24940.0,Península
2023-01-04 23:05:00+00:00,24943.0,Península
2023-01-04 23:10:00+00:00,25075.0,Península
2023-01-04 23:15:00+00:00,24872.0,Península
2023-01-04 23:20:00+00:00,24689.0,Península
2023-01-04 23:25:00+00:00,24550.0,Península
2023-01-04 23:30:00+00:00,24434.0,Península
2023-01-04 23:35:00+00:00,24111.0,Península
2023-01-04 23:40:00+00:00,24086.0,Península
2023-01-04 23:45:00+00:00,23932.0,Península
2023-01-04 23:50:00+00:00,23824.0,Península
2023-01-04 23:55:00+00:00,23602.0,Península
2023-01-05 00:00:00+00:00,23492.0,Península
2023-01-05 00:05:00+00:00,23273.0,Península
2023-01-05 00:10:00+00:00,23260.0,Península
2023-01-05 00:15:00+00:00,23122.0,Península
2023-01-05 00:20:00+00:00,22943.0,Península
2023-01-05 00:25:00+00:00,22740.0,Península
2023-01-05 00:30:00+00:00,22593.0,Península
2023-01-05 00:35:00+00:00,22555.0,Península
2023-01-05 00:40:00+00:00,22307.0,Península
2023-01-05 00:45:00+00:00,22106.0,Península
2023-01-05 00:50:00+00:00,22122.0,Península
2023-01-05 00:55:00+00:00,22015.0,Península
2023-01-05 01:00:00+00:00,21989.0,Península
2023-01-05 01:05:00+00:00,21652.0,Península
2023-01-05 01:10:00+00:00,21723.0,Península
2023-01-05 01:15:00+00:00,21680.0,Península
2023-01-05 01:20:00+00:00,21736.0,Península
2023-01-05 01:25:00+00:00,21639.0,Península
2023-01-05 01:30:00+00:00,21428.0,Península
2023-01-05 01:35:00+00:00,21415.0,Península
2023-01-05 01:40:00+00:00,21351.0,Península
2023-01-05 01:45:00+00:00,21210.0,Península
2023-01-05 01:50:00+00:00,21007.0,Península
2023-01-05 01:55:00+00:00,21175.0,Península
2023-01-05 02:00:00+00:00,21134.0,Península
2023-01-05 02:05:00+00:00,21231.0,Península
2023-01-05 02:10:00+00:00,21116.0,Península
2023-01-05 02:15:00+00:00,20859.0,Península
2023-01-05 02:20:00+00:00,20972.0,Península
2023-01-05 02:25:00+00:00,20977.0,Península
2023-01-05 02:30:00+00:00,20847.0,Península
2023-01-05 02:35:00+00:00,20652.0,Península
2023-01-05 02:40:00+00:00,20773.0,Península
2023-01-05 02:45:00+00:00,20704.0,Península
2023-01-05 02:50:00+00:00,20731.0,Península
2023-01-05 02:55:00+00:00,20997.0,Península
2023-01-05 03:00:00+00:00,20838.0,Península
2023-01-05 03:05:00+00:00,20855.0,Península
2023-01-05 03:10:00+00:00,20575.0,Península
2023-01-05 03:15:00+00:00,20755.0,Península
2023-01-05 03:20:00+00:00,20848.0,Península
2023-01-05 03:25:00+00:00,20832.0,Península
2023-01-05 03:30:00+00:00,20741.0,Península
2023-01-05 03:35:00+00:00,20794.0,Península
2023-01-05 03:40:00+00:00,20629.0,Península
2023-01-05 03:45:00+00:00,20747.0,Península
2023-01-05 03:50:00+00:00,20648.0,Península
2023-01-05 03:55:00+00:00,20790.0,Península
2023-01-05 04:00:00+00:00,20960.0,Península
2023-01-05 04:05:00+00:00,21151.0,Península
2023-01-05 04:10:00+00:00,21214.0,Península
2023-01-05 04:15:00+00:00,21216.0,Península
2023-01-05 04:20:00+00:00,21278.0,Península
2023-01-05 04:25:00+00:00,21423.0,Península
2023-01-05 04:30:00+00:00,21233.0,Península
2023-01-05 04:35:00+00:00,21223.0,Península
2023-01-05 04:40:00+00:00,21423.0,Península
2023-01-05 04:45:00+00:00,21398.0,Península
2023-01-05 04:50:00+00:00,21519.0,Península
2023-01-05 04:55:00+00:00,21692.0,Península
2023-01-05 05:00:00+00:00,21902.0,Península
2023-01-05 05:05:00+00:00,22531.0,Península
2023-01-05 05:10:00+00:00,22824.0,Península
2023-01-05 05:15:00+00:00,22860.0,Península
2023-01-05 05:20:00+00:00,23021.0,Península
2023-01-05 05:25:00+00:00,23314.0,Península
2023-01-05 05:30:00+00:00,23375.0,Península
2023-01-05 05:35:00+00:00,23685.0,Península
2023-01-05 05:40:00+00:00,23886.0,Península
2023-01-05 05:45:00+00:00,24050.0,Península
2023-01-05 05:50:00+00:00,24409.0,Península
2023-01-05 05:55:00+00:00,24566.0,Península
2023-01-05 06:00:00+00:00,24724.0,Península
2023-01-05 06:05:00+00:00,25426.0,Península
2023-01-05 06:10:00+00:00,25748.0,Península
2023-01-05 06:15:00+00:00,25908.0,Península
2023-01-05 06:20:00+00:00,26188.0,Península
2023-01-05 06:25:00+00:00,26400.0,Península
2023-01-05 06:30:00+00:00,26613.0,Península
2023-01-05 06:35:00+00:00,26993.0,Península
2023-01-05 06:40:00+00:00,27080.0,Península
2023-01-05 06:45:00+00:00,27239.0,Península
2023-01-05 06:50:00+00:00,27501.0,Península
2023-01-05 06:55:00+00:00,27661.0,Península
2023-01-05 07:00:00+00:00,27787.0,Península
2023-01-05 07:05:00+00:00,28181.0,Península
2023-01-05 07:10:00+00:00,28382.0,Península
2023-01-05 07:15:00+00:00,28535.0,Península
2023-01-05 07:20:00+00:00,28690.0,Península
2023-01-05 07:25:00+00:00,28754.0,Península
2023-01-05 07:30:00+00:00,28777.0,Península
2023-01-05 07:35:00+00:00,28925.0,Península
2023-01-05 07:40:00+00:00,29025.0,Península
2023-01-05 07:45:00+00:00,28983.0,Península
2023-01-05 07:50:00+00:00,29184.0,Península
2023-01-05 07:55:00+00:00,29277.0,Península
2023-01-05 08:00:00+00:00,29536.0,Península
2023-01-05 08:05:00+00:00,29672.0,Península
2023-01-05 08:10:00+00:00,29863.0,Península
2023-01-05 08:15:00+00:00,30059.0,Península
2023-01-05 08:20:00+00:00,30014.0,Península
2023-01-05 08:25:00+00:00,30097.0,Península
2023-01-05 08:30:00+00:00,30133.0,Península
2023-01-05 08:35:00+00:00,30168.0,Península
2023-01-05 08:40:00+00:00,30142.0,Península
2023-01-05 08:45:00+00:00,30232.0,Península
2023-01-05 08:50:00+00:00,30283.0,Península
2023-01-05 08:55:00+00:00,30238.0,Península
2023-01-05 09:00:00+00:00,30273.0,Península
2023-01-05 09:05:00+00:00,30295.0,Península
2023-01-05 09:10:00+00:00,30316.0,Península
2023-01-05 09:15:00+00:00,30260.0,Península
2023-01-05 09:20:00+00:00,30200.0,Península
2023-01-05 09:25:00+00:00,30016.0,Península
2023-01-05 09:30:00+00:00,30085.0,Península
2023-01-05 09:35:00+00:00,29956.0,Península
2023-01-05 09:40:00+00:00,30058.0,Península
2023-01-05 09:45:00+00:00,30044.0,Península
2023-01-05 09:50:00+00:00,29957.0,Península
2023-01-05 09:55:00+00:00,29852.0,Península
2023-01-05 10:00:00+00:00,29889.0,Península
2023-01-05 10:05:00+00:00,29939.0,Península
2023-01-05 10:10:00+00:00,29703.0,Península
2023-01-05 10:15:00+00:00,29646.0,Península
2023-01-05 10:20:00+00:00,29668.0,Península
2023-01-05 10:25:00+00:00,29245.0,Península
2023-01-05 10:30:00+00:00,29333.0,Península
2023-01-05 10:35:00+00:00,29346.0,Península
2023-01-05 10:40:00+00:00,29355.0,Península
2023-01-05 10:45:00+00:00,29296.0,Península
2023-01-05 10:50:00+00:00,29160.0,Península
2023-01-05 10:55:00+00:00,29056.0,Península
2023-01-05 11:00:00+00:00,28929.0,Península
2023-01-05 11:05:00+00:00,28908.0,Península
2023-01-05 11:10:00+00:00,28935.0,Península
2023-01-05 11:15:00+00:00,29064.0,Península
2023-01-05 11:20:00+00:00,28944.0,Península
2023-01-05 11:25:00+00:00,28853.0,Península
2023-01-05 11:30:00+00:00,28746.0,Península
2023-01-05 11:35:00+00:00,28690.0,Península
2023-01-05 11:40:00+00:00,28804.0,Península
2023-01-05 11:45:00+00:00,28603.0,Península
2023-01-05 11:50:00+00:00,28634.0,Península
2023-01-05 11:55:00+00:00,28729.0,Península
2023-01-05 12:00:00+00:00,28526.0,Península
2023-01-05 12:05:00+00:00,28471.0,Península
2023-01-05 12:10:00+00:00,28596.0,Península
2023-01-05 12:15:00+00:00,28632.0,Península
2023-01-05 12:20:00+00:00,28652.0,Península
2023-01-05 12:25:00+00:00,28820.0,Península
2023-01-05 12:30:00+00:00,28609.0,Península
2023-01-05 12:35:00+00:00,28685.0,Península
2023-01-05 12:40:00+00:00,28724.0,Península
2023-01-05 12:45:00+00:00,28560.0,Península
2023-01-05 12:50:00+00:00,28593.0,Península
2023-01-05 12:55:00+00:00,28571.0,Península
2023-01-05 13:00:00+00:00,28386.0,Península
2023-01-05 13:05:00+00:00,28304.0,Península
2023-01-05 13:10:00+00:00,28187.0,Península
2023-01-05 13:15:00+00:00,28246.0,Península
2023-01-05 13:20:00+00:00,28211.0,Península
2023-01-05 13:25:00+00:00,28099.0,Península
2023-01-05 13:30:00+00:00,28099.0,Península
2023-01-05 13:35:00+00:00,27958.0,Península
2023-01-05 13:40:00+00:00,27849.0,Península
2023-01-05 13:45:00+00:00,27755.0,Península
2023-01-05 13:50:00+00:00,27577.0,Península
2023-01-05 13:55:00+00:00,27487.0,Península
2023-01-05 14:00:00+00:00,27526.0,Península
2023-01-05 14:05:00+00:00,27515.0,Península
2023-01-05 14:10:00+00:00,27239.0,Península
2023-01-05 14:15:00+00:00,27359.0,Península
2023-01-05 14:20:00+00:00,27371.0,Península
2023-01-05 14:25:00+00:00,27410.0,Península
2023-01-05 14:30:00+00:00,27312.0,Península
2023-01-05 14:35:00+00:00,27261.0,Península
2023-01-05 14:40:00+00:00,27336.0,Península
2023-01-05 14:45:00+00:00,27125.0,Península
2023-01-05 14:50:00+00:00,27173.0,Península
2023-01-05 14:55:00+00:00,27213.0,Península
2023-01-05 15:00:00+00:00,26965.0,Península
2023-01-05 15:05:00+00:00,26992.0,Península
2023-01-05 15:10:00+00:00,27052.0,Península
2023-01-05 15:15:00+00:00,27250.0,Península
2023-01-05 15:20:00+00:00,27411.0,Península
2023-01-05 15:25:00+00:00,27328.0,Península
2023-01-05 15:30:00+00:00,27184.0,Península
2023-01-05 15:35:00+00:00,27200.0,Península
2023-01-05 15:40:00+00:00,27382.0,Península
2023-01-05 15:45:00+00:00,27275.0,Península
2023-01-05 15:50:00+00:00,27336.0,Península
2023-01-05 15:55:00+00:00,27361.0,Península
2023-01-05 16:00:00+00:00,27420.0,Península
2023-01-05 16:05:00+00:00,27465.0,Península
2023-01-05 16:10:00+00:00,27495.0,Península
2023-01-05 16:15:00+00:00,27408.0,Península
2023-01-05 16:20:00+00:00,27391.0,Península
2023-01-05 16:25:00+00:00,27462.0,Península
2023-01-05 16:30:00+00:00,27257.0,Península
2023-01-05 16:35:00+00:00,27259.0,Península
2023-01-05 16:40:00+00:00,27373.0,Península
2023-01-05 16:45:00+00:00,27696.0,Península
2023-01-05 16:50:00+00:00,27789.0,Península
2023-01-05 16:55:00+00:00,27572.0,Península
2023-01-05 17:00:00+00:00,27873.0,Península
2023-01-05 17:05:00+00:00,28127.0,Península
2023-01-05 17:10:00+00:00,28401.0,Península
2023-01-05 17:15:00+00:00,28581.0,Península
2023-01-05 17:20:00+00:00,28747.0,Península
2023-01-05 17:25:00+00:00,28659.0,Península
2023-01-05 17:30:00+00:00,28701.0,Península
2023-01-05 17:35:00+00:00,28849.0,Península
2023-01-05 17:40:00+00:00,28853.0,Península
2023-01-05 17:45:00+00:00,28691.0,Península
2023-01-05 17:50:00+00:00,28655.0,Península
2023-01-05 17:55:00+00:00,28561.0,Península
2023-01-05 18:00:00+00:00,28597.0,Península
2023-01-05 18:05:00+00:00,28724.0,Península
2023-01-05 18:10:00+00:00,28561.0,Península
2023-01-05 18:15:00+00:00,28463.0,Península
2023-01-05 18:20:00+00:00,28627.0,Península
2023-01-05 18:25:00+00:00,28673.0,Península
2023-01-05 18:30:00+00:00,28512.0,Península
2023-01-05 18:35:00+00:00,28497.0,Península
2023-01-05 18:40:00+00:00,28660.0,Península
2023-01-05 18:45:00+00:00,28673.0,Península
2023-01-05 18:50:00+00:00,28651.0,Península
2023-01-05 18:55:00+00:00,28673.0,Península
2023-01-05 19:00:00+00:00,28573.0,Península
2023-01-05 19:05:00+00:00,28673.0,Península
2023-01-05 19:10:00+00:00,28653.0,Península
2023-01-05 19:15:00+00:00,28699.0,Península
2023-01-05 19:20:00+00:00,28821.0,Península
2023-01-05 19:25:00+00:00,28841.0,Península
2023-01-05 19:30:00+00:00,28694.0,Península
2023-01-05 19:35:00+00:00,28867.0,Península
2023-01-05 19:40:00+00:00,28958.0,Península
2023-01-05 19:45:00+00:00,28902.0,Península
2023-01-05 19:50:00+00:00,28872.0,Península
2023-01-05 19:55:00+00:00,28903.0,Península
2023-01-05 20:00:00+00:00,28862.0,Península
2023-01-05 20:05:00+00:00,28925.0,Península
2023-01-05 20:10:00+00:00,29016.0,Península
2023-01-05 20:15:00+00:00,28802.0,Península
2023-01-05 20:20:00+00:00,28858.0,Península
2023-01-05 20:25:00+00:00,28995.0,Península
2023-01-05 20:30:00+00:00,28739.0,Península
2023-01-05 20:35:00+00:00,28525.0,Península
2023-01-05 20:40:00+00:00,28362.0,Península
2023-01-05 20:45:00+00:00,28325.0,Península
2023-01-05 20:50:00+00:00,28033.0,Península
2023-01-05 20:55:00+00:00,27967.0,Península
2023-01-05 21:00:00+00:00,27881.0,Península
2023-01-05 21:05:00+00:00,27626.0,Península
2023-01-05 21:10:00+00:00,27541.0,Península
2023-01-05 21:15:00+00:00,27164.0,Península
2023-01-05 21:20:00+00:00,27081.0,Península
2023-01-05 21:25:00+00:00,26956.0,Península
2023-01-05 21:30:00+00:00,26782.0,Península
2023-01-05 21:35:00+00:00,26748.0,Península
2023-01-05 21:40:00+00:00,26422.0,Península
2023-01-05 21:45:00+00:00,26363.0,Península
2023-01-05 21:50:00+00:00,26089.0,Península
2023-01-05 21:55:00+00:00,26071.0,Península
2023-01-05 22:00:00+00:00,25980.0,Península
2023-01-05 22:05:00+00:00,25857.0,Península
2023-01-05 22:10:00+00:00,25553.0,Península
2023-01-05 22:15:00+00:00,25433.0,Península
2023-01-05 22:20:00+00:00,25357.0,Península
2023-01-05 22:25:00+00:00,25139.0,Península
2023-01-05 22:30:00+00:00,24811.0,Península
2023-01-05 22:35:00+00:00,24569.0,Península
2023-01-05 22:40:00+00:00,24543.0,Península
2023-01-05 22:45:00+00:00,24447.0,Península
2023-01-05 22:50:00+00:00,24254.0,Península
2023-01-05 22:55:00+00:00,24077.0,Península
2023-01-05 23:00:00+00:00,23749.0,Península
2023-01-05 23:05:00+00:00,23629.0,Península
2023-01-05 23:10:00+00:00,23657.0,Península
2023-01-05 23:15:00+00:00,23659.0,Península
2023-01-05 23:20:00+00:00,23660.0,Península
2023-01-05 23:25:00+00:00,23446.0,Península
2023-01-05 23:30:00+00:00,23283.0,Península
2023-01-05 23:35:00+00:00,23087.0,Península
2023-01-05 23:40:00+00:00,22998.0,Península
2023-01-05 23:45:00+00:00,22816.0,Península
2023-01-05 23:50:00+00:00,22718.0,Península
2023-01-05 23:55:00+00:00,22545.0,Península
2023-01-06 00:00:00+00:00,22345.0,Península
2023-01-06 00:05:00+00:00,22265.0,Península
2023-01-06 00:10:00+00:00,22191.0,Península
2023-01-06 00:15:00+00:00,22179.0,Península
2023-01-06 00:20:00+00:00,21802.0,Península
2023-01-06 00:25:00+00:00,21748.0,Península
2023-01-06 00:30:00+00:00,21642.0,Península
2023-01-06 00:35:00+00:00,21491.0,Península
2023-01-06 00:40:00+00:00,21273.0,Península
2023-01-06 00:45:00+00:00,21105.0,Península
2023-01-06 00:50:00+00:00,21068.0,Península
2023-01-06 00:55:00+00:00,21131.0,Península
2023-01-06 01:00:00+00:00,20946.0,Península
2023-01-06 01:05:00+00:00,20647.0,Península
2023-01-06 01:10:00+00:00,20612.0,Península
2023-01-06 01:15:00+00:00,20577.0,Península
2023-01-06 01:20:00+00:00,20520.0,Península
2023-01-06 01:25:00+00:00,20199.0,Península
2023-01-06 01:30:00+00:00,20112.0,Península
2023-01-06 01:35:00+00:00,19960.0,Península
2023-01-06 01:40:00+00:00,20015.0,Península
2023-01-06 01:45:00+00:00,20063.0,Península
2023-01-06 01:50:00+00:00,20011.0,Península
2023-01-06 01:55:00+00:00,19828.0,Península
2023-01-06 02:00:00+00:00,19989.0,Península
2023-01-06 02:05:00+00:00,19889.0,Península
2023-01-06 02:10:00+00:00,19729.0,Península
2023-01-06 02:15:00+00:00,19421.0,Península
2023-01-06 02:20:00+00:00,19458.0,Península
2023-01-06 02:25:00+00:00,19566.0,Península
2023-01-06 02:30:00+00:00,19567.0,Península
2023-01-06 02:35:00+00:00,19343.0,Península
2023-01-06 02:40:00+00:00,19471.0,Península
2023-01-06 02:45:00+00:00,19299.0,Península
2023-01-06 02:50:00+00:00,19271.0,Península
2023-01-06 02:55:00+00:00,19390.0,Península
2023-01-06 03:00:00+00:00,19244.0,Península
2023-01-06 03:05:00+00:00,19167.0,Península
2023-01-06 03:10:00+00:00,19108.0,Península
2023-01-06 03:15:00+00:00,19068.0,Península
2023-01-06 03:20:00+00:00,18992.0,Península
2023-01-06 03:25:00+00:00,19105.0,Península
2023-01-06 03:30:00+00:00,18975.0,Península
2023-01-06 03:35:00+00:00,18914.0,Península
2023-01-06 03:40:00+00:00,18817.0,Península
2023-01-06 03:45:00+00:00,18872.0,Península
2023-01-06 03:50:00+00:00,18869.0,Península
2023-01-06 03:55:00+00:00,19076.0,Península
2023-01-06 04:00:00+00:00,18939.0,Península
2023-01-06 04:05:00+00:00,18997.0,Península
2023-01-06 04:10:00+00:00,19095.0,Península
2023-01-06 04:15:00+00:00,19085.0,Península
2023-01-06 04:20:00+00:00,19120.0,Península
2023-01-06 04:25:00+00:00,19132.0,Península
2023-01-06 04:30:00+00:00,18856.0,Península
2023-01-06 04:35:00+00:00,18957.0,Península
2023-01-06 04:40:00+00:00,19087.0,Península
2023-01-06 04:45:00+00:00,19144.0,Península
2023-01-06 04:50:00+00:00,18918.0,Península
2023-01-06 04:55:00+00:00,19015.0,Península
2023-01-06 05:00:00+00:00,18948.0,Península
2023-01-06 05:05:00+00:00,19063.0,Península
2023-01-06 05:10:00+00:00,19147.0,Península
2023-01-06 05:15:00+00:00,19282.0,Península
2023-01-06 05:20:00+00:00,19413.0,Península
2023-01-06 05:25:00+00:00,19435.0,Península
2023-01-06 05:30:00+00:00,19407.0,Península
2023-01-06 05:35:00+00:00,19502.0,Península
2023-01-06 05:40:00+00:00,19684.0,Península
2023-01-06 05:45:00+00:00,19635.0,Península
2023-01-06 05:50:00+00:00,19747.0,Península
2023-01-06 05:55:00+00:00,19588.0,Península
2023-01-06 06:00:00+00:00,19689.0,Península
2023-01-06 06:05:00+00:00,20063.0,Península
2023-01-06 06:10:00+00:00,20236.0,Península
2023-01-06 06:15:00+00:00,20512.0,Península
2023-01-06 06:20:00+00:00,20476.0,Península
2023-01-06 06:25:00+00:00,20512.0,Península
2023-01-06 06:30:00+00:00,20689.0,Península
2023-01-06 06:35:00+00:00,20696.0,Península
2023-01-06 06:40:00+00:00,20541.0,Península
2023-01-06 06:45:00+00:00,20465.0,Península
2023-01-06 06:50:00+00:00,20635.0,Península
2023-01-06 06:55:00+00:00,20568.0,Península
2023-01-06 07:00:00+00:00,20741.0,Península
2023-01-06 07:05:00+00:00,20736.0,Península
2023-01-06 07:10:00+00:00,20709.0,Península
2023-01-06 07:15:00+00:00,20786.0,Península
2023-01-06 07:20:00+00:00,20691.0,Península
2023-01-06 07:25:00+00:00,20733.0,Península
2023-01-06 07:30:00+00:00,20768.0,Península
2023-01-06 07:35:00+00:00,20997.0,Península
2023-01-06 07:40:00+00:00,21030.0,Península
2023-01-06 07:45:00+00:00,21135.0,Península
2023-01-06 07:50:00+00:00,21014.0,Península
2023-01-06 07:55:00+00:00,21288.0,Península
2023-01-06 08:00:00+00:00,21251.0,Península
2023-01-06 08:05:00+00:00,21647.0,Península
2023-01-06 08:10:00+00:00,21694.0,Península
2023-01-06 08:15:00+00:00,21664.0,Península
2023-01-06 08:20:00+00:00,21842.0,Península
2023-01-06 08:25:00+00:00,22030.0,Península
2023-01-06 08:30:00+00:00,22184.0,Península
2023-01-06 08:35:00+00:00,22288.0,Península
2023-01-06 08:40:00+00:00,22474.0,Península
2023-01-06 08:45:00+00:00,22348.0,Península
2023-01-06 08:50:00+00:00,22637.0,Península
2023-01-06 08:55:00+00:00,22744.0,Península
2023-01-06 09:00:00+00:00,22750.0,Península
2023-01-06 09:05:00+00:00,22797.0,Península
2023-01-06 09:10:00+00:00,22875.0,Península
2023-01-06 09:15:00+00:00,23164.0,Península
2023-01-06 09:20:00+00:00,23138.0,Península
2023-01-06 09:25:00+00:00,23195.0,Península
2023-01-06 09:30:00+00:00,23016.0,Península
2023-01-06 09:35:00+00:00,23126.0,Península
2023-01-06 09:40:00+00:00,23257.0,Península
2023-01-06 09:45:00+00:00,23348.0,Península
2023-01-06 09:50:00+00:00,23336.0,Península
2023-01-06 09:55:00+00:00,23269.0,Península
2023-01-06 10:00:00+00:00,23345.0,Península
2023-01-06 10:05:00+00:00,23474.0,Península
2023-01-06 10:10:00+00:00,23381.0,Península
2023-01-06 10:15:00+00:00,23360.0,Península
2023-01-06 10:20:00+00:00,23436.0,Península
2023-01-06 10:25:00+00:00,23454.0,Península
2023-01-06 10:30:00+00:00,23177.0,Península
2023-01-06 10:35:00+00:00,23305.0,Península
2023-01-06 10:40:00+00:00,23395.0,Península
2023-01-06 10:45:00+00:00,23349.0,Península
2023-01-06 10:50:00+00:00,23395.0,Península
2023-01-06 10:55:00+00:00,23230.0,Península
2023-01-06 11:00:00+00:00,23284.0,Península
2023-01-06 11:05:00+00:00,23305.0,Península
2023-01-06 11:10:00+00:00,23323.0,Península
2023-01-06 11:15:00+00:00,23268.0,Península
2023-01-06 11:20:00+00:00,23172.0,Península
2023-01-06 11:25:00+00:00,23035.0,Península
2023-01-06 11:30:00+00:00,23048.0,Península
2023-01-06 11:35:00+00:00,23170.0,Península
2023-01-06 11:40:00+00:00,23080.0,Península
2023-01-06 11:45:00+00:00,23067.0,Península
2023-01-06 11:50:00+00:00,23084.0,Península
2023-01-06 11:55:00+00:00,23138.0,Península
2023-01-06 12:00:00+00:00,23129.0,Península
2023-01-06 12:05:00+00:00,23112.0,Península
2023-01-06 12:10:00+00:00,23255.0,Península
2023-01-06 12:15:00+00:00,23285.0,Península
2023-01-06 12:20:00+00:00,23292.0,Península
2023-01-06 12:25:00+00:00,23117.0,Península
2023-01-06 12:30:00+00:00,23163.0,Península
2023-01-06 12:35:00+00:00,23218.0,Península
2023-01-06 12:40:00+00:00,23246.0,Península
2023-01-06 12:45:00+00:00,23358.0,Península
2023-01-06 12:50:00+00:00,23447.0,Península
2023-01-06 12:55:00+00:00,23384.0,Península
2023-01-06 13:00:00+00:00,23214.0,Península
2023-01-06 13:05:00+00:00,23237.0,Península
2023-01-06 13:10:00+00:00,23090.0,Península
2023-01-06 13:15:00+00:00,23253.0,Península
2023-01-06 13:20:00+00:00,23030.0,Península
2023-01-06 13:25:00+00:00,22905.0,Península
2023-01-06 13:30:00+00:00,22955.0,Península
2023-01-06 13:35:00+00:00,22696.0,Península
2023-01-06 13:40:00+00:00,22767.0,Península
2023-01-06 13:45:00+00:00,22752.0,Península
2023-01-06 13:50:00+00:00,22647.0,Península
2023-01-06 13:55:00+00:00,22495.0,Península
2023-01-06 14:00:00+00:00,22271.0,Península
2023-01-06 14:05:00+00:00,22324.0,Península
2023-01-06 14:10:00+00:00,22150.0,Península
2023-01-06 14:15:00+00:00,21946.0,Península
2023-01-06 14:20:00+00:00,21775.0,Península
2023-01-06 14:25:00+00:00,21785.0,Península
2023-01-06 14:30:00+00:00,21762.0,Península
2023-01-06 14:35:00+00:00,21819.0,Península
2023-01-06 14:40:00+00:00,21862.0,Península
2023-01-06 14:45:00+00:00,21613.0,Península
2023-01-06 14:50:00+00:00,21835.0,Península
2023-01-06 14:55:00+00:00,21726.0,Península
2023-01-06 15:00:00+00:00,21831.0,Península
2023-01-06 15:05:00+00:00,21827.0,Península
2023-01-06 15:10:00+00:00,21596.0,Península
2023-01-06 15:15:00+00:00,21593.0,Península
2023-01-06 15:20:00+00:00,21612.0,Península
2023-01-06 15:25:00+00:00,21608.0,Península
2023-01-06 15:30:00+00:00,21649.0,Península
2023-01-06 15:35:00+00:00,21831.0,Península
2023-01-06 15:40:00+00:00,21831.0,Península
2023-01-06 15:45:00+00:00,21733.0,Península
2023-01-06 15:50:00+00:00,21910.0,Península
2023-01-06 15:55:00+00:00,21975.0,Península
2023-01-06 16:00:00+00:00,22027.0,Península
2023-01-06 16:05:00+00:00,22305.0,Península
2023-01-06 16:10:00+00:00,22334.0,Península
2023-01-06 16:15:00+00:00,22291.0,Península
2023-01-06 16:20:00+00:00,22562.0,Península
2023-01-06 16:25:00+00:00,22605.0,Península
2023-01-06 16:30:00+00:00,22857.0,Península
2023-01-06 16:35:00+00:00,23003.0,Península
2023-01-06 16:40:00+00:00,22963.0,Península
2023-01-06 16:45:00+00:00,23152.0,Península
2023-01-06 16:50:00+00:00,23309.0,Península
2023-01-06 16:55:00+00:00,23459.0,Península
2023-01-06 17:00:00+00:00,23700.0,Península
2023-01-06 17:05:00+00:00,24044.0,Península
2023-01-06 17:10:00+00:00,24334.0,Península
2023-01-06 17:15:00+00:00,24492.0,Península
2023-01-06 17:20:00+00:00,24704.0,Península
2023-01-06 17:25:00+00:00,24930.0,Península
2023-01-06 17:30:00+00:00,25147.0,Península
2023-01-06 17:35:00+00:00,25196.0,Península
2023-01-06 17:40:00+00:00,25237.0,Península
2023-01-06 17:45:00+00:00,25417.0,Península
2023-01-06 17:50:00+00:00,25603.0,Península
2023-01-06 17:55:00+00:00,25671.0,Península
2023-01-06 18:00:00+00:00,25798.0,Península
2023-01-06 18:05:00+00:00,25853.0,Península
2023-01-06 18:10:00+00:00,25971.0,Península
2023-01-06 18:15:00+00:00,25979.0,Península
2023-01-06 18:20:00+00:00,25954.0,Península
2023-01-06 18:25:00+00:00,26003.0,Península
2023-01-06 18:30:00+00:00,26047.0,Península
2023-01-06 18:35:00+00:00,26041.0,Península
2023-01-06 18:40:00+00:00,26237.0,Península
2023-01-06 18:45:00+00:00,26303.0,Península
2023-01-06 18:50:00+00:00,26410.0,Península
2023-01-06 18:55:00+00:00,26307.0,Península
2023-01-06 19:00:00+00:00,26419.0,Península
2023-01-06 19:05:00+00:00,26490.0,Península
2023-01-06 19:10:00+00:00,26533.0,Península
2023-01-06 19:15:00+00:00,26625.0,Península
2023-01-06 19:20:00+00:00,26649.0,Península
2023-01-06 19:25:00+00:00,26539.0,Península
2023-01-06 19:30:00+00:00,26680.0,Península
2023-01-06 19:35:00+00:00,26802.0,Península
2023-01-06 19:40:00+00:00,26852.0,Península
2023-01-06 19:45:00+00:00,26861.0,Península
2023-01-06 19:50:00+00:00,27061.0,Península
2023-01-06 19:55:00+00:00,27154.0,Península
2023-01-06 20:00:00+00:00,26963.0,Península
2023-01-06 20:05:00+00:00,26990.0,Península
2023-01-06 20:10:00+00:00,26975.0,Península
2023-01-06 20:15:00+00:00,27039.0,Península
2023-01-06 20:20:00+00:00,27022.0,Península
2023-01-06 20:25:00+00:00,27128.0,Península
2023-01-06 20:30:00+00:00,26960.0,Península
2023-01-06 20:35:00+00:00,27163.0,Península
2023-01-06 20:40:00+00:00,26915.0,Península
2023-01-06 20:45:00+00:00,27006.0,Península
2023-01-06 20:50:00+00:00,26738.0,Península
2023-01-06 20:55:00+00:00,26803.0,Península
2023-01-06 21:00:00+00:00,26732.0,Península
2023-01-06 21:05:00+00:00,26468.0,Península
2023-01-06 21:10:00+00:00,26420.0,Península
2023-01-06 21:15:00+00:00,26160.0,Península
2023-01-06 21:20:00+00:00,26030.0,Península
2023-01-06 21:25:00+00:00,25966.0,Península
2023-01-06 21:30:00+00:00,25941.0,Península
2023-01-06 21:35:00+00:00,25687.0,Península
2023-01-06 21:40:00+00:00,25712.0,Península
2023-01-06 21:45:00+00:00,25543.0,Península
2023-01-06 21:50:00+00:00,25207.0,Península
2023-01-06 21:55:00+00:00,25063.0,Península
2023-01-06 22:00:00+00:00,24844.0,Península
2023-01-06 22:05:00+00:00,24904.0,Península
2023-01-06 22:10:00+00:00,24709.0,Península
2023-01-06 22:15:00+00:00,24477.0,Península
2023-01-06 22:20:00+00:00,24308.0,Península
2023-01-06 22:25:00+00:00,24049.0,Península
2023-01-06 22:30:00+00:00,24039.0,Península
2023-01-06 22:35:00+00:00,23890.0,Península
2023-01-06 22:40:00+00:00,23803.0,Península
2023-01-06 22:45:00+00:00,23642.0,Península
2023-01-06 22:50:00+00:00,23381.0,Península
2023-01-06 22:55:00+00:00,23058.0,Península
2023-01-06 23:00:00+00:00,22941.0,Península
2023-01-06 23:05:00+00:00,22893.0,Península
2023-01-06 23:10:00+00:00,22997.0,Península
2023-01-06 23:15:00+00:00,23003.0,Península
2023-01-06 23:20:00+00:00,23070.0,Península
2023-01-06 23:25:00+00:00,22782.0,Península
2023-01-06 23:30:00+00:00,22636.0,Península
2023-01-06 23:35:00+00:00,22529.0,Península
2023-01-06 23:40:00+00:00,22502.0,Península
2023-01-06 23:45:00+00:00,22214.0,Península
2023-01-06 23:50:00+00:00,22275.0,Península
2023-01-06 23:55:00+00:00,22128.0,Península
2023-01-07 00:00:00+00:00,21766.0,Península
2023-01-07 00:05:00+00:00,21477.0,Península
2023-01-07 00:10:00+00:00,21310.0,Península
2023-01-07 00:15:00+00:00,21420.0,Península
2023-01-07 00:20:00+00:00,21267.0,Península
2023-01-07 00:25:00+00:00,21201.0,Península
2023-01-07 00:30:00+00:00,21015.0,Península
2023-01-07 00:35:00+00:00,20939.0,Península
2023-01-07 00:40:00+00:00,20921.0,Península
2023-01-07 00:45:00+00:00,20772.0,Península
2023-01-07 00:50:00+00:00,20598.0,Península
2023-01-07 00:55:00+00:00,20584.0,Península
2023-01-07 01:00:00+00:00,20443.0,Península
2023-01-07 01:05:00+00:00,20442.0,Península
2023-01-07 01:10:00+00:00,20404.0,Península
2023-01-07 01:15:00+00:00,20181.0,Península
2023-01-07 01:20:00+00:00,20143.0,Península
2023-01-07 01:25:00+00:00,19919.0,Península
2023-01-07 01:30:00+00:00,19986.0,Península
2023-01-07 01:35:00+00:00,19723.0,Península
2023-01-07 01:40:00+00:00,19700.0,Península
2023-01-07 01:45:00+00:00,19800.0,Península
2023-01-07 01:50:00+00:00,19661.0,Península
2023-01-07 01:55:00+00:00,19772.0,Península
2023-01-07 02:00:00+00:00,19546.0,Península
2023-01-07 02:05:00+00:00,19623.0,Península
2023-01-07 02:10:00+00:00,19581.0,Península
2023-01-07 02:15:00+00:00,19491.0,Península
2023-01-07 02:20:00+00:00,19302.0,Península
2023-01-07 02:25:00+00:00,19330.0,Península
2023-01-07 02:30:00+00:00,19244.0,Península
2023-01-07 02:35:00+00:00,19382.0,Península
2023-01-07 02:40:00+00:00,19241.0,Península
2023-01-07 02:45:00+00:00,19068.0,Península
2023-01-07 02:50:00+00:00,19133.0,Península
2023-01-07 02:55:00+00:00,19147.0,Península
2023-01-07 03:00:00+00:00,19292.0,Península
2023-01-07 03:05:00+00:00,19258.0,Península
2023-01-07 03:10:00+00:00,19252.0,Península
2023-01-07 03:15:00+00:00,19002.0,Península
2023-01-07 03:20:00+00:00,19174.0,Península
2023-01-07 03:25:00+00:00,19195.0,Península
2023-01-07 03:30:00+00:00,18911.0,Península
2023-01-07 03:35:00+00:00,19101.0,Península
2023-01-07 03:40:00+00:00,19044.0,Península
2023-01-07 03:45:00+00:00,18991.0,Península
2023-01-07 03:50:00+00:00,19035.0,Península
2023-01-07 03:55:00+00:00,19064.0,Península
2023-01-07 04:00:00+00:00,18893.0,Península
2023-01-07 04:05:00+00:00,19136.0,Península
2023-01-07 04:10:00+00:00,19302.0,Península
2023-01-07 04:15:00+00:00,19127.0,Península
2023-01-07 04:20:00+00:00,19146.0,Península
2023-01-07 04:25:00+00:00,19355.0,Península
2023-01-07 04:30:00+00:00,19331.0,Península
2023-01-07 04:35:00+00:00,19514.0,Península
2023-01-07 04:40:00+00:00,19304.0,Península
2023-01-07 04:45:00+00:00,19215.0,Península
2023-01-07 04:50:00+00:00,19368.0,Península
2023-01-07 04:55:00+00:00,19560.0,Península
2023-01-07 05:00:00+00:00,19581.0,Península
2023-01-07 05:05:00+00:00,19852.0,Península
2023-01-07 05:10:00+00:00,19947.0,Península
2023-01-07 05:15:00+00:00,19924.0,Península
2023-01-07 05:20:00+00:00,20112.0,Península
2023-01-07 05:25:00+00:00,20015.0,Península
2023-01-07 05:30:00+00:00,20249.0,Península
2023-01-07 05:35:00+00:00,20512.0,Península
2023-01-07 05:40:00+00:00,20378.0,Península
2023-01-07 05:45:00+00:00,20511.0,Península
2023-01-07 05:50:00+00:00,20684.0,Península
2023-01-07 05:55:00+00:00,20653.0,Península
2023-01-07 06:00:00+00:00,20800.0,Península
2023-01-07 06:05:00+00:00,21334.0,Península
2023-01-07 06:10:00+00:00,21431.0,Península
2023-01-07 06:15:00+00:00,21416.0,Península
2023-01-07 06:20:00+00:00,21451.0,Península
2023-01-07 06:25:00+00:00,21416.0,Península
2023-01-07 06:30:00+00:00,21645.0,Península
2023-01-07 06:35:00+00:00,21965.0,Península
2023-01-07 06:40:00+00:00,21929.0,Península
2023-01-07 06:45:00+00:00,21923.0,Península
2023-01-07 06:50:00+00:00,21922.0,Península
2023-01-07 06:55:00+00:00,22171.0,Península
2023-01-07 07:00:00+00:00,22477.0,Península
2023-01-07 07:05:00+00:00,22447.0,Península
2023-01-07 07:10:00+00:00,22500.0,Península
2023-01-07 07:15:00+00:00,22756.0,Península
2023-01-07 07:20:00+00:00,23008.0,Península
2023-01-07 07:25:00+00:00,23115.0,Península
2023-01-07 07:30:00+00:00,22709.0,Península
2023-01-07 07:35:00+00:00,22875.0,Península
2023-01-07 07:40:00+00:00,23121.0,Península
2023-01-07 07:45:00+00:00,23095.0,Península
2023-01-07 07:50:00+00:00,23330.0,Península
2023-01-07 07:55:00+00:00,23516.0,Península
2023-01-07 08:00:00+00:00,23616.0,Península
2023-01-07 08:05:00+00:00,23979.0,Península
2023-01-07 08:10:00+00:00,23944.0,Península
2023-01-07 08:15:00+00:00,24150.0,Península
2023-01-07 08:20:00+00:00,24419.0,Península
2023-01-07 08:25:00+00:00,24494.0,Península
2023-01-07 08:30:00+00:00,24684.0,Península
2023-01-07 08:35:00+00:00,24841.0,Península
2023-01-07 08:40:00+00:00,24919.0,Península
2023-01-07 08:45:00+00:00,24854.0,Península
2023-01-07 08:50:00+00:00,25003.0,Península
2023-01-07 08:55:00+00:00,25339.0,Península
2023-01-07 09:00:00+00:00,25420.0,Península
2023-01-07 09:05:00+00:00,25690.0,Península
2023-01-07 09:10:00+00:00,25765.0,Península
2023-01-07 09:15:00+00:00,25774.0,Península
2023-01-07 09:20:00+00:00,25879.0,Península
2023-01-07 09:25:00+00:00,25978.0,Península
2023-01-07 09:30:00+00:00,25949.0,Península
2023-01-07 09:35:00+00:00,25988.0,Península
2023-01-07 09:40:00+00:00,25967.0,Península
2023-01-07 09:45:00+00:00,26053.0,Península
2023-01-07 09:50:00+00:00,26200.0,Península
2023-01-07 09:55:00+00:00,26338.0,Península
2023-01-07 10:00:00+00:00,26245.0,Península
2023-01-07 10:05:00+00:00,26407.0,Península
2023-01-07 10:10:00+00:00,26321.0,Península
2023-01-07 10:15:00+00:00,26267.0,Península
2023-01-07 10:20:00+00:00,26427.0,Península
2023-01-07 10:25:00+00:00,26442.0,Península
2023-01-07 10:30:00+00:00,26237.0,Península
2023-01-07 10:35:00+00:00,26106.0,Península
2023-01-07 10:40:00+00:00,26259.0,Península
2023-01-07 10:45:00+00:00,26303.0,Península
2023-01-07 10:50:00+00:00,26110.0,Península
2023-01-07 10:55:00+00:00,26118.0,Península
2023-01-07 11:00:00+00:00,25940.0,Península
2023-01-07 11:05:00+00:00,26140.0,Península
2023-01-07 11:10:00+00:00,26107.0,Península
2023-01-07 11:15:00+00:00,26262.0,Península
2023-01-07 11:20:00+00:00,26337.0,Península
2023-01-07 11:25:00+00:00,26182.0,Península
2023-01-07 11:30:00+00:00,26069.0,Península
2023-01-07 11:35:00+00:00,26128.0,Península
2023-01-07 11:40:00+00:00,26425.0,Península
2023-01-07 11:45:00+00:00,26454.0,Península
2023-01-07 11:50:00+00:00,26415.0,Península
2023-01-07 11:55:00+00:00,26537.0,Península
2023-01-07 12:00:00+00:00,26262.0,Península
2023-01-07 12:05:00+00:00,26485.0,Península
2023-01-07 12:10:00+00:00,26614.0,Península
2023-01-07 12:15:00+00:00,26623.0,Península
2023-01-07 12:20:00+00:00,26719.0,Península
2023-01-07 12:25:00+00:00,26995.0,Península
2023-01-07 12:30:00+00:00,26973.0,Península
2023-01-07 12:35:00+00:00,27041.0,Península
2023-01-07 12:40:00+00:00,27012.0,Península
2023-01-07 12:45:00+00:00,27129.0,Península
2023-01-07 12:50:00+00:00,27281.0,Península
2023-01-07 12:55:00+00:00,27304.0,Península
2023-01-07 13:00:00+00:00,27372.0,Península
2023-01-07 13:05:00+00:00,27346.0,Península
2023-01-07 13:10:00+00:00,27287.0,Península
2023-01-07 13:15:00+00:00,27398.0,Península
2023-01-07 13:20:00+00:00,27373.0,Península
2023-01-07 13:25:00+00:00,27378.0,Península
2023-01-07 13:30:00+00:00,27287.0,Península
2023-01-07 13:35:00+00:00,27138.0,Península
2023-01-07 13:40:00+00:00,27012.0,Península
2023-01-07 13:45:00+00:00,26884.0,Península
2023-01-07 13:50:00+00:00,26904.0,Península
2023-01-07 13:55:00+00:00,26787.0,Península
2023-01-07 14:00:00+00:00,26662.0,Península
2023-01-07 14:05:00+00:00,26493.0,Península
2023-01-07 14:10:00+00:00,26593.0,Península
2023-01-07 14:15:00+00:00,26395.0,Península
2023-01-07 14:20:00+00:00,26412.0,Península
2023-01-07 14:25:00+00:00,26211.0,Península
2023-01-07 14:30:00+00:00,26091.0,Península
2023-01-07 14:35:00+00:00,26243.0,Península
2023-01-07 14:40:00+00:00,26225.0,Península
2023-01-07 14:45:00+00:00,25914.0,Península
2023-01-07 14:50:00+00:00,25930.0,Península
2023-01-07 14:55:00+00:00,26223.0,Península
2023-01-07 15:00:00+00:00,26087.0,Península
2023-01-07 15:05:00+00:00,25919.0,Península
2023-01-07 15:10:00+00:00,25879.0,Península
2023-01-07 15:15:00+00:00,25978.0,Península
2023-01-07 15:20:00+00:00,26011.0,Península
2023-01-07 15:25:00+00:00,25885.0,Península
2023-01-07 15:30:00+00:00,25831.0,Península
2023-01-07 15:35:00+00:00,25850.0,Península
2023-01-07 15:40:00+00:00,26048.0,Península
2023-01-07 15:45:00+00:00,26036.0,Península
2023-01-07 15:50:00+00:00,25809.0,Península
2023-01-07 15:55:00+00:00,25700.0,Península
2023-01-07 16:00:00+00:00,25999.0,Península
2023-01-07 16:05:00+00:00,26318.0,Península
2023-01-07 16:10:00+00:00,26348.0,Península
2023-01-07 16:15:00+00:00,26010.0,Península
2023-01-07 16:20:00+00:00,26167.0,Península
2023-01-07 16:25:00+00:00,26354.0,Península
2023-01-07 16:30:00+00:00,26430.0,Península
2023-01-07 16:35:00+00:00,26542.0,Península
2023-01-07 16:40:00+00:00,26602.0,Península
2023-01-07 16:45:00+00:00,26658.0,Península
2023-01-07 16:50:00+00:00,26784.0,Península
2023-01-07 16:55:00+00:00,27276.0,Península
2023-01-07 17:00:00+00:00,27430.0,Península
2023-01-07 17:05:00+00:00,27632.0,Península
2023-01-07 17:10:00+00:00,27516.0,Península
2023-01-07 17:15:00+00:00,27875.0,Península
2023-01-07 17:20:00+00:00,28249.0,Península
2023-01-07 17:25:00+00:00,28458.0,Península
2023-01-07 17:30:00+00:00,28417.0,Península
2023-01-07 17:35:00+00:00,28417.0,Península
2023-01-07 17:40:00+00:00,28430.0,Península
2023-01-07 17:45:00+00:00,28442.0,Península
2023-01-07 17:50:00+00:00,28532.0,Península
2023-01-07 17:55:00+00:00,28654.0,Península
2023-01-07 18:00:00+00:00,28722.0,Península
2023-01-07 18:05:00+00:00,28989.0,Península
2023-01-07 18:10:00+00:00,29155.0,Península
2023-01-07 18:15:00+00:00,29013.0,Península
2023-01-07 18:20:00+00:00,28917.0,Península
2023-01-07 18:25:00+00:00,29184.0,Península
2023-01-07 18:30:00+00:00,29200.0,Península
2023-01-07 18:35:00+00:00,29061.0,Península
2023-01-07 18:40:00+00:00,28871.0,Península
2023-01-07 18:45:00+00:00,29237.0,Península
2023-01-07 18:50:00+00:00,29212.0,Península
2023-01-07 18:55:00+00:00,29289.0,Península
2023-01-07 19:00:00+00:00,29190.0,Península
2023-01-07 19:05:00+00:00,29302.0,Península
2023-01-07 19:10:00+00:00,29312.0,Península
2023-01-07 19:15:00+00:00,29242.0,Península
2023-01-07 19:20:00+00:00,29519.0,Península
2023-01-07 19:25:00+00:00,29493.0,Península
2023-01-07 19:30:00+00:00,29439.0,Península
2023-01-07 19:35:00+00:00,29679.0,Península
2023-01-07 19:40:00+00:00,29877.0,Península
2023-01-07 19:45:00+00:00,29838.0,Península
2023-01-07 19:50:00+00:00,29735.0,Península
2023-01-07 19:55:00+00:00,29889.0,Península
2023-01-07 20:00:00+00:00,29736.0,Península
2023-01-07 20:05:00+00:00,29794.0,Península
2023-01-07 20:10:00+00:00,29864.0,Península
2023-01-07 20:15:00+00:00,29530.0,Península
2023-01-07 20:20:00+00:00,29488.0,Península
2023-01-07 20:25:00+00:00,29312.0,Península
2023-01-07 20:30:00+00:00,29356.0,Península
2023-01-07 20:35:00+00:00,29298.0,Península
2023-01-07 20:40:00+00:00,29233.0,Península
2023-01-07 20:45:00+00:00,29074.0,Península
2023-01-07 20:50:00+00:00,28873.0,Península
2023-01-07 20:55:00+00:00,28597.0,Península
2023-01-07 21:00:00+00:00,28300.0,Península
2023-01-07 21:05:00+00:00,28251.0,Península
2023-01-07 21:10:00+00:00,27944.0,Península
2023-01-07 21:15:00+00:00,27719.0,Península
2023-01-07 21:20:00+00:00,27442.0,Península
2023-01-07 21:25:00+00:00,27033.0,Península
2023-01-07 21:30:00+00:00,26926.0,Península
2023-01-07 21:35:00+00:00,26789.0,Península
2023-01-07 21:40:00+00:00,26809.0,Península
2023-01-07 21:45:00+00:00,26656.0,Península
2023-01-07 21:50:00+00:00,26591.0,Península
2023-01-07 21:55:00+00:00,26260.0,Península
2023-01-07 22:00:00+00:00,26079.0,Península
2023-01-07 22:05:00+00:00,25763.0,Península
2023-01-07 22:10:00+00:00,25680.0,Península
2023-01-07 22:15:00+00:00,25643.0,Península
2023-01-07 22:20:00+00:00,25124.0,Península
2023-01-07 22:25:00+00:00,24854.0,Península
2023-01-07 22:30:00+00:00,24670.0,Península
2023-01-07 22:35:00+00:00,24932.0,Península
2023-01-07 22:40:00+00:00,24805.0,Península
2023-01-07 22:45:00+00:00,24662.0,Península
2023-01-07 22:50:00+00:00,24531.0,Península
2023-01-07 22:55:00+00:00,24303.0,Península
2023-01-07 23:00:00+00:00,24037.0,Península
2023-01-07 23:05:00+00:00,24243.0,Península
2023-01-07 23:10:00+00:00,23991.0,Península
2023-01-07 23:15:00+00:00,23860.0,Península
2023-01-07 23:20:00+00:00,23616.0,Península
2023-01-07 23:25:00+00:00,23473.0,Península
2023-01-07 23:30:00+00:00,23191.0,Península
2023-01-07 23:35:00+00:00,23143.0,Península
2023-01-07 23:40:00+00:00,22996.0,Península
2023-01-07 23:45:00+00:00,22792.0,Península
2023-01-07 23:50:00+00:00,22749.0,Península
2023-01-07 23:55:00+00:00,22650.0,Península
2023-01-08 00:00:00+00:00,22502.0,Península
2023-01-08 00:05:00+00:00,22217.0,Península
2023-01-08 00:10:00+00:00,22166.0,Península
2023-01-08 00:15:00+00:00,21784.0,Península
2023-01-08 00:20:00+00:00,21731.0,Península
2023-01-08 00:25:00+00:00,21626.0,Península
2023-01-08 00:30:00+00:00,21527.0,Península
2023-01-08 00:35:00+00:00,21394.0,Península
2023-01-08 00:40:00+00:00,21399.0,Península
2023-01-08 00:45:00+00:00,21334.0,Península
2023-01-08 00:50:00+00:00,21269.0,Península
2023-01-08 00:55:00+00:00,21060.0,Península
2023-01-08 01:00:00+00:00,20903.0,Península
2023-01-08 01:05:00+00:00,20822.0,Península
2023-01-08 01:10:00+00:00,20869.0,Península
2023-01-08 01:15:00+00:00,20517.0,Península
2023-01-08 01:20:00+00:00,20352.0,Península
2023-01-08 01:25:00+00:00,20405.0,Península
2023-01-08 01:30:00+00:00,20328.0,Península
2023-01-08 01:35:00+00:00,20335.0,Península
2023-01-08 01:40:00+00:00,20221.0,Península
2023-01-08 01:45:00+00:00,20147.0,Península
2023-01-08 01:50:00+00:00,20177.0,Península
2023-01-08 01:55:00+00:00,20138.0,Península
2023-01-08 02:00:00+00:00,19857.0,Península
2023-01-08 02:05:00+00:00,19706.0,Península
2023-01-08 02:10:00+00:00,19596.0,Península
2023-01-08 02:15:00+00:00,19551.0,Península
2023-01-08 02:20:00+00:00,19778.0,Península
2023-01-08 02:25:00+00:00,19717.0,Península
2023-01-08 02:30:00+00:00,19625.0,Península
2023-01-08 02:35:00+00:00,19654.0,Península
2023-01-08 02:40:00+00:00,19603.0,Península
2023-01-08 02:45:00+00:00,19537.0,Península
2023-01-08 02:50:00+00:00,19578.0,Península
2023-01-08 02:55:00+00:00,19386.0,Península
2023-01-08 03:00:00+00:00,18950.0,Península
2023-01-08 03:05:00+00:00,19135.0,Península
2023-01-08 03:10:00+00:00,19251.0,Península
2023-01-08 03:15:00+00:00,19297.0,Península
2023-01-08 03:20:00+00:00,19325.0,Península
2023-01-08 03:25:00+00:00,19209.0,Península
2023-01-08 03:30:00+00:00,19255.0,Península
2023-01-08 03:35:00+00:00,19220.0,Península
2023-01-08 03:40:00+00:00,19230.0,Península
2023-01-08 03:45:00+00:00,18928.0,Península
2023-01-08 03:50:00+00:00,19053.0,Península
2023-01-08 03:55:00+00:00,19117.0,Península
2023-01-08 04:00:00+00:00,19152.0,Península
2023-01-08 04:05:00+00:00,19197.0,Península
2023-01-08 04:10:00+00:00,19053.0,Península
2023-01-08 04:15:00+00:00,19277.0,Península
2023-01-08 04:20:00+00:00,19277.0,Península
2023-01-08 04:25:00+00:00,19191.0,Península
2023-01-08 04:30:00+00:00,19096.0,Península
2023-01-08 04:35:00+00:00,19288.0,Península
2023-01-08 04:40:00+00:00,19299.0,Península
2023-01-08 04:45:00+00:00,19244.0,Península
2023-01-08 04:50:00+00:00,19270.0,Península
2023-01-08 04:55:00+00:00,19430.0,Península
2023-01-08 05:00:00+00:00,19320.0,Península
2023-01-08 05:05:00+00:00,19481.0,Península
2023-01-08 05:10:00+00:00,19617.0,Península
2023-01-08 05:15:00+00:00,19505.0,Península
2023-01-08 05:20:00+00:00,19677.0,Península
2023-01-08 05:25:00+00:00,19546.0,Península
2023-01-08 05:30:00+00:00,19573.0,Península
2023-01-08 05:35:00+00:00,19844.0,Península
2023-01-08 05:40:00+00:00,19808.0,Península
2023-01-08 05:45:00+00:00,19744.0,Península
2023-01-08 05:50:00+00:00,19818.0,Península
2023-01-08 05:55:00+00:00,19877.0,Península
2023-01-08 06:00:00+00:00,20011.0,Península
2023-01-08 06:05:00+00:00,19956.0,Península
2023-01-08 06:10:00+00:00,20157.0,Península
2023-01-08 06:15:00+00:00,20097.0,Península
2023-01-08 06:20:00+00:00,20195.0,Península
2023-01-08 06:25:00+00:00,20344.0,Península
2023-01-08 06:30:00+00:00,20502.0,Península
2023-01-08 06:35:00+00:00,20528.0,Península
2023-01-08 06:40:00+00:00,20511.0,Península
2023-01-08 06:45:00+00:00,20483.0,Península
2023-01-08 06:50:00+00:00,20632.0,Península
2023-01-08 06:55:00+00:00,20742.0,Península
2023-01-08 07:00:00+00:00,20596.0,Península
2023-01-08 07:05:00+00:00,20811.0,Península
2023-01-08 07:10:00+00:00,20885.0,Península
2023-01-08 07:15:00+00:00,20726.0,Península
2023-01-08 07:20:00+00:00,20861.0,Península
2023-01-08 07:25:00+00:00,20837.0,Península
2023-01-08 07:30:00+00:00,20778.0,Península
2023-01-08 07:35:00+00:00,20963.0,Península
2023-01-08 07:40:00+00:00,20953.0,Península
2023-01-08 07:45:00+00:00,21030.0,Península
2023-01-08 07:50:00+00:00,21143.0,Península
2023-01-08 07:55:00+00:00,21434.0,Península
2023-01-08 08:00:00+00:00,21436.0,Península
2023-01-08 08:05:00+00:00,21578.0,Península
2023-01-08 08:10:00+00:00,21951.0,Península
2023-01-08 08:15:00+00:00,21964.0,Península
2023-01-08 08:20:00+00:00,22322.0,Península
2023-01-08 08:25:00+00:00,22553.0,Península
2023-01-08 08:30:00+00:00,22546.0,Península
2023-01-08 08:35:00+00:00,22787.0,Península
2023-01-08 08:40:00+00:00,23164.0,Península
2023-01-08 08:45:00+00:00,23347.0,Península
2023-01-08 08:50:00+00:00,23593.0,Península
2023-01-08 08:55:00+00:00,23806.0,Península
2023-01-08 09:00:00+00:00,23987.0,Península
2023-01-08 09:05:00+00:00,24100.0,Península
2023-01-08 09:10:00+00:00,24276.0,Península
2023-01-08 09:15:00+00:00,24570.0,Península
2023-01-08 09:20:00+00:00,24622.0,Península
2023-01-08 09:25:00+00:00,24486.0,Península
2023-01-08 09:30:00+00:00,24581.0,Península
2023-01-08 09:35:00+00:00,24844.0,Península
2023-01-08 09:40:00+00:00,25207.0,Península
2023-01-08 09:45:00+00:00,25198.0,Península
2023-01-08 09:50:00+00:00,25270.0,Península
2023-01-08 09:55:00+00:00,25253.0,Península
2023-01-08 10:00:00+00:00,25382.0,Península
2023-01-08 10:05:00+00:00,25596.0,Península
2023-01-08 10:10:00+00:00,25292.0,Península
2023-01-08 10:15:00+00:00,25432.0,Península
2023-01-08 10:20:00+00:00,25640.0,Península
2023-01-08 10:25:00+00:00,25717.0,Península
2023-01-08 10:30:00+00:00,25893.0,Península
2023-01-08 10:35:00+00:00,25831.0,Península
2023-01-08 10:40:00+00:00,26064.0,Península
2023-01-08 10:45:00+00:00,26006.0,Península
2023-01-08 10:50:00+00:00,26218.0,Península
2023-01-08 10:55:00+00:00,26428.0,Península
2023-01-08 11:00:00+00:00,26083.0,Península
2023-01-08 11:05:00+00:00,26214.0,Península
2023-01-08 11:10:00+00:00,26383.0,Península
2023-01-08 11:15:00+00:00,26430.0,Península
2023-01-08 11:20:00+00:00,26381.0,Península
2023-01-08 11:25:00+00:00,26498.0,Península
2023-01-08 11:30:00+00:00,26571.0,Península
2023-01-08 11:35:00+00:00,26186.0,Península
2023-01-08 11:40:00+00:00,26207.0,Península
2023-01-08 11:45:00+00:00,26700.0,Península
2023-01-08 11:50:00+00:00,26796.0,Península
2023-01-08 11:55:00+00:00,26808.0,Península
2023-01-08 12:00:00+00:00,26983.0,Península
2023-01-08 12:05:00+00:00,27156.0,Península
2023-01-08 12:10:00+00:00,27087.0,Península
2023-01-08 12:15:00+00:00,27185.0,Península
2023-01-08 12:20:00+00:00,27096.0,Península
2023-01-08 12:25:00+00:00,27270.0,Península
2023-01-08 12:30:00+00:00,27415.0,Península
2023-01-08 12:35:00+00:00,27233.0,Península
2023-01-08 12:40:00+00:00,27538.0,Península
2023-01-08 12:45:00+00:00,27606.0,Península
2023-01-08 12:50:00+00:00,27803.0,Península
2023-01-08 12:55:00+00:00,27948.0,Península
2023-01-08 13:00:00+00:00,27911.0,Península
2023-01-08 13:05:00+00:00,27824.0,Península
2023-01-08 13:10:00+00:00,27802.0,Península
2023-01-08 13:15:00+00:00,27534.0,Península
2023-01-08 13:20:00+00:00,27405.0,Península
2023-01-08 13:25:00+00:00,27305.0,Península
2023-01-08 13:30:00+00:00,27357.0,Península
2023-01-08 13:35:00+00:00,27119.0,Península
2023-01-08 13:40:00+00:00,27101.0,Península
2023-01-08 13:45:00+00:00,27078.0,Península
2023-01-08 13:50:00+00:00,27038.0,Península
2023-01-08 13:55:00+00:00,27004.0,Península
2023-01-08 14:00:00+00:00,26604.0,Península
2023-01-08 14:05:00+00:00,26586.0,Península
2023-01-08 14:10:00+00:00,26273.0,Península
2023-01-08 14:15:00+00:00,26183.0,Península
2023-01-08 14:20:00+00:00,26162.0,Península
2023-01-08 14:25:00+00:00,26036.0,Península
2023-01-08 14:30:00+00:00,25869.0,Península
2023-01-08 14:35:00+00:00,25972.0,Península
2023-01-08 14:40:00+00:00,25832.0,Península
2023-01-08 14:45:00+00:00,25679.0,Península
2023-01-08 14:50:00+00:00,25699.0,Península
2023-01-08 14:55:00+00:00,25541.0,Península
2023-01-08 15:00:00+00:00,25379.0,Península
2023-01-08 15:05:00+00:00,25404.0,Península
2023-01-08 15:10:00+00:00,25632.0,Península
2023-01-08 15:15:00+00:00,25341.0,Península
2023-01-08 15:20:00+00:00,25379.0,Península
2023-01-08 15:25:00+00:00,25238.0,Península
2023-01-08 15:30:00+00:00,25227.0,Península
2023-01-08 15:35:00+00:00,25157.0,Península
2023-01-08 15:40:00+00:00,25027.0,Península
2023-01-08 15:45:00+00:00,25422.0,Península
2023-01-08 15:50:00+00:00,25282.0,Península
2023-01-08 15:55:00+00:00,25064.0,Península
2023-01-08 16:00:00+00:00,25014.0,Península
2023-01-08 16:05:00+00:00,25333.0,Península
2023-01-08 16:10:00+00:00,25338.0,Península
2023-01-08 16:15:00+00:00,25254.0,Península
2023-01-08 16:20:00+00:00,25024.0,Península
2023-01-08 16:25:00+00:00,25205.0,Península
2023-01-08 16:30:00+00:00,25447.0,Península
2023-01-08 16:35:00+00:00,25640.0,Península
2023-01-08 16:40:00+00:00,25735.0,Península
2023-01-08 16:45:00+00:00,25711.0,Península
2023-01-08 16:50:00+00:00,25931.0,Península
2023-01-08 16:55:00+00:00,25920.0,Península
2023-01-08 17:00:00+00:00,26313.0,Península
2023-01-08 17:05:00+00:00,26579.0,Península
2023-01-08 17:10:00+00:00,26776.0,Península
2023-01-08 17:15:00+00:00,26968.0,Península
2023-01-08 17:20:00+00:00,27284.0,Península
2023-01-08 17:25:00+00:00,27596.0,Península
2023-01-08 17:30:00+00:00,27417.0,Península
2023-01-08 17:35:00+00:00,27682.0,Península
2023-01-08 17:40:00+00:00,27645.0,Península
2023-01-08 17:45:00+00:00,27912.0,Península
2023-01-08 17:50:00+00:00,27916.0,Península
2023-01-08 17:55:00+00:00,28047.0,Península
2023-01-08 18:00:00+00:00,28063.0,Península
2023-01-08 18:05:00+00:00,28361.0,Península
2023-01-08 18:10:00+00:00,28290.0,Península
2023-01-08 18:15:00+00:00,28323.0,Península
2023-01-08 18:20:00+00:00,28321.0,Península
2023-01-08 18:25:00+00:00,28238.0,Península
2023-01-08 18:30:00+00:00,28333.0,Península
2023-01-08 18:35:00+00:00,28531.0,Península
2023-01-08 18:40:00+00:00,28637.0,Península
2023-01-08 18:45:00+00:00,28693.0,Península
2023-01-08 18:50:00+00:00,28674.0,Península
2023-01-08 18:55:00+00:00,29005.0,Península
2023-01-08 19:00:00+00:00,29004.0,Península
2023-01-08 19:05:00+00:00,29116.0,Península
2023-01-08 19:10:00+00:00,29160.0,Península
2023-01-08 19:15:00+00:00,29155.0,Península
2023-01-08 19:20:00+00:00,29034.0,Península
2023-01-08 19:25:00+00:00,29199.0,Península
2023-01-08 19:30:00+00:00,29373.0,Península
2023-01-08 19:35:00+00:00,29413.0,Península
2023-01-08 19:40:00+00:00,29382.0,Península
2023-01-08 19:45:00+00:00,29305.0,Península
2023-01-08 19:50:00+00:00,29447.0,Península
2023-01-08 19:55:00+00:00,29408.0,Península
2023-01-08 20:00:00+00:00,29366.0,Península
2023-01-08 20:05:00+00:00,29178.0,Península
2023-01-08 20:10:00+00:00,29385.0,Península
2023-01-08 20:15:00+00:00,29183.0,Península
2023-01-08 20:20:00+00:00,29158.0,Península
2023-01-08 20:25:00+00:00,29099.0,Península
2023-01-08 20:30:00+00:00,28797.0,Península
2023-01-08 20:35:00+00:00,28709.0,Península
2023-01-08 20:40:00+00:00,28612.0,Península
2023-01-08 20:45:00+00:00,28362.0,Península
2023-01-08 20:50:00+00:00,28231.0,Península
2023-01-08 20:55:00+00:00,27997.0,Península
2023-01-08 21:00:00+00:00,27856.0,Península
2023-01-08 21:05:00+00:00,27638.0,Península
2023-01-08 21:10:00+00:00,27516.0,Península
2023-01-08 21:15:00+00:00,27299.0,Península
2023-01-08 21:20:00+00:00,27290.0,Península
2023-01-08 21:25:00+00:00,26947.0,Península
2023-01-08 21:30:00+00:00,26903.0,Península
2023-01-08 21:35:00+00:00,26754.0,Península
2023-01-08 21:40:00+00:00,26535.0,Península
2023-01-08 21:45:00+00:00,26085.0,Península
2023-01-08 21:50:00+00:00,25829.0,Península
2023-01-08 21:55:00+00:00,25755.0,Península
2023-01-08 22:00:00+00:00,25574.0,Península
2023-01-08 22:05:00+00:00,25260.0,Península
2023-01-08 22:10:00+00:00,25090.0,Península
2023-01-08 22:15:00+00:00,25013.0,Península
2023-01-08 22:20:00+00:00,24581.0,Península
2023-01-08 22:25:00+00:00,24305.0,Península
2023-01-08 22:30:00+00:00,23994.0,Península
2023-01-08 22:35:00+00:00,24004.0,Península
2023-01-08 22:40:00+00:00,23850.0,Península
2023-01-08 22:45:00+00:00,23821.0,Península
2023-01-08 22:50:00+00:00,23442.0,Península
2023-01-08 22:55:00+00:00,23218.0,Península
2023-01-08 23:00:00+00:00,23055.0,Península
2023-01-08 23:05:00+00:00,23046.0,Península
2023-01-08 23:10:00+00:00,22852.0,Península
2023-01-08 23:15:00+00:00,22698.0,Península
2023-01-08 23:20:00+00:00,22671.0,Península
2023-01-08 23:25:00+00:00,22468.0,Península
2023-01-08 23:30:00+00:00,22482.0,Península
2023-01-08 23:35:00+00:00,22220.0,Península
2023-01-08 23:40:00+00:00,21952.0,Península
2023-01-08 23:45:00+00:00,21922.0,Península
2023-01-08 23:50:00+00:00,21773.0,Península
2023-01-08 23:55:00+00:00,21639.0,Península
2023-01-09 00:00:00+00:00,21670.0,Península
2023-01-09 00:05:00+00:00,21434.0,Península
2023-01-09 00:10:00+00:00,21366.0,Península
2023-01-09 00:15:00+00:00,21045.0,Península
2023-01-09 00:20:00+00:00,21021.0,Península
2023-01-09 00:25:00+00:00,20985.0,Península
2023-01-09 00:30:00+00:00,20817.0,Península
2023-01-09 00:35:00+00:00,20848.0,Península
2023-01-09 00:40:00+00:00,20818.0,Península
2023-01-09 00:45:00+00:00,20554.0,Península
2023-01-09 00:50:00+00:00,20711.0,Península
2023-01-09 00:55:00+00:00,20503.0,Península
2023-01-09 01:00:00+00:00,20259.0,Península
2023-01-09 01:05:00+00:00,20199.0,Península
2023-01-09 01:10:00+00:00,19915.0,Península
2023-01-09 01:15:00+00:00,20038.0,Península
2023-01-09 01:20:00+00:00,20116.0,Península
2023-01-09 01:25:00+00:00,20031.0,Península
2023-01-09 01:30:00+00:00,20087.0,Península
2023-01-09 01:35:00+00:00,20134.0,Península
2023-01-09 01:40:00+00:00,20181.0,Península
2023-01-09 01:45:00+00:00,19970.0,Península
2023-01-09 01:50:00+00:00,19768.0,Península
2023-01-09 01:55:00+00:00,19669.0,Península
2023-01-09 02:00:00+00:00,19611.0,Península
2023-01-09 02:05:00+00:00,19584.0,Península
2023-01-09 02:10:00+00:00,19690.0,Península
2023-01-09 02:15:00+00:00,19701.0,Península
2023-01-09 02:20:00+00:00,19468.0,Península
2023-01-09 02:25:00+00:00,19562.0,Península
2023-01-09 02:30:00+00:00,19865.0,Península
2023-01-09 02:35:00+00:00,19726.0,Península
2023-01-09 02:40:00+00:00,19777.0,Península
2023-01-09 02:45:00+00:00,19690.0,Península
2023-01-09 02:50:00+00:00,19559.0,Península
2023-01-09 02:55:00+00:00,19557.0,Península
2023-01-09 03:00:00+00:00,19451.0,Península
2023-01-09 03:05:00+00:00,19642.0,Península
2023-01-09 03:10:00+00:00,19674.0,Península
2023-01-09 03:15:00+00:00,19577.0,Península
2023-01-09 03:20:00+00:00,19488.0,Península
2023-01-09 03:25:00+00:00,19468.0,Península
2023-01-09 03:30:00+00:00,19642.0,Península
2023-01-09 03:35:00+00:00,19543.0,Península
2023-01-09 03:40:00+00:00,19705.0,Península
2023-01-09 03:45:00+00:00,19598.0,Península
2023-01-09 03:50:00+00:00,19665.0,Península
2023-01-09 03:55:00+00:00,19753.0,Península
2023-01-09 04:00:00+00:00,20012.0,Península
2023-01-09 04:05:00+00:00,20081.0,Península
2023-01-09 04:10:00+00:00,20284.0,Península
2023-01-09 04:15:00+00:00,20283.0,Península
2023-01-09 04:20:00+00:00,20249.0,Península
2023-01-09 04:25:00+00:00,20207.0,Península
2023-01-09 04:30:00+00:00,20456.0,Península
2023-01-09 04:35:00+00:00,20640.0,Península
2023-01-09 04:40:00+00:00,20531.0,Península
2023-01-09 04:45:00+00:00,20512.0,Península
2023-01-09 04:50:00+00:00,20765.0,Península
2023-01-09 04:55:00+00:00,21233.0,Península
2023-01-09 05:00:00+00:00,21683.0,Península
2023-01-09 05:05:00+00:00,22370.0,Península
2023-01-09 05:10:00+00:00,22634.0,Península
2023-01-09 05:15:00+00:00,22671.0,Península
2023-01-09 05:20:00+00:00,22978.0,Península
2023-01-09 05:25:00+00:00,23372.0,Península
2023-01-09 05:30:00+00:00,23731.0,Península
2023-01-09 05:35:00+00:00,24184.0,Península
2023-01-09 05:40:00+00:00,24374.0,Península
2023-01-09 05:45:00+00:00,24639.0,Península
2023-01-09 05:50:00+00:00,24950.0,Península
2023-01-09 05:55:00+00:00,25132.0,Península
2023-01-09 06:00:00+00:00,25520.0,Península
2023-01-09 06:05:00+00:00,26573.0,Península
2023-01-09 06:10:00+00:00,27244.0,Península
2023-01-09 06:15:00+00:00,27710.0,Península
2023-01-09 06:20:00+00:00,27719.0,Península
2023-01-09 06:25:00+00:00,28157.0,Península
2023-01-09 06:30:00+00:00,28511.0,Península
2023-01-09 06:35:00+00:00,28782.0,Península
2023-01-09 06:40:00+00:00,28914.0,Península
2023-01-09 06:45:00+00:00,29213.0,Península
2023-01-09 06:50:00+00:00,29345.0,Península
2023-01-09 06:55:00+00:00,29548.0,Península
2023-01-09 07:00:00+00:00,29645.0,Península
2023-01-09 07:05:00+00:00,30246.0,Península
2023-01-09 07:10:00+00:00,30547.0,Península
2023-01-09 07:15:00+00:00,30773.0,Península
2023-01-09 07:20:00+00:00,31131.0,Península
2023-01-09 07:25:00+00:00,31094.0,Península
2023-01-09 07:30:00+00:00,31057.0,Península
2023-01-09 07:35:00+00:00,31085.0,Península
2023-01-09 07:40:00+00:00,30936.0,Península
2023-01-09 07:45:00+00:00,30795.0,Península
2023-01-09 07:50:00+00:00,30897.0,Península
2023-01-09 07:55:00+00:00,30867.0,Península
2023-01-09 08:00:00+00:00,30866.0,Península
2023-01-09 08:05:00+00:00,30930.0,Península
2023-01-09 08:10:00+00:00,30886.0,Península
2023-01-09 08:15:00+00:00,30971.0,Península
2023-01-09 08:20:00+00:00,31142.0,Península
2023-01-09 08:25:00+00:00,31216.0,Península
2023-01-09 08:30:00+00:00,31218.0,Península
2023-01-09 08:35:00+00:00,31135.0,Península
2023-01-09 08:40:00+00:00,31199.0,Península
2023-01-09 08:45:00+00:00,31135.0,Península
2023-01-09 08:50:00+00:00,31153.0,Península
2023-01-09 08:55:00+00:00,31145.0,Península
2023-01-09 09:00:00+00:00,31194.0,Península
2023-01-09 09:05:00+00:00,31186.0,Península
2023-01-09 09:10:00+00:00,31233.0,Península
2023-01-09 09:15:00+00:00,31029.0,Península
2023-01-09 09:20:00+00:00,31028.0,Península
2023-01-09 09:25:00+00:00,30966.0,Península
2023-01-09 09:30:00+00:00,31119.0,Península
2023-01-09 09:35:00+00:00,31168.0,Península
2023-01-09 09:40:00+00:00,31185.0,Península
2023-01-09 09:45:00+00:00,30850.0,Península
2023-01-09 09:50:00+00:00,30898.0,Península
2023-01-09 09:55:00+00:00,30907.0,Península
2023-01-09 10:00:00+00:00,30664.0,Península
2023-01-09 10:05:00+00:00,30814.0,Península
2023-01-09 10:10:00+00:00,30634.0,Península
2023-01-09 10:15:00+00:00,30546.0,Península
2023-01-09 10:20:00+00:00,30452.0,Península
2023-01-09 10:25:00+00:00,30630.0,Península
2023-01-09 10:30:00+00:00,30547.0,Península
2023-01-09 10:35:00+00:00,30605.0,Península
2023-01-09 10:40:00+00:00,30517.0,Península
2023-01-09 10:45:00+00:00,30331.0,Península
2023-01-09 10:50:00+00:00,30653.0,Península
2023-01-09 10:55:00+00:00,30372.0,Península
2023-01-09 11:00:00+00:00,30351.0,Península
2023-01-09 11:05:00+00:00,30338.0,Península
2023-01-09 11:10:00+00:00,30267.0,Península
2023-01-09 11:15:00+00:00,30146.0,Península
2023-01-09 11:20:00+00:00,30208.0,Península
2023-01-09 11:25:00+00:00,30220.0,Península
2023-01-09 11:30:00+00:00,30394.0,Península
2023-01-09 11:35:00+00:00,30286.0,Península
2023-01-09 11:40:00+00:00,30247.0,Península
2023-01-09 11:45:00+00:00,30284.0,Península
2023-01-09 11:50:00+00:00,30392.0,Península
2023-01-09 11:55:00+00:00,30389.0,Península
2023-01-09 12:00:00+00:00,30438.0,Península
2023-01-09 12:05:00+00:00,30407.0,Península
2023-01-09 12:10:00+00:00,30416.0,Península
2023-01-09 12:15:00+00:00,30357.0,Península
2023-01-09 12:20:00+00:00,30443.0,Península
2023-01-09 12:25:00+00:00,30594.0,Península
2023-01-09 12:30:00+00:00,30365.0,Península
2023-01-09 12:35:00+00:00,30342.0,Península
2023-01-09 12:40:00+00:00,30296.0,Península
2023-01-09 12:45:00+00:00,30212.0,Península
2023-01-09 12:50:00+00:00,30078.0,Península
2023-01-09 12:55:00+00:00,30018.0,Península
2023-01-09 13:00:00+00:00,29952.0,Península
2023-01-09 13:05:00+00:00,29864.0,Península
2023-01-09 13:10:00+00:00,29899.0,Península
2023-01-09 13:15:00+00:00,30191.0,Península
2023-01-09 13:20:00+00:00,30226.0,Península
2023-01-09 13:25:00+00:00,30037.0,Península
2023-01-09 13:30:00+00:00,30036.0,Península
2023-01-09 13:35:00+00:00,29873.0,Península
2023-01-09 13:40:00+00:00,29774.0,Península
2023-01-09 13:45:00+00:00,29771.0,Península
2023-01-09 13:50:00+00:00,29781.0,Península
2023-01-09 13:55:00+00:00,29583.0,Península
2023-01-09 14:00:00+00:00,29481.0,Península
2023-01-09 14:05:00+00:00,29459.0,Península
2023-01-09 14:10:00+00:00,29640.0,Península
2023-01-09 14:15:00+00:00,29556.0,Península
2023-01-09 14:20:00+00:00,29563.0,Península
2023-01-09 14:25:00+00:00,29522.0,Península
2023-01-09 14:30:00+00:00,29605.0,Península
2023-01-09 14:35:00+00:00,29475.0,Península
2023-01-09 14:40:00+00:00,29292.0,Península
2023-01-09 14:45:00+00:00,29194.0,Península
2023-01-09 14:50:00+00:00,29535.0,Península
2023-01-09 14:55:00+00:00,29332.0,Península
2023-01-09 15:00:00+00:00,29502.0,Península
2023-01-09 15:05:00+00:00,29665.0,Península
2023-01-09 15:10:00+00:00,29614.0,Península
2023-01-09 15:15:00+00:00,29577.0,Península
2023-01-09 15:20:00+00:00,29442.0,Península
2023-01-09 15:25:00+00:00,29359.0,Península
2023-01-09 15:30:00+00:00,29446.0,Península
2023-01-09 15:35:00+00:00,29512.0,Península
2023-01-09 15:40:00+00:00,29439.0,Península
2023-01-09 15:45:00+00:00,29364.0,Península
2023-01-09 15:50:00+00:00,29285.0,Península
2023-01-09 15:55:00+00:00,29356.0,Península
2023-01-09 16:00:00+00:00,29506.0,Península
2023-01-09 16:05:00+00:00,29722.0,Península
2023-01-09 16:10:00+00:00,29610.0,Península
2023-01-09 16:15:00+00:00,29758.0,Península
2023-01-09 16:20:00+00:00,29897.0,Península
2023-01-09 16:25:00+00:00,30015.0,Península
2023-01-09 16:30:00+00:00,29875.0,Península
2023-01-09 16:35:00+00:00,29965.0,Península
2023-01-09 16:40:00+00:00,30111.0,Península
2023-01-09 16:45:00+00:00,30323.0,Península
2023-01-09 16:50:00+00:00,30577.0,Península
2023-01-09 16:55:00+00:00,30559.0,Península
2023-01-09 17:00:00+00:00,30668.0,Península
2023-01-09 17:05:00+00:00,30904.0,Península
2023-01-09 17:10:00+00:00,31183.0,Península
2023-01-09 17:15:00+00:00,31084.0,Península
2023-01-09 17:20:00+00:00,31371.0,Península
2023-01-09 17:25:00+00:00,31661.0,Península
2023-01-09 17:30:00+00:00,31684.0,Península
2023-01-09 17:35:00+00:00,32042.0,Península
2023-01-09 17:40:00+00:00,32009.0,Península
2023-01-09 17:45:00+00:00,32018.0,Península
2023-01-09 17:50:00+00:00,31970.0,Península
2023-01-09 17:55:00+00:00,32282.0,Península
2023-01-09 18:00:00+00:00,32553.0,Península
2023-01-09 18:05:00+00:00,32645.0,Península
2023-01-09 18:10:00+00:00,32455.0,Península
2023-01-09 18:15:00+00:00,32493.0,Península
2023-01-09 18:20:00+00:00,32676.0,Península
2023-01-09 18:25:00+00:00,32685.0,Península
2023-01-09 18:30:00+00:00,32825.0,Península
2023-01-09 18:35:00+00:00,32853.0,Península
2023-01-09 18:40:00+00:00,33097.0,Península
2023-01-09 18:45:00+00:00,33215.0,Península
2023-01-09 18:50:00+00:00,33079.0,Península
2023-01-09 18:55:00+00:00,33272.0,Península
2023-01-09 19:00:00+00:00,33197.0,Península
2023-01-09 19:05:00+00:00,33247.0,Península
2023-01-09 19:10:00+00:00,33346.0,Península
2023-01-09 19:15:00+00:00,33485.0,Península
2023-01-09 19:20:00+00:00,33637.0,Península
2023-01-09 19:25:00+00:00,33476.0,Península
2023-01-09 19:30:00+00:00,33395.0,Península
2023-01-09 19:35:00+00:00,33538.0,Península
2023-01-09 19:40:00+00:00,33615.0,Península
2023-01-09 19:45:00+00:00,33587.0,Península
2023-01-09 19:50:00+00:00,33432.0,Península
2023-01-09 19:55:00+00:00,33460.0,Península
2023-01-09 20:00:00+00:00,33268.0,Península
2023-01-09 20:05:00+00:00,33326.0,Península
2023-01-09 20:10:00+00:00,33432.0,Península
2023-01-09 20:15:00+00:00,33356.0,Península
2023-01-09 20:20:00+00:00,33110.0,Península
2023-01-09 20:25:00+00:00,32978.0,Península
2023-01-09 20:30:00+00:00,32903.0,Península
2023-01-09 20:35:00+00:00,32617.0,Península
2023-01-09 20:40:00+00:00,32337.0,Península
2023-01-09 20:45:00+00:00,32087.0,Península
2023-01-09 20:50:00+00:00,31527.0,Península
2023-01-09 20:55:00+00:00,31135.0,Península
2023-01-09 21:00:00+00:00,30742.0,Península
2023-01-09 21:05:00+00:00,30599.0,Península
2023-01-09 21:10:00+00:00,30428.0,Península
2023-01-09 21:15:00+00:00,30193.0,Península
2023-01-09 21:20:00+00:00,29938.0,Península
2023-01-09 21:25:00+00:00,29619.0,Península
2023-01-09 21:30:00+00:00,29335.0,Península
2023-01-09 21:35:00+00:00,29357.0,Península
2023-01-09 21:40:00+00:00,29074.0,Península
2023-01-09 21:45:00+00:00,28632.0,Península
2023-01-09 21:50:00+00:00,28492.0,Península
2023-01-09 21:55:00+00:00,28071.0,Península
2023-01-09 22:00:00+00:00,27897.0,Península
2023-01-09 22:05:00+00:00,27581.0,Península
2023-01-09 22:10:00+00:00,27335.0,Península
2023-01-09 22:15:00+00:00,27089.0,Península
2023-01-09 22:20:00+00:00,26904.0,Península
2023-01-09 22:25:00+00:00,26837.0,Península
2023-01-09 22:30:00+00:00,26520.0,Península
2023-01-09 22:35:00+00:00,26199.0,Península
2023-01-09 22:40:00+00:00,26018.0,Península
2023-01-09 22:45:00+00:00,25774.0,Península
2023-01-09 22:50:00+00:00,25659.0,Península
2023-01-09 22:55:00+00:00,25472.0,Península
2023-01-09 23:00:00+00:00,25121.0,Península
2023-01-09 23:05:00+00:00,25304.0,Península
2023-01-09 23:10:00+00:00,25231.0,Península
2023-01-09 23:15:00+00:00,25164.0,Península
2023-01-09 23:20:00+00:00,24942.0,Península
2023-01-09 23:25:00+00:00,25091.0,Península
2023-01-09 23:30:00+00:00,24737.0,Península
2023-01-09 23:35:00+00:00,24493.0,Península
2023-01-09 23:40:00+00:00,24492.0,Península
2023-01-09 23:45:00+00:00,24276.0,Península
2023-01-09 23:50:00+00:00,24102.0,Península
2023-01-09 23:55:00+00:00,23775.0,Península
2023-01-10 00:00:00+00:00,23474.0,Península
2023-01-10 00:05:00+00:00,23486.0,Península
2023-01-10 00:10:00+00:00,23456.0,Península
2023-01-10 00:15:00+00:00,23243.0,Península
2023-01-10 00:20:00+00:00,23050.0,Península
2023-01-10 00:25:00+00:00,23051.0,Península
2023-01-10 00:30:00+00:00,22883.0,Península
2023-01-10 00:35:00+00:00,22742.0,Península
2023-01-10 00:40:00+00:00,22657.0,Península
2023-01-10 00:45:00+00:00,22782.0,Península
2023-01-10 00:50:00+00:00,22775.0,Península
2023-01-10 00:55:00+00:00,22674.0,Península
2023-01-10 01:00:00+00:00,22479.0,Península
2023-01-10 01:05:00+00:00,22601.0,Península
2023-01-10 01:10:00+00:00,22336.0,Península
2023-01-10 01:15:00+00:00,22090.0,Península
2023-01-10 01:20:00+00:00,22165.0,Península
2023-01-10 01:25:00+00:00,22162.0,Península
2023-01-10 01:30:00+00:00,22006.0,Península
2023-01-10 01:35:00+00:00,22025.0,Península
2023-01-10 01:40:00+00:00,21860.0,Península
2023-01-10 01:45:00+00:00,21905.0,Península
2023-01-10 01:50:00+00:00,21989.0,Península
2023-01-10 01:55:00+00:00,21842.0,Península
2023-01-10 02:00:00+00:00,21721.0,Península
2023-01-10 02:05:00+00:00,21858.0,Península
2023-01-10 02:10:00+00:00,21817.0,Península
2023-01-10 02:15:00+00:00,21676.0,Península
2023-01-10 02:20:00+00:00,21881.0,Península
2023-01-10 02:25:00+00:00,21825.0,Península
2023-01-10 02:30:00+00:00,21740.0,Península
2023-01-10 02:35:00+00:00,21674.0,Península
2023-01-10 02:40:00+00:00,21679.0,Península
2023-01-10 02:45:00+00:00,21487.0,Península
2023-01-10 02:50:00+00:00,21628.0,Península
2023-01-10 02:55:00+00:00,21566.0,Península
2023-01-10 03:00:00+00:00,21561.0,Península
2023-01-10 03:05:00+00:00,21646.0,Península
2023-01-10 03:10:00+00:00,21750.0,Península
2023-01-10 03:15:00+00:00,21731.0,Península
2023-01-10 03:20:00+00:00,21570.0,Península
2023-01-10 03:25:00+00:00,21759.0,Península
2023-01-10 03:30:00+00:00,21691.0,Península
2023-01-10 03:35:00+00:00,21955.0,Península
2023-01-10 03:40:00+00:00,21673.0,Península
2023-01-10 03:45:00+00:00,21870.0,Península
2023-01-10 03:50:00+00:00,21821.0,Península
2023-01-10 03:55:00+00:00,21685.0,Península
2023-01-10 04:00:00+00:00,21729.0,Península
2023-01-10 04:05:00+00:00,22035.0,Península
2023-01-10 04:10:00+00:00,22219.0,Península
2023-01-10 04:15:00+00:00,22344.0,Península
2023-01-10 04:20:00+00:00,22260.0,Península
2023-01-10 04:25:00+00:00,22306.0,Península
2023-01-10 04:30:00+00:00,22452.0,Península
2023-01-10 04:35:00+00:00,22709.0,Península
2023-01-10 04:40:00+00:00,22409.0,Península
2023-01-10 04:45:00+00:00,22603.0,Península
2023-01-10 04:50:00+00:00,22700.0,Península
2023-01-10 04:55:00+00:00,22878.0,Península
2023-01-10 05:00:00+00:00,23084.0,Península
2023-01-10 05:05:00+00:00,23934.0,Península
2023-01-10 05:10:00+00:00,24560.0,Península
2023-01-10 05:15:00+00:00,24701.0,Península
2023-01-10 05:20:00+00:00,24958.0,Península
2023-01-10 05:25:00+00:00,24954.0,Península
2023-01-10 05:30:00+00:00,25190.0,Península
2023-01-10 05:35:00+00:00,25613.0,Península
2023-01-10 05:40:00+00:00,25708.0,Península
2023-01-10 05:45:00+00:00,26038.0,Península
2023-01-10 05:50:00+00:00,26451.0,Península
2023-01-10 05:55:00+00:00,26921.0,Península
2023-01-10 06:00:00+00:00,27299.0,Península
2023-01-10 06:05:00+00:00,28019.0,Península
2023-01-10 06:10:00+00:00,28252.0,Península
2023-01-10 06:15:00+00:00,28889.0,Península
2023-01-10 06:20:00+00:00,29448.0,Península
2023-01-10 06:25:00+00:00,29726.0,Península
2023-01-10 06:30:00+00:00,29763.0,Península
2023-01-10 06:35:00+00:00,30249.0,Península
2023-01-10 06:40:00+00:00,30565.0,Península
2023-01-10 06:45:00+00:00,30933.0,Península
2023-01-10 06:50:00+00:00,31000.0,Península
2023-01-10 06:55:00+00:00,30929.0,Península
2023-01-10 07:00:00+00:00,31428.0,Península
2023-01-10 07:05:00+00:00,31720.0,Península
2023-01-10 07:10:00+00:00,31994.0,Península
2023-01-10 07:15:00+00:00,32197.0,Península
2023-01-10 07:20:00+00:00,32302.0,Península
2023-01-10 07:25:00+00:00,32252.0,Península
2023-01-10 07:30:00+00:00,32178.0,Península
2023-01-10 07:35:00+00:00,32270.0,Península
2023-01-10 07:40:00+00:00,32236.0,Península
2023-01-10 07:45:00+00:00,32379.0,Península
2023-01-10 07:50:00+00:00,32144.0,Península
2023-01-10 07:55:00+00:00,32311.0,Península
2023-01-10 08:00:00+00:00,32255.0,Península
2023-01-10 08:05:00+00:00,32470.0,Península
2023-01-10 08:10:00+00:00,32648.0,Península
2023-01-10 08:15:00+00:00,32692.0,Península
2023-01-10 08:20:00+00:00,32749.0,Península
2023-01-10 08:25:00+00:00,32679.0,Península
2023-01-10 08:30:00+00:00,32512.0,Península
2023-01-10 08:35:00+00:00,32578.0,Península
2023-01-10 08:40:00+00:00,32550.0,Península
2023-01-10 08:45:00+00:00,32590.0,Península
2023-01-10 08:50:00+00:00,32377.0,Península
2023-01-10 08:55:00+00:00,32409.0,Península
2023-01-10 09:00:00+00:00,32420.0,Península
2023-01-10 09:05:00+00:00,32423.0,Península
2023-01-10 09:10:00+00:00,32507.0,Península
2023-01-10 09:15:00+00:00,32459.0,Península
2023-01-10 09:20:00+00:00,32270.0,Península
2023-01-10 09:25:00+00:00,32224.0,Península
2023-01-10 09:30:00+00:00,32270.0,Península
2023-01-10 09:35:00+00:00,32321.0,Península
2023-01-10 09:40:00+00:00,32224.0,Península
2023-01-10 09:45:00+00:00,32199.0,Península
2023-01-10 09:50:00+00:00,32162.0,Península
2023-01-10 09:55:00+00:00,32161.0,Península
2023-01-10 10:00:00+00:00,32033.0,Península
2023-01-10 10:05:00+00:00,31854.0,Península
2023-01-10 10:10:00+00:00,31956.0,Península
2023-01-10 10:15:00+00:00,31908.0,Península
2023-01-10 10:20:00+00:00,31773.0,Península
2023-01-10 10:25:00+00:00,31789.0,Península
2023-01-10 10:30:00+00:00,31544.0,Península
2023-01-10 10:35:00+00:00,31527.0,Península
2023-01-10 10:40:00+00:00,31545.0,Península
2023-01-10 10:45:00+00:00,31507.0,Península
2023-01-10 10:50:00+00:00,31347.0,Península
2023-01-10 10:55:00+00:00,31448.0,Península
2023-01-10 11:00:00+00:00,31316.0,Península
2023-01-10 11:05:00+00:00,31279.0,Península
2023-01-10 11:10:00+00:00,31251.0,Península
2023-01-10 11:15:00+00:00,31115.0,Península
2023-01-10 11:20:00+00:00,31096.0,Península
2023-01-10 11:25:00+00:00,31134.0,Península
2023-01-10 11:30:00+00:00,31152.0,Península
2023-01-10 11:35:00+00:00,31038.0,Península
2023-01-10 11:40:00+00:00,31040.0,Península
2023-01-10 11:45:00+00:00,31138.0,Península
2023-01-10 11:50:00+00:00,31195.0,Península
2023-01-10 11:55:00+00:00,31055.0,Península
2023-01-10 12:00:00+00:00,30776.0,Península
2023-01-10 12:05:00+00:00,30916.0,Península
2023-01-10 12:10:00+00:00,30993.0,Península
2023-01-10 12:15:00+00:00,30931.0,Península
2023-01-10 12:20:00+00:00,30942.0,Península
2023-01-10 12:25:00+00:00,31164.0,Península
2023-01-10 12:30:00+00:00,31009.0,Península
2023-01-10 12:35:00+00:00,31035.0,Península
2023-01-10 12:40:00+00:00,31007.0,Península
2023-01-10 12:45:00+00:00,30634.0,Península
2023-01-10 12:50:00+00:00,30606.0,Península
2023-01-10 12:55:00+00:00,30452.0,Península
2023-01-10 13:00:00+00:00,30156.0,Península
2023-01-10 13:05:00+00:00,30051.0,Península
2023-01-10 13:10:00+00:00,30142.0,Península
2023-01-10 13:15:00+00:00,30254.0,Península
2023-01-10 13:20:00+00:00,30281.0,Península
2023-01-10 13:25:00+00:00,30391.0,Península
2023-01-10 13:30:00+00:00,30194.0,Península
2023-01-10 13:35:00+00:00,30138.0,Península
2023-01-10 13:40:00+00:00,29955.0,Península
2023-01-10 13:45:00+00:00,30077.0,Península
2023-01-10 13:50:00+00:00,29934.0,Península
2023-01-10 13:55:00+00:00,29753.0,Península
2023-01-10 14:00:00+00:00,29813.0,Península
2023-01-10 14:05:00+00:00,29585.0,Península
2023-01-10 14:10:00+00:00,29695.0,Península
2023-01-10 14:15:00+00:00,29466.0,Península
2023-01-10 14:20:00+00:00,29648.0,Península
2023-01-10 14:25:00+00:00,29619.0,Península
2023-01-10 14:30:00+00:00,29788.0,Península
2023-01-10 14:35:00+00:00,29768.0,Península
2023-01-10 14:40:00+00:00,29833.0,Península
2023-01-10 14:45:00+00:00,29764.0,Península
2023-01-10 14:50:00+00:00,29868.0,Península
2023-01-10 14:55:00+00:00,29792.0,Península
2023-01-10 15:00:00+00:00,29781.0,Península
2023-01-10 15:05:00+00:00,29810.0,Península
2023-01-10 15:10:00+00:00,29839.0,Península
2023-01-10 15:15:00+00:00,29738.0,Península
2023-01-10 15:20:00+00:00,29689.0,Península
2023-01-10 15:25:00+00:00,29801.0,Península
2023-01-10 15:30:00+00:00,29977.0,Península
2023-01-10 15:35:00+00:00,29946.0,Península
2023-01-10 15:40:00+00:00,29965.0,Península
2023-01-10 15:45:00+00:00,29938.0,Península
2023-01-10 15:50:00+00:00,30091.0,Península
2023-01-10 15:55:00+00:00,30028.0,Península
2023-01-10 16:00:00+00:00,29992.0,Península
2023-01-10 16:05:00+00:00,30171.0,Península
2023-01-10 16:10:00+00:00,30175.0,Península
2023-01-10 16:15:00+00:00,30288.0,Península
2023-01-10 16:20:00+00:00,30480.0,Península
2023-01-10 16:25:00+00:00,30495.0,Península
2023-01-10 16:30:00+00:00,30436.0,Península
2023-01-10 16:35:00+00:00,30490.0,Península
2023-01-10 16:40:00+00:00,30492.0,Península
2023-01-10 16:45:00+00:00,30555.0,Península
2023-01-10 16:50:00+00:00,30850.0,Península
2023-01-10 16:55:00+00:00,31125.0,Península
2023-01-10 17:00:00+00:00,30940.0,Península
2023-01-10 17:05:00+00:00,31152.0,Península
2023-01-10 17:10:00+00:00,31428.0,Península
2023-01-10 17:15:00+00:00,31655.0,Península
2023-01-10 17:20:00+00:00,32002.0,Península
2023-01-10 17:25:00+00:00,32249.0,Península
2023-01-10 17:30:00+00:00,32531.0,Península
2023-01-10 17:35:00+00:00,32528.0,Península
2023-01-10 17:40:00+00:00,32539.0,Península
2023-01-10 17:45:00+00:00,32840.0,Península
2023-01-10 17:50:00+00:00,33006.0,Península
2023-01-10 17:55:00+00:00,33172.0,Península
2023-01-10 18:00:00+00:00,33193.0,Península
2023-01-10 18:05:00+00:00,33359.0,Península
2023-01-10 18:10:00+00:00,33342.0,Península
2023-01-10 18:15:00+00:00,33390.0,Península
2023-01-10 18:20:00+00:00,33543.0,Península
2023-01-10 18:25:00+00:00,33541.0,Península
2023-01-10 18:30:00+00:00,33557.0,Península
2023-01-10 18:35:00+00:00,33642.0,Península
2023-01-10 18:40:00+00:00,33744.0,Península
2023-01-10 18:45:00+00:00,33704.0,Península
2023-01-10 18:50:00+00:00,33917.0,Península
2023-01-10 18:55:00+00:00,34035.0,Península
2023-01-10 19:00:00+00:00,33929.0,Península
2023-01-10 19:05:00+00:00,34074.0,Península
2023-01-10 19:10:00+00:00,34091.0,Península
2023-01-10 19:15:00+00:00,33922.0,Península
2023-01-10 19:20:00+00:00,34074.0,Península
2023-01-10 19:25:00+00:00,34023.0,Península
2023-01-10 19:30:00+00:00,33976.0,Península
2023-01-10 19:35:00+00:00,34269.0,Península
2023-01-10 19:40:00+00:00,34362.0,Península
2023-01-10 19:45:00+00:00,34306.0,Península
2023-01-10 19:50:00+00:00,34424.0,Península
2023-01-10 19:55:00+00:00,34391.0,Península
2023-01-10 20:00:00+00:00,34118.0,Península
2023-01-10 20:05:00+00:00,34020.0,Península
2023-01-10 20:10:00+00:00,33858.0,Península
2023-01-10 20:15:00+00:00,33906.0,Península
2023-01-10 20:20:00+00:00,33930.0,Península
2023-01-10 20:25:00+00:00,33852.0,Península
2023-01-10 20:30:00+00:00,33533.0,Península
2023-01-10 20:35:00+00:00,33210.0,Península
2023-01-10 20:40:00+00:00,32975.0,Península
2023-01-10 20:45:00+00:00,32542.0,Península
2023-01-10 20:50:00+00:00,32318.0,Península
2023-01-10 20:55:00+00:00,31959.0,Península
2023-01-10 21:00:00+00:00,31561.0,Península
2023-01-10 21:05:00+00:00,31061.0,Península
2023-01-10 21:10:00+00:00,30966.0,Península
2023-01-10 21:15:00+00:00,30870.0,Península
2023-01-10 21:20:00+00:00,30602.0,Península
2023-01-10 21:25:00+00:00,30459.0,Península
2023-01-10 21:30:00+00:00,30048.0,Península
2023-01-10 21:35:00+00:00,29935.0,Península
2023-01-10 21:40:00+00:00,29721.0,Península
2023-01-10 21:45:00+00:00,29396.0,Península
2023-01-10 21:50:00+00:00,29233.0,Península
2023-01-10 21:55:00+00:00,28905.0,Península
2023-01-10 22:00:00+00:00,28654.0,Península
2023-01-10 22:05:00+00:00,28235.0,Península
2023-01-10 22:10:00+00:00,27932.0,Península
2023-01-10 22:15:00+00:00,27613.0,Península
2023-01-10 22:20:00+00:00,27496.0,Península
2023-01-10 22:25:00+00:00,27300.0,Península
2023-01-10 22:30:00+00:00,26931.0,Península
2023-01-10 22:35:00+00:00,26621.0,Península
2023-01-10 22:40:00+00:00,26477.0,Península
2023-01-10 22:45:00+00:00,26293.0,Península
2023-01-10 22:50:00+00:00,26080.0,Península
2023-01-10 22:55:00+00:00,25763.0,Península
2023-01-10 23:00:00+00:00,25577.0,Península
2023-01-10 23:05:00+00:00,25633.0,Península
2023-01-10 23:10:00+00:00,25540.0,Península
2023-01-10 23:15:00+00:00,25567.0,Península
2023-01-10 23:20:00+00:00,25418.0,Península
2023-01-10 23:25:00+00:00,25263.0,Península
2023-01-10 23:30:00+00:00,25171.0,Península
2023-01-10 23:35:00+00:00,24763.0,Península
2023-01-10 23:40:00+00:00,24810.0,Península
2023-01-10 23:45:00+00:00,24745.0,Península
2023-01-10 23:50:00+00:00,24587.0,Península
2023-01-10 23:55:00+00:00,24289.0,Península
2023-01-11 00:00:00+00:00,23925.0,Península
2023-01-11 00:05:00+00:00,23923.0,Península
2023-01-11 00:10:00+00:00,24096.0,Península
2023-01-11 00:15:00+00:00,23896.0,Península
2023-01-11 00:20:00+00:00,23718.0,Península
2023-01-11 00:25:00+00:00,23700.0,Península
2023-01-11 00:30:00+00:00,23510.0,Península
2023-01-11 00:35:00+00:00,23478.0,Península
2023-01-11 00:40:00+00:00,23518.0,Península
2023-01-11 00:45:00+00:00,23379.0,Península
2023-01-11 00:50:00+00:00,23183.0,Península
2023-01-11 00:55:00+00:00,23048.0,Península
2023-01-11 01:00:00+00:00,22782.0,Península
2023-01-11 01:05:00+00:00,22892.0,Península
2023-01-11 01:10:00+00:00,22774.0,Península
2023-01-11 01:15:00+00:00,22756.0,Península
2023-01-11 01:20:00+00:00,22510.0,Península
2023-01-11 01:25:00+00:00,22559.0,Península
2023-01-11 01:30:00+00:00,22564.0,Península
2023-01-11 01:35:00+00:00,22349.0,Península
2023-01-11 01:40:00+00:00,22395.0,Península
2023-01-11 01:45:00+00:00,22263.0,Península
2023-01-11 01:50:00+00:00,22430.0,Península
2023-01-11 01:55:00+00:00,22279.0,Península
2023-01-11 02:00:00+00:00,22198.0,Península
2023-01-11 02:05:00+00:00,22196.0,Península
2023-01-11 02:10:00+00:00,22078.0,Península
2023-01-11 02:15:00+00:00,22119.0,Península
2023-01-11 02:20:00+00:00,22137.0,Península
2023-01-11 02:25:00+00:00,22145.0,Península
2023-01-11 02:30:00+00:00,22129.0,Península
2023-01-11 02:35:00+00:00,22015.0,Península
2023-01-11 02:40:00+00:00,22084.0,Península
2023-01-11 02:45:00+00:00,21874.0,Península
2023-01-11 02:50:00+00:00,21940.0,Península
2023-01-11 02:55:00+00:00,21846.0,Península
2023-01-11 03:00:00+00:00,21764.0,Península
2023-01-11 03:05:00+00:00,21882.0,Península
2023-01-11 03:10:00+00:00,21996.0,Península
2023-01-11 03:15:00+00:00,22039.0,Península
2023-01-11 03:20:00+00:00,22034.0,Península
2023-01-11 03:25:00+00:00,21953.0,Península
2023-01-11 03:30:00+00:00,21806.0,Península
2023-01-11 03:35:00+00:00,21993.0,Península
2023-01-11 03:40:00+00:00,21986.0,Península
2023-01-11 03:45:00+00:00,21868.0,Península
2023-01-11 03:50:00+00:00,21878.0,Península
2023-01-11 03:55:00+00:00,22005.0,Península
2023-01-11 04:00:00+00:00,21932.0,Península
2023-01-11 04:05:00+00:00,22338.0,Península
2023-01-11 04:10:00+00:00,22310.0,Península
2023-01-11 04:15:00+00:00,22261.0,Península
2023-01-11 04:20:00+00:00,22392.0,Península
2023-01-11 04:25:00+00:00,22547.0,Península
2023-01-11 04:30:00+00:00,22591.0,Península
2023-01-11 04:35:00+00:00,22724.0,Península
2023-01-11 04:40:00+00:00,22844.0,Península
2023-01-11 04:45:00+00:00,22710.0,Península
2023-01-11 04:50:00+00:00,23148.0,Península
2023-01-11 04:55:00+00:00,23382.0,Península
2023-01-11 05:00:00+00:00,23402.0,Península
2023-01-11 05:05:00+00:00,24129.0,Península
2023-01-11 05:10:00+00:00,24785.0,Península
2023-01-11 05:15:00+00:00,24826.0,Península
2023-01-11 05:20:00+00:00,24951.0,Península
2023-01-11 05:25:00+00:00,25201.0,Península
2023-01-11 05:30:00+00:00,25330.0,Península
2023-01-11 05:35:00+00:00,25888.0,Península
2023-01-11 05:40:00+00:00,25807.0,Península
2023-01-11 05:45:00+00:00,26113.0,Península
2023-01-11 05:50:00+00:00,26629.0,Península
2023-01-11 05:55:00+00:00,26928.0,Península
2023-01-11 06:00:00+00:00,27045.0,Península
2023-01-11 06:05:00+00:00,28302.0,Península
2023-01-11 06:10:00+00:00,28952.0,Península
2023-01-11 06:15:00+00:00,29249.0,Península
2023-01-11 06:20:00+00:00,29429.0,Península
2023-01-11 06:25:00+00:00,29880.0,Península
2023-01-11 06:30:00+00:00,30207.0,Península
2023-01-11 06:35:00+00:00,30427.0,Península
2023-01-11 06:40:00+00:00,30582.0,Península
2023-01-11 06:45:00+00:00,30662.0,Península
2023-01-11 06:50:00+00:00,31096.0,Península
2023-01-11 06:55:00+00:00,31221.0,Península
2023-01-11 07:00:00+00:00,31122.0,Península
2023-01-11 07:05:00+00:00,31710.0,Península
2023-01-11 07:10:00+00:00,31917.0,Península
2023-01-11 07:15:00+00:00,32134.0,Península
2023-01-11 07:20:00+00:00,32142.0,Península
2023-01-11 07:25:00+00:00,32212.0,Península
2023-01-11 07:30:00+00:00,32115.0,Península
2023-01-11 07:35:00+00:00,32287.0,Península
2023-01-11 07:40:00+00:00,32252.0,Península
2023-01-11 07:45:00+00:00,32020.0,Península
2023-01-11 07:50:00+00:00,32106.0,Península
2023-01-11 07:55:00+00:00,32032.0,Península
2023-01-11 08:00:00+00:00,32265.0,Península
2023-01-11 08:05:00+00:00,32380.0,Península
2023-01-11 08:10:00+00:00,32223.0,Península
2023-01-11 08:15:00+00:00,32459.0,Península
2023-01-11 08:20:00+00:00,32637.0,Península
2023-01-11 08:25:00+00:00,32570.0,Península
2023-01-11 08:30:00+00:00,32511.0,Península
2023-01-11 08:35:00+00:00,32696.0,Península
2023-01-11 08:40:00+00:00,32611.0,Península
2023-01-11 08:45:00+00:00,32617.0,Península
2023-01-11 08:50:00+00:00,32720.0,Península
2023-01-11 08:55:00+00:00,32691.0,Península
2023-01-11 09:00:00+00:00,32484.0,Península
2023-01-11 09:05:00+00:00,32635.0,Península
2023-01-11 09:10:00+00:00,32684.0,Península
2023-01-11 09:15:00+00:00,32732.0,Península
2023-01-11 09:20:00+00:00,32702.0,Península
2023-01-11 09:25:00+00:00,32723.0,Península
2023-01-11 09:30:00+00:00,32488.0,Península
2023-01-11 09:35:00+00:00,32464.0,Península
2023-01-11 09:40:00+00:00,32457.0,Península
2023-01-11 09:45:00+00:00,32398.0,Península
2023-01-11 09:50:00+00:00,32582.0,Península
2023-01-11 09:55:00+00:00,32528.0,Península
2023-01-11 10:00:00+00:00,32272.0,Península
2023-01-11 10:05:00+00:00,32277.0,Península
2023-01-11 10:10:00+00:00,32431.0,Península
2023-01-11 10:15:00+00:00,32163.0,Península
2023-01-11 10:20:00+00:00,32238.0,Península
2023-01-11 10:25:00+00:00,32052.0,Península
2023-01-11 10:30:00+00:00,32014.0,Península
2023-01-11 10:35:00+00:00,32095.0,Península
2023-01-11 10:40:00+00:00,32097.0,Península
2023-01-11 10:45:00+00:00,32020.0,Península
2023-01-11 10:50:00+00:00,32151.0,Península
2023-01-11 10:55:00+00:00,32074.0,Península
2023-01-11 11:00:00+00:00,32039.0,Península
2023-01-11 11:05:00+00:00,32136.0,Península
2023-01-11 11:10:00+00:00,32128.0,Península
2023-01-11 11:15:00+00:00,32188.0,Península
2023-01-11 11:20:00+00:00,32244.0,Península
2023-01-11 11:25:00+00:00,32104.0,Península
2023-01-11 11:30:00+00:00,32001.0,Península
2023-01-11 11:35:00+00:00,31966.0,Península
2023-01-11 11:40:00+00:00,32165.0,Península
2023-01-11 11:45:00+00:00,32100.0,Península
2023-01-11 11:50:00+00:00,32242.0,Península
2023-01-11 11:55:00+00:00,32163.0,Península
2023-01-11 12:00:00+00:00,32289.0,Península
2023-01-11 12:05:00+00:00,32203.0,Península
2023-01-11 12:10:00+00:00,32247.0,Península
2023-01-11 12:15:00+00:00,32175.0,Península
2023-01-11 12:20:00+00:00,32283.0,Península
2023-01-11 12:25:00+00:00,31994.0,Península
2023-01-11 12:30:00+00:00,31973.0,Península
2023-01-11 12:35:00+00:00,31973.0,Península
2023-01-11 12:40:00+00:00,31762.0,Península
2023-01-11 12:45:00+00:00,31976.0,Península
2023-01-11 12:50:00+00:00,31952.0,Península
2023-01-11 12:55:00+00:00,32003.0,Península
2023-01-11 13:00:00+00:00,31766.0,Península
2023-01-11 13:05:00+00:00,31674.0,Península
2023-01-11 13:10:00+00:00,31737.0,Península
2023-01-11 13:15:00+00:00,31844.0,Península
2023-01-11 13:20:00+00:00,31992.0,Península
2023-01-11 13:25:00+00:00,31774.0,Península
2023-01-11 13:30:00+00:00,31595.0,Península
2023-01-11 13:35:00+00:00,31432.0,Península
2023-01-11 13:40:00+00:00,31441.0,Península
2023-01-11 13:45:00+00:00,31487.0,Península
2023-01-11 13:50:00+00:00,31585.0,Península
2023-01-11 13:55:00+00:00,31260.0,Península
2023-01-11 14:00:00+00:00,31214.0,Península
2023-01-11 14:05:00+00:00,31228.0,Península
2023-01-11 14:10:00+00:00,31119.0,Península
2023-01-11 14:15:00+00:00,31151.0,Península
2023-01-11 14:20:00+00:00,31197.0,Península
2023-01-11 14:25:00+00:00,31102.0,Península
2023-01-11 14:30:00+00:00,30905.0,Península
2023-01-11 14:35:00+00:00,30957.0,Península
2023-01-11 14:40:00+00:00,31091.0,Península
2023-01-11 14:45:00+00:00,30847.0,Península
2023-01-11 14:50:00+00:00,30962.0,Península
2023-01-11 14:55:00+00:00,30789.0,Península
2023-01-11 15:00:00+00:00,30744.0,Península
2023-01-11 15:05:00+00:00,30951.0,Península
2023-01-11 15:10:00+00:00,30873.0,Península
2023-01-11 15:15:00+00:00,30862.0,Península
2023-01-11 15:20:00+00:00,30688.0,Península
2023-01-11 15:25:00+00:00,30524.0,Península
2023-01-11 15:30:00+00:00,30804.0,Península
2023-01-11 15:35:00+00:00,30631.0,Península
2023-01-11 15:40:00+00:00,30642.0,Península
2023-01-11 15:45:00+00:00,30534.0,Península
2023-01-11 15:50:00+00:00,30695.0,Península
2023-01-11 15:55:00+00:00,30714.0,Península
2023-01-11 16:00:00+00:00,30537.0,Península
2023-01-11 16:05:00+00:00,30826.0,Península
2023-01-11 16:10:00+00:00,30824.0,Península
2023-01-11 16:15:00+00:00,30799.0,Península
2023-01-11 16:20:00+00:00,30869.0,Península
2023-01-11 16:25:00+00:00,30969.0,Península
2023-01-11 16:30:00+00:00,30928.0,Península
2023-01-11 16:35:00+00:00,31069.0,Península
2023-01-11 16:40:00+00:00,31063.0,Península
2023-01-11 16:45:00+00:00,31121.0,Península
2023-01-11 16:50:00+00:00,31325.0,Península
2023-01-11 16:55:00+00:00,31267.0,Península
2023-01-11 17:00:00+00:00,31497.0,Península
2023-01-11 17:05:00+00:00,31595.0,Península
2023-01-11 17:10:00+00:00,31600.0,Península
2023-01-11 17:15:00+00:00,31778.0,Península
2023-01-11 17:20:00+00:00,32232.0,Península
2023-01-11 17:25:00+00:00,32318.0,Península
2023-01-11 17:30:00+00:00,32592.0,Península
2023-01-11 17:35:00+00:00,32691.0,Península
2023-01-11 17:40:00+00:00,32984.0,Península
2023-01-11 17:45:00+00:00,33002.0,Península
2023-01-11 17:50:00+00:00,33003.0,Península
2023-01-11 17:55:00+00:00,33103.0,Península
2023-01-11 18:00:00+00:00,33025.0,Península
2023-01-11 18:05:00+00:00,33241.0,Península
2023-01-11 18:10:00+00:00,33274.0,Península
2023-01-11 18:15:00+00:00,33146.0,Península
2023-01-11 18:20:00+00:00,33402.0,Península
2023-01-11 18:25:00+00:00,33536.0,Península
2023-01-11 18:30:00+00:00,33597.0,Península
2023-01-11 18:35:00+00:00,33637.0,Península
2023-01-11 18:40:00+00:00,33748.0,Península
2023-01-11 18:45:00+00:00,33678.0,Península
2023-01-11 18:50:00+00:00,33725.0,Península
2023-01-11 18:55:00+00:00,33766.0,Península
2023-01-11 19:00:00+00:00,33856.0,Península
2023-01-11 19:05:00+00:00,33853.0,Península
2023-01-11 19:10:00+00:00,33994.0,Península
2023-01-11 19:15:00+00:00,33978.0,Península
2023-01-11 19:20:00+00:00,34082.0,Península
2023-01-11 19:25:00+00:00,34162.0,Península
2023-01-11 19:30:00+00:00,34117.0,Península
2023-01-11 19:35:00+00:00,34039.0,Península
2023-01-11 19:40:00+00:00,34179.0,Península
2023-01-11 19:45:00+00:00,34115.0,Península
2023-01-11 19:50:00+00:00,34087.0,Península
2023-01-11 19:55:00+00:00,34271.0,Península
2023-01-11 20:00:00+00:00,34119.0,Península
2023-01-11 20:05:00+00:00,34008.0,Península
2023-01-11 20:10:00+00:00,34072.0,Península
2023-01-11 20:15:00+00:00,33726.0,Península
2023-01-11 20:20:00+00:00,33880.0,Península
2023-01-11 20:25:00+00:00,33629.0,Península
2023-01-11 20:30:00+00:00,33418.0,Península
2023-01-11 20:35:00+00:00,33065.0,Península
2023-01-11 20:40:00+00:00,32373.0,Península
2023-01-11 20:45:00+00:00,32361.0,Península
2023-01-11 20:50:00+00:00,31904.0,Península
2023-01-11 20:55:00+00:00,31728.0,Península
2023-01-11 21:00:00+00:00,31279.0,Península
2023-01-11 21:05:00+00:00,31204.0,Península
2023-01-11 21:10:00+00:00,30850.0,Península
2023-01-11 21:15:00+00:00,30441.0,Península
2023-01-11 21:20:00+00:00,30325.0,Península
2023-01-11 21:25:00+00:00,30114.0,Península
2023-01-11 21:30:00+00:00,29913.0,Península
2023-01-11 21:35:00+00:00,29768.0,Península
2023-01-11 21:40:00+00:00,29582.0,Península
2023-01-11 21:45:00+00:00,29088.0,Península
2023-01-11 21:50:00+00:00,28929.0,Península
2023-01-11 21:55:00+00:00,28576.0,Península
2023-01-11 22:00:00+00:00,28428.0,Península
2023-01-11 22:05:00+00:00,28174.0,Península
2023-01-11 22:10:00+00:00,27731.0,Península
2023-01-11 22:15:00+00:00,27486.0,Península
2023-01-11 22:20:00+00:00,27198.0,Península
2023-01-11 22:25:00+00:00,27147.0,Península
2023-01-11 22:30:00+00:00,26854.0,Península
2023-01-11 22:35:00+00:00,26754.0,Península
2023-01-11 22:40:00+00:00,26566.0,Península
2023-01-11 22:45:00+00:00,26323.0,Península
2023-01-11 22:50:00+00:00,26156.0,Península
2023-01-11 22:55:00+00:00,25795.0,Península
2023-01-11 23:00:00+00:00,25538.0,Península
2023-01-11 23:05:00+00:00,25913.0,Península
2023-01-11 23:10:00+00:00,26130.0,Península
2023-01-11 23:15:00+00:00,25915.0,Península
2023-01-11 23:20:00+00:00,25569.0,Península
2023-01-11 23:25:00+00:00,25444.0,Península
2023-01-11 23:30:00+00:00,25334.0,Península
2023-01-11 23:35:00+00:00,25181.0,Península
2023-01-11 23:40:00+00:00,25314.0,Península
2023-01-11 23:45:00+00:00,25065.0,Península
2023-01-11 23:50:00+00:00,24611.0,Península
2023-01-11 23:55:00+00:00,24419.0,Península
2023-01-12 00:00:00+00:00,24421.0,Península
2023-01-12 00:05:00+00:00,24455.0,Península
2023-01-12 00:10:00+00:00,24341.0,Península
2023-01-12 00:15:00+00:00,24178.0,Península
2023-01-12 00:20:00+00:00,24131.0,Península
2023-01-12 00:25:00+00:00,23879.0,Península
2023-01-12 00:30:00+00:00,23666.0,Península
2023-01-12 00:35:00+00:00,23633.0,Península
2023-01-12 00:40:00+00:00,23768.0,Península
2023-01-12 00:45:00+00:00,23577.0,Península
2023-01-12 00:50:00+00:00,23603.0,Península
2023-01-12 00:55:00+00:00,23355.0,Península
2023-01-12 01:00:00+00:00,23296.0,Península
2023-01-12 01:05:00+00:00,23283.0,Península
2023-01-12 01:10:00+00:00,23015.0,Península
2023-01-12 01:15:00+00:00,23001.0,Península
2023-01-12 01:20:00+00:00,22829.0,Península
2023-01-12 01:25:00+00:00,22717.0,Península
2023-01-12 01:30:00+00:00,22645.0,Península
2023-01-12 01:35:00+00:00,22697.0,Península
2023-01-12 01:40:00+00:00,22842.0,Península
2023-01-12 01:45:00+00:00,22528.0,Península
2023-01-12 01:50:00+00:00,22678.0,Península
2023-01-12 01:55:00+00:00,22478.0,Península
2023-01-12 02:00:00+00:00,22226.0,Península
2023-01-12 02:05:00+00:00,22309.0,Península
2023-01-12 02:10:00+00:00,22220.0,Península
2023-01-12 02:15:00+00:00,22349.0,Península
2023-01-12 02:20:00+00:00,22484.0,Península
2023-01-12 02:25:00+00:00,22447.0,Península
2023-01-12 02:30:00+00:00,22143.0,Península
2023-01-12 02:35:00+00:00,22399.0,Península
2023-01-12 02:40:00+00:00,22253.0,Península
2023-01-12 02:45:00+00:00,22017.0,Península
2023-01-12 02:50:00+00:00,22113.0,Península
2023-01-12 02:55:00+00:00,21919.0,Península
2023-01-12 03:00:00+00:00,22058.0,Península
2023-01-12 03:05:00+00:00,22119.0,Península
2023-01-12 03:10:00+00:00,22285.0,Península
2023-01-12 03:15:00+00:00,22205.0,Península
2023-01-12 03:20:00+00:00,22432.0,Península
2023-01-12 03:25:00+00:00,22271.0,Península
2023-01-12 03:30:00+00:00,22311.0,Península
2023-01-12 03:35:00+00:00,22390.0,Península
2023-01-12 03:40:00+00:00,22417.0,Península
2023-01-12 03:45:00+00:00,22534.0,Península
2023-01-12 03:50:00+00:00,22392.0,Península
2023-01-12 03:55:00+00:00,22408.0,Península
2023-01-12 04:00:00+00:00,22286.0,Península
2023-01-12 04:05:00+00:00,22554.0,Península
2023-01-12 04:10:00+00:00,22702.0,Península
2023-01-12 04:15:00+00:00,22844.0,Península
2023-01-12 04:20:00+00:00,22925.0,Península
2023-01-12 04:25:00+00:00,22923.0,Península
2023-01-12 04:30:00+00:00,22828.0,Península
2023-01-12 04:35:00+00:00,23069.0,Península
2023-01-12 04:40:00+00:00,23170.0,Península
2023-01-12 04:45:00+00:00,23048.0,Península
2023-01-12 04:50:00+00:00,23367.0,Península
2023-01-12 04:55:00+00:00,23453.0,Península
2023-01-12 05:00:00+00:00,23768.0,Península
2023-01-12 05:05:00+00:00,24379.0,Península
2023-01-12 05:10:00+00:00,24789.0,Península
2023-01-12 05:15:00+00:00,25209.0,Península
2023-01-12 05:20:00+00:00,25430.0,Península
2023-01-12 05:25:00+00:00,25619.0,Península
2023-01-12 05:30:00+00:00,25555.0,Península
2023-01-12 05:35:00+00:00,26176.0,Península
2023-01-12 05:40:00+00:00,26348.0,Península
2023-01-12 05:45:00+00:00,26476.0,Península
2023-01-12 05:50:00+00:00,26624.0,Península
2023-01-12 05:55:00+00:00,27103.0,Península
2023-01-12 06:00:00+00:00,27570.0,Península
2023-01-12 06:05:00+00:00,28314.0,Península
2023-01-12 06:10:00+00:00,28864.0,Península
2023-01-12 06:15:00+00:00,29470.0,Península
2023-01-12 06:20:00+00:00,29787.0,Península
2023-01-12 06:25:00+00:00,29913.0,Península
2023-01-12 06:30:00+00:00,30046.0,Península
2023-01-12 06:35:00+00:00,30668.0,Península
2023-01-12 06:40:00+00:00,31102.0,Península
2023-01-12 06:45:00+00:00,31204.0,Península
2023-01-12 06:50:00+00:00,31441.0,Península
2023-01-12 06:55:00+00:00,31604.0,Península
2023-01-12 07:00:00+00:00,31995.0,Península
2023-01-12 07:05:00+00:00,32244.0,Península
2023-01-12 07:10:00+00:00,32484.0,Península
2023-01-12 07:15:00+00:00,32568.0,Península
2023-01-12 07:20:00+00:00,32686.0,Península
2023-01-12 07:25:00+00:00,32865.0,Península
2023-01-12 07:30:00+00:00,32707.0,Península
2023-01-12 07:35:00+00:00,32666.0,Península
2023-01-12 07:40:00+00:00,32608.0,Península
2023-01-12 07:45:00+00:00,32530.0,Península
2023-01-12 07:50:00+00:00,32550.0,Península
2023-01-12 07:55:00+00:00,32409.0,Península
2023-01-12 08:00:00+00:00,32572.0,Península
2023-01-12 08:05:00+00:00,32431.0,Península
2023-01-12 08:10:00+00:00,32233.0,Península
2023-01-12 08:15:00+00:00,32593.0,Península
2023-01-12 08:20:00+00:00,32923.0,Península
2023-01-12 08:25:00+00:00,32732.0,Península
2023-01-12 08:30:00+00:00,32590.0,Península
2023-01-12 08:35:00+00:00,32635.0,Península
2023-01-12 08:40:00+00:00,32585.0,Península
2023-01-12 08:45:00+00:00,32512.0,Península
2023-01-12 08:50:00+00:00,32508.0,Península
2023-01-12 08:55:00+00:00,32254.0,Península
2023-01-12 09:00:00+00:00,32245.0,Península
2023-01-12 09:05:00+00:00,32426.0,Península
2023-01-12 09:10:00+00:00,32526.0,Península
2023-01-12 09:15:00+00:00,32619.0,Península
2023-01-12 09:20:00+00:00,32656.0,Península
2023-01-12 09:25:00+00:00,32613.0,Península
2023-01-12 09:30:00+00:00,32405.0,Península
2023-01-12 09:35:00+00:00,32371.0,Península
2023-01-12 09:40:00+00:00,32444.0,Península
2023-01-12 09:45:00+00:00,32383.0,Península
2023-01-12 09:50:00+00:00,32481.0,Península
2023-01-12 09:55:00+00:00,32337.0,Península
2023-01-12 10:00:00+00:00,32234.0,Península
2023-01-12 10:05:00+00:00,32072.0,Península
2023-01-12 10:10:00+00:00,32118.0,Península
2023-01-12 10:15:00+00:00,32062.0,Península
2023-01-12 10:20:00+00:00,31726.0,Península
2023-01-12 10:25:00+00:00,31865.0,Península
2023-01-12 10:30:00+00:00,31710.0,Península
2023-01-12 10:35:00+00:00,31763.0,Península
2023-01-12 10:40:00+00:00,31673.0,Península
2023-01-12 10:45:00+00:00,31505.0,Península
2023-01-12 10:50:00+00:00,31396.0,Península
2023-01-12 10:55:00+00:00,31418.0,Península
2023-01-12 11:00:00+00:00,31569.0,Península
2023-01-12 11:05:00+00:00,31562.0,Península
2023-01-12 11:10:00+00:00,31359.0,Península
2023-01-12 11:15:00+00:00,31369.0,Península
2023-01-12 11:20:00+00:00,31351.0,Península
2023-01-12 11:25:00+00:00,31104.0,Península
2023-01-12 11:30:00+00:00,31012.0,Península
2023-01-12 11:35:00+00:00,31141.0,Península
2023-01-12 11:40:00+00:00,31065.0,Península
2023-01-12 11:45:00+00:00,30768.0,Península
2023-01-12 11:50:00+00:00,31078.0,Península
2023-01-12 11:55:00+00:00,31309.0,Península
2023-01-12 12:00:00+00:00,31030.0,Península
2023-01-12 12:05:00+00:00,31108.0,Península
2023-01-12 12:10:00+00:00,31120.0,Península
2023-01-12 12:15:00+00:00,31106.0,Península
2023-01-12 12:20:00+00:00,31251.0,Península
2023-01-12 12:25:00+00:00,31114.0,Península
2023-01-12 12:30:00+00:00,31050.0,Península
2023-01-12 12:35:00+00:00,30824.0,Península
2023-01-12 12:40:00+00:00,30920.0,Península
2023-01-12 12:45:00+00:00,30836.0,Península
2023-01-12 12:50:00+00:00,30777.0,Península
2023-01-12 12:55:00+00:00,30672.0,Península
2023-01-12 13:00:00+00:00,30470.0,Península
2023-01-12 13:05:00+00:00,30440.0,Península
2023-01-12 13:10:00+00:00,30502.0,Península
2023-01-12 13:15:00+00:00,30430.0,Península
2023-01-12 13:20:00+00:00,30381.0,Península
2023-01-12 13:25:00+00:00,30290.0,Península
2023-01-12 13:30:00+00:00,30395.0,Península
2023-01-12 13:35:00+00:00,30316.0,Península
2023-01-12 13:40:00+00:00,30303.0,Península
2023-01-12 13:45:00+00:00,30109.0,Península
2023-01-12 13:50:00+00:00,30283.0,Península
2023-01-12 13:55:00+00:00,29963.0,Península
2023-01-12 14:00:00+00:00,29868.0,Península
2023-01-12 14:05:00+00:00,29765.0,Península
2023-01-12 14:10:00+00:00,29963.0,Península
2023-01-12 14:15:00+00:00,30258.0,Península
2023-01-12 14:20:00+00:00,30313.0,Península
2023-01-12 14:25:00+00:00,30055.0,Península
2023-01-12 14:30:00+00:00,29973.0,Península
2023-01-12 14:35:00+00:00,30074.0,Península
2023-01-12 14:40:00+00:00,30240.0,Península
2023-01-12 14:45:00+00:00,30040.0,Península
2023-01-12 14:50:00+00:00,29952.0,Península
2023-01-12 14:55:00+00:00,29941.0,Península
2023-01-12 15:00:00+00:00,30053.0,Península
2023-01-12 15:05:00+00:00,30180.0,Península
2023-01-12 15:10:00+00:00,30228.0,Península
2023-01-12 15:15:00+00:00,30089.0,Península
2023-01-12 15:20:00+00:00,30135.0,Península
2023-01-12 15:25:00+00:00,30209.0,Península
2023-01-12 15:30:00+00:00,30265.0,Península
2023-01-12 15:35:00+00:00,30319.0,Península
2023-01-12 15:40:00+00:00,30209.0,Península
2023-01-12 15:45:00+00:00,30219.0,Península
2023-01-12 15:50:00+00:00,30351.0,Península
2023-01-12 15:55:00+00:00,30548.0,Península
2023-01-12 16:00:00+00:00,30702.0,Península
2023-01-12 16:05:00+00:00,30918.0,Península
2023-01-12 16:10:00+00:00,30745.0,Península
2023-01-12 16:15:00+00:00,30679.0,Península
2023-01-12 16:20:00+00:00,30890.0,Península
2023-01-12 16:25:00+00:00,31110.0,Península
2023-01-12 16:30:00+00:00,31279.0,Península
2023-01-12 16:35:00+00:00,31450.0,Península
2023-01-12 16:40:00+00:00,31476.0,Península
2023-01-12 16:45:00+00:00,31689.0,Península
2023-01-12 16:50:00+00:00,32037.0,Península
2023-01-12 16:55:00+00:00,32187.0,Península
2023-01-12 17:00:00+00:00,32327.0,Península
2023-01-12 17:05:00+00:00,32566.0,Península
2023-01-12 17:10:00+00:00,32665.0,Península
2023-01-12 17:15:00+00:00,32727.0,Península
2023-01-12 17:20:00+00:00,33078.0,Península
2023-01-12 17:25:00+00:00,33281.0,Península
2023-01-12 17:30:00+00:00,33373.0,Península
2023-01-12 17:35:00+00:00,33583.0,Península
2023-01-12 17:40:00+00:00,33564.0,Península
2023-01-12 17:45:00+00:00,33394.0,Península
2023-01-12 17:50:00+00:00,33524.0,Península
2023-01-12 17:55:00+00:00,33629.0,Península
2023-01-12 18:00:00+00:00,33684.0,Península
2023-01-12 18:05:00+00:00,33819.0,Península
2023-01-12 18:10:00+00:00,33720.0,Península
2023-01-12 18:15:00+00:00,33796.0,Península
2023-01-12 18:20:00+00:00,33920.0,Península
2023-01-12 18:25:00+00:00,33906.0,Península
2023-01-12 18:30:00+00:00,34037.0,Península
2023-01-12 18:35:00+00:00,34003.0,Península
2023-01-12 18:40:00+00:00,34131.0,Península
2023-01-12 18:45:00+00:00,34244.0,Península
2023-01-12 18:50:00+00:00,34488.0,Península
2023-01-12 18:55:00+00:00,34444.0,Península
2023-01-12 19:00:00+00:00,34485.0,Península
2023-01-12 19:05:00+00:00,34593.0,Península
2023-01-12 19:10:00+00:00,34709.0,Península
2023-01-12 19:15:00+00:00,34542.0,Península
2023-01-12 19:20:00+00:00,34742.0,Península
2023-01-12 19:25:00+00:00,34693.0,Península
2023-01-12 19:30:00+00:00,34647.0,Península
2023-01-12 19:35:00+00:00,34693.0,Península
2023-01-12 19:40:00+00:00,34543.0,Península
2023-01-12 19:45:00+00:00,34762.0,Península
2023-01-12 19:50:00+00:00,34877.0,Península
2023-01-12 19:55:00+00:00,34737.0,Península
2023-01-12 20:00:00+00:00,34536.0,Península
2023-01-12 20:05:00+00:00,34484.0,Península
2023-01-12 20:10:00+00:00,34549.0,Península
2023-01-12 20:15:00+00:00,34384.0,Península
2023-01-12 20:20:00+00:00,34165.0,Península
2023-01-12 20:25:00+00:00,34037.0,Península
2023-01-12 20:30:00+00:00,33742.0,Península
2023-01-12 20:35:00+00:00,33462.0,Península
2023-01-12 20:40:00+00:00,33143.0,Península
2023-01-12 20:45:00+00:00,33159.0,Península
2023-01-12 20:50:00+00:00,32724.0,Península
2023-01-12 20:55:00+00:00,32600.0,Península
2023-01-12 21:00:00+00:00,32053.0,Península
2023-01-12 21:05:00+00:00,31690.0,Península
2023-01-12 21:10:00+00:00,31423.0,Península
2023-01-12 21:15:00+00:00,31114.0,Península
2023-01-12 21:20:00+00:00,30796.0,Península
2023-01-12 21:25:00+00:00,30751.0,Península
2023-01-12 21:30:00+00:00,30535.0,Península
2023-01-12 21:35:00+00:00,30266.0,Península
2023-01-12 21:40:00+00:00,29921.0,Península
2023-01-12 21:45:00+00:00,29671.0,Península
2023-01-12 21:50:00+00:00,29416.0,Península
2023-01-12 21:55:00+00:00,29381.0,Península
2023-01-12 22:00:00+00:00,28972.0,Península
2023-01-12 22:05:00+00:00,28574.0,Península
2023-01-12 22:10:00+00:00,28267.0,Península
2023-01-12 22:15:00+00:00,27980.0,Península
2023-01-12 22:20:00+00:00,27774.0,Península
2023-01-12 22:25:00+00:00,27619.0,Península
2023-01-12 22:30:00+00:00,27419.0,Península
2023-01-12 22:35:00+00:00,27083.0,Península
2023-01-12 22:40:00+00:00,26867.0,Península
2023-01-12 22:45:00+00:00,26578.0,Península
2023-01-12 22:50:00+00:00,26649.0,Península
2023-01-12 22:55:00+00:00,26367.0,Península
2023-01-12 23:00:00+00:00,26111.0,Península
2023-01-12 23:05:00+00:00,26355.0,Península
2023-01-12 23:10:00+00:00,26294.0,Península
2023-01-12 23:15:00+00:00,26167.0,Península
2023-01-12 23:20:00+00:00,26089.0,Península
2023-01-12 23:25:00+00:00,25968.0,Península
2023-01-12 23:30:00+00:00,25669.0,Península
2023-01-12 23:35:00+00:00,25475.0,Península
2023-01-12 23:40:00+00:00,25427.0,Península
2023-01-12 23:45:00+00:00,25135.0,Península
2023-01-12 23:50:00+00:00,24968.0,Península
2023-01-12 23:55:00+00:00,25015.0,Península
2023-01-13 00:00:00+00:00,24840.0,Península
2023-01-13 00:05:00+00:00,24491.0,Península
2023-01-13 00:10:00+00:00,24553.0,Península
2023-01-13 00:15:00+00:00,24279.0,Península
2023-01-13 00:20:00+00:00,24125.0,Península
2023-01-13 00:25:00+00:00,24297.0,Península
2023-01-13 00:30:00+00:00,24090.0,Península
2023-01-13 00:35:00+00:00,23846.0,Península
2023-01-13 00:40:00+00:00,23568.0,Península
2023-01-13 00:45:00+00:00,23742.0,Península
2023-01-13 00:50:00+00:00,23848.0,Península
2023-01-13 00:55:00+00:00,23552.0,Península
2023-01-13 01:00:00+00:00,23428.0,Península
2023-01-13 01:05:00+00:00,23187.0,Península
2023-01-13 01:10:00+00:00,23185.0,Península
2023-01-13 01:15:00+00:00,23159.0,Península
2023-01-13 01:20:00+00:00,23026.0,Península
2023-01-13 01:25:00+00:00,22851.0,Península
2023-01-13 01:30:00+00:00,23002.0,Península
2023-01-13 01:35:00+00:00,22955.0,Península
2023-01-13 01:40:00+00:00,23087.0,Península
2023-01-13 01:45:00+00:00,22735.0,Península
2023-01-13 01:50:00+00:00,23052.0,Península
2023-01-13 01:55:00+00:00,22856.0,Península
2023-01-13 02:00:00+00:00,22800.0,Península
2023-01-13 02:05:00+00:00,22722.0,Península
2023-01-13 02:10:00+00:00,22609.0,Península
2023-01-13 02:15:00+00:00,22598.0,Península
2023-01-13 02:20:00+00:00,22452.0,Península
2023-01-13 02:25:00+00:00,22669.0,Península
2023-01-13 02:30:00+00:00,22570.0,Península
2023-01-13 02:35:00+00:00,22694.0,Península
2023-01-13 02:40:00+00:00,22415.0,Península
2023-01-13 02:45:00+00:00,22372.0,Península
2023-01-13 02:50:00+00:00,22475.0,Península
2023-01-13 02:55:00+00:00,22491.0,Península
2023-01-13 03:00:00+00:00,22534.0,Península
2023-01-13 03:05:00+00:00,22632.0,Península
2023-01-13 03:10:00+00:00,22512.0,Península
2023-01-13 03:15:00+00:00,22308.0,Península
2023-01-13 03:20:00+00:00,22602.0,Península
2023-01-13 03:25:00+00:00,22508.0,Península
2023-01-13 03:30:00+00:00,22455.0,Península
2023-01-13 03:35:00+00:00,22513.0,Península
2023-01-13 03:40:00+00:00,22473.0,Península
2023-01-13 03:45:00+00:00,22644.0,Península
2023-01-13 03:50:00+00:00,22738.0,Península
2023-01-13 03:55:00+00:00,22680.0,Península
2023-01-13 04:00:00+00:00,22585.0,Península
2023-01-13 04:05:00+00:00,22860.0,Península
2023-01-13 04:10:00+00:00,23118.0,Península
2023-01-13 04:15:00+00:00,22877.0,Península
2023-01-13 04:20:00+00:00,22989.0,Península
2023-01-13 04:25:00+00:00,23170.0,Península
2023-01-13 04:30:00+00:00,22951.0,Península
2023-01-13 04:35:00+00:00,23258.0,Península
2023-01-13 04:40:00+00:00,23147.0,Península
2023-01-13 04:45:00+00:00,23257.0,Península
2023-01-13 04:50:00+00:00,23584.0,Península
2023-01-13 04:55:00+00:00,23731.0,Península
2023-01-13 05:00:00+00:00,23896.0,Península
2023-01-13 05:05:00+00:00,24527.0,Península
2023-01-13 05:10:00+00:00,24921.0,Península
2023-01-13 05:15:00+00:00,25215.0,Península
2023-01-13 05:20:00+00:00,25606.0,Península
2023-01-13 05:25:00+00:00,25653.0,Península
2023-01-13 05:30:00+00:00,26043.0,Península
2023-01-13 05:35:00+00:00,26181.0,Península
2023-01-13 05:40:00+00:00,26614.0,Península
2023-01-13 05:45:00+00:00,26755.0,Península
2023-01-13 05:50:00+00:00,26996.0,Península
2023-01-13 05:55:00+00:00,27432.0,Península
2023-01-13 06:00:00+00:00,27852.0,Península
2023-01-13 06:05:00+00:00,28706.0,Península
2023-01-13 06:10:00+00:00,29145.0,Península
2023-01-13 06:15:00+00:00,29469.0,Península
2023-01-13 06:20:00+00:00,29820.0,Península
2023-01-13 06:25:00+00:00,30073.0,Península
2023-01-13 06:30:00+00:00,30399.0,Península
2023-01-13 06:35:00+00:00,30945.0,Península
2023-01-13 06:40:00+00:00,31213.0,Península
2023-01-13 06:45:00+00:00,31464.0,Península
2023-01-13 06:50:00+00:00,31563.0,Península
2023-01-13 06:55:00+00:00,31764.0,Península
2023-01-13 07:00:00+00:00,31933.0,Península
2023-01-13 07:05:00+00:00,32188.0,Península
2023-01-13 07:10:00+00:00,32451.0,Península
2023-01-13 07:15:00+00:00,32700.0,Península
2023-01-13 07:20:00+00:00,32781.0,Península
2023-01-13 07:25:00+00:00,32717.0,Península
2023-01-13 07:30:00+00:00,32551.0,Península
2023-01-13 07:35:00+00:00,32716.0,Península
2023-01-13 07:40:00+00:00,32676.0,Península
2023-01-13 07:45:00+00:00,32648.0,Península
2023-01-13 07:50:00+00:00,32490.0,Península
2023-01-13 07:55:00+00:00,32459.0,Península
2023-01-13 08:00:00+00:00,32449.0,Península
2023-01-13 08:05:00+00:00,32489.0,Península
2023-01-13 08:10:00+00:00,32808.0,Península
2023-01-13 08:15:00+00:00,32827.0,Península
2023-01-13 08:20:00+00:00,32971.0,Península
2023-01-13 08:25:00+00:00,33076.0,Península
2023-01-13 08:30:00+00:00,32846.0,Península
2023-01-13 08:35:00+00:00,32947.0,Península
2023-01-13 08:40:00+00:00,33004.0,Península
2023-01-13 08:45:00+00:00,33026.0,Península
2023-01-13 08:50:00+00:00,32838.0,Península
2023-01-13 08:55:00+00:00,32900.0,Península
2023-01-13 09:00:00+00:00,32928.0,Península
2023-01-13 09:05:00+00:00,33004.0,Península
2023-01-13 09:10:00+00:00,32909.0,Península
2023-01-13 09:15:00+00:00,32964.0,Península
2023-01-13 09:20:00+00:00,33050.0,Península
2023-01-13 09:25:00+00:00,33138.0,Península
2023-01-13 09:30:00+00:00,33033.0,Península
2023-01-13 09:35:00+00:00,32933.0,Península
2023-01-13 09:40:00+00:00,32809.0,Península
2023-01-13 09:45:00+00:00,32893.0,Península
2023-01-13 09:50:00+00:00,32767.0,Península
2023-01-13 09:55:00+00:00,32681.0,Península
2023-01-13 10:00:00+00:00,32520.0,Península
2023-01-13 10:05:00+00:00,32641.0,Península
2023-01-13 10:10:00+00:00,32760.0,Península
2023-01-13 10:15:00+00:00,32650.0,Península
2023-01-13 10:20:00+00:00,32486.0,Península
2023-01-13 10:25:00+00:00,32420.0,Península
2023-01-13 10:30:00+00:00,32323.0,Península
2023-01-13 10:35:00+00:00,32314.0,Península
2023-01-13 10:40:00+00:00,32085.0,Península
2023-01-13 10:45:00+00:00,31993.0,Península
2023-01-13 10:50:00+00:00,32005.0,Península
2023-01-13 10:55:00+00:00,32082.0,Península
2023-01-13 11:00:00+00:00,32000.0,Península
2023-01-13 11:05:00+00:00,31790.0,Península
2023-01-13 11:10:00+00:00,31522.0,Península
2023-01-13 11:15:00+00:00,31662.0,Península
2023-01-13 11:20:00+00:00,31693.0,Península
2023-01-13 11:25:00+00:00,31599.0,Península
2023-01-13 11:30:00+00:00,31611.0,Península
2023-01-13 11:35:00+00:00,31527.0,Península
2023-01-13 11:40:00+00:00,31470.0,Península
2023-01-13 11:45:00+00:00,31451.0,Península
2023-01-13 11:50:00+00:00,31420.0,Península
2023-01-13 11:55:00+00:00,31568.0,Península
2023-01-13 12:00:00+00:00,31459.0,Península
2023-01-13 12:05:00+00:00,31532.0,Península
2023-01-13 12:10:00+00:00,31389.0,Península
2023-01-13 12:15:00+00:00,31314.0,Península
2023-01-13 12:20:00+00:00,31407.0,Península
2023-01-13 12:25:00+00:00,31461.0,Península
2023-01-13 12:30:00+00:00,31344.0,Península
2023-01-13 12:35:00+00:00,31178.0,Península
2023-01-13 12:40:00+00:00,31124.0,Península
2023-01-13 12:45:00+00:00,31152.0,Península
2023-01-13 12:50:00+00:00,30915.0,Península
2023-01-13 12:55:00+00:00,30909.0,Península
2023-01-13 13:00:00+00:00,30756.0,Península
2023-01-13 13:05:00+00:00,30671.0,Península
2023-01-13 13:10:00+00:00,30583.0,Península
2023-01-13 13:15:00+00:00,30381.0,Península
2023-01-13 13:20:00+00:00,30581.0,Península
2023-01-13 13:25:00+00:00,30616.0,Península
2023-01-13 13:30:00+00:00,30527.0,Península
2023-01-13 13:35:00+00:00,30439.0,Península
2023-01-13 13:40:00+00:00,30399.0,Península
2023-01-13 13:45:00+00:00,30265.0,Península
2023-01-13 13:50:00+00:00,30198.0,Península
2023-01-13 13:55:00+00:00,30046.0,Península
2023-01-13 14:00:00+00:00,29967.0,Península
2023-01-13 14:05:00+00:00,29952.0,Península
2023-01-13 14:10:00+00:00,29678.0,Península
2023-01-13 14:15:00+00:00,29876.0,Península
2023-01-13 14:20:00+00:00,29703.0,Península
2023-01-13 14:25:00+00:00,29674.0,Península
2023-01-13 14:30:00+00:00,29853.0,Península
2023-01-13 14:35:00+00:00,29859.0,Península
2023-01-13 14:40:00+00:00,29696.0,Península
2023-01-13 14:45:00+00:00,29630.0,Península
2023-01-13 14:50:00+00:00,29726.0,Península
2023-01-13 14:55:00+00:00,29689.0,Península
2023-01-13 15:00:00+00:00,29520.0,Península
2023-01-13 15:05:00+00:00,29737.0,Península
2023-01-13 15:10:00+00:00,29623.0,Península
2023-01-13 15:15:00+00:00,29749.0,Península
2023-01-13 15:20:00+00:00,29630.0,Península
2023-01-13 15:25:00+00:00,29538.0,Península
2023-01-13 15:30:00+00:00,29766.0,Península
2023-01-13 15:35:00+00:00,29723.0,Península
2023-01-13 15:40:00+00:00,29784.0,Península
2023-01-13 15:45:00+00:00,29790.0,Península
2023-01-13 15:50:00+00:00,29698.0,Península
2023-01-13 15:55:00+00:00,29539.0,Península
2023-01-13 16:00:00+00:00,29698.0,Península
2023-01-13 16:05:00+00:00,29980.0,Península
2023-01-13 16:10:00+00:00,29944.0,Península
2023-01-13 16:15:00+00:00,29855.0,Península
2023-01-13 16:20:00+00:00,30123.0,Península
2023-01-13 16:25:00+00:00,30270.0,Península
2023-01-13 16:30:00+00:00,30278.0,Península
2023-01-13 16:35:00+00:00,30426.0,Península
2023-01-13 16:40:00+00:00,30503.0,Península
2023-01-13 16:45:00+00:00,30425.0,Península
2023-01-13 16:50:00+00:00,30762.0,Península
2023-01-13 16:55:00+00:00,30978.0,Península
2023-01-13 17:00:00+00:00,30997.0,Península
2023-01-13 17:05:00+00:00,31095.0,Península
2023-01-13 17:10:00+00:00,31398.0,Península
2023-01-13 17:15:00+00:00,31396.0,Península
2023-01-13 17:20:00+00:00,31852.0,Península
2023-01-13 17:25:00+00:00,32071.0,Península
2023-01-13 17:30:00+00:00,32361.0,Península
2023-01-13 17:35:00+00:00,32554.0,Península
2023-01-13 17:40:00+00:00,32582.0,Península
2023-01-13 17:45:00+00:00,32777.0,Península
2023-01-13 17:50:00+00:00,32860.0,Península
2023-01-13 17:55:00+00:00,33087.0,Península
2023-01-13 18:00:00+00:00,33031.0,Península
2023-01-13 18:05:00+00:00,33048.0,Península
2023-01-13 18:10:00+00:00,32924.0,Península
2023-01-13 18:15:00+00:00,32952.0,Península
2023-01-13 18:20:00+00:00,32999.0,Península
2023-01-13 18:25:00+00:00,32994.0,Península
2023-01-13 18:30:00+00:00,33124.0,Península
2023-01-13 18:35:00+00:00,33250.0,Península
2023-01-13 18:40:00+00:00,33323.0,Península
2023-01-13 18:45:00+00:00,33252.0,Península
2023-01-13 18:50:00+00:00,33290.0,Península
2023-01-13 18:55:00+00:00,33418.0,Península
2023-01-13 19:00:00+00:00,33473.0,Península
2023-01-13 19:05:00+00:00,33435.0,Península
2023-01-13 19:10:00+00:00,33367.0,Península
2023-01-13 19:15:00+00:00,33383.0,Península
2023-01-13 19:20:00+00:00,33505.0,Península
2023-01-13 19:25:00+00:00,33380.0,Península
2023-01-13 19:30:00+00:00,33380.0,Península
2023-01-13 19:35:00+00:00,33391.0,Península
2023-01-13 19:40:00+00:00,33548.0,Península
2023-01-13 19:45:00+00:00,33466.0,Península
2023-01-13 19:50:00+00:00,33651.0,Península
2023-01-13 19:55:00+00:00,33481.0,Península
2023-01-13 20:00:00+00:00,33464.0,Península
2023-01-13 20:05:00+00:00,33324.0,Península
2023-01-13 20:10:00+00:00,33461.0,Península
2023-01-13 20:15:00+00:00,33297.0,Península
2023-01-13 20:20:00+00:00,33042.0,Península
2023-01-13 20:25:00+00:00,32951.0,Península
2023-01-13 20:30:00+00:00,32756.0,Península
2023-01-13 20:35:00+00:00,32644.0,Península
2023-01-13 20:40:00+00:00,32503.0,Península
2023-01-13 20:45:00+00:00,32315.0,Península
2023-01-13 20:50:00+00:00,31865.0,Península
2023-01-13 20:55:00+00:00,31851.0,Península
2023-01-13 21:00:00+00:00,31274.0,Península
2023-01-13 21:05:00+00:00,31023.0,Península
2023-01-13 21:10:00+00:00,31012.0,Península
2023-01-13 21:15:00+00:00,30737.0,Península
2023-01-13 21:20:00+00:00,30497.0,Península
2023-01-13 21:25:00+00:00,30273.0,Península
2023-01-13 21:30:00+00:00,30255.0,Península
2023-01-13 21:35:00+00:00,30055.0,Península
2023-01-13 21:40:00+00:00,29705.0,Península
2023-01-13 21:45:00+00:00,29476.0,Península
2023-01-13 21:50:00+00:00,29526.0,Península
2023-01-13 21:55:00+00:00,29045.0,Península
2023-01-13 22:00:00+00:00,28874.0,Península
2023-01-13 22:05:00+00:00,28513.0,Península
2023-01-13 22:10:00+00:00,28317.0,Península
2023-01-13 22:15:00+00:00,28153.0,Península
2023-01-13 22:20:00+00:00,28053.0,Península
2023-01-13 22:25:00+00:00,27750.0,Península
2023-01-13 22:30:00+00:00,27510.0,Península
2023-01-13 22:35:00+00:00,27378.0,Península
2023-01-13 22:40:00+00:00,27176.0,Península
2023-01-13 22:45:00+00:00,26892.0,Península
2023-01-13 22:50:00+00:00,26877.0,Península
2023-01-13 22:55:00+00:00,26509.0,Península
2023-01-13 23:00:00+00:00,26576.0,Península
2023-01-13 23:05:00+00:00,26594.0,Península
2023-01-13 23:10:00+00:00,26888.0,Península
2023-01-13 23:15:00+00:00,26639.0,Península
2023-01-13 23:20:00+00:00,26594.0,Península
2023-01-13 23:25:00+00:00,26620.0,Península
2023-01-13 23:30:00+00:00,26069.0,Península
2023-01-13 23:35:00+00:00,25931.0,Península
2023-01-13 23:40:00+00:00,25967.0,Península
2023-01-13 23:45:00+00:00,25865.0,Península
2023-01-13 23:50:00+00:00,25439.0,Península
2023-01-13 23:55:00+00:00,25527.0,Península
2023-01-14 00:00:00+00:00,25154.0,Península
2023-01-14 00:05:00+00:00,25063.0,Península
2023-01-14 00:10:00+00:00,24942.0,Península
2023-01-14 00:15:00+00:00,25039.0,Península
2023-01-14 00:20:00+00:00,24755.0,Península
2023-01-14 00:25:00+00:00,24800.0,Península
2023-01-14 00:30:00+00:00,24586.0,Península
2023-01-14 00:35:00+00:00,24517.0,Península
2023-01-14 00:40:00+00:00,24157.0,Península
2023-01-14 00:45:00+00:00,24147.0,Península
2023-01-14 00:50:00+00:00,24072.0,Península
2023-01-14 00:55:00+00:00,24217.0,Península
2023-01-14 01:00:00+00:00,23973.0,Península
2023-01-14 01:05:00+00:00,23691.0,Península
2023-01-14 01:10:00+00:00,23647.0,Península
2023-01-14 01:15:00+00:00,23483.0,Península
2023-01-14 01:20:00+00:00,23502.0,Península
2023-01-14 01:25:00+00:00,23541.0,Península
2023-01-14 01:30:00+00:00,23456.0,Península
2023-01-14 01:35:00+00:00,23322.0,Península
2023-01-14 01:40:00+00:00,23049.0,Península
2023-01-14 01:45:00+00:00,22826.0,Península
2023-01-14 01:50:00+00:00,22963.0,Península
2023-01-14 01:55:00+00:00,22865.0,Península
2023-01-14 02:00:00+00:00,22837.0,Península
2023-01-14 02:05:00+00:00,22910.0,Península
2023-01-14 02:10:00+00:00,22721.0,Península
2023-01-14 02:15:00+00:00,22642.0,Península
2023-01-14 02:20:00+00:00,22723.0,Península
2023-01-14 02:25:00+00:00,22727.0,Península
2023-01-14 02:30:00+00:00,22448.0,Península
2023-01-14 02:35:00+00:00,22382.0,Península
2023-01-14 02:40:00+00:00,22365.0,Península
2023-01-14 02:45:00+00:00,22363.0,Península
2023-01-14 02:50:00+00:00,22187.0,Península
2023-01-14 02:55:00+00:00,22330.0,Península
2023-01-14 03:00:00+00:00,22140.0,Península
2023-01-14 03:05:00+00:00,22306.0,Península
2023-01-14 03:10:00+00:00,22269.0,Península
2023-01-14 03:15:00+00:00,22134.0,Península
2023-01-14 03:20:00+00:00,21952.0,Península
2023-01-14 03:25:00+00:00,21992.0,Península
2023-01-14 03:30:00+00:00,22131.0,Península
2023-01-14 03:35:00+00:00,21964.0,Península
2023-01-14 03:40:00+00:00,22062.0,Península
2023-01-14 03:45:00+00:00,21981.0,Península
2023-01-14 03:50:00+00:00,21948.0,Península
2023-01-14 03:55:00+00:00,21807.0,Península
2023-01-14 04:00:00+00:00,22087.0,Península
2023-01-14 04:05:00+00:00,22187.0,Península
2023-01-14 04:10:00+00:00,22162.0,Península
2023-01-14 04:15:00+00:00,22063.0,Península
2023-01-14 04:20:00+00:00,22026.0,Península
2023-01-14 04:25:00+00:00,22046.0,Península
2023-01-14 04:30:00+00:00,22102.0,Península
2023-01-14 04:35:00+00:00,21684.0,Península
2023-01-14 04:40:00+00:00,21924.0,Península
2023-01-14 04:45:00+00:00,21831.0,Península
2023-01-14 04:50:00+00:00,21947.0,Península
2023-01-14 04:55:00+00:00,21940.0,Península
2023-01-14 05:00:00+00:00,21899.0,Península
2023-01-14 05:05:00+00:00,22418.0,Península
2023-01-14 05:10:00+00:00,22383.0,Península
2023-01-14 05:15:00+00:00,22246.0,Península
2023-01-14 05:20:00+00:00,22333.0,Península
2023-01-14 05:25:00+00:00,22604.0,Península
2023-01-14 05:30:00+00:00,22369.0,Península
2023-01-14 05:35:00+00:00,22671.0,Península
2023-01-14 05:40:00+00:00,22574.0,Península
2023-01-14 05:45:00+00:00,22769.0,Península
2023-01-14 05:50:00+00:00,22885.0,Península
2023-01-14 05:55:00+00:00,23094.0,Península
2023-01-14 06:00:00+00:00,23011.0,Península
2023-01-14 06:05:00+00:00,23285.0,Península
2023-01-14 06:10:00+00:00,23662.0,Península
2023-01-14 06:15:00+00:00,23813.0,Península
2023-01-14 06:20:00+00:00,23817.0,Península
2023-01-14 06:25:00+00:00,23849.0,Península
2023-01-14 06:30:00+00:00,23806.0,Península
2023-01-14 06:35:00+00:00,24044.0,Península
2023-01-14 06:40:00+00:00,24263.0,Península
2023-01-14 06:45:00+00:00,24406.0,Península
2023-01-14 06:50:00+00:00,24524.0,Península
2023-01-14 06:55:00+00:00,24637.0,Península
2023-01-14 07:00:00+00:00,24707.0,Península
2023-01-14 07:05:00+00:00,24970.0,Península
2023-01-14 07:10:00+00:00,25204.0,Península
2023-01-14 07:15:00+00:00,25101.0,Península
2023-01-14 07:20:00+00:00,25403.0,Península
2023-01-14 07:25:00+00:00,25510.0,Península
2023-01-14 07:30:00+00:00,25431.0,Península
2023-01-14 07:35:00+00:00,25637.0,Península
2023-01-14 07:40:00+00:00,25839.0,Península
2023-01-14 07:45:00+00:00,25938.0,Península
2023-01-14 07:50:00+00:00,26034.0,Península
2023-01-14 07:55:00+00:00,26130.0,Península
2023-01-14 08:00:00+00:00,26369.0,Península
2023-01-14 08:05:00+00:00,26990.0,Península
2023-01-14 08:10:00+00:00,27143.0,Península
2023-01-14 08:15:00+00:00,27186.0,Península
2023-01-14 08:20:00+00:00,27276.0,Península
2023-01-14 08:25:00+00:00,27175.0,Península
2023-01-14 08:30:00+00:00,27681.0,Península
2023-01-14 08:35:00+00:00,27884.0,Península
2023-01-14 08:40:00+00:00,27748.0,Península
2023-01-14 08:45:00+00:00,27871.0,Península
2023-01-14 08:50:00+00:00,28096.0,Península
2023-01-14 08:55:00+00:00,28160.0,Península
2023-01-14 09:00:00+00:00,28214.0,Península
2023-01-14 09:05:00+00:00,28143.0,Península
2023-01-14 09:10:00+00:00,28230.0,Península
2023-01-14 09:15:00+00:00,28304.0,Península
2023-01-14 09:20:00+00:00,28168.0,Península
2023-01-14 09:25:00+00:00,28234.0,Península
2023-01-14 09:30:00+00:00,28070.0,Península
2023-01-14 09:35:00+00:00,28250.0,Península
2023-01-14 09:40:00+00:00,28420.0,Península
2023-01-14 09:45:00+00:00,28137.0,Península
2023-01-14 09:50:00+00:00,28220.0,Península
2023-01-14 09:55:00+00:00,28129.0,Península
2023-01-14 10:00:00+00:00,28129.0,Península
2023-01-14 10:05:00+00:00,28268.0,Península
2023-01-14 10:10:00+00:00,28148.0,Península
2023-01-14 10:15:00+00:00,27753.0,Península
2023-01-14 10:20:00+00:00,27804.0,Península
2023-01-14 10:25:00+00:00,27837.0,Península
2023-01-14 10:30:00+00:00,27736.0,Península
2023-01-14 10:35:00+00:00,27758.0,Península
2023-01-14 10:40:00+00:00,27587.0,Península
2023-01-14 10:45:00+00:00,27825.0,Península
2023-01-14 10:50:00+00:00,27767.0,Península
2023-01-14 10:55:00+00:00,27801.0,Península
2023-01-14 11:00:00+00:00,27702.0,Península
2023-01-14 11:05:00+00:00,27736.0,Península
2023-01-14 11:10:00+00:00,27595.0,Península
2023-01-14 11:15:00+00:00,27663.0,Península
2023-01-14 11:20:00+00:00,27684.0,Península
2023-01-14 11:25:00+00:00,27231.0,Península
2023-01-14 11:30:00+00:00,27481.0,Península
2023-01-14 11:35:00+00:00,27405.0,Península
2023-01-14 11:40:00+00:00,27390.0,Península
2023-01-14 11:45:00+00:00,27308.0,Península
2023-01-14 11:50:00+00:00,27406.0,Península
2023-01-14 11:55:00+00:00,27290.0,Península
2023-01-14 12:00:00+00:00,27263.0,Península
2023-01-14 12:05:00+00:00,27409.0,Península
2023-01-14 12:10:00+00:00,27305.0,Península
2023-01-14 12:15:00+00:00,27376.0,Península
2023-01-14 12:20:00+00:00,27353.0,Península
2023-01-14 12:25:00+00:00,27418.0,Península
2023-01-14 12:30:00+00:00,27511.0,Península
2023-01-14 12:35:00+00:00,27423.0,Península
2023-01-14 12:40:00+00:00,27151.0,Península
2023-01-14 12:45:00+00:00,27220.0,Península
2023-01-14 12:50:00+00:00,27421.0,Península
2023-01-14 12:55:00+00:00,27505.0,Península
2023-01-14 13:00:00+00:00,27244.0,Península
2023-01-14 13:05:00+00:00,27393.0,Península
2023-01-14 13:10:00+00:00,27128.0,Península
2023-01-14 13:15:00+00:00,27187.0,Península
2023-01-14 13:20:00+00:00,27128.0,Península
2023-01-14 13:25:00+00:00,27114.0,Península
2023-01-14 13:30:00+00:00,27037.0,Península
2023-01-14 13:35:00+00:00,26784.0,Península
2023-01-14 13:40:00+00:00,26993.0,Península
2023-01-14 13:45:00+00:00,26911.0,Península
2023-01-14 13:50:00+00:00,26745.0,Península
2023-01-14 13:55:00+00:00,26819.0,Península
2023-01-14 14:00:00+00:00,26388.0,Península
2023-01-14 14:05:00+00:00,26353.0,Península
2023-01-14 14:10:00+00:00,26109.0,Península
2023-01-14 14:15:00+00:00,25998.0,Península
2023-01-14 14:20:00+00:00,26018.0,Península
2023-01-14 14:25:00+00:00,25891.0,Península
2023-01-14 14:30:00+00:00,25726.0,Península
2023-01-14 14:35:00+00:00,25991.0,Península
2023-01-14 14:40:00+00:00,25927.0,Península
2023-01-14 14:45:00+00:00,25521.0,Península
2023-01-14 14:50:00+00:00,25664.0,Península
2023-01-14 14:55:00+00:00,25799.0,Península
2023-01-14 15:00:00+00:00,25812.0,Península
2023-01-14 15:05:00+00:00,25656.0,Península
2023-01-14 15:10:00+00:00,25546.0,Península
2023-01-14 15:15:00+00:00,25497.0,Península
2023-01-14 15:20:00+00:00,25586.0,Península
2023-01-14 15:25:00+00:00,25744.0,Península
2023-01-14 15:30:00+00:00,25675.0,Península
2023-01-14 15:35:00+00:00,25817.0,Península
2023-01-14 15:40:00+00:00,25743.0,Península
2023-01-14 15:45:00+00:00,25923.0,Península
2023-01-14 15:50:00+00:00,25952.0,Península
2023-01-14 15:55:00+00:00,25837.0,Península
2023-01-14 16:00:00+00:00,25810.0,Península
2023-01-14 16:05:00+00:00,25951.0,Península
2023-01-14 16:10:00+00:00,26116.0,Península
2023-01-14 16:15:00+00:00,26124.0,Península
2023-01-14 16:20:00+00:00,26172.0,Península
2023-01-14 16:25:00+00:00,26238.0,Península
2023-01-14 16:30:00+00:00,26268.0,Península
2023-01-14 16:35:00+00:00,26521.0,Península
2023-01-14 16:40:00+00:00,26556.0,Península
2023-01-14 16:45:00+00:00,26628.0,Península
2023-01-14 16:50:00+00:00,26716.0,Península
2023-01-14 16:55:00+00:00,27024.0,Península
2023-01-14 17:00:00+00:00,27193.0,Península
2023-01-14 17:05:00+00:00,27456.0,Península
2023-01-14 17:10:00+00:00,27502.0,Península
2023-01-14 17:15:00+00:00,27831.0,Península
2023-01-14 17:20:00+00:00,27823.0,Península
2023-01-14 17:25:00+00:00,28191.0,Península
2023-01-14 17:30:00+00:00,28305.0,Península
2023-01-14 17:35:00+00:00,28677.0,Península
2023-01-14 17:40:00+00:00,28865.0,Península
2023-01-14 17:45:00+00:00,29028.0,Península
2023-01-14 17:50:00+00:00,29040.0,Península
2023-01-14 17:55:00+00:00,29112.0,Península
2023-01-14 18:00:00+00:00,29275.0,Península
2023-01-14 18:05:00+00:00,29588.0,Península
2023-01-14 18:10:00+00:00,29395.0,Península
2023-01-14 18:15:00+00:00,29539.0,Península
2023-01-14 18:20:00+00:00,29534.0,Península
2023-01-14 18:25:00+00:00,29387.0,Península
2023-01-14 18:30:00+00:00,29524.0,Península
2023-01-14 18:35:00+00:00,29579.0,Península
2023-01-14 18:40:00+00:00,29540.0,Península
2023-01-14 18:45:00+00:00,29795.0,Península
2023-01-14 18:50:00+00:00,29950.0,Península
2023-01-14 18:55:00+00:00,29977.0,Península
2023-01-14 19:00:00+00:00,30086.0,Península
2023-01-14 19:05:00+00:00,30060.0,Península
2023-01-14 19:10:00+00:00,29738.0,Península
2023-01-14 19:15:00+00:00,29973.0,Península
2023-01-14 19:20:00+00:00,29995.0,Península
2023-01-14 19:25:00+00:00,29831.0,Península
2023-01-14 19:30:00+00:00,29888.0,Península
2023-01-14 19:35:00+00:00,30119.0,Península
2023-01-14 19:40:00+00:00,30230.0,Península
2023-01-14 19:45:00+00:00,30274.0,Península
2023-01-14 19:50:00+00:00,30257.0,Península
2023-01-14 19:55:00+00:00,30271.0,Península
2023-01-14 20:00:00+00:00,30248.0,Península
2023-01-14 20:05:00+00:00,30160.0,Península
2023-01-14 20:10:00+00:00,30152.0,Península
2023-01-14 20:15:00+00:00,29925.0,Península
2023-01-14 20:20:00+00:00,29821.0,Península
2023-01-14 20:25:00+00:00,29924.0,Península
2023-01-14 20:30:00+00:00,29845.0,Península
2023-01-14 20:35:00+00:00,29463.0,Península
2023-01-14 20:40:00+00:00,29477.0,Península
2023-01-14 20:45:00+00:00,29472.0,Península
2023-01-14 20:50:00+00:00,29228.0,Península
2023-01-14 20:55:00+00:00,29071.0,Península
2023-01-14 21:00:00+00:00,28584.0,Península
2023-01-14 21:05:00+00:00,28341.0,Península
2023-01-14 21:10:00+00:00,28386.0,Península
2023-01-14 21:15:00+00:00,28206.0,Península
2023-01-14 21:20:00+00:00,28274.0,Península
2023-01-14 21:25:00+00:00,28057.0,Península
2023-01-14 21:30:00+00:00,27954.0,Península
2023-01-14 21:35:00+00:00,27691.0,Península
2023-01-14 21:40:00+00:00,27530.0,Península
2023-01-14 21:45:00+00:00,27182.0,Península
2023-01-14 21:50:00+00:00,26963.0,Península
2023-01-14 21:55:00+00:00,26688.0,Península
2023-01-14 22:00:00+00:00,26644.0,Península
2023-01-14 22:05:00+00:00,26486.0,Península
2023-01-14 22:10:00+00:00,26222.0,Península
2023-01-14 22:15:00+00:00,25936.0,Península
2023-01-14 22:20:00+00:00,25861.0,Península
2023-01-14 22:25:00+00:00,25821.0,Península
2023-01-14 22:30:00+00:00,25823.0,Península
2023-01-14 22:35:00+00:00,25211.0,Península
2023-01-14 22:40:00+00:00,25205.0,Península
2023-01-14 22:45:00+00:00,24967.0,Península
2023-01-14 22:50:00+00:00,24993.0,Península
2023-01-14 22:55:00+00:00,24622.0,Península
2023-01-14 23:00:00+00:00,24550.0,Península
2023-01-14 23:05:00+00:00,24205.0,Península
2023-01-14 23:10:00+00:00,24327.0,Península
2023-01-14 23:15:00+00:00,24130.0,Península
2023-01-14 23:20:00+00:00,23977.0,Península
2023-01-14 23:25:00+00:00,23761.0,Península
2023-01-14 23:30:00+00:00,23783.0,Península
2023-01-14 23:35:00+00:00,23662.0,Península
2023-01-14 23:40:00+00:00,23456.0,Península
2023-01-14 23:45:00+00:00,23439.0,Península
2023-01-14 23:50:00+00:00,23079.0,Península
2023-01-14 23:55:00+00:00,22950.0,Península
2023-01-15 00:00:00+00:00,22926.0,Península
2023-01-15 00:05:00+00:00,22652.0,Península
2023-01-15 00:10:00+00:00,22616.0,Península
2023-01-15 00:15:00+00:00,22396.0,Península
2023-01-15 00:20:00+00:00,22379.0,Península
2023-01-15 00:25:00+00:00,21981.0,Península
2023-01-15 00:30:00+00:00,22069.0,Península
2023-01-15 00:35:00+00:00,21761.0,Península
2023-01-15 00:40:00+00:00,21664.0,Península
2023-01-15 00:45:00+00:00,21720.0,Península
2023-01-15 00:50:00+00:00,21335.0,Península
2023-01-15 00:55:00+00:00,21412.0,Península
2023-01-15 01:00:00+00:00,21188.0,Península
2023-01-15 01:05:00+00:00,21166.0,Península
2023-01-15 01:10:00+00:00,21078.0,Península
2023-01-15 01:15:00+00:00,21043.0,Península
2023-01-15 01:20:00+00:00,20960.0,Península
2023-01-15 01:25:00+00:00,20825.0,Península
2023-01-15 01:30:00+00:00,20757.0,Península
2023-01-15 01:35:00+00:00,20563.0,Península
2023-01-15 01:40:00+00:00,20500.0,Península
2023-01-15 01:45:00+00:00,20457.0,Península
2023-01-15 01:50:00+00:00,20498.0,Península
2023-01-15 01:55:00+00:00,20360.0,Península
2023-01-15 02:00:00+00:00,20269.0,Península
2023-01-15 02:05:00+00:00,20422.0,Península
2023-01-15 02:10:00+00:00,20269.0,Península
2023-01-15 02:15:00+00:00,20200.0,Península
2023-01-15 02:20:00+00:00,20251.0,Península
2023-01-15 02:25:00+00:00,20040.0,Península
2023-01-15 02:30:00+00:00,19903.0,Península
2023-01-15 02:35:00+00:00,19950.0,Península
2023-01-15 02:40:00+00:00,20030.0,Península
2023-01-15 02:45:00+00:00,20062.0,Península
2023-01-15 02:50:00+00:00,19884.0,Península
2023-01-15 02:55:00+00:00,19993.0,Península
2023-01-15 03:00:00+00:00,19974.0,Península
2023-01-15 03:05:00+00:00,19950.0,Península
2023-01-15 03:10:00+00:00,19814.0,Península
2023-01-15 03:15:00+00:00,19772.0,Península
2023-01-15 03:20:00+00:00,19754.0,Península
2023-01-15 03:25:00+00:00,19787.0,Península
2023-01-15 03:30:00+00:00,19782.0,Península
2023-01-15 03:35:00+00:00,19902.0,Península
2023-01-15 03:40:00+00:00,19910.0,Península
2023-01-15 03:45:00+00:00,19728.0,Península
2023-01-15 03:50:00+00:00,19760.0,Península
2023-01-15 03:55:00+00:00,19633.0,Península
2023-01-15 04:00:00+00:00,19711.0,Península
2023-01-15 04:05:00+00:00,19742.0,Península
2023-01-15 04:10:00+00:00,19618.0,Península
2023-01-15 04:15:00+00:00,19354.0,Península
2023-01-15 04:20:00+00:00,19697.0,Península
2023-01-15 04:25:00+00:00,19727.0,Península
2023-01-15 04:30:00+00:00,19769.0,Península
2023-01-15 04:35:00+00:00,19696.0,Península
2023-01-15 04:40:00+00:00,19835.0,Península
2023-01-15 04:45:00+00:00,19735.0,Península
2023-01-15 04:50:00+00:00,19983.0,Península
2023-01-15 04:55:00+00:00,19931.0,Península
2023-01-15 05:00:00+00:00,19700.0,Península
2023-01-15 05:05:00+00:00,19735.0,Península
2023-01-15 05:10:00+00:00,19898.0,Península
2023-01-15 05:15:00+00:00,20052.0,Península
2023-01-15 05:20:00+00:00,20099.0,Península
2023-01-15 05:25:00+00:00,20287.0,Península
2023-01-15 05:30:00+00:00,19978.0,Península
2023-01-15 05:35:00+00:00,20255.0,Península
2023-01-15 05:40:00+00:00,20241.0,Península
2023-01-15 05:45:00+00:00,19896.0,Península
2023-01-15 05:50:00+00:00,20086.0,Península
2023-01-15 05:55:00+00:00,20263.0,Península
2023-01-15 06:00:00+00:00,20140.0,Península
2023-01-15 06:05:00+00:00,20302.0,Península
2023-01-15 06:10:00+00:00,20435.0,Península
2023-01-15 06:15:00+00:00,20426.0,Península
2023-01-15 06:20:00+00:00,20796.0,Península
2023-01-15 06:25:00+00:00,20809.0,Península
2023-01-15 06:30:00+00:00,20843.0,Península
2023-01-15 06:35:00+00:00,20832.0,Península
2023-01-15 06:40:00+00:00,20942.0,Península
2023-01-15 06:45:00+00:00,21036.0,Península
2023-01-15 06:50:00+00:00,21065.0,Península
2023-01-15 06:55:00+00:00,21250.0,Península
2023-01-15 07:00:00+00:00,21284.0,Península
2023-01-15 07:05:00+00:00,21462.0,Península
2023-01-15 07:10:00+00:00,21304.0,Península
2023-01-15 07:15:00+00:00,21120.0,Península
2023-01-15 07:20:00+00:00,21317.0,Península
2023-01-15 07:25:00+00:00,21358.0,Península
2023-01-15 07:30:00+00:00,21403.0,Península
2023-01-15 07:35:00+00:00,21586.0,Península
2023-01-15 07:40:00+00:00,21773.0,Península
2023-01-15 07:45:00+00:00,21758.0,Península
2023-01-15 07:50:00+00:00,21877.0,Península
2023-01-15 07:55:00+00:00,22040.0,Península
2023-01-15 08:00:00+00:00,22060.0,Península
2023-01-15 08:05:00+00:00,22528.0,Península
2023-01-15 08:10:00+00:00,22725.0,Península
2023-01-15 08:15:00+00:00,22891.0,Península
2023-01-15 08:20:00+00:00,23068.0,Península
2023-01-15 08:25:00+00:00,23289.0,Península
2023-01-15 08:30:00+00:00,23351.0,Península
2023-01-15 08:35:00+00:00,23484.0,Península
2023-01-15 08:40:00+00:00,23619.0,Península
2023-01-15 08:45:00+00:00,23738.0,Península
2023-01-15 08:50:00+00:00,23768.0,Península
2023-01-15 08:55:00+00:00,24166.0,Península
2023-01-15 09:00:00+00:00,24099.0,Península
2023-01-15 09:05:00+00:00,24375.0,Península
2023-01-15 09:10:00+00:00,24936.0,Península
2023-01-15 09:15:00+00:00,25048.0,Península
2023-01-15 09:20:00+00:00,25059.0,Península
2023-01-15 09:25:00+00:00,25009.0,Península
2023-01-15 09:30:00+00:00,24847.0,Península
2023-01-15 09:35:00+00:00,25051.0,Península
2023-01-15 09:40:00+00:00,25243.0,Península
2023-01-15 09:45:00+00:00,25174.0,Península
2023-01-15 09:50:00+00:00,25335.0,Península
2023-01-15 09:55:00+00:00,25324.0,Península
2023-01-15 10:00:00+00:00,25399.0,Península
2023-01-15 10:05:00+00:00,25332.0,Península
2023-01-15 10:10:00+00:00,25738.0,Península
2023-01-15 10:15:00+00:00,25541.0,Península
2023-01-15 10:20:00+00:00,25537.0,Península
2023-01-15 10:25:00+00:00,25315.0,Península
2023-01-15 10:30:00+00:00,25291.0,Península
2023-01-15 10:35:00+00:00,25445.0,Península
2023-01-15 10:40:00+00:00,25283.0,Península
2023-01-15 10:45:00+00:00,25503.0,Península
2023-01-15 10:50:00+00:00,25526.0,Península
2023-01-15 10:55:00+00:00,25185.0,Península
2023-01-15 11:00:00+00:00,25344.0,Península
2023-01-15 11:05:00+00:00,25540.0,Península
2023-01-15 11:10:00+00:00,25449.0,Península
2023-01-15 11:15:00+00:00,25511.0,Península
2023-01-15 11:20:00+00:00,25420.0,Península
2023-01-15 11:25:00+00:00,25377.0,Península
2023-01-15 11:30:00+00:00,25349.0,Península
2023-01-15 11:35:00+00:00,25257.0,Península
2023-01-15 11:40:00+00:00,25396.0,Península
2023-01-15 11:45:00+00:00,25506.0,Península
2023-01-15 11:50:00+00:00,25353.0,Península
2023-01-15 11:55:00+00:00,25419.0,Península
2023-01-15 12:00:00+00:00,25402.0,Península
2023-01-15 12:05:00+00:00,25404.0,Península
2023-01-15 12:10:00+00:00,25538.0,Península
2023-01-15 12:15:00+00:00,25654.0,Península
2023-01-15 12:20:00+00:00,25862.0,Península
2023-01-15 12:25:00+00:00,25682.0,Península
2023-01-15 12:30:00+00:00,25818.0,Península
2023-01-15 12:35:00+00:00,25857.0,Península
2023-01-15 12:40:00+00:00,26073.0,Península
2023-01-15 12:45:00+00:00,26247.0,Península
2023-01-15 12:50:00+00:00,26142.0,Península
2023-01-15 12:55:00+00:00,26077.0,Península
2023-01-15 13:00:00+00:00,26033.0,Península
2023-01-15 13:05:00+00:00,26438.0,Península
2023-01-15 13:10:00+00:00,26311.0,Península
2023-01-15 13:15:00+00:00,26318.0,Península
2023-01-15 13:20:00+00:00,26238.0,Península
2023-01-15 13:25:00+00:00,26234.0,Península
2023-01-15 13:30:00+00:00,26014.0,Península
2023-01-15 13:35:00+00:00,26017.0,Península
2023-01-15 13:40:00+00:00,26039.0,Península
2023-01-15 13:45:00+00:00,25767.0,Península
2023-01-15 13:50:00+00:00,25553.0,Península
2023-01-15 13:55:00+00:00,25459.0,Península
2023-01-15 14:00:00+00:00,25427.0,Península
2023-01-15 14:05:00+00:00,25363.0,Península
2023-01-15 14:10:00+00:00,25348.0,Península
2023-01-15 14:15:00+00:00,25106.0,Península
2023-01-15 14:20:00+00:00,25267.0,Península
2023-01-15 14:25:00+00:00,25045.0,Península
2023-01-15 14:30:00+00:00,24926.0,Península
2023-01-15 14:35:00+00:00,24946.0,Península
2023-01-15 14:40:00+00:00,24842.0,Península
2023-01-15 14:45:00+00:00,24888.0,Península
2023-01-15 14:50:00+00:00,24938.0,Península
2023-01-15 14:55:00+00:00,24674.0,Península
2023-01-15 15:00:00+00:00,24955.0,Península
2023-01-15 15:05:00+00:00,24755.0,Península
2023-01-15 15:10:00+00:00,24729.0,Península
2023-01-15 15:15:00+00:00,24607.0,Península
2023-01-15 15:20:00+00:00,24629.0,Península
2023-01-15 15:25:00+00:00,24650.0,Península
2023-01-15 15:30:00+00:00,24603.0,Península
2023-01-15 15:35:00+00:00,24517.0,Península
2023-01-15 15:40:00+00:00,24501.0,Península
2023-01-15 15:45:00+00:00,24531.0,Península
2023-01-15 15:50:00+00:00,24449.0,Península
2023-01-15 15:55:00+00:00,24550.0,Península
2023-01-15 16:00:00+00:00,24463.0,Península
2023-01-15 16:05:00+00:00,24641.0,Península
2023-01-15 16:10:00+00:00,25014.0,Península
2023-01-15 16:15:00+00:00,24827.0,Península
2023-01-15 16:20:00+00:00,24880.0,Península
2023-01-15 16:25:00+00:00,24796.0,Península
2023-01-15 16:30:00+00:00,24836.0,Península
2023-01-15 16:35:00+00:00,24882.0,Península
2023-01-15 16:40:00+00:00,25126.0,Península
2023-01-15 16:45:00+00:00,25149.0,Península
2023-01-15 16:50:00+00:00,25221.0,Península
2023-01-15 16:55:00+00:00,25458.0,Península
2023-01-15 17:00:00+00:00,25655.0,Península
2023-01-15 17:05:00+00:00,25812.0,Península
2023-01-15 17:10:00+00:00,26586.0,Península
2023-01-15 17:15:00+00:00,26791.0,Península
2023-01-15 17:20:00+00:00,26957.0,Península
2023-01-15 17:25:00+00:00,27237.0,Península
2023-01-15 17:30:00+00:00,27319.0,Península
2023-01-15 17:35:00+00:00,27570.0,Península
2023-01-15 17:40:00+00:00,27788.0,Península
2023-01-15 17:45:00+00:00,28001.0,Península
2023-01-15 17:50:00+00:00,28131.0,Península
2023-01-15 17:55:00+00:00,28280.0,Península
2023-01-15 18:00:00+00:00,28278.0,Península
2023-01-15 18:05:00+00:00,28523.0,Península
2023-01-15 18:10:00+00:00,28644.0,Península
2023-01-15 18:15:00+00:00,28537.0,Península
2023-01-15 18:20:00+00:00,28777.0,Península
2023-01-15 18:25:00+00:00,29040.0,Península
2023-01-15 18:30:00+00:00,28931.0,Península
2023-01-15 18:35:00+00:00,29063.0,Península
2023-01-15 18:40:00+00:00,29274.0,Península
2023-01-15 18:45:00+00:00,29387.0,Península
2023-01-15 18:50:00+00:00,29642.0,Península
2023-01-15 18:55:00+00:00,29478.0,Península
2023-01-15 19:00:00+00:00,29606.0,Península
2023-01-15 19:05:00+00:00,29833.0,Península
2023-01-15 19:10:00+00:00,30082.0,Península
2023-01-15 19:15:00+00:00,30065.0,Península
2023-01-15 19:20:00+00:00,29971.0,Península
2023-01-15 19:25:00+00:00,29898.0,Península
2023-01-15 19:30:00+00:00,30014.0,Península
2023-01-15 19:35:00+00:00,30097.0,Península
2023-01-15 19:40:00+00:00,30025.0,Península
2023-01-15 19:45:00+00:00,30300.0,Península
2023-01-15 19:50:00+00:00,30270.0,Península
2023-01-15 19:55:00+00:00,30500.0,Península
2023-01-15 20:00:00+00:00,30318.0,Península
2023-01-15 20:05:00+00:00,30273.0,Península
2023-01-15 20:10:00+00:00,30312.0,Península
2023-01-15 20:15:00+00:00,30064.0,Península
2023-01-15 20:20:00+00:00,29971.0,Península
2023-01-15 20:25:00+00:00,29815.0,Península
2023-01-15 20:30:00+00:00,29681.0,Península
2023-01-15 20:35:00+00:00,29324.0,Península
2023-01-15 20:40:00+00:00,29243.0,Península
2023-01-15 20:45:00+00:00,29146.0,Península
2023-01-15 20:50:00+00:00,29127.0,Península
2023-01-15 20:55:00+00:00,28771.0,Península
2023-01-15 21:00:00+00:00,28634.0,Península
2023-01-15 21:05:00+00:00,28379.0,Península
2023-01-15 21:10:00+00:00,28453.0,Península
2023-01-15 21:15:00+00:00,28461.0,Península
2023-01-15 21:20:00+00:00,28298.0,Península
2023-01-15 21:25:00+00:00,28103.0,Península
2023-01-15 21:30:00+00:00,27804.0,Península
2023-01-15 21:35:00+00:00,27690.0,Península
2023-01-15 21:40:00+00:00,27715.0,Península
2023-01-15 21:45:00+00:00,27569.0,Península
2023-01-15 21:50:00+00:00,27029.0,Península
2023-01-15 21:55:00+00:00,26965.0,Península
2023-01-15 22:00:00+00:00,26676.0,Península
2023-01-15 22:05:00+00:00,26247.0,Península
2023-01-15 22:10:00+00:00,26041.0,Península
2023-01-15 22:15:00+00:00,25761.0,Península
2023-01-15 22:20:00+00:00,25785.0,Península
2023-01-15 22:25:00+00:00,25522.0,Península
2023-01-15 22:30:00+00:00,25289.0,Península
2023-01-15 22:35:00+00:00,25212.0,Península
2023-01-15 22:40:00+00:00,24944.0,Península
2023-01-15 22:45:00+00:00,24548.0,Península
2023-01-15 22:50:00+00:00,24338.0,Península
2023-01-15 22:55:00+00:00,24202.0,Península
2023-01-15 23:00:00+00:00,24119.0,Península
2023-01-15 23:05:00+00:00,24128.0,Península
2023-01-15 23:10:00+00:00,23948.0,Península
2023-01-15 23:15:00+00:00,23824.0,Península
2023-01-15 23:20:00+00:00,23734.0,Península
2023-01-15 23:25:00+00:00,23628.0,Península
2023-01-15 23:30:00+00:00,23485.0,Península
2023-01-15 23:35:00+00:00,23311.0,Península
2023-01-15 23:40:00+00:00,23115.0,Península
2023-01-15 23:45:00+00:00,22860.0,Península
2023-01-15 23:50:00+00:00,22634.0,Península
2023-01-15 23:55:00+00:00,22619.0,Península
2023-01-16 00:00:00+00:00,22512.0,Península
2023-01-16 00:05:00+00:00,22361.0,Península
2023-01-16 00:10:00+00:00,22323.0,Península
2023-01-16 00:15:00+00:00,22609.0,Península
2023-01-16 00:20:00+00:00,22343.0,Península
2023-01-16 00:25:00+00:00,22185.0,Península
2023-01-16 00:30:00+00:00,21971.0,Península
2023-01-16 00:35:00+00:00,21902.0,Península
2023-01-16 00:40:00+00:00,21826.0,Península
2023-01-16 00:45:00+00:00,21673.0,Península
2023-01-16 00:50:00+00:00,21663.0,Península
2023-01-16 00:55:00+00:00,21429.0,Península
2023-01-16 01:00:00+00:00,21516.0,Península
2023-01-16 01:05:00+00:00,21309.0,Península
2023-01-16 01:10:00+00:00,21386.0,Península
2023-01-16 01:15:00+00:00,21178.0,Península
2023-01-16 01:20:00+00:00,21575.0,Península
2023-01-16 01:25:00+00:00,21264.0,Península
2023-01-16 01:30:00+00:00,21029.0,Península
2023-01-16 01:35:00+00:00,20932.0,Península
2023-01-16 01:40:00+00:00,21173.0,Península
2023-01-16 01:45:00+00:00,21244.0,Península
2023-01-16 01:50:00+00:00,21182.0,Península
2023-01-16 01:55:00+00:00,21004.0,Península
2023-01-16 02:00:00+00:00,20880.0,Península
2023-01-16 02:05:00+00:00,21171.0,Península
2023-01-16 02:10:00+00:00,21195.0,Península
2023-01-16 02:15:00+00:00,20980.0,Península
2023-01-16 02:20:00+00:00,20715.0,Península
2023-01-16 02:25:00+00:00,20635.0,Península
2023-01-16 02:30:00+00:00,20649.0,Península
2023-01-16 02:35:00+00:00,20776.0,Península
2023-01-16 02:40:00+00:00,20779.0,Península
2023-01-16 02:45:00+00:00,20786.0,Península
2023-01-16 02:50:00+00:00,20863.0,Península
2023-01-16 02:55:00+00:00,20741.0,Península
2023-01-16 03:00:00+00:00,20872.0,Península
2023-01-16 03:05:00+00:00,20806.0,Península
2023-01-16 03:10:00+00:00,20955.0,Península
2023-01-16 03:15:00+00:00,20859.0,Península
2023-01-16 03:20:00+00:00,20818.0,Península
2023-01-16 03:25:00+00:00,20887.0,Península
2023-01-16 03:30:00+00:00,20937.0,Península
2023-01-16 03:35:00+00:00,20974.0,Península
2023-01-16 03:40:00+00:00,20938.0,Península
2023-01-16 03:45:00+00:00,20842.0,Península
2023-01-16 03:50:00+00:00,21164.0,Península
2023-01-16 03:55:00+00:00,21085.0,Península
2023-01-16 04:00:00+00:00,21336.0,Península
2023-01-16 04:05:00+00:00,21357.0,Península
2023-01-16 04:10:00+00:00,21497.0,Península
2023-01-16 04:15:00+00:00,21517.0,Península
2023-01-16 04:20:00+00:00,21399.0,Península
2023-01-16 04:25:00+00:00,21599.0,Península
2023-01-16 04:30:00+00:00,21792.0,Península
2023-01-16 04:35:00+00:00,21915.0,Península
2023-01-16 04:40:00+00:00,21965.0,Península
2023-01-16 04:45:00+00:00,22374.0,Península
2023-01-16 04:50:00+00:00,22409.0,Península
2023-01-16 04:55:00+00:00,22740.0,Península
2023-01-16 05:00:00+00:00,23334.0,Península
2023-01-16 05:05:00+00:00,23540.0,Península
2023-01-16 05:10:00+00:00,24070.0,Península
2023-01-16 05:15:00+00:00,24695.0,Península
2023-01-16 05:20:00+00:00,24803.0,Península
2023-01-16 05:25:00+00:00,25091.0,Península
2023-01-16 05:30:00+00:00,25278.0,Península
2023-01-16 05:35:00+00:00,25955.0,Península
2023-01-16 05:40:00+00:00,26171.0,Península
2023-01-16 05:45:00+00:00,26281.0,Península
2023-01-16 05:50:00+00:00,26697.0,Península
2023-01-16 05:55:00+00:00,27040.0,Península
2023-01-16 06:00:00+00:00,27623.0,Península
2023-01-16 06:05:00+00:00,28412.0,Península
2023-01-16 06:10:00+00:00,29181.0,Península
2023-01-16 06:15:00+00:00,29268.0,Península
2023-01-16 06:20:00+00:00,29882.0,Península
2023-01-16 06:25:00+00:00,30154.0,Península
2023-01-16 06:30:00+00:00,30376.0,Península
2023-01-16 06:35:00+00:00,30920.0,Península
2023-01-16 06:40:00+00:00,31090.0,Península
2023-01-16 06:45:00+00:00,31374.0,Península
2023-01-16 06:50:00+00:00,31721.0,Península
2023-01-16 06:55:00+00:00,31821.0,Península
2023-01-16 07:00:00+00:00,32168.0,Península
2023-01-16 07:05:00+00:00,32467.0,Península
2023-01-16 07:10:00+00:00,32636.0,Península
2023-01-16 07:15:00+00:00,32918.0,Península
2023-01-16 07:20:00+00:00,33278.0,Península
2023-01-16 07:25:00+00:00,33161.0,Península
2023-01-16 07:30:00+00:00,33286.0,Península
2023-01-16 07:35:00+00:00,33304.0,Península
2023-01-16 07:40:00+00:00,33248.0,Península
2023-01-16 07:45:00+00:00,33168.0,Península
2023-01-16 07:50:00+00:00,33056.0,Península
2023-01-16 07:55:00+00:00,33146.0,Península
2023-01-16 08:00:00+00:00,33255.0,Península
2023-01-16 08:05:00+00:00,33334.0,Península
2023-01-16 08:10:00+00:00,33283.0,Península
2023-01-16 08:15:00+00:00,33339.0,Península
2023-01-16 08:20:00+00:00,33826.0,Península
2023-01-16 08:25:00+00:00,33850.0,Península
2023-01-16 08:30:00+00:00,33977.0,Península
2023-01-16 08:35:00+00:00,34119.0,Península
2023-01-16 08:40:00+00:00,34082.0,Península
2023-01-16 08:45:00+00:00,33919.0,Península
2023-01-16 08:50:00+00:00,34100.0,Península
2023-01-16 08:55:00+00:00,34075.0,Península
2023-01-16 09:00:00+00:00,34137.0,Península
2023-01-16 09:05:00+00:00,34274.0,Península
2023-01-16 09:10:00+00:00,34090.0,Península
2023-01-16 09:15:00+00:00,34186.0,Península
2023-01-16 09:20:00+00:00,34296.0,Península
2023-01-16 09:25:00+00:00,34218.0,Península
2023-01-16 09:30:00+00:00,34327.0,Península
2023-01-16 09:35:00+00:00,34278.0,Península
2023-01-16 09:40:00+00:00,34342.0,Península
2023-01-16 09:45:00+00:00,34271.0,Península
2023-01-16 09:50:00+00:00,34125.0,Península
2023-01-16 09:55:00+00:00,34272.0,Península
2023-01-16 10:00:00+00:00,34192.0,Península
2023-01-16 10:05:00+00:00,34116.0,Península
2023-01-16 10:10:00+00:00,33945.0,Península
2023-01-16 10:15:00+00:00,33786.0,Península
2023-01-16 10:20:00+00:00,33943.0,Península
2023-01-16 10:25:00+00:00,33826.0,Península
2023-01-16 10:30:00+00:00,33737.0,Península
2023-01-16 10:35:00+00:00,33798.0,Península
2023-01-16 10:40:00+00:00,33740.0,Península
2023-01-16 10:45:00+00:00,33852.0,Península
2023-01-16 10:50:00+00:00,33836.0,Península
2023-01-16 10:55:00+00:00,33807.0,Península
2023-01-16 11:00:00+00:00,33770.0,Península
2023-01-16 11:05:00+00:00,33652.0,Península
2023-01-16 11:10:00+00:00,33654.0,Península
2023-01-16 11:15:00+00:00,33608.0,Península
2023-01-16 11:20:00+00:00,33703.0,Península
2023-01-16 11:25:00+00:00,33761.0,Península
2023-01-16 11:30:00+00:00,33644.0,Península
2023-01-16 11:35:00+00:00,33601.0,Península
2023-01-16 11:40:00+00:00,33726.0,Península
2023-01-16 11:45:00+00:00,33583.0,Península
2023-01-16 11:50:00+00:00,33916.0,Península
2023-01-16 11:55:00+00:00,33905.0,Península
2023-01-16 12:00:00+00:00,33883.0,Península
2023-01-16 12:05:00+00:00,33774.0,Península
2023-01-16 12:10:00+00:00,33744.0,Península
2023-01-16 12:15:00+00:00,33813.0,Península
2023-01-16 12:20:00+00:00,33926.0,Península
2023-01-16 12:25:00+00:00,33911.0,Península
2023-01-16 12:30:00+00:00,34034.0,Península
2023-01-16 12:35:00+00:00,33756.0,Península
2023-01-16 12:40:00+00:00,33980.0,Península
2023-01-16 12:45:00+00:00,33977.0,Península
2023-01-16 12:50:00+00:00,33896.0,Península
2023-01-16 12:55:00+00:00,33699.0,Península
2023-01-16 13:00:00+00:00,33378.0,Península
2023-01-16 13:05:00+00:00,33391.0,Península
2023-01-16 13:10:00+00:00,33531.0,Península
2023-01-16 13:15:00+00:00,33592.0,Península
2023-01-16 13:20:00+00:00,33532.0,Península
2023-01-16 13:25:00+00:00,33602.0,Península
2023-01-16 13:30:00+00:00,33641.0,Península
2023-01-16 13:35:00+00:00,33531.0,Península
2023-01-16 13:40:00+00:00,33389.0,Península
2023-01-16 13:45:00+00:00,33334.0,Península
2023-01-16 13:50:00+00:00,33333.0,Península
2023-01-16 13:55:00+00:00,33218.0,Península
2023-01-16 14:00:00+00:00,33118.0,Península
2023-01-16 14:05:00+00:00,33230.0,Península
2023-01-16 14:10:00+00:00,33328.0,Península
2023-01-16 14:15:00+00:00,33083.0,Península
2023-01-16 14:20:00+00:00,33107.0,Península
2023-01-16 14:25:00+00:00,32913.0,Península
2023-01-16 14:30:00+00:00,32904.0,Península
2023-01-16 14:35:00+00:00,32940.0,Península
2023-01-16 14:40:00+00:00,32871.0,Península
2023-01-16 14:45:00+00:00,32822.0,Península
2023-01-16 14:50:00+00:00,32891.0,Península
2023-01-16 14:55:00+00:00,32951.0,Península
2023-01-16 15:00:00+00:00,32648.0,Península
2023-01-16 15:05:00+00:00,32884.0,Península
2023-01-16 15:10:00+00:00,32674.0,Península
2023-01-16 15:15:00+00:00,32706.0,Península
2023-01-16 15:20:00+00:00,32890.0,Península
2023-01-16 15:25:00+00:00,32752.0,Península
2023-01-16 15:30:00+00:00,32829.0,Península
2023-01-16 15:35:00+00:00,32781.0,Península
2023-01-16 15:40:00+00:00,33098.0,Península
2023-01-16 15:45:00+00:00,32735.0,Península
2023-01-16 15:50:00+00:00,32700.0,Península
2023-01-16 15:55:00+00:00,32895.0,Península
2023-01-16 16:00:00+00:00,32706.0,Península
2023-01-16 16:05:00+00:00,33027.0,Península
2023-01-16 16:10:00+00:00,32950.0,Península
2023-01-16 16:15:00+00:00,32791.0,Península
2023-01-16 16:20:00+00:00,32913.0,Península
2023-01-16 16:25:00+00:00,32940.0,Península
2023-01-16 16:30:00+00:00,32781.0,Península
2023-01-16 16:35:00+00:00,33020.0,Península
2023-01-16 16:40:00+00:00,33298.0,Península
2023-01-16 16:45:00+00:00,33120.0,Península
2023-01-16 16:50:00+00:00,33388.0,Península
2023-01-16 16:55:00+00:00,33447.0,Península
2023-01-16 17:00:00+00:00,33482.0,Península
2023-01-16 17:05:00+00:00,33615.0,Península
2023-01-16 17:10:00+00:00,33496.0,Península
2023-01-16 17:15:00+00:00,33721.0,Península
2023-01-16 17:20:00+00:00,33939.0,Península
2023-01-16 17:25:00+00:00,34025.0,Península
2023-01-16 17:30:00+00:00,34295.0,Península
2023-01-16 17:35:00+00:00,34464.0,Península
2023-01-16 17:40:00+00:00,34584.0,Península
2023-01-16 17:45:00+00:00,34724.0,Península
2023-01-16 17:50:00+00:00,34789.0,Península
2023-01-16 17:55:00+00:00,34774.0,Península
2023-01-16 18:00:00+00:00,34930.0,Península
2023-01-16 18:05:00+00:00,34872.0,Península
2023-01-16 18:10:00+00:00,34879.0,Península
2023-01-16 18:15:00+00:00,34894.0,Península
2023-01-16 18:20:00+00:00,35116.0,Península
2023-01-16 18:25:00+00:00,35212.0,Península
2023-01-16 18:30:00+00:00,35336.0,Península
2023-01-16 18:35:00+00:00,35379.0,Península
2023-01-16 18:40:00+00:00,35551.0,Península
2023-01-16 18:45:00+00:00,35496.0,Península
2023-01-16 18:50:00+00:00,35704.0,Península
2023-01-16 18:55:00+00:00,35661.0,Península
2023-01-16 19:00:00+00:00,35481.0,Península
2023-01-16 19:05:00+00:00,35613.0,Península
2023-01-16 19:10:00+00:00,35599.0,Península
2023-01-16 19:15:00+00:00,35632.0,Península
2023-01-16 19:20:00+00:00,35720.0,Península
2023-01-16 19:25:00+00:00,35789.0,Península
2023-01-16 19:30:00+00:00,35836.0,Península
2023-01-16 19:35:00+00:00,35845.0,Península
2023-01-16 19:40:00+00:00,35769.0,Península
2023-01-16 19:45:00+00:00,35707.0,Península
2023-01-16 19:50:00+00:00,35820.0,Península
2023-01-16 19:55:00+00:00,35661.0,Península
2023-01-16 20:00:00+00:00,35352.0,Península
2023-01-16 20:05:00+00:00,35437.0,Península
2023-01-16 20:10:00+00:00,35306.0,Península
2023-01-16 20:15:00+00:00,35172.0,Península
2023-01-16 20:20:00+00:00,35167.0,Península
2023-01-16 20:25:00+00:00,34854.0,Península
2023-01-16 20:30:00+00:00,34561.0,Península
2023-01-16 20:35:00+00:00,34564.0,Península
2023-01-16 20:40:00+00:00,34015.0,Península
2023-01-16 20:45:00+00:00,33665.0,Península
2023-01-16 20:50:00+00:00,33160.0,Península
2023-01-16 20:55:00+00:00,33021.0,Península
2023-01-16 21:00:00+00:00,32535.0,Península
2023-01-16 21:05:00+00:00,32192.0,Península
2023-01-16 21:10:00+00:00,31942.0,Península
2023-01-16 21:15:00+00:00,31684.0,Península
2023-01-16 21:20:00+00:00,31428.0,Península
2023-01-16 21:25:00+00:00,31365.0,Península
2023-01-16 21:30:00+00:00,31011.0,Península
2023-01-16 21:35:00+00:00,30941.0,Península
2023-01-16 21:40:00+00:00,30654.0,Península
2023-01-16 21:45:00+00:00,30216.0,Península
2023-01-16 21:50:00+00:00,30152.0,Península
2023-01-16 21:55:00+00:00,29538.0,Península
2023-01-16 22:00:00+00:00,29363.0,Península
2023-01-16 22:05:00+00:00,29083.0,Península
2023-01-16 22:10:00+00:00,28689.0,Península
2023-01-16 22:15:00+00:00,28428.0,Península
2023-01-16 22:20:00+00:00,28099.0,Península
2023-01-16 22:25:00+00:00,27879.0,Península
2023-01-16 22:30:00+00:00,27584.0,Península
2023-01-16 22:35:00+00:00,27463.0,Península
2023-01-16 22:40:00+00:00,27396.0,Península
2023-01-16 22:45:00+00:00,27071.0,Península
2023-01-16 22:50:00+00:00,26736.0,Península
2023-01-16 22:55:00+00:00,26567.0,Península
2023-01-16 23:00:00+00:00,26125.0,Península
2023-01-16 23:05:00+00:00,26351.0,Península
2023-01-16 23:10:00+00:00,26191.0,Península
2023-01-16 23:15:00+00:00,26330.0,Península
2023-01-16 23:20:00+00:00,26195.0,Península
2023-01-16 23:25:00+00:00,25997.0,Península
2023-01-16 23:30:00+00:00,25787.0,Península
2023-01-16 23:35:00+00:00,25676.0,Península
2023-01-16 23:40:00+00:00,25672.0,Península
2023-01-16 23:45:00+00:00,25513.0,Península
2023-01-16 23:50:00+00:00,25419.0,Península
2023-01-16 23:55:00+00:00,24853.0,Península
2023-01-17 00:00:00+00:00,24764.0,Península
2023-01-17 00:05:00+00:00,24696.0,Península
2023-01-17 00:10:00+00:00,24839.0,Península
2023-01-17 00:15:00+00:00,24527.0,Península
2023-01-17 00:20:00+00:00,24626.0,Península
2023-01-17 00:25:00+00:00,24494.0,Península
2023-01-17 00:30:00+00:00,24450.0,Península
2023-01-17 00:35:00+00:00,24308.0,Península
2023-01-17 00:40:00+00:00,24105.0,Península
2023-01-17 00:45:00+00:00,23989.0,Península
2023-01-17 00:50:00+00:00,24029.0,Península
2023-01-17 00:55:00+00:00,23825.0,Península
2023-01-17 01:00:00+00:00,23631.0,Península
2023-01-17 01:05:00+00:00,24067.0,Península
2023-01-17 01:10:00+00:00,23741.0,Península
2023-01-17 01:15:00+00:00,23639.0,Península
2023-01-17 01:20:00+00:00,23456.0,Península
2023-01-17 01:25:00+00:00,23249.0,Península
2023-01-17 01:30:00+00:00,23114.0,Península
2023-01-17 01:35:00+00:00,23185.0,Península
2023-01-17 01:40:00+00:00,23179.0,Península
2023-01-17 01:45:00+00:00,23281.0,Península
2023-01-17 01:50:00+00:00,23120.0,Península
2023-01-17 01:55:00+00:00,23205.0,Península
2023-01-17 02:00:00+00:00,22975.0,Península
2023-01-17 02:05:00+00:00,22846.0,Península
2023-01-17 02:10:00+00:00,22993.0,Península
2023-01-17 02:15:00+00:00,22963.0,Península
2023-01-17 02:20:00+00:00,23019.0,Península
2023-01-17 02:25:00+00:00,22893.0,Península
2023-01-17 02:30:00+00:00,22725.0,Península
2023-01-17 02:35:00+00:00,22765.0,Península
2023-01-17 02:40:00+00:00,22784.0,Península
2023-01-17 02:45:00+00:00,22612.0,Península
2023-01-17 02:50:00+00:00,22926.0,Península
2023-01-17 02:55:00+00:00,22696.0,Península
2023-01-17 03:00:00+00:00,22826.0,Península
2023-01-17 03:05:00+00:00,22762.0,Península
2023-01-17 03:10:00+00:00,22880.0,Península
2023-01-17 03:15:00+00:00,22848.0,Península
2023-01-17 03:20:00+00:00,22701.0,Península
2023-01-17 03:25:00+00:00,22533.0,Península
2023-01-17 03:30:00+00:00,22518.0,Península
2023-01-17 03:35:00+00:00,22831.0,Península
2023-01-17 03:40:00+00:00,22804.0,Península
2023-01-17 03:45:00+00:00,23010.0,Península
2023-01-17 03:50:00+00:00,22803.0,Península
2023-01-17 03:55:00+00:00,23066.0,Península
2023-01-17 04:00:00+00:00,23024.0,Península
2023-01-17 04:05:00+00:00,23150.0,Península
2023-01-17 04:10:00+00:00,23346.0,Península
2023-01-17 04:15:00+00:00,23079.0,Península
2023-01-17 04:20:00+00:00,23372.0,Península
2023-01-17 04:25:00+00:00,23149.0,Península
2023-01-17 04:30:00+00:00,23390.0,Península
2023-01-17 04:35:00+00:00,23474.0,Península
2023-01-17 04:40:00+00:00,23710.0,Península
2023-01-17 04:45:00+00:00,23793.0,Península
2023-01-17 04:50:00+00:00,23684.0,Península
2023-01-17 04:55:00+00:00,23920.0,Península
2023-01-17 05:00:00+00:00,24242.0,Península
2023-01-17 05:05:00+00:00,24841.0,Península
2023-01-17 05:10:00+00:00,25093.0,Península
2023-01-17 05:15:00+00:00,25613.0,Península
2023-01-17 05:20:00+00:00,25822.0,Península
2023-01-17 05:25:00+00:00,26045.0,Península
2023-01-17 05:30:00+00:00,26094.0,Península
2023-01-17 05:35:00+00:00,26356.0,Península
2023-01-17 05:40:00+00:00,26745.0,Península
2023-01-17 05:45:00+00:00,26860.0,Península
2023-01-17 05:50:00+00:00,27437.0,Península
2023-01-17 05:55:00+00:00,27670.0,Península
2023-01-17 06:00:00+00:00,28375.0,Península
2023-01-17 06:05:00+00:00,28968.0,Península
2023-01-17 06:10:00+00:00,29449.0,Península
2023-01-17 06:15:00+00:00,29596.0,Península
2023-01-17 06:20:00+00:00,30036.0,Península
2023-01-17 06:25:00+00:00,30369.0,Península
2023-01-17 06:30:00+00:00,30547.0,Península
2023-01-17 06:35:00+00:00,30714.0,Península
2023-01-17 06:40:00+00:00,31036.0,Península
2023-01-17 06:45:00+00:00,31407.0,Península
2023-01-17 06:50:00+00:00,31731.0,Península
2023-01-17 06:55:00+00:00,31743.0,Península
2023-01-17 07:00:00+00:00,31964.0,Península
2023-01-17 07:05:00+00:00,32146.0,Península
2023-01-17 07:10:00+00:00,32424.0,Península
2023-01-17 07:15:00+00:00,32455.0,Península
2023-01-17 07:20:00+00:00,32727.0,Península
2023-01-17 07:25:00+00:00,32576.0,Península
2023-01-17 07:30:00+00:00,32638.0,Península
2023-01-17 07:35:00+00:00,32880.0,Península
2023-01-17 07:40:00+00:00,32835.0,Península
2023-01-17 07:45:00+00:00,32661.0,Península
2023-01-17 07:50:00+00:00,32702.0,Península
2023-01-17 07:55:00+00:00,32608.0,Península
2023-01-17 08:00:00+00:00,32651.0,Península
2023-01-17 08:05:00+00:00,33187.0,Península
2023-01-17 08:10:00+00:00,33183.0,Península
2023-01-17 08:15:00+00:00,33132.0,Península
2023-01-17 08:20:00+00:00,33335.0,Península
2023-01-17 08:25:00+00:00,33337.0,Península
2023-01-17 08:30:00+00:00,33396.0,Península
2023-01-17 08:35:00+00:00,33520.0,Península
2023-01-17 08:40:00+00:00,33429.0,Península
2023-01-17 08:45:00+00:00,33191.0,Península
2023-01-17 08:50:00+00:00,33425.0,Península
2023-01-17 08:55:00+00:00,33476.0,Península
2023-01-17 09:00:00+00:00,33295.0,Península
2023-01-17 09:05:00+00:00,33279.0,Península
2023-01-17 09:10:00+00:00,33308.0,Península
2023-01-17 09:15:00+00:00,33262.0,Península
2023-01-17 09:20:00+00:00,33206.0,Península
2023-01-17 09:25:00+00:00,33318.0,Península
2023-01-17 09:30:00+00:00,33116.0,Península
2023-01-17 09:35:00+00:00,33243.0,Península
2023-01-17 09:40:00+00:00,33364.0,Península
2023-01-17 09:45:00+00:00,33396.0,Península
2023-01-17 09:50:00+00:00,33240.0,Península
2023-01-17 09:55:00+00:00,33177.0,Península
2023-01-17 10:00:00+00:00,32955.0,Península
2023-01-17 10:05:00+00:00,33023.0,Península
2023-01-17 10:10:00+00:00,32829.0,Península
2023-01-17 10:15:00+00:00,32903.0,Península
2023-01-17 10:20:00+00:00,33128.0,Península
2023-01-17 10:25:00+00:00,32757.0,Península
2023-01-17 10:30:00+00:00,32880.0,Península
2023-01-17 10:35:00+00:00,32964.0,Península
2023-01-17 10:40:00+00:00,32782.0,Península
2023-01-17 10:45:00+00:00,32671.0,Península
2023-01-17 10:50:00+00:00,32667.0,Península
2023-01-17 10:55:00+00:00,32490.0,Península
2023-01-17 11:00:00+00:00,33086.0,Península
2023-01-17 11:05:00+00:00,32765.0,Península
2023-01-17 11:10:00+00:00,32694.0,Península
2023-01-17 11:15:00+00:00,32648.0,Península
2023-01-17 11:20:00+00:00,32554.0,Península
2023-01-17 11:25:00+00:00,32727.0,Península
2023-01-17 11:30:00+00:00,32865.0,Península
2023-01-17 11:35:00+00:00,32970.0,Península
2023-01-17 11:40:00+00:00,32875.0,Península
2023-01-17 11:45:00+00:00,32787.0,Península
2023-01-17 11:50:00+00:00,32658.0,Península
2023-01-17 11:55:00+00:00,32860.0,Península
2023-01-17 12:00:00+00:00,32850.0,Península
2023-01-17 12:05:00+00:00,32719.0,Península
2023-01-17 12:10:00+00:00,32735.0,Península
2023-01-17 12:15:00+00:00,32911.0,Península
2023-01-17 12:20:00+00:00,32947.0,Península
2023-01-17 12:25:00+00:00,32878.0,Península
2023-01-17 12:30:00+00:00,32739.0,Península
2023-01-17 12:35:00+00:00,32880.0,Península
2023-01-17 12:40:00+00:00,32706.0,Península
2023-01-17 12:45:00+00:00,32465.0,Península
2023-01-17 12:50:00+00:00,32597.0,Península
2023-01-17 12:55:00+00:00,32499.0,Península
2023-01-17 13:00:00+00:00,32102.0,Península
2023-01-17 13:05:00+00:00,32058.0,Península
2023-01-17 13:10:00+00:00,31998.0,Península
2023-01-17 13:15:00+00:00,32317.0,Península
2023-01-17 13:20:00+00:00,32192.0,Península
2023-01-17 13:25:00+00:00,32389.0,Península
2023-01-17 13:30:00+00:00,32236.0,Península
2023-01-17 13:35:00+00:00,32156.0,Península
2023-01-17 13:40:00+00:00,32214.0,Península
2023-01-17 13:45:00+00:00,31915.0,Península
2023-01-17 13:50:00+00:00,31864.0,Península
2023-01-17 13:55:00+00:00,31698.0,Península
2023-01-17 14:00:00+00:00,31647.0,Península
2023-01-17 14:05:00+00:00,31429.0,Península
2023-01-17 14:10:00+00:00,31712.0,Península
2023-01-17 14:15:00+00:00,31490.0,Península
2023-01-17 14:20:00+00:00,31527.0,Península
2023-01-17 14:25:00+00:00,31453.0,Península
2023-01-17 14:30:00+00:00,31459.0,Península
2023-01-17 14:35:00+00:00,31264.0,Península
2023-01-17 14:40:00+00:00,31275.0,Península
2023-01-17 14:45:00+00:00,31345.0,Península
2023-01-17 14:50:00+00:00,31490.0,Península
2023-01-17 14:55:00+00:00,31785.0,Península
2023-01-17 15:00:00+00:00,31694.0,Península
2023-01-17 15:05:00+00:00,31795.0,Península
2023-01-17 15:10:00+00:00,31870.0,Península
2023-01-17 15:15:00+00:00,31816.0,Península
2023-01-17 15:20:00+00:00,31544.0,Península
2023-01-17 15:25:00+00:00,31566.0,Península
2023-01-17 15:30:00+00:00,31668.0,Península
2023-01-17 15:35:00+00:00,31461.0,Península
2023-01-17 15:40:00+00:00,31505.0,Península
2023-01-17 15:45:00+00:00,31663.0,Península
2023-01-17 15:50:00+00:00,32148.0,Península
2023-01-17 15:55:00+00:00,32001.0,Península
2023-01-17 16:00:00+00:00,31988.0,Península
2023-01-17 16:05:00+00:00,31929.0,Península
2023-01-17 16:10:00+00:00,32169.0,Península
2023-01-17 16:15:00+00:00,32065.0,Península
2023-01-17 16:20:00+00:00,32245.0,Península
2023-01-17 16:25:00+00:00,32295.0,Península
2023-01-17 16:30:00+00:00,32476.0,Península
2023-01-17 16:35:00+00:00,32511.0,Península
2023-01-17 16:40:00+00:00,32652.0,Península
2023-01-17 16:45:00+00:00,32677.0,Península
2023-01-17 16:50:00+00:00,32933.0,Península
2023-01-17 16:55:00+00:00,32980.0,Península
2023-01-17 17:00:00+00:00,32827.0,Península
2023-01-17 17:05:00+00:00,33003.0,Península
2023-01-17 17:10:00+00:00,33149.0,Península
2023-01-17 17:15:00+00:00,33319.0,Península
2023-01-17 17:20:00+00:00,33635.0,Península
2023-01-17 17:25:00+00:00,33906.0,Península
2023-01-17 17:30:00+00:00,34038.0,Península
2023-01-17 17:35:00+00:00,34180.0,Península
2023-01-17 17:40:00+00:00,34427.0,Península
2023-01-17 17:45:00+00:00,34432.0,Península
2023-01-17 17:50:00+00:00,34571.0,Península
2023-01-17 17:55:00+00:00,34597.0,Península
2023-01-17 18:00:00+00:00,34824.0,Península
2023-01-17 18:05:00+00:00,34987.0,Península
2023-01-17 18:10:00+00:00,35042.0,Península
2023-01-17 18:15:00+00:00,35278.0,Península
2023-01-17 18:20:00+00:00,35434.0,Península
2023-01-17 18:25:00+00:00,35647.0,Península
2023-01-17 18:30:00+00:00,35479.0,Península
2023-01-17 18:35:00+00:00,35586.0,Península
2023-01-17 18:40:00+00:00,35501.0,Península
2023-01-17 18:45:00+00:00,35573.0,Península
2023-01-17 18:50:00+00:00,35611.0,Península
2023-01-17 18:55:00+00:00,35865.0,Península
2023-01-17 19:00:00+00:00,35848.0,Península
2023-01-17 19:05:00+00:00,35827.0,Península
2023-01-17 19:10:00+00:00,35966.0,Península
2023-01-17 19:15:00+00:00,36060.0,Península
2023-01-17 19:20:00+00:00,35957.0,Península
2023-01-17 19:25:00+00:00,36217.0,Península
2023-01-17 19:30:00+00:00,35875.0,Península
2023-01-17 19:35:00+00:00,35955.0,Península
2023-01-17 19:40:00+00:00,35982.0,Península
2023-01-17 19:45:00+00:00,35898.0,Península
2023-01-17 19:50:00+00:00,35908.0,Península
2023-01-17 19:55:00+00:00,35980.0,Península
2023-01-17 20:00:00+00:00,35856.0,Península
2023-01-17 20:05:00+00:00,35728.0,Península
2023-01-17 20:10:00+00:00,35631.0,Península
2023-01-17 20:15:00+00:00,35448.0,Península
2023-01-17 20:20:00+00:00,35513.0,Península
2023-01-17 20:25:00+00:00,35442.0,Península
2023-01-17 20:30:00+00:00,35119.0,Península
2023-01-17 20:35:00+00:00,34810.0,Península
2023-01-17 20:40:00+00:00,34222.0,Península
2023-01-17 20:45:00+00:00,33973.0,Península
2023-01-17 20:50:00+00:00,33728.0,Península
2023-01-17 20:55:00+00:00,33391.0,Península
2023-01-17 21:00:00+00:00,32966.0,Península
2023-01-17 21:05:00+00:00,32703.0,Península
2023-01-17 21:10:00+00:00,32481.0,Península
2023-01-17 21:15:00+00:00,32154.0,Península
2023-01-17 21:20:00+00:00,31936.0,Península
2023-01-17 21:25:00+00:00,31811.0,Península
2023-01-17 21:30:00+00:00,31595.0,Península
2023-01-17 21:35:00+00:00,31165.0,Península
2023-01-17 21:40:00+00:00,30794.0,Península
2023-01-17 21:45:00+00:00,30299.0,Península
2023-01-17 21:50:00+00:00,30151.0,Península
2023-01-17 21:55:00+00:00,29836.0,Península
2023-01-17 22:00:00+00:00,29653.0,Península
2023-01-17 22:05:00+00:00,29223.0,Península
2023-01-17 22:10:00+00:00,29075.0,Península
2023-01-17 22:15:00+00:00,28826.0,Península
2023-01-17 22:20:00+00:00,28623.0,Península
2023-01-17 22:25:00+00:00,28257.0,Península
2023-01-17 22:30:00+00:00,27959.0,Península
2023-01-17 22:35:00+00:00,27798.0,Península
2023-01-17 22:40:00+00:00,27625.0,Península
2023-01-17 22:45:00+00:00,27447.0,Península
2023-01-17 22:50:00+00:00,27071.0,Península
2023-01-17 22:55:00+00:00,26701.0,Península
2023-01-17 23:00:00+00:00,26608.0,Península
2023-01-17 23:05:00+00:00,26966.0,Península
2023-01-17 23:10:00+00:00,27119.0,Península
2023-01-17 23:15:00+00:00,26771.0,Península
2023-01-17 23:20:00+00:00,26535.0,Península
2023-01-17 23:25:00+00:00,26653.0,Península
2023-01-17 23:30:00+00:00,26959.0,Península
2023-01-17 23:35:00+00:00,26011.0,Península
2023-01-17 23:40:00+00:00,25946.0,Península
2023-01-17 23:45:00+00:00,26021.0,Península
2023-01-17 23:50:00+00:00,25672.0,Península
2023-01-17 23:55:00+00:00,25283.0,Península
2023-01-18 00:00:00+00:00,25209.0,Península
2023-01-18 00:05:00+00:00,25364.0,Península
2023-01-18 00:10:00+00:00,25001.0,Península
2023-01-18 00:15:00+00:00,25015.0,Península
2023-01-18 00:20:00+00:00,24641.0,Península
2023-01-18 00:25:00+00:00,24885.0,Península
2023-01-18 00:30:00+00:00,24682.0,Península
2023-01-18 00:35:00+00:00,24367.0,Península
2023-01-18 00:40:00+00:00,24469.0,Península
2023-01-18 00:45:00+00:00,24297.0,Península
2023-01-18 00:50:00+00:00,24310.0,Península
2023-01-18 00:55:00+00:00,24229.0,Península
2023-01-18 01:00:00+00:00,23964.0,Península
2023-01-18 01:05:00+00:00,23760.0,Península
2023-01-18 01:10:00+00:00,23580.0,Península
2023-01-18 01:15:00+00:00,23594.0,Península
2023-01-18 01:20:00+00:00,23671.0,Península
2023-01-18 01:25:00+00:00,23531.0,Península
2023-01-18 01:30:00+00:00,23490.0,Península
2023-01-18 01:35:00+00:00,23497.0,Península
2023-01-18 01:40:00+00:00,23420.0,Península
2023-01-18 01:45:00+00:00,23389.0,Península
2023-01-18 01:50:00+00:00,23119.0,Península
2023-01-18 01:55:00+00:00,23121.0,Península
2023-01-18 02:00:00+00:00,23168.0,Península
2023-01-18 02:05:00+00:00,23184.0,Península
2023-01-18 02:10:00+00:00,23138.0,Península
2023-01-18 02:15:00+00:00,23114.0,Península
2023-01-18 02:20:00+00:00,23287.0,Península
2023-01-18 02:25:00+00:00,23179.0,Península
2023-01-18 02:30:00+00:00,23301.0,Península
2023-01-18 02:35:00+00:00,23218.0,Península
2023-01-18 02:40:00+00:00,23172.0,Península
2023-01-18 02:45:00+00:00,23243.0,Península
2023-01-18 02:50:00+00:00,22990.0,Península
2023-01-18 02:55:00+00:00,22835.0,Península
2023-01-18 03:00:00+00:00,23008.0,Península
2023-01-18 03:05:00+00:00,23194.0,Península
2023-01-18 03:10:00+00:00,23147.0,Península
2023-01-18 03:15:00+00:00,22880.0,Península
2023-01-18 03:20:00+00:00,22887.0,Península
2023-01-18 03:25:00+00:00,23112.0,Península
2023-01-18 03:30:00+00:00,23204.0,Península
2023-01-18 03:35:00+00:00,23162.0,Península
2023-01-18 03:40:00+00:00,23045.0,Península
2023-01-18 03:45:00+00:00,23246.0,Península
2023-01-18 03:50:00+00:00,23351.0,Península
2023-01-18 03:55:00+00:00,23254.0,Península
2023-01-18 04:00:00+00:00,23130.0,Península
2023-01-18 04:05:00+00:00,23296.0,Península
2023-01-18 04:10:00+00:00,23474.0,Península
2023-01-18 04:15:00+00:00,23703.0,Península
2023-01-18 04:20:00+00:00,23682.0,Península
2023-01-18 04:25:00+00:00,23790.0,Península
2023-01-18 04:30:00+00:00,23873.0,Península
2023-01-18 04:35:00+00:00,24145.0,Península
2023-01-18 04:40:00+00:00,23990.0,Península
2023-01-18 04:45:00+00:00,24155.0,Península
2023-01-18 04:50:00+00:00,24070.0,Península
2023-01-18 04:55:00+00:00,24303.0,Península
2023-01-18 05:00:00+00:00,24610.0,Península
2023-01-18 05:05:00+00:00,25337.0,Península
2023-01-18 05:10:00+00:00,25818.0,Península
2023-01-18 05:15:00+00:00,25895.0,Península
2023-01-18 05:20:00+00:00,26411.0,Península
2023-01-18 05:25:00+00:00,26546.0,Península
2023-01-18 05:30:00+00:00,26649.0,Península
2023-01-18 05:35:00+00:00,27364.0,Península
2023-01-18 05:40:00+00:00,27359.0,Península
2023-01-18 05:45:00+00:00,27558.0,Península
2023-01-18 05:50:00+00:00,28114.0,Península
2023-01-18 05:55:00+00:00,28439.0,Península
2023-01-18 06:00:00+00:00,28879.0,Península
2023-01-18 06:05:00+00:00,29453.0,Península
2023-01-18 06:10:00+00:00,30072.0,Península
2023-01-18 06:15:00+00:00,30559.0,Península
2023-01-18 06:20:00+00:00,31095.0,Península
2023-01-18 06:25:00+00:00,31358.0,Península
2023-01-18 06:30:00+00:00,31608.0,Península
2023-01-18 06:35:00+00:00,31970.0,Península
2023-01-18 06:40:00+00:00,32503.0,Península
2023-01-18 06:45:00+00:00,32795.0,Península
2023-01-18 06:50:00+00:00,32903.0,Península
2023-01-18 06:55:00+00:00,33126.0,Península
2023-01-18 07:00:00+00:00,33152.0,Península
2023-01-18 07:05:00+00:00,33620.0,Península
2023-01-18 07:10:00+00:00,33873.0,Península
2023-01-18 07:15:00+00:00,33773.0,Península
2023-01-18 07:20:00+00:00,34004.0,Península
2023-01-18 07:25:00+00:00,34046.0,Península
2023-01-18 07:30:00+00:00,34229.0,Península
2023-01-18 07:35:00+00:00,34041.0,Península
2023-01-18 07:40:00+00:00,34259.0,Península
2023-01-18 07:45:00+00:00,34119.0,Península
2023-01-18 07:50:00+00:00,34161.0,Península
2023-01-18 07:55:00+00:00,33850.0,Península
2023-01-18 08:00:00+00:00,34131.0,Península
2023-01-18 08:05:00+00:00,34156.0,Península
2023-01-18 08:10:00+00:00,34305.0,Península
2023-01-18 08:15:00+00:00,34417.0,Península
2023-01-18 08:20:00+00:00,34395.0,Península
2023-01-18 08:25:00+00:00,34516.0,Península
2023-01-18 08:30:00+00:00,34518.0,Península
2023-01-18 08:35:00+00:00,34613.0,Península
2023-01-18 08:40:00+00:00,34556.0,Península
2023-01-18 08:45:00+00:00,34595.0,Península
2023-01-18 08:50:00+00:00,34689.0,Península
2023-01-18 08:55:00+00:00,34609.0,Península
2023-01-18 09:00:00+00:00,34221.0,Península
2023-01-18 09:05:00+00:00,34367.0,Península
2023-01-18 09:10:00+00:00,34325.0,Península
2023-01-18 09:15:00+00:00,34386.0,Península
2023-01-18 09:20:00+00:00,34353.0,Península
2023-01-18 09:25:00+00:00,34344.0,Península
2023-01-18 09:30:00+00:00,34225.0,Península
2023-01-18 09:35:00+00:00,34260.0,Península
2023-01-18 09:40:00+00:00,34320.0,Península
2023-01-18 09:45:00+00:00,34026.0,Península
2023-01-18 09:50:00+00:00,34265.0,Península
2023-01-18 09:55:00+00:00,33956.0,Península
2023-01-18 10:00:00+00:00,33517.0,Península
2023-01-18 10:05:00+00:00,33767.0,Península
2023-01-18 10:10:00+00:00,33856.0,Península
2023-01-18 10:15:00+00:00,33778.0,Península
2023-01-18 10:20:00+00:00,33512.0,Península
2023-01-18 10:25:00+00:00,33440.0,Península
2023-01-18 10:30:00+00:00,33675.0,Península
2023-01-18 10:35:00+00:00,33571.0,Península
2023-01-18 10:40:00+00:00,33495.0,Península
2023-01-18 10:45:00+00:00,33326.0,Península
2023-01-18 10:50:00+00:00,33337.0,Península
2023-01-18 10:55:00+00:00,33345.0,Península
2023-01-18 11:00:00+00:00,33420.0,Península
2023-01-18 11:05:00+00:00,33432.0,Península
2023-01-18 11:10:00+00:00,33577.0,Península
2023-01-18 11:15:00+00:00,33445.0,Península
2023-01-18 11:20:00+00:00,33468.0,Península
2023-01-18 11:25:00+00:00,33191.0,Península
2023-01-18 11:30:00+00:00,33360.0,Península
2023-01-18 11:35:00+00:00,33289.0,Península
2023-01-18 11:40:00+00:00,33681.0,Península
2023-01-18 11:45:00+00:00,33662.0,Península
2023-01-18 11:50:00+00:00,33777.0,Península
2023-01-18 11:55:00+00:00,33867.0,Península
2023-01-18 12:00:00+00:00,33872.0,Península
2023-01-18 12:05:00+00:00,33685.0,Península
2023-01-18 12:10:00+00:00,33721.0,Península
2023-01-18 12:15:00+00:00,33398.0,Península
2023-01-18 12:20:00+00:00,33697.0,Península
2023-01-18 12:25:00+00:00,33698.0,Península
2023-01-18 12:30:00+00:00,33792.0,Península
2023-01-18 12:35:00+00:00,33727.0,Península
2023-01-18 12:40:00+00:00,33683.0,Península
2023-01-18 12:45:00+00:00,33646.0,Península
2023-01-18 12:50:00+00:00,33794.0,Península
2023-01-18 12:55:00+00:00,33619.0,Península
2023-01-18 13:00:00+00:00,33168.0,Península
2023-01-18 13:05:00+00:00,33083.0,Península
2023-01-18 13:10:00+00:00,33080.0,Península
2023-01-18 13:15:00+00:00,32836.0,Península
2023-01-18 13:20:00+00:00,33313.0,Península
2023-01-18 13:25:00+00:00,33288.0,Península
2023-01-18 13:30:00+00:00,33122.0,Península
2023-01-18 13:35:00+00:00,33063.0,Península
2023-01-18 13:40:00+00:00,33026.0,Península
2023-01-18 13:45:00+00:00,32909.0,Península
2023-01-18 13:50:00+00:00,32782.0,Península
2023-01-18 13:55:00+00:00,32515.0,Península
2023-01-18 14:00:00+00:00,32682.0,Península
2023-01-18 14:05:00+00:00,32485.0,Península
2023-01-18 14:10:00+00:00,32409.0,Península
2023-01-18 14:15:00+00:00,32403.0,Península
2023-01-18 14:20:00+00:00,32514.0,Península
2023-01-18 14:25:00+00:00,32302.0,Península
2023-01-18 14:30:00+00:00,32052.0,Península
2023-01-18 14:35:00+00:00,32180.0,Península
2023-01-18 14:40:00+00:00,32213.0,Península
2023-01-18 14:45:00+00:00,32051.0,Península
2023-01-18 14:50:00+00:00,32366.0,Península
2023-01-18 14:55:00+00:00,32284.0,Península
2023-01-18 15:00:00+00:00,32390.0,Península
2023-01-18 15:05:00+00:00,32217.0,Península
2023-01-18 15:10:00+00:00,32365.0,Península
2023-01-18 15:15:00+00:00,32223.0,Península
2023-01-18 15:20:00+00:00,32428.0,Península
2023-01-18 15:25:00+00:00,32509.0,Península
2023-01-18 15:30:00+00:00,32369.0,Península
2023-01-18 15:35:00+00:00,32205.0,Península
2023-01-18 15:40:00+00:00,32367.0,Península
2023-01-18 15:45:00+00:00,32170.0,Península
2023-01-18 15:50:00+00:00,32396.0,Península
2023-01-18 15:55:00+00:00,32486.0,Península
2023-01-18 16:00:00+00:00,32461.0,Península
2023-01-18 16:05:00+00:00,32450.0,Península
2023-01-18 16:10:00+00:00,32293.0,Península
2023-01-18 16:15:00+00:00,32397.0,Península
2023-01-18 16:20:00+00:00,32612.0,Península
2023-01-18 16:25:00+00:00,32824.0,Península
2023-01-18 16:30:00+00:00,32756.0,Península
2023-01-18 16:35:00+00:00,32924.0,Península
2023-01-18 16:40:00+00:00,32902.0,Península
2023-01-18 16:45:00+00:00,32829.0,Península
2023-01-18 16:50:00+00:00,33110.0,Península
2023-01-18 16:55:00+00:00,33172.0,Península
2023-01-18 17:00:00+00:00,33290.0,Península
2023-01-18 17:05:00+00:00,33804.0,Península
2023-01-18 17:10:00+00:00,33831.0,Península
2023-01-18 17:15:00+00:00,34138.0,Península
2023-01-18 17:20:00+00:00,34349.0,Península
2023-01-18 17:25:00+00:00,34619.0,Península
2023-01-18 17:30:00+00:00,34849.0,Península
2023-01-18 17:35:00+00:00,35067.0,Península
2023-01-18 17:40:00+00:00,35158.0,Península
2023-01-18 17:45:00+00:00,35147.0,Península
2023-01-18 17:50:00+00:00,35582.0,Península
2023-01-18 17:55:00+00:00,35788.0,Península
2023-01-18 18:00:00+00:00,35759.0,Península
2023-01-18 18:05:00+00:00,36098.0,Península
2023-01-18 18:10:00+00:00,35969.0,Península
2023-01-18 18:15:00+00:00,35937.0,Península
2023-01-18 18:20:00+00:00,36265.0,Península
2023-01-18 18:25:00+00:00,36195.0,Península
2023-01-18 18:30:00+00:00,36300.0,Península
2023-01-18 18:35:00+00:00,36365.0,Península
2023-01-18 18:40:00+00:00,36513.0,Península
2023-01-18 18:45:00+00:00,36429.0,Península
2023-01-18 18:50:00+00:00,36611.0,Península
2023-01-18 18:55:00+00:00,36621.0,Península
2023-01-18 19:00:00+00:00,36556.0,Península
2023-01-18 19:05:00+00:00,36753.0,Península
2023-01-18 19:10:00+00:00,36683.0,Península
2023-01-18 19:15:00+00:00,36769.0,Península
2023-01-18 19:20:00+00:00,36633.0,Península
2023-01-18 19:25:00+00:00,36809.0,Península
2023-01-18 19:30:00+00:00,36894.0,Península
2023-01-18 19:35:00+00:00,36959.0,Península
2023-01-18 19:40:00+00:00,37032.0,Península
2023-01-18 19:45:00+00:00,36886.0,Península
2023-01-18 19:50:00+00:00,36876.0,Península
2023-01-18 19:55:00+00:00,36666.0,Península
2023-01-18 20:00:00+00:00,36489.0,Península
2023-01-18 20:05:00+00:00,36423.0,Península
2023-01-18 20:10:00+00:00,36277.0,Península
2023-01-18 20:15:00+00:00,36226.0,Península
2023-01-18 20:20:00+00:00,36118.0,Península
2023-01-18 20:25:00+00:00,36137.0,Península
2023-01-18 20:30:00+00:00,35624.0,Península
2023-01-18 20:35:00+00:00,35307.0,Península
2023-01-18 20:40:00+00:00,35072.0,Península
2023-01-18 20:45:00+00:00,34657.0,Península
2023-01-18 20:50:00+00:00,34480.0,Península
2023-01-18 20:55:00+00:00,34023.0,Península
2023-01-18 21:00:00+00:00,33670.0,Península
2023-01-18 21:05:00+00:00,33288.0,Península
2023-01-18 21:10:00+00:00,33062.0,Península
2023-01-18 21:15:00+00:00,32784.0,Península
2023-01-18 21:20:00+00:00,32692.0,Península
2023-01-18 21:25:00+00:00,32326.0,Península
2023-01-18 21:30:00+00:00,32032.0,Península
2023-01-18 21:35:00+00:00,31982.0,Península
2023-01-18 21:40:00+00:00,31661.0,Península
2023-01-18 21:45:00+00:00,31285.0,Península
2023-01-18 21:50:00+00:00,31080.0,Península
2023-01-18 21:55:00+00:00,30821.0,Península
2023-01-18 22:00:00+00:00,30412.0,Península
2023-01-18 22:05:00+00:00,30073.0,Península
2023-01-18 22:10:00+00:00,29903.0,Península
2023-01-18 22:15:00+00:00,29634.0,Península
2023-01-18 22:20:00+00:00,29413.0,Península
2023-01-18 22:25:00+00:00,29170.0,Península
2023-01-18 22:30:00+00:00,28804.0,Península
2023-01-18 22:35:00+00:00,28657.0,Península
2023-01-18 22:40:00+00:00,28375.0,Península
2023-01-18 22:45:00+00:00,27998.0,Península
2023-01-18 22:50:00+00:00,27731.0,Península
2023-01-18 22:55:00+00:00,27591.0,Península
2023-01-18 23:00:00+00:00,27209.0,Península
2023-01-18 23:05:00+00:00,27727.0,Península
2023-01-18 23:10:00+00:00,27527.0,Península
2023-01-18 23:15:00+00:00,27505.0,Península
2023-01-18 23:20:00+00:00,27321.0,Península
2023-01-18 23:25:00+00:00,27251.0,Península
2023-01-18 23:30:00+00:00,26928.0,Península
2023-01-18 23:35:00+00:00,26761.0,Península
2023-01-18 23:40:00+00:00,26591.0,Península
2023-01-18 23:45:00+00:00,26613.0,Península
2023-01-18 23:50:00+00:00,26439.0,Península
2023-01-18 23:55:00+00:00,26032.0,Península
2023-01-19 00:00:00+00:00,25688.0,Península
2023-01-19 00:05:00+00:00,25666.0,Península
2023-01-19 00:10:00+00:00,25453.0,Península
2023-01-19 00:15:00+00:00,25422.0,Península
2023-01-19 00:20:00+00:00,25609.0,Península
2023-01-19 00:25:00+00:00,25316.0,Península
2023-01-19 00:30:00+00:00,25297.0,Península
2023-01-19 00:35:00+00:00,25243.0,Península
2023-01-19 00:40:00+00:00,25189.0,Península
2023-01-19 00:45:00+00:00,24601.0,Península
2023-01-19 00:50:00+00:00,24662.0,Península
2023-01-19 00:55:00+00:00,24597.0,Península
2023-01-19 01:00:00+00:00,24475.0,Península
2023-01-19 01:05:00+00:00,24248.0,Península
2023-01-19 01:10:00+00:00,24265.0,Península
2023-01-19 01:15:00+00:00,24182.0,Península
2023-01-19 01:20:00+00:00,24205.0,Península
2023-01-19 01:25:00+00:00,24060.0,Península
2023-01-19 01:30:00+00:00,23718.0,Península
2023-01-19 01:35:00+00:00,23868.0,Península
2023-01-19 01:40:00+00:00,23907.0,Península
2023-01-19 01:45:00+00:00,23826.0,Península
2023-01-19 01:50:00+00:00,23638.0,Península
2023-01-19 01:55:00+00:00,23639.0,Península
2023-01-19 02:00:00+00:00,23910.0,Península
2023-01-19 02:05:00+00:00,23805.0,Península
2023-01-19 02:10:00+00:00,23812.0,Península
2023-01-19 02:15:00+00:00,23800.0,Península
2023-01-19 02:20:00+00:00,23891.0,Península
2023-01-19 02:25:00+00:00,23757.0,Península
2023-01-19 02:30:00+00:00,23462.0,Península
2023-01-19 02:35:00+00:00,23587.0,Península
2023-01-19 02:40:00+00:00,23366.0,Península
2023-01-19 02:45:00+00:00,23505.0,Península
2023-01-19 02:50:00+00:00,23519.0,Península
2023-01-19 02:55:00+00:00,23607.0,Península
2023-01-19 03:00:00+00:00,23791.0,Península
2023-01-19 03:05:00+00:00,23527.0,Península
2023-01-19 03:10:00+00:00,23941.0,Península
2023-01-19 03:15:00+00:00,23680.0,Península
2023-01-19 03:20:00+00:00,23388.0,Península
2023-01-19 03:25:00+00:00,23731.0,Península
2023-01-19 03:30:00+00:00,23465.0,Península
2023-01-19 03:35:00+00:00,23408.0,Península
2023-01-19 03:40:00+00:00,23696.0,Península
2023-01-19 03:45:00+00:00,23537.0,Península
2023-01-19 03:50:00+00:00,23624.0,Península
2023-01-19 03:55:00+00:00,23920.0,Península
2023-01-19 04:00:00+00:00,23716.0,Península
2023-01-19 04:05:00+00:00,23913.0,Península
2023-01-19 04:10:00+00:00,23933.0,Península
2023-01-19 04:15:00+00:00,23989.0,Península
2023-01-19 04:20:00+00:00,24039.0,Península
2023-01-19 04:25:00+00:00,23995.0,Península
2023-01-19 04:30:00+00:00,24218.0,Península
2023-01-19 04:35:00+00:00,24424.0,Península
2023-01-19 04:40:00+00:00,24465.0,Península
2023-01-19 04:45:00+00:00,24810.0,Península
2023-01-19 04:50:00+00:00,24884.0,Península
2023-01-19 04:55:00+00:00,24871.0,Península
2023-01-19 05:00:00+00:00,25033.0,Península
2023-01-19 05:05:00+00:00,25717.0,Península
2023-01-19 05:10:00+00:00,26098.0,Península
2023-01-19 05:15:00+00:00,26242.0,Península
2023-01-19 05:20:00+00:00,26477.0,Península
2023-01-19 05:25:00+00:00,26638.0,Península
2023-01-19 05:30:00+00:00,26878.0,Península
2023-01-19 05:35:00+00:00,27553.0,Península
2023-01-19 05:40:00+00:00,27688.0,Península
2023-01-19 05:45:00+00:00,27861.0,Península
2023-01-19 05:50:00+00:00,28305.0,Península
2023-01-19 05:55:00+00:00,28666.0,Península
2023-01-19 06:00:00+00:00,29011.0,Península
2023-01-19 06:05:00+00:00,29805.0,Península
2023-01-19 06:10:00+00:00,30494.0,Península
2023-01-19 06:15:00+00:00,30842.0,Península
2023-01-19 06:20:00+00:00,31213.0,Península
2023-01-19 06:25:00+00:00,31576.0,Península
2023-01-19 06:30:00+00:00,31777.0,Península
2023-01-19 06:35:00+00:00,32157.0,Península
2023-01-19 06:40:00+00:00,32419.0,Península
2023-01-19 06:45:00+00:00,32445.0,Península
2023-01-19 06:50:00+00:00,32693.0,Península
2023-01-19 06:55:00+00:00,33020.0,Península
2023-01-19 07:00:00+00:00,33323.0,Península
2023-01-19 07:05:00+00:00,33634.0,Península
2023-01-19 07:10:00+00:00,34152.0,Península
2023-01-19 07:15:00+00:00,34149.0,Península
2023-01-19 07:20:00+00:00,34214.0,Península
2023-01-19 07:25:00+00:00,34239.0,Península
2023-01-19 07:30:00+00:00,34337.0,Península
2023-01-19 07:35:00+00:00,34277.0,Península
2023-01-19 07:40:00+00:00,34345.0,Península
2023-01-19 07:45:00+00:00,34111.0,Península
2023-01-19 07:50:00+00:00,34198.0,Península
2023-01-19 07:55:00+00:00,34280.0,Península
2023-01-19 08:00:00+00:00,34250.0,Península
2023-01-19 08:05:00+00:00,34510.0,Península
2023-01-19 08:10:00+00:00,34426.0,Península
2023-01-19 08:15:00+00:00,34457.0,Península
2023-01-19 08:20:00+00:00,34679.0,Península
2023-01-19 08:25:00+00:00,34693.0,Península
2023-01-19 08:30:00+00:00,34686.0,Península
2023-01-19 08:35:00+00:00,34649.0,Península
2023-01-19 08:40:00+00:00,34523.0,Península
2023-01-19 08:45:00+00:00,34478.0,Península
2023-01-19 08:50:00+00:00,34516.0,Península
2023-01-19 08:55:00+00:00,34744.0,Península
2023-01-19 09:00:00+00:00,34526.0,Península
2023-01-19 09:05:00+00:00,34285.0,Península
2023-01-19 09:10:00+00:00,34348.0,Península
2023-01-19 09:15:00+00:00,34396.0,Península
2023-01-19 09:20:00+00:00,34408.0,Península
2023-01-19 09:25:00+00:00,34441.0,Península
2023-01-19 09:30:00+00:00,34400.0,Península
2023-01-19 09:35:00+00:00,34443.0,Península
2023-01-19 09:40:00+00:00,34298.0,Península
2023-01-19 09:45:00+00:00,34043.0,Península
2023-01-19 09:50:00+00:00,33978.0,Península
2023-01-19 09:55:00+00:00,33854.0,Península
2023-01-19 10:00:00+00:00,33772.0,Península
2023-01-19 10:05:00+00:00,33636.0,Península
2023-01-19 10:10:00+00:00,33490.0,Península
2023-01-19 10:15:00+00:00,33408.0,Península
2023-01-19 10:20:00+00:00,33292.0,Península
2023-01-19 10:25:00+00:00,33427.0,Península
2023-01-19 10:30:00+00:00,33406.0,Península
2023-01-19 10:35:00+00:00,33335.0,Península
2023-01-19 10:40:00+00:00,33230.0,Península
2023-01-19 10:45:00+00:00,33223.0,Península
2023-01-19 10:50:00+00:00,33128.0,Península
2023-01-19 10:55:00+00:00,33066.0,Península
2023-01-19 11:00:00+00:00,33136.0,Península
2023-01-19 11:05:00+00:00,32999.0,Península
2023-01-19 11:10:00+00:00,33041.0,Península
2023-01-19 11:15:00+00:00,33095.0,Península
2023-01-19 11:20:00+00:00,33055.0,Península
2023-01-19 11:25:00+00:00,32959.0,Península
2023-01-19 11:30:00+00:00,33031.0,Península
2023-01-19 11:35:00+00:00,32928.0,Península
2023-01-19 11:40:00+00:00,33077.0,Península
2023-01-19 11:45:00+00:00,32958.0,Península
2023-01-19 11:50:00+00:00,33135.0,Península
2023-01-19 11:55:00+00:00,33018.0,Península
2023-01-19 12:00:00+00:00,32919.0,Península
2023-01-19 12:05:00+00:00,33146.0,Península
2023-01-19 12:10:00+00:00,32958.0,Península
2023-01-19 12:15:00+00:00,33021.0,Península
2023-01-19 12:20:00+00:00,33142.0,Península
2023-01-19 12:25:00+00:00,33110.0,Península
2023-01-19 12:30:00+00:00,33306.0,Península
2023-01-19 12:35:00+00:00,33271.0,Península
2023-01-19 12:40:00+00:00,33101.0,Península
2023-01-19 12:45:00+00:00,33007.0,Península
2023-01-19 12:50:00+00:00,33143.0,Península
2023-01-19 12:55:00+00:00,33029.0,Península
2023-01-19 13:00:00+00:00,32761.0,Península
2023-01-19 13:05:00+00:00,32709.0,Península
2023-01-19 13:10:00+00:00,32883.0,Península
2023-01-19 13:15:00+00:00,32904.0,Península
2023-01-19 13:20:00+00:00,33052.0,Península
2023-01-19 13:25:00+00:00,33087.0,Península
2023-01-19 13:30:00+00:00,33033.0,Península
2023-01-19 13:35:00+00:00,32955.0,Península
2023-01-19 13:40:00+00:00,32836.0,Península
2023-01-19 13:45:00+00:00,32786.0,Península
2023-01-19 13:50:00+00:00,32671.0,Península
2023-01-19 13:55:00+00:00,32808.0,Península
2023-01-19 14:00:00+00:00,32449.0,Península
2023-01-19 14:05:00+00:00,32567.0,Península
2023-01-19 14:10:00+00:00,32534.0,Península
2023-01-19 14:15:00+00:00,32582.0,Península
2023-01-19 14:20:00+00:00,32487.0,Península
2023-01-19 14:25:00+00:00,32483.0,Península
2023-01-19 14:30:00+00:00,32456.0,Península
2023-01-19 14:35:00+00:00,32681.0,Península
2023-01-19 14:40:00+00:00,32593.0,Península
2023-01-19 14:45:00+00:00,32881.0,Península
2023-01-19 14:50:00+00:00,32898.0,Península
2023-01-19 14:55:00+00:00,32949.0,Península
2023-01-19 15:00:00+00:00,33098.0,Península
2023-01-19 15:05:00+00:00,33096.0,Península
2023-01-19 15:10:00+00:00,32951.0,Península
2023-01-19 15:15:00+00:00,32827.0,Península
2023-01-19 15:20:00+00:00,32796.0,Península
2023-01-19 15:25:00+00:00,32789.0,Península
2023-01-19 15:30:00+00:00,32941.0,Península
2023-01-19 15:35:00+00:00,32908.0,Península
2023-01-19 15:40:00+00:00,32834.0,Península
2023-01-19 15:45:00+00:00,32866.0,Península
2023-01-19 15:50:00+00:00,32845.0,Península
2023-01-19 15:55:00+00:00,33038.0,Península
2023-01-19 16:00:00+00:00,33037.0,Península
2023-01-19 16:05:00+00:00,33409.0,Península
2023-01-19 16:10:00+00:00,33263.0,Península
2023-01-19 16:15:00+00:00,33621.0,Península
2023-01-19 16:20:00+00:00,33541.0,Península
2023-01-19 16:25:00+00:00,33690.0,Península
2023-01-19 16:30:00+00:00,33623.0,Península
2023-01-19 16:35:00+00:00,33852.0,Península
2023-01-19 16:40:00+00:00,33902.0,Península
2023-01-19 16:45:00+00:00,34050.0,Península
2023-01-19 16:50:00+00:00,34029.0,Península
2023-01-19 16:55:00+00:00,34302.0,Península
2023-01-19 17:00:00+00:00,34319.0,Península
2023-01-19 17:05:00+00:00,34486.0,Península
2023-01-19 17:10:00+00:00,34536.0,Península
2023-01-19 17:15:00+00:00,34574.0,Península
2023-01-19 17:20:00+00:00,34959.0,Península
2023-01-19 17:25:00+00:00,35005.0,Península
2023-01-19 17:30:00+00:00,35308.0,Península
2023-01-19 17:35:00+00:00,35501.0,Península
2023-01-19 17:40:00+00:00,35409.0,Península
2023-01-19 17:45:00+00:00,35585.0,Península
2023-01-19 17:50:00+00:00,35825.0,Península
2023-01-19 17:55:00+00:00,35814.0,Península
2023-01-19 18:00:00+00:00,35860.0,Península
2023-01-19 18:05:00+00:00,35996.0,Península
2023-01-19 18:10:00+00:00,35932.0,Península
2023-01-19 18:15:00+00:00,36048.0,Península
2023-01-19 18:20:00+00:00,36172.0,Península
2023-01-19 18:25:00+00:00,36516.0,Península
2023-01-19 18:30:00+00:00,36536.0,Península
2023-01-19 18:35:00+00:00,36589.0,Península
2023-01-19 18:40:00+00:00,36659.0,Península
2023-01-19 18:45:00+00:00,36776.0,Península
2023-01-19 18:50:00+00:00,36798.0,Península
2023-01-19 18:55:00+00:00,36831.0,Península
2023-01-19 19:00:00+00:00,36756.0,Península
2023-01-19 19:05:00+00:00,36887.0,Península
2023-01-19 19:10:00+00:00,37050.0,Península
2023-01-19 19:15:00+00:00,36990.0,Península
2023-01-19 19:20:00+00:00,37015.0,Península
2023-01-19 19:25:00+00:00,37094.0,Península
2023-01-19 19:30:00+00:00,36961.0,Península
2023-01-19 19:35:00+00:00,36921.0,Península
2023-01-19 19:40:00+00:00,36840.0,Península
2023-01-19 19:45:00+00:00,37076.0,Península
2023-01-19 19:50:00+00:00,36943.0,Península
2023-01-19 19:55:00+00:00,37115.0,Península
2023-01-19 20:00:00+00:00,36952.0,Península
2023-01-19 20:05:00+00:00,36716.0,Península
2023-01-19 20:10:00+00:00,36613.0,Península
2023-01-19 20:15:00+00:00,36183.0,Península
2023-01-19 20:20:00+00:00,36216.0,Península
2023-01-19 20:25:00+00:00,36294.0,Península
2023-01-19 20:30:00+00:00,35948.0,Península
2023-01-19 20:35:00+00:00,35480.0,Península
2023-01-19 20:40:00+00:00,35230.0,Península
2023-01-19 20:45:00+00:00,34789.0,Península
2023-01-19 20:50:00+00:00,34703.0,Península
2023-01-19 20:55:00+00:00,34323.0,Península
2023-01-19 21:00:00+00:00,33891.0,Península
2023-01-19 21:05:00+00:00,33670.0,Península
2023-01-19 21:10:00+00:00,33493.0,Península
2023-01-19 21:15:00+00:00,33371.0,Península
2023-01-19 21:20:00+00:00,33214.0,Península
2023-01-19 21:25:00+00:00,32863.0,Península
2023-01-19 21:30:00+00:00,32463.0,Península
2023-01-19 21:35:00+00:00,32071.0,Península
2023-01-19 21:40:00+00:00,31848.0,Península
2023-01-19 21:45:00+00:00,31521.0,Península
2023-01-19 21:50:00+00:00,31468.0,Península
2023-01-19 21:55:00+00:00,31037.0,Península
2023-01-19 22:00:00+00:00,30515.0,Península
2023-01-19 22:05:00+00:00,30216.0,Península
2023-01-19 22:10:00+00:00,30167.0,Península
2023-01-19 22:15:00+00:00,29797.0,Península
2023-01-19 22:20:00+00:00,29590.0,Península
2023-01-19 22:25:00+00:00,29410.0,Península
2023-01-19 22:30:00+00:00,29000.0,Península
2023-01-19 22:35:00+00:00,28792.0,Península
2023-01-19 22:40:00+00:00,28521.0,Península
2023-01-19 22:45:00+00:00,28341.0,Península
2023-01-19 22:50:00+00:00,28071.0,Península
2023-01-19 22:55:00+00:00,27781.0,Península
2023-01-19 23:00:00+00:00,27328.0,Península
2023-01-19 23:05:00+00:00,27658.0,Península
2023-01-19 23:10:00+00:00,27592.0,Península
2023-01-19 23:15:00+00:00,27490.0,Península
2023-01-19 23:20:00+00:00,27419.0,Península
2023-01-19 23:25:00+00:00,27157.0,Península
2023-01-19 23:30:00+00:00,26900.0,Península
2023-01-19 23:35:00+00:00,26586.0,Península
2023-01-19 23:40:00+00:00,26675.0,Península
2023-01-19 23:45:00+00:00,26518.0,Península
2023-01-19 23:50:00+00:00,26112.0,Península
2023-01-19 23:55:00+00:00,25916.0,Península
2023-01-20 00:00:00+00:00,26065.0,Península
2023-01-20 00:05:00+00:00,25617.0,Península
2023-01-20 00:10:00+00:00,25855.0,Península
2023-01-20 00:15:00+00:00,25645.0,Península
2023-01-20 00:20:00+00:00,25331.0,Península
2023-01-20 00:25:00+00:00,25251.0,Península
2023-01-20 00:30:00+00:00,25445.0,Península
2023-01-20 00:35:00+00:00,25238.0,Península
2023-01-20 00:40:00+00:00,25062.0,Península
2023-01-20 00:45:00+00:00,24919.0,Península
2023-01-20 00:50:00+00:00,24934.0,Península
2023-01-20 00:55:00+00:00,24883.0,Península
2023-01-20 01:00:00+00:00,24427.0,Península
2023-01-20 01:05:00+00:00,24432.0,Península
2023-01-20 01:10:00+00:00,24468.0,Península
2023-01-20 01:15:00+00:00,23880.0,Península
2023-01-20 01:20:00+00:00,24067.0,Península
2023-01-20 01:25:00+00:00,24169.0,Península
2023-01-20 01:30:00+00:00,24308.0,Península
2023-01-20 01:35:00+00:00,24252.0,Península
2023-01-20 01:40:00+00:00,24094.0,Península
2023-01-20 01:45:00+00:00,23937.0,Península
2023-01-20 01:50:00+00:00,23810.0,Península
2023-01-20 01:55:00+00:00,23969.0,Península
2023-01-20 02:00:00+00:00,23707.0,Península
2023-01-20 02:05:00+00:00,23793.0,Península
2023-01-20 02:10:00+00:00,23603.0,Península
2023-01-20 02:15:00+00:00,23577.0,Península
2023-01-20 02:20:00+00:00,23771.0,Península
2023-01-20 02:25:00+00:00,23967.0,Península
2023-01-20 02:30:00+00:00,23716.0,Península
2023-01-20 02:35:00+00:00,23429.0,Península
2023-01-20 02:40:00+00:00,23568.0,Península
2023-01-20 02:45:00+00:00,23300.0,Península
2023-01-20 02:50:00+00:00,23550.0,Península
2023-01-20 02:55:00+00:00,23461.0,Península
2023-01-20 03:00:00+00:00,23434.0,Península
2023-01-20 03:05:00+00:00,23691.0,Península
2023-01-20 03:10:00+00:00,23396.0,Península
2023-01-20 03:15:00+00:00,23499.0,Península
2023-01-20 03:20:00+00:00,23536.0,Península
2023-01-20 03:25:00+00:00,23577.0,Península
2023-01-20 03:30:00+00:00,23629.0,Península
2023-01-20 03:35:00+00:00,23637.0,Península
2023-01-20 03:40:00+00:00,23484.0,Península
2023-01-20 03:45:00+00:00,23510.0,Península
2023-01-20 03:50:00+00:00,23522.0,Península
2023-01-20 03:55:00+00:00,23451.0,Península
2023-01-20 04:00:00+00:00,23387.0,Península
2023-01-20 04:05:00+00:00,24011.0,Península
2023-01-20 04:10:00+00:00,24060.0,Península
2023-01-20 04:15:00+00:00,23880.0,Península
2023-01-20 04:20:00+00:00,23900.0,Península
2023-01-20 04:25:00+00:00,23987.0,Península
2023-01-20 04:30:00+00:00,24108.0,Península
2023-01-20 04:35:00+00:00,24412.0,Península
2023-01-20 04:40:00+00:00,24134.0,Península
2023-01-20 04:45:00+00:00,24236.0,Península
2023-01-20 04:50:00+00:00,24261.0,Península
2023-01-20 04:55:00+00:00,24642.0,Península
2023-01-20 05:00:00+00:00,24958.0,Península
2023-01-20 05:05:00+00:00,25471.0,Península
2023-01-20 05:10:00+00:00,25974.0,Península
2023-01-20 05:15:00+00:00,26314.0,Península
2023-01-20 05:20:00+00:00,26572.0,Península
2023-01-20 05:25:00+00:00,26643.0,Península
2023-01-20 05:30:00+00:00,26636.0,Península
2023-01-20 05:35:00+00:00,27053.0,Península
2023-01-20 05:40:00+00:00,27367.0,Península
2023-01-20 05:45:00+00:00,27353.0,Península
2023-01-20 05:50:00+00:00,27969.0,Península
2023-01-20 05:55:00+00:00,28491.0,Península
2023-01-20 06:00:00+00:00,29051.0,Península
2023-01-20 06:05:00+00:00,29839.0,Península
2023-01-20 06:10:00+00:00,30211.0,Península
2023-01-20 06:15:00+00:00,30286.0,Península
2023-01-20 06:20:00+00:00,30679.0,Península
2023-01-20 06:25:00+00:00,31001.0,Península
2023-01-20 06:30:00+00:00,31377.0,Península
2023-01-20 06:35:00+00:00,31816.0,Península
2023-01-20 06:40:00+00:00,31849.0,Península
2023-01-20 06:45:00+00:00,32170.0,Península
2023-01-20 06:50:00+00:00,32457.0,Península
2023-01-20 06:55:00+00:00,32674.0,Península
2023-01-20 07:00:00+00:00,32622.0,Península
2023-01-20 07:05:00+00:00,33028.0,Península
2023-01-20 07:10:00+00:00,33044.0,Península
2023-01-20 07:15:00+00:00,33178.0,Península
2023-01-20 07:20:00+00:00,33453.0,Península
2023-01-20 07:25:00+00:00,33431.0,Península
2023-01-20 07:30:00+00:00,33393.0,Península
2023-01-20 07:35:00+00:00,33678.0,Península
2023-01-20 07:40:00+00:00,33362.0,Península
2023-01-20 07:45:00+00:00,33328.0,Península
2023-01-20 07:50:00+00:00,33367.0,Península
2023-01-20 07:55:00+00:00,33258.0,Península
2023-01-20 08:00:00+00:00,33302.0,Península
2023-01-20 08:05:00+00:00,33500.0,Península
2023-01-20 08:10:00+00:00,33573.0,Península
2023-01-20 08:15:00+00:00,33562.0,Península
2023-01-20 08:20:00+00:00,33687.0,Península
2023-01-20 08:25:00+00:00,33642.0,Península
2023-01-20 08:30:00+00:00,33615.0,Península
2023-01-20 08:35:00+00:00,33717.0,Península
2023-01-20 08:40:00+00:00,33812.0,Península
2023-01-20 08:45:00+00:00,33601.0,Península
2023-01-20 08:50:00+00:00,33603.0,Península
2023-01-20 08:55:00+00:00,33589.0,Península
2023-01-20 09:00:00+00:00,33404.0,Península
2023-01-20 09:05:00+00:00,33405.0,Península
2023-01-20 09:10:00+00:00,33248.0,Península
2023-01-20 09:15:00+00:00,33202.0,Península
2023-01-20 09:20:00+00:00,33135.0,Península
2023-01-20 09:25:00+00:00,33153.0,Península
2023-01-20 09:30:00+00:00,33116.0,Península
2023-01-20 09:35:00+00:00,33250.0,Península
2023-01-20 09:40:00+00:00,33142.0,Península
2023-01-20 09:45:00+00:00,33033.0,Península
2023-01-20 09:50:00+00:00,32962.0,Península
2023-01-20 09:55:00+00:00,33163.0,Península
2023-01-20 10:00:00+00:00,33077.0,Península
2023-01-20 10:05:00+00:00,32699.0,Península
2023-01-20 10:10:00+00:00,32892.0,Península
2023-01-20 10:15:00+00:00,32874.0,Península
2023-01-20 10:20:00+00:00,32794.0,Península
2023-01-20 10:25:00+00:00,32657.0,Península
2023-01-20 10:30:00+00:00,32660.0,Península
2023-01-20 10:35:00+00:00,32471.0,Península
2023-01-20 10:40:00+00:00,32407.0,Península
2023-01-20 10:45:00+00:00,32357.0,Península
2023-01-20 10:50:00+00:00,32460.0,Península
2023-01-20 10:55:00+00:00,32301.0,Península
2023-01-20 11:00:00+00:00,32084.0,Península
2023-01-20 11:05:00+00:00,32159.0,Península
2023-01-20 11:10:00+00:00,32117.0,Península
2023-01-20 11:15:00+00:00,32132.0,Península
2023-01-20 11:20:00+00:00,32257.0,Península
2023-01-20 11:25:00+00:00,32020.0,Península
2023-01-20 11:30:00+00:00,32168.0,Península
2023-01-20 11:35:00+00:00,32240.0,Península
2023-01-20 11:40:00+00:00,32176.0,Península
2023-01-20 11:45:00+00:00,32213.0,Península
2023-01-20 11:50:00+00:00,32215.0,Península
2023-01-20 11:55:00+00:00,32281.0,Península
2023-01-20 12:00:00+00:00,32130.0,Península
2023-01-20 12:05:00+00:00,32197.0,Península
2023-01-20 12:10:00+00:00,32048.0,Península
2023-01-20 12:15:00+00:00,32299.0,Península
2023-01-20 12:20:00+00:00,32285.0,Península
2023-01-20 12:25:00+00:00,32291.0,Península
2023-01-20 12:30:00+00:00,32224.0,Península
2023-01-20 12:35:00+00:00,32056.0,Península
2023-01-20 12:40:00+00:00,31860.0,Península
2023-01-20 12:45:00+00:00,31727.0,Península
2023-01-20 12:50:00+00:00,31752.0,Península
2023-01-20 12:55:00+00:00,31768.0,Península
2023-01-20 13:00:00+00:00,31274.0,Península
2023-01-20 13:05:00+00:00,31317.0,Península
2023-01-20 13:10:00+00:00,31362.0,Península
2023-01-20 13:15:00+00:00,31616.0,Península
2023-01-20 13:20:00+00:00,31396.0,Península
2023-01-20 13:25:00+00:00,31702.0,Península
2023-01-20 13:30:00+00:00,31660.0,Península
2023-01-20 13:35:00+00:00,31422.0,Península
2023-01-20 13:40:00+00:00,31465.0,Península
2023-01-20 13:45:00+00:00,31201.0,Península
2023-01-20 13:50:00+00:00,31343.0,Península
2023-01-20 13:55:00+00:00,31096.0,Península
2023-01-20 14:00:00+00:00,31284.0,Península
2023-01-20 14:05:00+00:00,31082.0,Península
2023-01-20 14:10:00+00:00,31057.0,Península
2023-01-20 14:15:00+00:00,30947.0,Península
2023-01-20 14:20:00+00:00,31118.0,Península
2023-01-20 14:25:00+00:00,30939.0,Península
2023-01-20 14:30:00+00:00,30644.0,Península
2023-01-20 14:35:00+00:00,30901.0,Península
2023-01-20 14:40:00+00:00,30839.0,Península
2023-01-20 14:45:00+00:00,30813.0,Península
2023-01-20 14:50:00+00:00,30987.0,Península
2023-01-20 14:55:00+00:00,30853.0,Península
2023-01-20 15:00:00+00:00,30790.0,Península
2023-01-20 15:05:00+00:00,30862.0,Península
2023-01-20 15:10:00+00:00,30891.0,Península
2023-01-20 15:15:00+00:00,30868.0,Península
2023-01-20 15:20:00+00:00,30930.0,Península
2023-01-20 15:25:00+00:00,30904.0,Península
2023-01-20 15:30:00+00:00,30796.0,Península
2023-01-20 15:35:00+00:00,30940.0,Península
2023-01-20 15:40:00+00:00,31038.0,Península
2023-01-20 15:45:00+00:00,30970.0,Península
2023-01-20 15:50:00+00:00,30862.0,Península
2023-01-20 15:55:00+00:00,30899.0,Península
2023-01-20 16:00:00+00:00,30886.0,Península
2023-01-20 16:05:00+00:00,31105.0,Península
2023-01-20 16:10:00+00:00,31196.0,Península
2023-01-20 16:15:00+00:00,31245.0,Península
2023-01-20 16:20:00+00:00,31300.0,Península
2023-01-20 16:25:00+00:00,31305.0,Península
2023-01-20 16:30:00+00:00,31274.0,Península
2023-01-20 16:35:00+00:00,31563.0,Península
2023-01-20 16:40:00+00:00,31484.0,Península
2023-01-20 16:45:00+00:00,31511.0,Península
2023-01-20 16:50:00+00:00,31745.0,Península
2023-01-20 16:55:00+00:00,31946.0,Península
2023-01-20 17:00:00+00:00,31768.0,Península
2023-01-20 17:05:00+00:00,31933.0,Península
2023-01-20 17:10:00+00:00,32273.0,Península
2023-01-20 17:15:00+00:00,32301.0,Península
2023-01-20 17:20:00+00:00,32437.0,Península
2023-01-20 17:25:00+00:00,32592.0,Península
2023-01-20 17:30:00+00:00,32783.0,Península
2023-01-20 17:35:00+00:00,33064.0,Península
2023-01-20 17:40:00+00:00,33332.0,Península
2023-01-20 17:45:00+00:00,33414.0,Península
2023-01-20 17:50:00+00:00,33547.0,Península
2023-01-20 17:55:00+00:00,33536.0,Península
2023-01-20 18:00:00+00:00,33611.0,Península
2023-01-20 18:05:00+00:00,33612.0,Península
2023-01-20 18:10:00+00:00,33695.0,Península
2023-01-20 18:15:00+00:00,33825.0,Península
2023-01-20 18:20:00+00:00,33842.0,Península
2023-01-20 18:25:00+00:00,33882.0,Península
2023-01-20 18:30:00+00:00,33754.0,Península
2023-01-20 18:35:00+00:00,33951.0,Península
2023-01-20 18:40:00+00:00,33989.0,Península
2023-01-20 18:45:00+00:00,34019.0,Península
2023-01-20 18:50:00+00:00,34196.0,Península
2023-01-20 18:55:00+00:00,34219.0,Península
2023-01-20 19:00:00+00:00,33924.0,Península
2023-01-20 19:05:00+00:00,34019.0,Península
2023-01-20 19:10:00+00:00,34021.0,Península
2023-01-20 19:15:00+00:00,34135.0,Península
2023-01-20 19:20:00+00:00,34130.0,Península
2023-01-20 19:25:00+00:00,34311.0,Península
2023-01-20 19:30:00+00:00,34117.0,Península
2023-01-20 19:35:00+00:00,34216.0,Península
2023-01-20 19:40:00+00:00,34146.0,Península
2023-01-20 19:45:00+00:00,34227.0,Península
2023-01-20 19:50:00+00:00,34012.0,Península
2023-01-20 19:55:00+00:00,34014.0,Península
2023-01-20 20:00:00+00:00,33802.0,Península
2023-01-20 20:05:00+00:00,33757.0,Península
2023-01-20 20:10:00+00:00,33600.0,Península
2023-01-20 20:15:00+00:00,33603.0,Península
2023-01-20 20:20:00+00:00,33589.0,Península
2023-01-20 20:25:00+00:00,33292.0,Península
2023-01-20 20:30:00+00:00,33130.0,Península
2023-01-20 20:35:00+00:00,32806.0,Península
2023-01-20 20:40:00+00:00,32651.0,Península
2023-01-20 20:45:00+00:00,32496.0,Península
2023-01-20 20:50:00+00:00,32163.0,Península
2023-01-20 20:55:00+00:00,31888.0,Península
2023-01-20 21:00:00+00:00,31435.0,Península
2023-01-20 21:05:00+00:00,31093.0,Península
2023-01-20 21:10:00+00:00,31050.0,Península
2023-01-20 21:15:00+00:00,30831.0,Península
2023-01-20 21:20:00+00:00,30749.0,Península
2023-01-20 21:25:00+00:00,30541.0,Península
2023-01-20 21:30:00+00:00,30330.0,Península
2023-01-20 21:35:00+00:00,30237.0,Península
2023-01-20 21:40:00+00:00,29956.0,Península
2023-01-20 21:45:00+00:00,29730.0,Península
2023-01-20 21:50:00+00:00,29428.0,Península
2023-01-20 21:55:00+00:00,29251.0,Península
2023-01-20 22:00:00+00:00,28972.0,Península
2023-01-20 22:05:00+00:00,28709.0,Península
2023-01-20 22:10:00+00:00,28611.0,Península
2023-01-20 22:15:00+00:00,28403.0,Península
2023-01-20 22:20:00+00:00,28208.0,Península
2023-01-20 22:25:00+00:00,28107.0,Península
2023-01-20 22:30:00+00:00,27989.0,Península
2023-01-20 22:35:00+00:00,27677.0,Península
2023-01-20 22:40:00+00:00,27408.0,Península
2023-01-20 22:45:00+00:00,27181.0,Península
2023-01-20 22:50:00+00:00,26893.0,Península
2023-01-20 22:55:00+00:00,26855.0,Península
2023-01-20 23:00:00+00:00,26647.0,Península
2023-01-20 23:05:00+00:00,26896.0,Península
2023-01-20 23:10:00+00:00,26889.0,Península
2023-01-20 23:15:00+00:00,26874.0,Península
2023-01-20 23:20:00+00:00,26845.0,Península
2023-01-20 23:25:00+00:00,26768.0,Península
2023-01-20 23:30:00+00:00,26642.0,Península
2023-01-20 23:35:00+00:00,26276.0,Península
2023-01-20 23:40:00+00:00,26339.0,Península
2023-01-20 23:45:00+00:00,26181.0,Península
2023-01-20 23:50:00+00:00,25629.0,Península
2023-01-20 23:55:00+00:00,25487.0,Península
2023-01-21 00:00:00+00:00,25252.0,Península
2023-01-21 00:05:00+00:00,25349.0,Península
2023-01-21 00:10:00+00:00,25163.0,Península
2023-01-21 00:15:00+00:00,24910.0,Península
2023-01-21 00:20:00+00:00,24928.0,Península
2023-01-21 00:25:00+00:00,24914.0,Península
2023-01-21 00:30:00+00:00,24633.0,Península
2023-01-21 00:35:00+00:00,24292.0,Península
2023-01-21 00:40:00+00:00,24414.0,Península
2023-01-21 00:45:00+00:00,24272.0,Península
2023-01-21 00:50:00+00:00,23928.0,Península
2023-01-21 00:55:00+00:00,23651.0,Península
2023-01-21 01:00:00+00:00,23964.0,Península
2023-01-21 01:05:00+00:00,23935.0,Península
2023-01-21 01:10:00+00:00,23766.0,Península
2023-01-21 01:15:00+00:00,23258.0,Península
2023-01-21 01:20:00+00:00,23423.0,Península
2023-01-21 01:25:00+00:00,23301.0,Península
2023-01-21 01:30:00+00:00,23251.0,Península
2023-01-21 01:35:00+00:00,23161.0,Península
2023-01-21 01:40:00+00:00,23107.0,Península
2023-01-21 01:45:00+00:00,22969.0,Península
2023-01-21 01:50:00+00:00,23036.0,Península
2023-01-21 01:55:00+00:00,22828.0,Península
2023-01-21 02:00:00+00:00,22719.0,Península
2023-01-21 02:05:00+00:00,22813.0,Península
2023-01-21 02:10:00+00:00,22722.0,Península
2023-01-21 02:15:00+00:00,22770.0,Península
2023-01-21 02:20:00+00:00,22712.0,Península
2023-01-21 02:25:00+00:00,22526.0,Península
2023-01-21 02:30:00+00:00,22232.0,Península
2023-01-21 02:35:00+00:00,22521.0,Península
2023-01-21 02:40:00+00:00,22619.0,Península
2023-01-21 02:45:00+00:00,22330.0,Península
2023-01-21 02:50:00+00:00,22409.0,Península
2023-01-21 02:55:00+00:00,22401.0,Península
2023-01-21 03:00:00+00:00,22322.0,Península
2023-01-21 03:05:00+00:00,22025.0,Península
2023-01-21 03:10:00+00:00,22145.0,Península
2023-01-21 03:15:00+00:00,22136.0,Península
2023-01-21 03:20:00+00:00,22228.0,Península
2023-01-21 03:25:00+00:00,21954.0,Península
2023-01-21 03:30:00+00:00,22068.0,Península
2023-01-21 03:35:00+00:00,22326.0,Península
2023-01-21 03:40:00+00:00,22123.0,Península
2023-01-21 03:45:00+00:00,22102.0,Península
2023-01-21 03:50:00+00:00,21997.0,Península
2023-01-21 03:55:00+00:00,21889.0,Península
2023-01-21 04:00:00+00:00,22025.0,Península
2023-01-21 04:05:00+00:00,22144.0,Península
2023-01-21 04:10:00+00:00,22110.0,Península
2023-01-21 04:15:00+00:00,22160.0,Península
2023-01-21 04:20:00+00:00,22190.0,Península
2023-01-21 04:25:00+00:00,22188.0,Península
2023-01-21 04:30:00+00:00,22068.0,Península
2023-01-21 04:35:00+00:00,22159.0,Península
2023-01-21 04:40:00+00:00,22007.0,Península
2023-01-21 04:45:00+00:00,21953.0,Península
2023-01-21 04:50:00+00:00,22063.0,Península
2023-01-21 04:55:00+00:00,21955.0,Península
2023-01-21 05:00:00+00:00,22087.0,Península
2023-01-21 05:05:00+00:00,22391.0,Península
2023-01-21 05:10:00+00:00,22501.0,Península
2023-01-21 05:15:00+00:00,22552.0,Península
2023-01-21 05:20:00+00:00,22658.0,Península
2023-01-21 05:25:00+00:00,22428.0,Península
2023-01-21 05:30:00+00:00,22625.0,Península
2023-01-21 05:35:00+00:00,22649.0,Península
2023-01-21 05:40:00+00:00,22719.0,Península
2023-01-21 05:45:00+00:00,22726.0,Península
2023-01-21 05:50:00+00:00,22705.0,Península
2023-01-21 05:55:00+00:00,22900.0,Península
2023-01-21 06:00:00+00:00,23195.0,Península
2023-01-21 06:05:00+00:00,23525.0,Península
2023-01-21 06:10:00+00:00,23462.0,Península
2023-01-21 06:15:00+00:00,23691.0,Península
2023-01-21 06:20:00+00:00,23832.0,Península
2023-01-21 06:25:00+00:00,23914.0,Península
2023-01-21 06:30:00+00:00,23919.0,Península
2023-01-21 06:35:00+00:00,24384.0,Península
2023-01-21 06:40:00+00:00,24315.0,Península
2023-01-21 06:45:00+00:00,24393.0,Península
2023-01-21 06:50:00+00:00,24589.0,Península
2023-01-21 06:55:00+00:00,24700.0,Península
2023-01-21 07:00:00+00:00,24398.0,Península
2023-01-21 07:05:00+00:00,24916.0,Península
2023-01-21 07:10:00+00:00,25226.0,Península
2023-01-21 07:15:00+00:00,25462.0,Península
2023-01-21 07:20:00+00:00,25556.0,Península
2023-01-21 07:25:00+00:00,25708.0,Península
2023-01-21 07:30:00+00:00,25729.0,Península
2023-01-21 07:35:00+00:00,25758.0,Península
2023-01-21 07:40:00+00:00,25936.0,Península
2023-01-21 07:45:00+00:00,25786.0,Península
2023-01-21 07:50:00+00:00,25862.0,Península
2023-01-21 07:55:00+00:00,26182.0,Península
2023-01-21 08:00:00+00:00,26661.0,Península
2023-01-21 08:05:00+00:00,26853.0,Península
2023-01-21 08:10:00+00:00,27055.0,Península
2023-01-21 08:15:00+00:00,27116.0,Península
2023-01-21 08:20:00+00:00,27437.0,Península
2023-01-21 08:25:00+00:00,27558.0,Península
2023-01-21 08:30:00+00:00,27705.0,Península
2023-01-21 08:35:00+00:00,27949.0,Península
2023-01-21 08:40:00+00:00,28062.0,Península
2023-01-21 08:45:00+00:00,28118.0,Península
2023-01-21 08:50:00+00:00,28130.0,Península
2023-01-21 08:55:00+00:00,28251.0,Península
2023-01-21 09:00:00+00:00,28330.0,Península
2023-01-21 09:05:00+00:00,28570.0,Península
2023-01-21 09:10:00+00:00,28828.0,Península
2023-01-21 09:15:00+00:00,28927.0,Península
2023-01-21 09:20:00+00:00,28772.0,Península
2023-01-21 09:25:00+00:00,28886.0,Península
2023-01-21 09:30:00+00:00,28790.0,Península
2023-01-21 09:35:00+00:00,28780.0,Península
2023-01-21 09:40:00+00:00,28896.0,Península
2023-01-21 09:45:00+00:00,28386.0,Península
2023-01-21 09:50:00+00:00,28789.0,Península
2023-01-21 09:55:00+00:00,28738.0,Península
2023-01-21 10:00:00+00:00,28731.0,Península
2023-01-21 10:05:00+00:00,28485.0,Península
2023-01-21 10:10:00+00:00,28486.0,Península
2023-01-21 10:15:00+00:00,28726.0,Península
2023-01-21 10:20:00+00:00,28773.0,Península
2023-01-21 10:25:00+00:00,28695.0,Península
2023-01-21 10:30:00+00:00,28431.0,Península
2023-01-21 10:35:00+00:00,28304.0,Península
2023-01-21 10:40:00+00:00,28459.0,Península
2023-01-21 10:45:00+00:00,28424.0,Península
2023-01-21 10:50:00+00:00,28501.0,Península
2023-01-21 10:55:00+00:00,28348.0,Península
2023-01-21 11:00:00+00:00,28249.0,Península
2023-01-21 11:05:00+00:00,27940.0,Península
2023-01-21 11:10:00+00:00,28117.0,Península
2023-01-21 11:15:00+00:00,28016.0,Península
2023-01-21 11:20:00+00:00,28134.0,Península
2023-01-21 11:25:00+00:00,27917.0,Península
2023-01-21 11:30:00+00:00,27817.0,Península
2023-01-21 11:35:00+00:00,27967.0,Península
2023-01-21 11:40:00+00:00,28157.0,Península
2023-01-21 11:45:00+00:00,27848.0,Península
2023-01-21 11:50:00+00:00,27787.0,Península
2023-01-21 11:55:00+00:00,28041.0,Península
2023-01-21 12:00:00+00:00,27920.0,Península
2023-01-21 12:05:00+00:00,27915.0,Península
2023-01-21 12:10:00+00:00,27767.0,Península
2023-01-21 12:15:00+00:00,27908.0,Península
2023-01-21 12:20:00+00:00,27997.0,Península
2023-01-21 12:25:00+00:00,27973.0,Península
2023-01-21 12:30:00+00:00,28259.0,Península
2023-01-21 12:35:00+00:00,28181.0,Península
2023-01-21 12:40:00+00:00,28095.0,Península
2023-01-21 12:45:00+00:00,28184.0,Península
2023-01-21 12:50:00+00:00,28029.0,Península
2023-01-21 12:55:00+00:00,28213.0,Península
2023-01-21 13:00:00+00:00,28130.0,Península
2023-01-21 13:05:00+00:00,28356.0,Península
2023-01-21 13:10:00+00:00,28026.0,Península
2023-01-21 13:15:00+00:00,28051.0,Península
2023-01-21 13:20:00+00:00,27964.0,Península
2023-01-21 13:25:00+00:00,28129.0,Península
2023-01-21 13:30:00+00:00,27935.0,Península
2023-01-21 13:35:00+00:00,27763.0,Península
2023-01-21 13:40:00+00:00,27442.0,Península
2023-01-21 13:45:00+00:00,27623.0,Península
2023-01-21 13:50:00+00:00,27683.0,Península
2023-01-21 13:55:00+00:00,27407.0,Península
2023-01-21 14:00:00+00:00,27147.0,Península
2023-01-21 14:05:00+00:00,27275.0,Península
2023-01-21 14:10:00+00:00,27212.0,Península
2023-01-21 14:15:00+00:00,26976.0,Península
2023-01-21 14:20:00+00:00,27310.0,Península
2023-01-21 14:25:00+00:00,27248.0,Península
2023-01-21 14:30:00+00:00,26980.0,Península
2023-01-21 14:35:00+00:00,27026.0,Península
2023-01-21 14:40:00+00:00,26835.0,Península
2023-01-21 14:45:00+00:00,26834.0,Península
2023-01-21 14:50:00+00:00,26984.0,Península
2023-01-21 14:55:00+00:00,26750.0,Península
2023-01-21 15:00:00+00:00,26764.0,Península
2023-01-21 15:05:00+00:00,26832.0,Península
2023-01-21 15:10:00+00:00,26726.0,Península
2023-01-21 15:15:00+00:00,26578.0,Península
2023-01-21 15:20:00+00:00,26596.0,Península
2023-01-21 15:25:00+00:00,26455.0,Península
2023-01-21 15:30:00+00:00,26538.0,Península
2023-01-21 15:35:00+00:00,26469.0,Península
2023-01-21 15:40:00+00:00,26616.0,Península
2023-01-21 15:45:00+00:00,26719.0,Península
2023-01-21 15:50:00+00:00,26509.0,Península
2023-01-21 15:55:00+00:00,26548.0,Península
2023-01-21 16:00:00+00:00,26639.0,Península
2023-01-21 16:05:00+00:00,26626.0,Península
2023-01-21 16:10:00+00:00,26838.0,Península
2023-01-21 16:15:00+00:00,26810.0,Península
2023-01-21 16:20:00+00:00,26934.0,Península
2023-01-21 16:25:00+00:00,26977.0,Península
2023-01-21 16:30:00+00:00,26871.0,Península
2023-01-21 16:35:00+00:00,27165.0,Península
2023-01-21 16:40:00+00:00,27185.0,Península
2023-01-21 16:45:00+00:00,27138.0,Península
2023-01-21 16:50:00+00:00,27455.0,Península
2023-01-21 16:55:00+00:00,27372.0,Península
2023-01-21 17:00:00+00:00,27571.0,Península
2023-01-21 17:05:00+00:00,27492.0,Península
2023-01-21 17:10:00+00:00,27793.0,Península
2023-01-21 17:15:00+00:00,27917.0,Península
2023-01-21 17:20:00+00:00,28294.0,Península
2023-01-21 17:25:00+00:00,28699.0,Península
2023-01-21 17:30:00+00:00,28904.0,Península
2023-01-21 17:35:00+00:00,29155.0,Península
2023-01-21 17:40:00+00:00,29403.0,Península
2023-01-21 17:45:00+00:00,29348.0,Península
2023-01-21 17:50:00+00:00,29625.0,Península
2023-01-21 17:55:00+00:00,29859.0,Península
2023-01-21 18:00:00+00:00,29958.0,Península
2023-01-21 18:05:00+00:00,30201.0,Península
2023-01-21 18:10:00+00:00,30270.0,Península
2023-01-21 18:15:00+00:00,30438.0,Península
2023-01-21 18:20:00+00:00,30497.0,Península
2023-01-21 18:25:00+00:00,30595.0,Península
2023-01-21 18:30:00+00:00,30430.0,Península
2023-01-21 18:35:00+00:00,30487.0,Península
2023-01-21 18:40:00+00:00,30447.0,Península
2023-01-21 18:45:00+00:00,30506.0,Península
2023-01-21 18:50:00+00:00,30850.0,Península
2023-01-21 18:55:00+00:00,30831.0,Península
2023-01-21 19:00:00+00:00,30803.0,Península
2023-01-21 19:05:00+00:00,30917.0,Península
2023-01-21 19:10:00+00:00,31040.0,Península
2023-01-21 19:15:00+00:00,30923.0,Península
2023-01-21 19:20:00+00:00,31076.0,Península
2023-01-21 19:25:00+00:00,31085.0,Península
2023-01-21 19:30:00+00:00,31162.0,Península
2023-01-21 19:35:00+00:00,31105.0,Península
2023-01-21 19:40:00+00:00,31165.0,Península
2023-01-21 19:45:00+00:00,31249.0,Península
2023-01-21 19:50:00+00:00,31280.0,Península
2023-01-21 19:55:00+00:00,31216.0,Península
2023-01-21 20:00:00+00:00,30999.0,Península
2023-01-21 20:05:00+00:00,31118.0,Península
2023-01-21 20:10:00+00:00,31108.0,Península
2023-01-21 20:15:00+00:00,31009.0,Península
2023-01-21 20:20:00+00:00,31067.0,Península
2023-01-21 20:25:00+00:00,31250.0,Península
2023-01-21 20:30:00+00:00,30920.0,Península
2023-01-21 20:35:00+00:00,30832.0,Península
2023-01-21 20:40:00+00:00,30701.0,Península
2023-01-21 20:45:00+00:00,30537.0,Península
2023-01-21 20:50:00+00:00,30485.0,Península
2023-01-21 20:55:00+00:00,30138.0,Península
2023-01-21 21:00:00+00:00,29913.0,Península
2023-01-21 21:05:00+00:00,29692.0,Península
2023-01-21 21:10:00+00:00,29335.0,Península
2023-01-21 21:15:00+00:00,29275.0,Península
2023-01-21 21:20:00+00:00,29249.0,Península
2023-01-21 21:25:00+00:00,29220.0,Península
2023-01-21 21:30:00+00:00,28692.0,Península
2023-01-21 21:35:00+00:00,28687.0,Península
2023-01-21 21:40:00+00:00,28561.0,Península
2023-01-21 21:45:00+00:00,28143.0,Península
2023-01-21 21:50:00+00:00,28015.0,Península
2023-01-21 21:55:00+00:00,28002.0,Península
2023-01-21 22:00:00+00:00,27639.0,Península
2023-01-21 22:05:00+00:00,27338.0,Península
2023-01-21 22:10:00+00:00,27339.0,Península
2023-01-21 22:15:00+00:00,27279.0,Península
2023-01-21 22:20:00+00:00,27178.0,Península
2023-01-21 22:25:00+00:00,26936.0,Península
2023-01-21 22:30:00+00:00,26664.0,Península
2023-01-21 22:35:00+00:00,26456.0,Península
2023-01-21 22:40:00+00:00,26356.0,Península
2023-01-21 22:45:00+00:00,26396.0,Península
2023-01-21 22:50:00+00:00,26227.0,Península
2023-01-21 22:55:00+00:00,25796.0,Península
2023-01-21 23:00:00+00:00,25512.0,Península
2023-01-21 23:05:00+00:00,25278.0,Península
2023-01-21 23:10:00+00:00,25481.0,Península
2023-01-21 23:15:00+00:00,25212.0,Península
2023-01-21 23:20:00+00:00,24986.0,Península
2023-01-21 23:25:00+00:00,24973.0,Península
2023-01-21 23:30:00+00:00,24965.0,Península
2023-01-21 23:35:00+00:00,24755.0,Península
2023-01-21 23:40:00+00:00,24521.0,Península
2023-01-21 23:45:00+00:00,24188.0,Península
2023-01-21 23:50:00+00:00,24075.0,Península
2023-01-21 23:55:00+00:00,24010.0,Península
2023-01-22 00:00:00+00:00,23758.0,Península
2023-01-22 00:05:00+00:00,23791.0,Península
2023-01-22 00:10:00+00:00,23391.0,Península
2023-01-22 00:15:00+00:00,23253.0,Península
2023-01-22 00:20:00+00:00,23189.0,Península
2023-01-22 00:25:00+00:00,23099.0,Península
2023-01-22 00:30:00+00:00,22740.0,Península
2023-01-22 00:35:00+00:00,22812.0,Península
2023-01-22 00:40:00+00:00,22677.0,Península
2023-01-22 00:45:00+00:00,22716.0,Península
2023-01-22 00:50:00+00:00,22500.0,Península
2023-01-22 00:55:00+00:00,22449.0,Península
2023-01-22 01:00:00+00:00,22439.0,Península
2023-01-22 01:05:00+00:00,22252.0,Península
2023-01-22 01:10:00+00:00,21854.0,Península
2023-01-22 01:15:00+00:00,22027.0,Península
2023-01-22 01:20:00+00:00,22038.0,Península
2023-01-22 01:25:00+00:00,21927.0,Península
2023-01-22 01:30:00+00:00,21675.0,Península
2023-01-22 01:35:00+00:00,21661.0,Península
2023-01-22 01:40:00+00:00,21452.0,Península
2023-01-22 01:45:00+00:00,21499.0,Península
2023-01-22 01:50:00+00:00,21431.0,Península
2023-01-22 01:55:00+00:00,21485.0,Península
2023-01-22 02:00:00+00:00,21045.0,Península
2023-01-22 02:05:00+00:00,21145.0,Península
2023-01-22 02:10:00+00:00,21316.0,Península
2023-01-22 02:15:00+00:00,21157.0,Península
2023-01-22 02:20:00+00:00,20866.0,Península
2023-01-22 02:25:00+00:00,21045.0,Península
2023-01-22 02:30:00+00:00,21168.0,Península
2023-01-22 02:35:00+00:00,21098.0,Península
2023-01-22 02:40:00+00:00,20740.0,Península
2023-01-22 02:45:00+00:00,20657.0,Península
2023-01-22 02:50:00+00:00,20760.0,Península
2023-01-22 02:55:00+00:00,20965.0,Península
2023-01-22 03:00:00+00:00,20668.0,Península
2023-01-22 03:05:00+00:00,20739.0,Península
2023-01-22 03:10:00+00:00,20753.0,Península
2023-01-22 03:15:00+00:00,20779.0,Península
2023-01-22 03:20:00+00:00,20821.0,Península
2023-01-22 03:25:00+00:00,20802.0,Península
2023-01-22 03:30:00+00:00,20515.0,Península
2023-01-22 03:35:00+00:00,20625.0,Península
2023-01-22 03:40:00+00:00,20768.0,Península
2023-01-22 03:45:00+00:00,20664.0,Península
2023-01-22 03:50:00+00:00,20490.0,Península
2023-01-22 03:55:00+00:00,20497.0,Península
2023-01-22 04:00:00+00:00,20578.0,Península
2023-01-22 04:05:00+00:00,20520.0,Península
2023-01-22 04:10:00+00:00,20662.0,Península
2023-01-22 04:15:00+00:00,20435.0,Península
2023-01-22 04:20:00+00:00,20568.0,Península
2023-01-22 04:25:00+00:00,20609.0,Península
2023-01-22 04:30:00+00:00,20586.0,Península
2023-01-22 04:35:00+00:00,20778.0,Península
2023-01-22 04:40:00+00:00,20768.0,Península
2023-01-22 04:45:00+00:00,20632.0,Península
2023-01-22 04:50:00+00:00,20592.0,Península
2023-01-22 04:55:00+00:00,20684.0,Península
2023-01-22 05:00:00+00:00,20579.0,Península
2023-01-22 05:05:00+00:00,20815.0,Península
2023-01-22 05:10:00+00:00,20934.0,Península
2023-01-22 05:15:00+00:00,20923.0,Península
2023-01-22 05:20:00+00:00,21003.0,Península
2023-01-22 05:25:00+00:00,21048.0,Península
2023-01-22 05:30:00+00:00,21049.0,Península
2023-01-22 05:35:00+00:00,21095.0,Península
2023-01-22 05:40:00+00:00,21101.0,Península
2023-01-22 05:45:00+00:00,21086.0,Península
2023-01-22 05:50:00+00:00,21251.0,Península
2023-01-22 05:55:00+00:00,21296.0,Península
2023-01-22 06:00:00+00:00,21085.0,Península
2023-01-22 06:05:00+00:00,21520.0,Península
2023-01-22 06:10:00+00:00,21837.0,Península
2023-01-22 06:15:00+00:00,21863.0,Península
2023-01-22 06:20:00+00:00,22114.0,Península
2023-01-22 06:25:00+00:00,21906.0,Península
2023-01-22 06:30:00+00:00,22001.0,Península
2023-01-22 06:35:00+00:00,22030.0,Península
2023-01-22 06:40:00+00:00,22212.0,Península
2023-01-22 06:45:00+00:00,22174.0,Península
2023-01-22 06:50:00+00:00,22162.0,Península
2023-01-22 06:55:00+00:00,22041.0,Península
2023-01-22 07:00:00+00:00,22300.0,Península
2023-01-22 07:05:00+00:00,22610.0,Península
2023-01-22 07:10:00+00:00,22280.0,Península
2023-01-22 07:15:00+00:00,22527.0,Península
2023-01-22 07:20:00+00:00,22681.0,Península
2023-01-22 07:25:00+00:00,22678.0,Península
2023-01-22 07:30:00+00:00,22658.0,Península
2023-01-22 07:35:00+00:00,22786.0,Península
2023-01-22 07:40:00+00:00,23002.0,Península
2023-01-22 07:45:00+00:00,23033.0,Península
2023-01-22 07:50:00+00:00,23038.0,Península
2023-01-22 07:55:00+00:00,23111.0,Península
2023-01-22 08:00:00+00:00,23258.0,Península
2023-01-22 08:05:00+00:00,23711.0,Península
2023-01-22 08:10:00+00:00,23772.0,Península
2023-01-22 08:15:00+00:00,23915.0,Península
2023-01-22 08:20:00+00:00,24177.0,Península
2023-01-22 08:25:00+00:00,24641.0,Península
2023-01-22 08:30:00+00:00,24971.0,Península
2023-01-22 08:35:00+00:00,24880.0,Península
2023-01-22 08:40:00+00:00,25079.0,Península
2023-01-22 08:45:00+00:00,24621.0,Península
2023-01-22 08:50:00+00:00,24933.0,Península
2023-01-22 08:55:00+00:00,25133.0,Península
2023-01-22 09:00:00+00:00,25116.0,Península
2023-01-22 09:05:00+00:00,25281.0,Península
2023-01-22 09:10:00+00:00,25641.0,Península
2023-01-22 09:15:00+00:00,25805.0,Península
2023-01-22 09:20:00+00:00,25613.0,Península
2023-01-22 09:25:00+00:00,25903.0,Península
2023-01-22 09:30:00+00:00,25815.0,Península
2023-01-22 09:35:00+00:00,25899.0,Península
2023-01-22 09:40:00+00:00,25748.0,Península
2023-01-22 09:45:00+00:00,25456.0,Península
2023-01-22 09:50:00+00:00,25757.0,Península
2023-01-22 09:55:00+00:00,25702.0,Península
2023-01-22 10:00:00+00:00,25861.0,Península
2023-01-22 10:05:00+00:00,25914.0,Península
2023-01-22 10:10:00+00:00,25648.0,Península
2023-01-22 10:15:00+00:00,26097.0,Península
2023-01-22 10:20:00+00:00,25922.0,Península
2023-01-22 10:25:00+00:00,26096.0,Península
2023-01-22 10:30:00+00:00,26003.0,Península
2023-01-22 10:35:00+00:00,26107.0,Península
2023-01-22 10:40:00+00:00,25820.0,Península
2023-01-22 10:45:00+00:00,25737.0,Península
2023-01-22 10:50:00+00:00,25792.0,Península
2023-01-22 10:55:00+00:00,26001.0,Península
2023-01-22 11:00:00+00:00,25914.0,Península
2023-01-22 11:05:00+00:00,25720.0,Península
2023-01-22 11:10:00+00:00,25647.0,Península
2023-01-22 11:15:00+00:00,25567.0,Península
2023-01-22 11:20:00+00:00,25634.0,Península
2023-01-22 11:25:00+00:00,25716.0,Península
2023-01-22 11:30:00+00:00,25484.0,Península
2023-01-22 11:35:00+00:00,25642.0,Península
2023-01-22 11:40:00+00:00,25749.0,Península
2023-01-22 11:45:00+00:00,25709.0,Península
2023-01-22 11:50:00+00:00,25603.0,Península
2023-01-22 11:55:00+00:00,25867.0,Península
2023-01-22 12:00:00+00:00,25753.0,Península
2023-01-22 12:05:00+00:00,25697.0,Península
2023-01-22 12:10:00+00:00,25834.0,Península
2023-01-22 12:15:00+00:00,25903.0,Península
2023-01-22 12:20:00+00:00,25922.0,Península
2023-01-22 12:25:00+00:00,25992.0,Península
2023-01-22 12:30:00+00:00,26132.0,Península
2023-01-22 12:35:00+00:00,26267.0,Península
2023-01-22 12:40:00+00:00,26267.0,Península
2023-01-22 12:45:00+00:00,26132.0,Península
2023-01-22 12:50:00+00:00,26207.0,Península
2023-01-22 12:55:00+00:00,26338.0,Península
2023-01-22 13:00:00+00:00,26412.0,Península
2023-01-22 13:05:00+00:00,26472.0,Península
2023-01-22 13:10:00+00:00,26357.0,Península
2023-01-22 13:15:00+00:00,26290.0,Península
2023-01-22 13:20:00+00:00,26597.0,Península
2023-01-22 13:25:00+00:00,26399.0,Península
2023-01-22 13:30:00+00:00,26228.0,Península
2023-01-22 13:35:00+00:00,26213.0,Península
2023-01-22 13:40:00+00:00,26068.0,Península
2023-01-22 13:45:00+00:00,25905.0,Península
2023-01-22 13:50:00+00:00,25894.0,Península
2023-01-22 13:55:00+00:00,25910.0,Península
2023-01-22 14:00:00+00:00,25662.0,Península
2023-01-22 14:05:00+00:00,25823.0,Península
2023-01-22 14:10:00+00:00,25583.0,Península
2023-01-22 14:15:00+00:00,25484.0,Península
2023-01-22 14:20:00+00:00,25655.0,Península
2023-01-22 14:25:00+00:00,25464.0,Península
2023-01-22 14:30:00+00:00,25439.0,Península
2023-01-22 14:35:00+00:00,25395.0,Península
2023-01-22 14:40:00+00:00,25425.0,Península
2023-01-22 14:45:00+00:00,25233.0,Península
2023-01-22 14:50:00+00:00,25093.0,Península
2023-01-22 14:55:00+00:00,25353.0,Península
2023-01-22 15:00:00+00:00,25418.0,Península
2023-01-22 15:05:00+00:00,25123.0,Península
2023-01-22 15:10:00+00:00,25257.0,Península
2023-01-22 15:15:00+00:00,24932.0,Península
2023-01-22 15:20:00+00:00,25312.0,Península
2023-01-22 15:25:00+00:00,25349.0,Península
2023-01-22 15:30:00+00:00,25217.0,Península
2023-01-22 15:35:00+00:00,25255.0,Península
2023-01-22 15:40:00+00:00,25186.0,Península
2023-01-22 15:45:00+00:00,25180.0,Península
2023-01-22 15:50:00+00:00,25270.0,Península
2023-01-22 15:55:00+00:00,25304.0,Península
2023-01-22 16:00:00+00:00,25587.0,Península
2023-01-22 16:05:00+00:00,25868.0,Península
2023-01-22 16:10:00+00:00,25934.0,Península
2023-01-22 16:15:00+00:00,25682.0,Península
2023-01-22 16:20:00+00:00,25669.0,Península
2023-01-22 16:25:00+00:00,25769.0,Península
2023-01-22 16:30:00+00:00,25545.0,Península
2023-01-22 16:35:00+00:00,26038.0,Península
2023-01-22 16:40:00+00:00,26188.0,Península
2023-01-22 16:45:00+00:00,26392.0,Península
2023-01-22 16:50:00+00:00,26623.0,Península
2023-01-22 16:55:00+00:00,26773.0,Península
2023-01-22 17:00:00+00:00,26784.0,Península
2023-01-22 17:05:00+00:00,27229.0,Península
2023-01-22 17:10:00+00:00,27589.0,Península
2023-01-22 17:15:00+00:00,27666.0,Península
2023-01-22 17:20:00+00:00,27854.0,Península
2023-01-22 17:25:00+00:00,28132.0,Península
2023-01-22 17:30:00+00:00,28332.0,Península
2023-01-22 17:35:00+00:00,28902.0,Península
2023-01-22 17:40:00+00:00,29183.0,Península
2023-01-22 17:45:00+00:00,29695.0,Península
2023-01-22 17:50:00+00:00,29794.0,Península
2023-01-22 17:55:00+00:00,29965.0,Península
2023-01-22 18:00:00+00:00,30006.0,Península
2023-01-22 18:05:00+00:00,30102.0,Península
2023-01-22 18:10:00+00:00,30523.0,Península
2023-01-22 18:15:00+00:00,30476.0,Península
2023-01-22 18:20:00+00:00,30554.0,Península
2023-01-22 18:25:00+00:00,30439.0,Península
2023-01-22 18:30:00+00:00,30782.0,Península
2023-01-22 18:35:00+00:00,31068.0,Península
2023-01-22 18:40:00+00:00,31103.0,Península
2023-01-22 18:45:00+00:00,31244.0,Península
2023-01-22 18:50:00+00:00,31238.0,Península
2023-01-22 18:55:00+00:00,31533.0,Península
2023-01-22 19:00:00+00:00,31455.0,Península
2023-01-22 19:05:00+00:00,31453.0,Península
2023-01-22 19:10:00+00:00,31647.0,Península
2023-01-22 19:15:00+00:00,31567.0,Península
2023-01-22 19:20:00+00:00,31705.0,Península
2023-01-22 19:25:00+00:00,31985.0,Península
2023-01-22 19:30:00+00:00,31887.0,Península
2023-01-22 19:35:00+00:00,32200.0,Península
2023-01-22 19:40:00+00:00,32182.0,Península
2023-01-22 19:45:00+00:00,32084.0,Península
2023-01-22 19:50:00+00:00,32328.0,Península
2023-01-22 19:55:00+00:00,32370.0,Península
2023-01-22 20:00:00+00:00,32011.0,Península
2023-01-22 20:05:00+00:00,32097.0,Península
2023-01-22 20:10:00+00:00,32311.0,Península
2023-01-22 20:15:00+00:00,32061.0,Península
2023-01-22 20:20:00+00:00,32085.0,Península
2023-01-22 20:25:00+00:00,31905.0,Península
2023-01-22 20:30:00+00:00,31961.0,Península
2023-01-22 20:35:00+00:00,31715.0,Península
2023-01-22 20:40:00+00:00,31643.0,Península
2023-01-22 20:45:00+00:00,31500.0,Península
2023-01-22 20:50:00+00:00,31123.0,Península
2023-01-22 20:55:00+00:00,31241.0,Península
2023-01-22 21:00:00+00:00,31098.0,Península
2023-01-22 21:05:00+00:00,31237.0,Península
2023-01-22 21:10:00+00:00,30688.0,Península
2023-01-22 21:15:00+00:00,30383.0,Península
2023-01-22 21:20:00+00:00,30307.0,Península
2023-01-22 21:25:00+00:00,30115.0,Península
2023-01-22 21:30:00+00:00,29691.0,Península
2023-01-22 21:35:00+00:00,29496.0,Península
2023-01-22 21:40:00+00:00,29074.0,Península
2023-01-22 21:45:00+00:00,29175.0,Península
2023-01-22 21:50:00+00:00,28915.0,Península
2023-01-22 21:55:00+00:00,28655.0,Península
2023-01-22 22:00:00+00:00,28416.0,Península
2023-01-22 22:05:00+00:00,28168.0,Península
2023-01-22 22:10:00+00:00,28134.0,Península
2023-01-22 22:15:00+00:00,27953.0,Península
2023-01-22 22:20:00+00:00,27499.0,Península
2023-01-22 22:25:00+00:00,26944.0,Península
2023-01-22 22:30:00+00:00,27031.0,Península
2023-01-22 22:35:00+00:00,26844.0,Península
2023-01-22 22:40:00+00:00,26627.0,Península
2023-01-22 22:45:00+00:00,26007.0,Península
2023-01-22 22:50:00+00:00,26116.0,Península
2023-01-22 22:55:00+00:00,25855.0,Península
2023-01-22 23:00:00+00:00,25675.0,Península
2023-01-22 23:05:00+00:00,25688.0,Península
2023-01-22 23:10:00+00:00,25546.0,Península
2023-01-22 23:15:00+00:00,25255.0,Península
2023-01-22 23:20:00+00:00,25216.0,Península
2023-01-22 23:25:00+00:00,25017.0,Península
2023-01-22 23:30:00+00:00,24964.0,Península
2023-01-22 23:35:00+00:00,24722.0,Península
2023-01-22 23:40:00+00:00,24466.0,Península
2023-01-22 23:45:00+00:00,24326.0,Península
2023-01-22 23:50:00+00:00,24060.0,Península
2023-01-22 23:55:00+00:00,23872.0,Península
2023-01-23 00:00:00+00:00,24014.0,Península
2023-01-23 00:05:00+00:00,23799.0,Península
2023-01-23 00:10:00+00:00,23678.0,Península
2023-01-23 00:15:00+00:00,23467.0,Península
2023-01-23 00:20:00+00:00,23493.0,Península
2023-01-23 00:25:00+00:00,23109.0,Península
2023-01-23 00:30:00+00:00,23210.0,Península
2023-01-23 00:35:00+00:00,23147.0,Península
2023-01-23 00:40:00+00:00,23074.0,Península
2023-01-23 00:45:00+00:00,22625.0,Península
2023-01-23 00:50:00+00:00,22665.0,Península
2023-01-23 00:55:00+00:00,22589.0,Península
2023-01-23 01:00:00+00:00,22623.0,Península
2023-01-23 01:05:00+00:00,22552.0,Península
2023-01-23 01:10:00+00:00,22300.0,Península
2023-01-23 01:15:00+00:00,22547.0,Península
2023-01-23 01:20:00+00:00,22372.0,Península
2023-01-23 01:25:00+00:00,22285.0,Península
2023-01-23 01:30:00+00:00,22080.0,Península
2023-01-23 01:35:00+00:00,22090.0,Península
2023-01-23 01:40:00+00:00,21945.0,Península
2023-01-23 01:45:00+00:00,21804.0,Península
2023-01-23 01:50:00+00:00,21891.0,Península
2023-01-23 01:55:00+00:00,21955.0,Península
2023-01-23 02:00:00+00:00,21852.0,Península
2023-01-23 02:05:00+00:00,21879.0,Península
2023-01-23 02:10:00+00:00,21813.0,Península
2023-01-23 02:15:00+00:00,21637.0,Península
2023-01-23 02:20:00+00:00,21742.0,Península
2023-01-23 02:25:00+00:00,21868.0,Península
2023-01-23 02:30:00+00:00,21750.0,Península
2023-01-23 02:35:00+00:00,21703.0,Península
2023-01-23 02:40:00+00:00,21596.0,Península
2023-01-23 02:45:00+00:00,21617.0,Península
2023-01-23 02:50:00+00:00,21803.0,Península
2023-01-23 02:55:00+00:00,21667.0,Península
2023-01-23 03:00:00+00:00,21757.0,Península
2023-01-23 03:05:00+00:00,21701.0,Península
2023-01-23 03:10:00+00:00,21720.0,Península
2023-01-23 03:15:00+00:00,21514.0,Península
2023-01-23 03:20:00+00:00,21682.0,Península
2023-01-23 03:25:00+00:00,21922.0,Península
2023-01-23 03:30:00+00:00,21721.0,Península
2023-01-23 03:35:00+00:00,21727.0,Península
2023-01-23 03:40:00+00:00,21830.0,Península
2023-01-23 03:45:00+00:00,21773.0,Península
2023-01-23 03:50:00+00:00,21913.0,Península
2023-01-23 03:55:00+00:00,21879.0,Península
2023-01-23 04:00:00+00:00,21829.0,Península
2023-01-23 04:05:00+00:00,22264.0,Península
2023-01-23 04:10:00+00:00,22111.0,Península
2023-01-23 04:15:00+00:00,22243.0,Península
2023-01-23 04:20:00+00:00,22331.0,Península
2023-01-23 04:25:00+00:00,22680.0,Península
2023-01-23 04:30:00+00:00,22486.0,Península
2023-01-23 04:35:00+00:00,22690.0,Península
2023-01-23 04:40:00+00:00,22949.0,Península
2023-01-23 04:45:00+00:00,23094.0,Península
2023-01-23 04:50:00+00:00,23268.0,Península
2023-01-23 04:55:00+00:00,23377.0,Península
2023-01-23 05:00:00+00:00,23889.0,Península
2023-01-23 05:05:00+00:00,24887.0,Península
2023-01-23 05:10:00+00:00,24974.0,Península
2023-01-23 05:15:00+00:00,25279.0,Península
2023-01-23 05:20:00+00:00,25675.0,Península
2023-01-23 05:25:00+00:00,25928.0,Península
2023-01-23 05:30:00+00:00,26187.0,Península
2023-01-23 05:35:00+00:00,26448.0,Península
2023-01-23 05:40:00+00:00,26807.0,Península
2023-01-23 05:45:00+00:00,27117.0,Península
2023-01-23 05:50:00+00:00,27829.0,Península
2023-01-23 05:55:00+00:00,28067.0,Península
2023-01-23 06:00:00+00:00,28683.0,Península
2023-01-23 06:05:00+00:00,29276.0,Península
2023-01-23 06:10:00+00:00,29733.0,Península
2023-01-23 06:15:00+00:00,30257.0,Península
2023-01-23 06:20:00+00:00,30687.0,Península
2023-01-23 06:25:00+00:00,31281.0,Península
2023-01-23 06:30:00+00:00,31598.0,Península
2023-01-23 06:35:00+00:00,31891.0,Península
2023-01-23 06:40:00+00:00,32377.0,Península
2023-01-23 06:45:00+00:00,32643.0,Península
2023-01-23 06:50:00+00:00,32845.0,Península
2023-01-23 06:55:00+00:00,33023.0,Península
2023-01-23 07:00:00+00:00,33191.0,Península
2023-01-23 07:05:00+00:00,33501.0,Península
2023-01-23 07:10:00+00:00,33778.0,Península
2023-01-23 07:15:00+00:00,34101.0,Península
2023-01-23 07:20:00+00:00,34436.0,Península
2023-01-23 07:25:00+00:00,34664.0,Península
2023-01-23 07:30:00+00:00,34500.0,Península
2023-01-23 07:35:00+00:00,34645.0,Península
2023-01-23 07:40:00+00:00,34586.0,Península
2023-01-23 07:45:00+00:00,34511.0,Península
2023-01-23 07:50:00+00:00,34556.0,Península
2023-01-23 07:55:00+00:00,34624.0,Península
2023-01-23 08:00:00+00:00,34717.0,Península
2023-01-23 08:05:00+00:00,34800.0,Península
2023-01-23 08:10:00+00:00,34779.0,Península
2023-01-23 08:15:00+00:00,34776.0,Península
2023-01-23 08:20:00+00:00,34915.0,Península
2023-01-23 08:25:00+00:00,34973.0,Península
2023-01-23 08:30:00+00:00,34987.0,Península
2023-01-23 08:35:00+00:00,34997.0,Península
2023-01-23 08:40:00+00:00,34936.0,Península
2023-01-23 08:45:00+00:00,34952.0,Península
2023-01-23 08:50:00+00:00,34983.0,Península
2023-01-23 08:55:00+00:00,35133.0,Península
2023-01-23 09:00:00+00:00,35006.0,Península
2023-01-23 09:05:00+00:00,34979.0,Península
2023-01-23 09:10:00+00:00,34721.0,Península
2023-01-23 09:15:00+00:00,34609.0,Península
2023-01-23 09:20:00+00:00,34669.0,Península
2023-01-23 09:25:00+00:00,34553.0,Península
2023-01-23 09:30:00+00:00,34441.0,Península
2023-01-23 09:35:00+00:00,34576.0,Península
2023-01-23 09:40:00+00:00,34442.0,Península
2023-01-23 09:45:00+00:00,34610.0,Península
2023-01-23 09:50:00+00:00,34465.0,Península
2023-01-23 09:55:00+00:00,34450.0,Península
2023-01-23 10:00:00+00:00,34423.0,Península
2023-01-23 10:05:00+00:00,33730.0,Península
2023-01-23 10:10:00+00:00,34186.0,Península
2023-01-23 10:15:00+00:00,34232.0,Península
2023-01-23 10:20:00+00:00,33937.0,Península
2023-01-23 10:25:00+00:00,33904.0,Península
2023-01-23 10:30:00+00:00,33856.0,Península
2023-01-23 10:35:00+00:00,33805.0,Península
2023-01-23 10:40:00+00:00,33795.0,Península
2023-01-23 10:45:00+00:00,33925.0,Península
2023-01-23 10:50:00+00:00,33888.0,Península
2023-01-23 10:55:00+00:00,33688.0,Península
2023-01-23 11:00:00+00:00,33613.0,Península
2023-01-23 11:05:00+00:00,33503.0,Península
2023-01-23 11:10:00+00:00,33671.0,Península
2023-01-23 11:15:00+00:00,33588.0,Península
2023-01-23 11:20:00+00:00,33340.0,Península
2023-01-23 11:25:00+00:00,33456.0,Península
2023-01-23 11:30:00+00:00,33557.0,Península
2023-01-23 11:35:00+00:00,33541.0,Península
2023-01-23 11:40:00+00:00,33525.0,Península
2023-01-23 11:45:00+00:00,33425.0,Península
2023-01-23 11:50:00+00:00,33399.0,Península
2023-01-23 11:55:00+00:00,33579.0,Península
2023-01-23 12:00:00+00:00,33137.0,Península
2023-01-23 12:05:00+00:00,33343.0,Península
2023-01-23 12:10:00+00:00,33393.0,Península
2023-01-23 12:15:00+00:00,33390.0,Península
2023-01-23 12:20:00+00:00,33578.0,Península
2023-01-23 12:25:00+00:00,33577.0,Península
2023-01-23 12:30:00+00:00,33511.0,Península
2023-01-23 12:35:00+00:00,33518.0,Península
2023-01-23 12:40:00+00:00,33516.0,Península
2023-01-23 12:45:00+00:00,33521.0,Península
2023-01-23 12:50:00+00:00,33420.0,Península
2023-01-23 12:55:00+00:00,33284.0,Península
2023-01-23 13:00:00+00:00,33155.0,Península
2023-01-23 13:05:00+00:00,32946.0,Península
2023-01-23 13:10:00+00:00,33220.0,Península
2023-01-23 13:15:00+00:00,33174.0,Península
2023-01-23 13:20:00+00:00,33332.0,Península
2023-01-23 13:25:00+00:00,33213.0,Península
2023-01-23 13:30:00+00:00,33227.0,Península
2023-01-23 13:35:00+00:00,33157.0,Península
2023-01-23 13:40:00+00:00,32997.0,Península
2023-01-23 13:45:00+00:00,32947.0,Península
2023-01-23 13:50:00+00:00,32816.0,Península
2023-01-23 13:55:00+00:00,32891.0,Península
2023-01-23 14:00:00+00:00,32874.0,Península
2023-01-23 14:05:00+00:00,32724.0,Península
2023-01-23 14:10:00+00:00,32527.0,Península
2023-01-23 14:15:00+00:00,32857.0,Península
2023-01-23 14:20:00+00:00,32775.0,Península
2023-01-23 14:25:00+00:00,32783.0,Península
2023-01-23 14:30:00+00:00,32453.0,Península
2023-01-23 14:35:00+00:00,32498.0,Península
2023-01-23 14:40:00+00:00,32491.0,Península
2023-01-23 14:45:00+00:00,32778.0,Península
2023-01-23 14:50:00+00:00,32768.0,Península
2023-01-23 14:55:00+00:00,32798.0,Península
2023-01-23 15:00:00+00:00,32789.0,Península
2023-01-23 15:05:00+00:00,32880.0,Península
2023-01-23 15:10:00+00:00,32760.0,Península
2023-01-23 15:15:00+00:00,32891.0,Península
2023-01-23 15:20:00+00:00,32724.0,Península
2023-01-23 15:25:00+00:00,32624.0,Península
2023-01-23 15:30:00+00:00,32575.0,Península
2023-01-23 15:35:00+00:00,32861.0,Península
2023-01-23 15:40:00+00:00,32770.0,Península
2023-01-23 15:45:00+00:00,32736.0,Península
2023-01-23 15:50:00+00:00,32909.0,Península
2023-01-23 15:55:00+00:00,32986.0,Península
2023-01-23 16:00:00+00:00,33076.0,Península
2023-01-23 16:05:00+00:00,33332.0,Península
2023-01-23 16:10:00+00:00,33314.0,Península
2023-01-23 16:15:00+00:00,33460.0,Península
2023-01-23 16:20:00+00:00,33427.0,Península
2023-01-23 16:25:00+00:00,33429.0,Península
2023-01-23 16:30:00+00:00,33452.0,Península
2023-01-23 16:35:00+00:00,33523.0,Península
2023-01-23 16:40:00+00:00,33609.0,Península
2023-01-23 16:45:00+00:00,33775.0,Península
2023-01-23 16:50:00+00:00,33958.0,Península
2023-01-23 16:55:00+00:00,34178.0,Península
2023-01-23 17:00:00+00:00,34215.0,Península
2023-01-23 17:05:00+00:00,34397.0,Península
2023-01-23 17:10:00+00:00,34461.0,Península
2023-01-23 17:15:00+00:00,34761.0,Península
2023-01-23 17:20:00+00:00,34951.0,Península
2023-01-23 17:25:00+00:00,35322.0,Península
2023-01-23 17:30:00+00:00,35544.0,Península
2023-01-23 17:35:00+00:00,35799.0,Península
2023-01-23 17:40:00+00:00,36177.0,Península
2023-01-23 17:45:00+00:00,36462.0,Península
2023-01-23 17:50:00+00:00,36589.0,Península
2023-01-23 17:55:00+00:00,36729.0,Península
2023-01-23 18:00:00+00:00,36837.0,Península
2023-01-23 18:05:00+00:00,36975.0,Península
2023-01-23 18:10:00+00:00,37311.0,Península
2023-01-23 18:15:00+00:00,37411.0,Península
2023-01-23 18:20:00+00:00,37513.0,Península
2023-01-23 18:25:00+00:00,37429.0,Península
2023-01-23 18:30:00+00:00,37556.0,Península
2023-01-23 18:35:00+00:00,37544.0,Península
2023-01-23 18:40:00+00:00,37710.0,Península
2023-01-23 18:45:00+00:00,37803.0,Península
2023-01-23 18:50:00+00:00,37875.0,Península
2023-01-23 18:55:00+00:00,38092.0,Península
2023-01-23 19:00:00+00:00,38044.0,Península
2023-01-23 19:05:00+00:00,38078.0,Península
2023-01-23 19:10:00+00:00,38332.0,Península
2023-01-23 19:15:00+00:00,38249.0,Península
2023-01-23 19:20:00+00:00,38152.0,Península
2023-01-23 19:25:00+00:00,38196.0,Península
2023-01-23 19:30:00+00:00,38176.0,Península
2023-01-23 19:35:00+00:00,38322.0,Península
2023-01-23 19:40:00+00:00,38146.0,Península
2023-01-23 19:45:00+00:00,38138.0,Península
2023-01-23 19:50:00+00:00,38335.0,Península
2023-01-23 19:55:00+00:00,38106.0,Península
2023-01-23 20:00:00+00:00,37973.0,Península
2023-01-23 20:05:00+00:00,37807.0,Península
2023-01-23 20:10:00+00:00,37675.0,Península
2023-01-23 20:15:00+00:00,37644.0,Península
2023-01-23 20:20:00+00:00,37534.0,Península
2023-01-23 20:25:00+00:00,37265.0,Península
2023-01-23 20:30:00+00:00,36894.0,Península
2023-01-23 20:35:00+00:00,36605.0,Península
2023-01-23 20:40:00+00:00,36446.0,Península
2023-01-23 20:45:00+00:00,36089.0,Península
2023-01-23 20:50:00+00:00,35609.0,Península
2023-01-23 20:55:00+00:00,35377.0,Península
2023-01-23 21:00:00+00:00,34779.0,Península
2023-01-23 21:05:00+00:00,34364.0,Península
2023-01-23 21:10:00+00:00,34140.0,Península
2023-01-23 21:15:00+00:00,33896.0,Península
2023-01-23 21:20:00+00:00,33688.0,Península
2023-01-23 21:25:00+00:00,33341.0,Península
2023-01-23 21:30:00+00:00,32944.0,Península
2023-01-23 21:35:00+00:00,32589.0,Península
2023-01-23 21:40:00+00:00,32430.0,Península
2023-01-23 21:45:00+00:00,32131.0,Península
2023-01-23 21:50:00+00:00,31811.0,Península
2023-01-23 21:55:00+00:00,31619.0,Península
2023-01-23 22:00:00+00:00,31292.0,Península
2023-01-23 22:05:00+00:00,30791.0,Península
2023-01-23 22:10:00+00:00,30592.0,Península
2023-01-23 22:15:00+00:00,30212.0,Península
2023-01-23 22:20:00+00:00,29897.0,Península
2023-01-23 22:25:00+00:00,29830.0,Península
2023-01-23 22:30:00+00:00,29488.0,Península
2023-01-23 22:35:00+00:00,29256.0,Península
2023-01-23 22:40:00+00:00,28869.0,Península
2023-01-23 22:45:00+00:00,28645.0,Península
2023-01-23 22:50:00+00:00,28448.0,Península
2023-01-23 22:55:00+00:00,28135.0,Península
2023-01-23 23:00:00+00:00,27687.0,Península
2023-01-23 23:05:00+00:00,28130.0,Península
2023-01-23 23:10:00+00:00,27953.0,Península
2023-01-23 23:15:00+00:00,28059.0,Península
2023-01-23 23:20:00+00:00,27898.0,Península
2023-01-23 23:25:00+00:00,27699.0,Península
2023-01-23 23:30:00+00:00,27369.0,Península
2023-01-23 23:35:00+00:00,27214.0,Península
2023-01-23 23:40:00+00:00,27186.0,Península
2023-01-23 23:45:00+00:00,26782.0,Península
2023-01-23 23:50:00+00:00,26542.0,Península
2023-01-23 23:55:00+00:00,26277.0,Península
2023-01-24 00:00:00+00:00,26133.0,Península
2023-01-24 00:05:00+00:00,26027.0,Península
2023-01-24 00:10:00+00:00,26050.0,Península
2023-01-24 00:15:00+00:00,25980.0,Península
2023-01-24 00:20:00+00:00,25722.0,Península
2023-01-24 00:25:00+00:00,25585.0,Península
2023-01-24 00:30:00+00:00,25499.0,Península
2023-01-24 00:35:00+00:00,25252.0,Península
2023-01-24 00:40:00+00:00,25207.0,Península
2023-01-24 00:45:00+00:00,25068.0,Península
2023-01-24 00:50:00+00:00,24952.0,Península
2023-01-24 00:55:00+00:00,24907.0,Península
2023-01-24 01:00:00+00:00,24880.0,Península
2023-01-24 01:05:00+00:00,24661.0,Península
2023-01-24 01:10:00+00:00,24669.0,Península
2023-01-24 01:15:00+00:00,24553.0,Península
2023-01-24 01:20:00+00:00,24386.0,Península
2023-01-24 01:25:00+00:00,24148.0,Península
2023-01-24 01:30:00+00:00,24078.0,Península
2023-01-24 01:35:00+00:00,24151.0,Península
2023-01-24 01:40:00+00:00,24170.0,Península
2023-01-24 01:45:00+00:00,24228.0,Península
2023-01-24 01:50:00+00:00,24140.0,Península
2023-01-24 01:55:00+00:00,24127.0,Península
2023-01-24 02:00:00+00:00,23897.0,Península
2023-01-24 02:05:00+00:00,23821.0,Península
2023-01-24 02:10:00+00:00,23769.0,Península
2023-01-24 02:15:00+00:00,23663.0,Península
2023-01-24 02:20:00+00:00,23800.0,Península
2023-01-24 02:25:00+00:00,23766.0,Península
2023-01-24 02:30:00+00:00,23667.0,Península
2023-01-24 02:35:00+00:00,23533.0,Península
2023-01-24 02:40:00+00:00,23914.0,Península
2023-01-24 02:45:00+00:00,23809.0,Península
2023-01-24 02:50:00+00:00,23649.0,Península
2023-01-24 02:55:00+00:00,23592.0,Península
2023-01-24 03:00:00+00:00,23587.0,Península
2023-01-24 03:05:00+00:00,23729.0,Península
2023-01-24 03:10:00+00:00,23604.0,Península
2023-01-24 03:15:00+00:00,23567.0,Península
2023-01-24 03:20:00+00:00,23577.0,Península
2023-01-24 03:25:00+00:00,23683.0,Península
2023-01-24 03:30:00+00:00,23637.0,Península
2023-01-24 03:35:00+00:00,23699.0,Península
2023-01-24 03:40:00+00:00,23781.0,Península
2023-01-24 03:45:00+00:00,23608.0,Península
2023-01-24 03:50:00+00:00,23886.0,Península
2023-01-24 03:55:00+00:00,23940.0,Península
2023-01-24 04:00:00+00:00,23827.0,Península
2023-01-24 04:05:00+00:00,24145.0,Península
2023-01-24 04:10:00+00:00,24128.0,Península
2023-01-24 04:15:00+00:00,24230.0,Península
2023-01-24 04:20:00+00:00,24181.0,Península
2023-01-24 04:25:00+00:00,24293.0,Península
2023-01-24 04:30:00+00:00,24269.0,Península
2023-01-24 04:35:00+00:00,24595.0,Península
2023-01-24 04:40:00+00:00,24554.0,Península
2023-01-24 04:45:00+00:00,24657.0,Península
2023-01-24 04:50:00+00:00,24923.0,Península
2023-01-24 04:55:00+00:00,25179.0,Península
2023-01-24 05:00:00+00:00,25455.0,Península
2023-01-24 05:05:00+00:00,25978.0,Península
2023-01-24 05:10:00+00:00,26277.0,Península
2023-01-24 05:15:00+00:00,26761.0,Península
2023-01-24 05:20:00+00:00,26954.0,Península
2023-01-24 05:25:00+00:00,27001.0,Península
2023-01-24 05:30:00+00:00,27407.0,Península
2023-01-24 05:35:00+00:00,27809.0,Península
2023-01-24 05:40:00+00:00,28067.0,Península
2023-01-24 05:45:00+00:00,28520.0,Península
2023-01-24 05:50:00+00:00,28745.0,Península
2023-01-24 05:55:00+00:00,29252.0,Península
2023-01-24 06:00:00+00:00,29644.0,Península
2023-01-24 06:05:00+00:00,30360.0,Península
2023-01-24 06:10:00+00:00,31037.0,Península
2023-01-24 06:15:00+00:00,31345.0,Península
2023-01-24 06:20:00+00:00,32018.0,Península
2023-01-24 06:25:00+00:00,32141.0,Península
2023-01-24 06:30:00+00:00,32534.0,Península
2023-01-24 06:35:00+00:00,33205.0,Península
2023-01-24 06:40:00+00:00,33495.0,Península
2023-01-24 06:45:00+00:00,33850.0,Península
2023-01-24 06:50:00+00:00,33977.0,Península
2023-01-24 06:55:00+00:00,34172.0,Península
2023-01-24 07:00:00+00:00,34441.0,Península
2023-01-24 07:05:00+00:00,34629.0,Península
2023-01-24 07:10:00+00:00,35075.0,Península
2023-01-24 07:15:00+00:00,35378.0,Península
2023-01-24 07:20:00+00:00,35709.0,Península
2023-01-24 07:25:00+00:00,35582.0,Península
2023-01-24 07:30:00+00:00,35633.0,Península
2023-01-24 07:35:00+00:00,35583.0,Península
2023-01-24 07:40:00+00:00,35720.0,Península
2023-01-24 07:45:00+00:00,35596.0,Península
2023-01-24 07:50:00+00:00,35723.0,Península
2023-01-24 07:55:00+00:00,35600.0,Península
2023-01-24 08:00:00+00:00,35588.0,Península
2023-01-24 08:05:00+00:00,35764.0,Península
2023-01-24 08:10:00+00:00,36080.0,Península
2023-01-24 08:15:00+00:00,36176.0,Península
2023-01-24 08:20:00+00:00,36265.0,Península
2023-01-24 08:25:00+00:00,36040.0,Península
2023-01-24 08:30:00+00:00,36260.0,Península
2023-01-24 08:35:00+00:00,36256.0,Península
2023-01-24 08:40:00+00:00,36493.0,Península
2023-01-24 08:45:00+00:00,36369.0,Península
2023-01-24 08:50:00+00:00,36286.0,Península
2023-01-24 08:55:00+00:00,36443.0,Península
2023-01-24 09:00:00+00:00,36414.0,Península
2023-01-24 09:05:00+00:00,36485.0,Península
2023-01-24 09:10:00+00:00,36313.0,Península
2023-01-24 09:15:00+00:00,36255.0,Península
2023-01-24 09:20:00+00:00,36338.0,Península
2023-01-24 09:25:00+00:00,36443.0,Península
2023-01-24 09:30:00+00:00,36429.0,Península
2023-01-24 09:35:00+00:00,36267.0,Península
2023-01-24 09:40:00+00:00,36182.0,Península
2023-01-24 09:45:00+00:00,36209.0,Península
2023-01-24 09:50:00+00:00,36230.0,Península
2023-01-24 09:55:00+00:00,36153.0,Península
2023-01-24 10:00:00+00:00,35849.0,Península
2023-01-24 10:05:00+00:00,35867.0,Península
2023-01-24 10:10:00+00:00,35963.0,Península
2023-01-24 10:15:00+00:00,36118.0,Península
2023-01-24 10:20:00+00:00,35998.0,Península
2023-01-24 10:25:00+00:00,35968.0,Península
2023-01-24 10:30:00+00:00,36042.0,Península
2023-01-24 10:35:00+00:00,36083.0,Península
2023-01-24 10:40:00+00:00,36087.0,Península
2023-01-24 10:45:00+00:00,35935.0,Península
2023-01-24 10:50:00+00:00,35968.0,Península
2023-01-24 10:55:00+00:00,35804.0,Península
2023-01-24 11:00:00+00:00,35840.0,Península
2023-01-24 11:05:00+00:00,35680.0,Península
2023-01-24 11:10:00+00:00,35701.0,Península
2023-01-24 11:15:00+00:00,35647.0,Península
2023-01-24 11:20:00+00:00,35738.0,Península
2023-01-24 11:25:00+00:00,35554.0,Península
2023-01-24 11:30:00+00:00,35722.0,Península
2023-01-24 11:35:00+00:00,35648.0,Península
2023-01-24 11:40:00+00:00,35886.0,Península
2023-01-24 11:45:00+00:00,36000.0,Península
2023-01-24 11:50:00+00:00,35780.0,Península
2023-01-24 11:55:00+00:00,35915.0,Península
2023-01-24 12:00:00+00:00,35871.0,Península
2023-01-24 12:05:00+00:00,35929.0,Península
2023-01-24 12:10:00+00:00,35855.0,Península
2023-01-24 12:15:00+00:00,35829.0,Península
2023-01-24 12:20:00+00:00,35964.0,Península
2023-01-24 12:25:00+00:00,35972.0,Península
2023-01-24 12:30:00+00:00,35914.0,Península
2023-01-24 12:35:00+00:00,35900.0,Península
2023-01-24 12:40:00+00:00,35880.0,Península
2023-01-24 12:45:00+00:00,35866.0,Península
2023-01-24 12:50:00+00:00,35791.0,Península
2023-01-24 12:55:00+00:00,35624.0,Península
2023-01-24 13:00:00+00:00,35301.0,Península
2023-01-24 13:05:00+00:00,35450.0,Península
2023-01-24 13:10:00+00:00,35464.0,Península
2023-01-24 13:15:00+00:00,35640.0,Península
2023-01-24 13:20:00+00:00,35477.0,Península
2023-01-24 13:25:00+00:00,35503.0,Península
2023-01-24 13:30:00+00:00,35395.0,Península
2023-01-24 13:35:00+00:00,35335.0,Península
2023-01-24 13:40:00+00:00,35322.0,Península
2023-01-24 13:45:00+00:00,35212.0,Península
2023-01-24 13:50:00+00:00,35146.0,Península
2023-01-24 13:55:00+00:00,35141.0,Península
2023-01-24 14:00:00+00:00,35062.0,Península
2023-01-24 14:05:00+00:00,34870.0,Península
2023-01-24 14:10:00+00:00,34769.0,Península
2023-01-24 14:15:00+00:00,34793.0,Península
2023-01-24 14:20:00+00:00,34729.0,Península
2023-01-24 14:25:00+00:00,34753.0,Península
2023-01-24 14:30:00+00:00,34553.0,Península
2023-01-24 14:35:00+00:00,34643.0,Península
2023-01-24 14:40:00+00:00,34820.0,Península
2023-01-24 14:45:00+00:00,34900.0,Península
2023-01-24 14:50:00+00:00,34681.0,Península
2023-01-24 14:55:00+00:00,34407.0,Península
2023-01-24 15:00:00+00:00,34622.0,Península
2023-01-24 15:05:00+00:00,34819.0,Península
2023-01-24 15:10:00+00:00,34687.0,Península
2023-01-24 15:15:00+00:00,34615.0,Península
2023-01-24 15:20:00+00:00,34671.0,Península
2023-01-24 15:25:00+00:00,34715.0,Península
2023-01-24 15:30:00+00:00,34829.0,Península
2023-01-24 15:35:00+00:00,34814.0,Península
2023-01-24 15:40:00+00:00,34579.0,Península
2023-01-24 15:45:00+00:00,34505.0,Península
2023-01-24 15:50:00+00:00,34503.0,Península
2023-01-24 15:55:00+00:00,34387.0,Península
2023-01-24 16:00:00+00:00,34767.0,Península
2023-01-24 16:05:00+00:00,34873.0,Península
2023-01-24 16:10:00+00:00,34987.0,Península
2023-01-24 16:15:00+00:00,34927.0,Península
2023-01-24 16:20:00+00:00,35124.0,Península
2023-01-24 16:25:00+00:00,35164.0,Península
2023-01-24 16:30:00+00:00,35366.0,Península
2023-01-24 16:35:00+00:00,35241.0,Península
2023-01-24 16:40:00+00:00,35494.0,Península
2023-01-24 16:45:00+00:00,35584.0,Península
2023-01-24 16:50:00+00:00,35707.0,Península
2023-01-24 16:55:00+00:00,35636.0,Península
2023-01-24 17:00:00+00:00,35566.0,Península
2023-01-24 17:05:00+00:00,35774.0,Península
2023-01-24 17:10:00+00:00,35929.0,Península
2023-01-24 17:15:00+00:00,36235.0,Península
2023-01-24 17:20:00+00:00,36556.0,Península
2023-01-24 17:25:00+00:00,36852.0,Península
2023-01-24 17:30:00+00:00,37149.0,Península
2023-01-24 17:35:00+00:00,37424.0,Península
2023-01-24 17:40:00+00:00,37565.0,Península
2023-01-24 17:45:00+00:00,37660.0,Península
2023-01-24 17:50:00+00:00,37828.0,Península
2023-01-24 17:55:00+00:00,38184.0,Península
2023-01-24 18:00:00+00:00,38337.0,Península
2023-01-24 18:05:00+00:00,38268.0,Península
2023-01-24 18:10:00+00:00,38350.0,Península
2023-01-24 18:15:00+00:00,38296.0,Península
2023-01-24 18:20:00+00:00,38662.0,Península
2023-01-24 18:25:00+00:00,38581.0,Península
2023-01-24 18:30:00+00:00,38503.0,Península
2023-01-24 18:35:00+00:00,38606.0,Península
2023-01-24 18:40:00+00:00,38753.0,Península
2023-01-24 18:45:00+00:00,38721.0,Península
2023-01-24 18:50:00+00:00,38869.0,Península
2023-01-24 18:55:00+00:00,38946.0,Península
2023-01-24 19:00:00+00:00,39008.0,Península
2023-01-24 19:05:00+00:00,38806.0,Península
2023-01-24 19:10:00+00:00,38810.0,Península
2023-01-24 19:15:00+00:00,38804.0,Península
2023-01-24 19:20:00+00:00,38806.0,Península
2023-01-24 19:25:00+00:00,38719.0,Península
2023-01-24 19:30:00+00:00,38767.0,Península
2023-01-24 19:35:00+00:00,38860.0,Península
2023-01-24 19:40:00+00:00,38841.0,Península
2023-01-24 19:45:00+00:00,38915.0,Península
2023-01-24 19:50:00+00:00,38851.0,Península
2023-01-24 19:55:00+00:00,38784.0,Península
2023-01-24 20:00:00+00:00,38601.0,Península
2023-01-24 20:05:00+00:00,38643.0,Península
2023-01-24 20:10:00+00:00,38496.0,Península
2023-01-24 20:15:00+00:00,38330.0,Península
2023-01-24 20:20:00+00:00,38161.0,Península
2023-01-24 20:25:00+00:00,37936.0,Península
2023-01-24 20:30:00+00:00,37631.0,Península
2023-01-24 20:35:00+00:00,37311.0,Península
2023-01-24 20:40:00+00:00,36930.0,Península
2023-01-24 20:45:00+00:00,36620.0,Península
2023-01-24 20:50:00+00:00,36357.0,Península
2023-01-24 20:55:00+00:00,36261.0,Península
2023-01-24 21:00:00+00:00,35688.0,Península
2023-01-24 21:05:00+00:00,35034.0,Península
2023-01-24 21:10:00+00:00,34837.0,Península
2023-01-24 21:15:00+00:00,34645.0,Península
2023-01-24 21:20:00+00:00,34342.0,Península
2023-01-24 21:25:00+00:00,34203.0,Península
2023-01-24 21:30:00+00:00,33967.0,Península
2023-01-24 21:35:00+00:00,33644.0,Península
2023-01-24 21:40:00+00:00,33330.0,Península
2023-01-24 21:45:00+00:00,32839.0,Península
2023-01-24 21:50:00+00:00,32659.0,Península
2023-01-24 21:55:00+00:00,32338.0,Península
2023-01-24 22:00:00+00:00,31888.0,Península
2023-01-24 22:05:00+00:00,31286.0,Península
2023-01-24 22:10:00+00:00,31062.0,Península
2023-01-24 22:15:00+00:00,30563.0,Península
2023-01-24 22:20:00+00:00,30257.0,Península
2023-01-24 22:25:00+00:00,30075.0,Península
2023-01-24 22:30:00+00:00,29591.0,Península
2023-01-24 22:35:00+00:00,29459.0,Península
2023-01-24 22:40:00+00:00,29099.0,Península
2023-01-24 22:45:00+00:00,28808.0,Península
2023-01-24 22:50:00+00:00,28559.0,Península
2023-01-24 22:55:00+00:00,28186.0,Península
2023-01-24 23:00:00+00:00,28028.0,Península
2023-01-24 23:05:00+00:00,28383.0,Península
2023-01-24 23:10:00+00:00,28399.0,Península
2023-01-24 23:15:00+00:00,28159.0,Península
2023-01-24 23:20:00+00:00,27864.0,Península
2023-01-24 23:25:00+00:00,27780.0,Península
2023-01-24 23:30:00+00:00,27533.0,Península
2023-01-24 23:35:00+00:00,27289.0,Península
2023-01-24 23:40:00+00:00,27267.0,Península
2023-01-24 23:45:00+00:00,27143.0,Península
2023-01-24 23:50:00+00:00,26613.0,Península
2023-01-24 23:55:00+00:00,26608.0,Península
2023-01-25 00:00:00+00:00,26464.0,Península
2023-01-25 00:05:00+00:00,26295.0,Península
2023-01-25 00:10:00+00:00,26189.0,Península
2023-01-25 00:15:00+00:00,25961.0,Península
2023-01-25 00:20:00+00:00,25856.0,Península
2023-01-25 00:25:00+00:00,25576.0,Península
2023-01-25 00:30:00+00:00,25312.0,Península
2023-01-25 00:35:00+00:00,25110.0,Península
2023-01-25 00:40:00+00:00,25154.0,Península
2023-01-25 00:45:00+00:00,25380.0,Península
2023-01-25 00:50:00+00:00,25223.0,Península
2023-01-25 00:55:00+00:00,24845.0,Península
2023-01-25 01:00:00+00:00,24786.0,Península
2023-01-25 01:05:00+00:00,24748.0,Península
2023-01-25 01:10:00+00:00,24744.0,Península
2023-01-25 01:15:00+00:00,24671.0,Península
2023-01-25 01:20:00+00:00,24466.0,Península
2023-01-25 01:25:00+00:00,24507.0,Península
2023-01-25 01:30:00+00:00,24486.0,Península
2023-01-25 01:35:00+00:00,24455.0,Península
2023-01-25 01:40:00+00:00,24209.0,Península
2023-01-25 01:45:00+00:00,24386.0,Península
2023-01-25 01:50:00+00:00,24285.0,Península
2023-01-25 01:55:00+00:00,24308.0,Península
2023-01-25 02:00:00+00:00,23979.0,Península
2023-01-25 02:05:00+00:00,24142.0,Península
2023-01-25 02:10:00+00:00,24295.0,Península
2023-01-25 02:15:00+00:00,23990.0,Península
2023-01-25 02:20:00+00:00,24008.0,Península
2023-01-25 02:25:00+00:00,23870.0,Península
2023-01-25 02:30:00+00:00,23838.0,Península
2023-01-25 02:35:00+00:00,23932.0,Península
2023-01-25 02:40:00+00:00,24081.0,Península
2023-01-25 02:45:00+00:00,23965.0,Península
2023-01-25 02:50:00+00:00,23856.0,Península
2023-01-25 02:55:00+00:00,23878.0,Península
2023-01-25 03:00:00+00:00,23942.0,Península
2023-01-25 03:05:00+00:00,23955.0,Península
2023-01-25 03:10:00+00:00,23774.0,Península
2023-01-25 03:15:00+00:00,23776.0,Península
2023-01-25 03:20:00+00:00,23731.0,Península
2023-01-25 03:25:00+00:00,23972.0,Península
2023-01-25 03:30:00+00:00,23840.0,Península
2023-01-25 03:35:00+00:00,23882.0,Península
2023-01-25 03:40:00+00:00,23905.0,Península
2023-01-25 03:45:00+00:00,23925.0,Península
2023-01-25 03:50:00+00:00,24015.0,Península
2023-01-25 03:55:00+00:00,24103.0,Península
2023-01-25 04:00:00+00:00,23911.0,Península
2023-01-25 04:05:00+00:00,23990.0,Península
2023-01-25 04:10:00+00:00,24317.0,Península
2023-01-25 04:15:00+00:00,24410.0,Península
2023-01-25 04:20:00+00:00,24405.0,Península
2023-01-25 04:25:00+00:00,24314.0,Península
2023-01-25 04:30:00+00:00,24435.0,Península
2023-01-25 04:35:00+00:00,24722.0,Península
2023-01-25 04:40:00+00:00,24896.0,Península
2023-01-25 04:45:00+00:00,24642.0,Península
2023-01-25 04:50:00+00:00,25045.0,Península
2023-01-25 04:55:00+00:00,25099.0,Península
2023-01-25 05:00:00+00:00,25574.0,Península
2023-01-25 05:05:00+00:00,26191.0,Península
2023-01-25 05:10:00+00:00,26503.0,Península
2023-01-25 05:15:00+00:00,26809.0,Península
2023-01-25 05:20:00+00:00,27118.0,Península
2023-01-25 05:25:00+00:00,27295.0,Península
2023-01-25 05:30:00+00:00,27324.0,Península
2023-01-25 05:35:00+00:00,27849.0,Península
2023-01-25 05:40:00+00:00,28195.0,Península
2023-01-25 05:45:00+00:00,28607.0,Península
2023-01-25 05:50:00+00:00,28884.0,Península
2023-01-25 05:55:00+00:00,29330.0,Península
2023-01-25 06:00:00+00:00,29759.0,Península
2023-01-25 06:05:00+00:00,30795.0,Península
2023-01-25 06:10:00+00:00,31522.0,Península
2023-01-25 06:15:00+00:00,31849.0,Península
2023-01-25 06:20:00+00:00,32071.0,Península
2023-01-25 06:25:00+00:00,32302.0,Península
2023-01-25 06:30:00+00:00,32473.0,Península
2023-01-25 06:35:00+00:00,33208.0,Península
2023-01-25 06:40:00+00:00,33563.0,Península
2023-01-25 06:45:00+00:00,33900.0,Península
2023-01-25 06:50:00+00:00,34127.0,Península
2023-01-25 06:55:00+00:00,34344.0,Península
2023-01-25 07:00:00+00:00,34620.0,Península
2023-01-25 07:05:00+00:00,34675.0,Península
2023-01-25 07:10:00+00:00,35236.0,Península
2023-01-25 07:15:00+00:00,35368.0,Península
2023-01-25 07:20:00+00:00,35436.0,Península
2023-01-25 07:25:00+00:00,35412.0,Península
2023-01-25 07:30:00+00:00,35557.0,Península
2023-01-25 07:35:00+00:00,35642.0,Península
2023-01-25 07:40:00+00:00,35598.0,Península
2023-01-25 07:45:00+00:00,35657.0,Península
2023-01-25 07:50:00+00:00,35614.0,Península
2023-01-25 07:55:00+00:00,35605.0,Península
2023-01-25 08:00:00+00:00,35783.0,Península
2023-01-25 08:05:00+00:00,35941.0,Península
2023-01-25 08:10:00+00:00,35990.0,Península
2023-01-25 08:15:00+00:00,35913.0,Península
2023-01-25 08:20:00+00:00,35945.0,Península
2023-01-25 08:25:00+00:00,35943.0,Península
2023-01-25 08:30:00+00:00,36083.0,Península
2023-01-25 08:35:00+00:00,35929.0,Península
2023-01-25 08:40:00+00:00,35991.0,Península
2023-01-25 08:45:00+00:00,36473.0,Península
2023-01-25 08:50:00+00:00,36642.0,Península
2023-01-25 08:55:00+00:00,36612.0,Península
2023-01-25 09:00:00+00:00,36338.0,Península
2023-01-25 09:05:00+00:00,36042.0,Península
2023-01-25 09:10:00+00:00,36218.0,Península
2023-01-25 09:15:00+00:00,36011.0,Península
2023-01-25 09:20:00+00:00,35858.0,Península
2023-01-25 09:25:00+00:00,35955.0,Península
2023-01-25 09:30:00+00:00,36002.0,Península
2023-01-25 09:35:00+00:00,35670.0,Península
2023-01-25 09:40:00+00:00,35599.0,Península
2023-01-25 09:45:00+00:00,35706.0,Península
2023-01-25 09:50:00+00:00,35638.0,Península
2023-01-25 09:55:00+00:00,35353.0,Península
2023-01-25 10:00:00+00:00,35507.0,Península
2023-01-25 10:05:00+00:00,35279.0,Península
2023-01-25 10:10:00+00:00,35200.0,Península
2023-01-25 10:15:00+00:00,35029.0,Península
2023-01-25 10:20:00+00:00,35022.0,Península
2023-01-25 10:25:00+00:00,34848.0,Península
2023-01-25 10:30:00+00:00,35100.0,Península
2023-01-25 10:35:00+00:00,34883.0,Península
2023-01-25 10:40:00+00:00,34999.0,Península
2023-01-25 10:45:00+00:00,34776.0,Península
2023-01-25 10:50:00+00:00,34726.0,Península
2023-01-25 10:55:00+00:00,34674.0,Península
2023-01-25 11:00:00+00:00,34528.0,Península
2023-01-25 11:05:00+00:00,34443.0,Península
2023-01-25 11:10:00+00:00,34447.0,Península
2023-01-25 11:15:00+00:00,34343.0,Península
2023-01-25 11:20:00+00:00,34393.0,Península
2023-01-25 11:25:00+00:00,34293.0,Península
2023-01-25 11:30:00+00:00,34165.0,Península
2023-01-25 11:35:00+00:00,34211.0,Península
2023-01-25 11:40:00+00:00,34293.0,Península
2023-01-25 11:45:00+00:00,34341.0,Península
2023-01-25 11:50:00+00:00,34387.0,Península
2023-01-25 11:55:00+00:00,34305.0,Península
2023-01-25 12:00:00+00:00,34198.0,Península
2023-01-25 12:05:00+00:00,34180.0,Península
2023-01-25 12:10:00+00:00,34142.0,Península
2023-01-25 12:15:00+00:00,34135.0,Península
2023-01-25 12:20:00+00:00,34274.0,Península
2023-01-25 12:25:00+00:00,34304.0,Península
2023-01-25 12:30:00+00:00,34236.0,Península
2023-01-25 12:35:00+00:00,33993.0,Península
2023-01-25 12:40:00+00:00,34187.0,Península
2023-01-25 12:45:00+00:00,33996.0,Península
2023-01-25 12:50:00+00:00,33999.0,Península
2023-01-25 12:55:00+00:00,33829.0,Península
2023-01-25 13:00:00+00:00,33532.0,Península
2023-01-25 13:05:00+00:00,33539.0,Península
2023-01-25 13:10:00+00:00,33641.0,Península
2023-01-25 13:15:00+00:00,33689.0,Península
2023-01-25 13:20:00+00:00,33750.0,Península
2023-01-25 13:25:00+00:00,33821.0,Península
2023-01-25 13:30:00+00:00,33679.0,Península
2023-01-25 13:35:00+00:00,33700.0,Península
2023-01-25 13:40:00+00:00,33774.0,Península
2023-01-25 13:45:00+00:00,33527.0,Península
2023-01-25 13:50:00+00:00,33612.0,Península
2023-01-25 13:55:00+00:00,33395.0,Península
2023-01-25 14:00:00+00:00,33376.0,Península
2023-01-25 14:05:00+00:00,33312.0,Península
2023-01-25 14:10:00+00:00,33331.0,Península
2023-01-25 14:15:00+00:00,33315.0,Península
2023-01-25 14:20:00+00:00,33213.0,Península
2023-01-25 14:25:00+00:00,33293.0,Península
2023-01-25 14:30:00+00:00,33222.0,Península
2023-01-25 14:35:00+00:00,33392.0,Península
2023-01-25 14:40:00+00:00,33204.0,Península
2023-01-25 14:45:00+00:00,33252.0,Península
2023-01-25 14:50:00+00:00,33282.0,Península
2023-01-25 14:55:00+00:00,33349.0,Península
2023-01-25 15:00:00+00:00,33430.0,Península
2023-01-25 15:05:00+00:00,33465.0,Península
2023-01-25 15:10:00+00:00,33481.0,Península
2023-01-25 15:15:00+00:00,33308.0,Península
2023-01-25 15:20:00+00:00,33405.0,Península
2023-01-25 15:25:00+00:00,33321.0,Península
2023-01-25 15:30:00+00:00,33434.0,Península
2023-01-25 15:35:00+00:00,33445.0,Península
2023-01-25 15:40:00+00:00,33294.0,Península
2023-01-25 15:45:00+00:00,33494.0,Península
2023-01-25 15:50:00+00:00,33228.0,Península
2023-01-25 15:55:00+00:00,33182.0,Península
2023-01-25 16:00:00+00:00,33462.0,Península
2023-01-25 16:05:00+00:00,33711.0,Península
2023-01-25 16:10:00+00:00,33837.0,Península
2023-01-25 16:15:00+00:00,33904.0,Península
2023-01-25 16:20:00+00:00,33782.0,Península
2023-01-25 16:25:00+00:00,33861.0,Península
2023-01-25 16:30:00+00:00,33727.0,Península
2023-01-25 16:35:00+00:00,33951.0,Península
2023-01-25 16:40:00+00:00,34002.0,Península
2023-01-25 16:45:00+00:00,34038.0,Península
2023-01-25 16:50:00+00:00,34395.0,Península
2023-01-25 16:55:00+00:00,34325.0,Península
2023-01-25 17:00:00+00:00,34242.0,Península
2023-01-25 17:05:00+00:00,34365.0,Península
2023-01-25 17:10:00+00:00,34624.0,Península
2023-01-25 17:15:00+00:00,34987.0,Península
2023-01-25 17:20:00+00:00,35239.0,Península
2023-01-25 17:25:00+00:00,35404.0,Península
2023-01-25 17:30:00+00:00,35732.0,Península
2023-01-25 17:35:00+00:00,35997.0,Península
2023-01-25 17:40:00+00:00,36219.0,Península
2023-01-25 17:45:00+00:00,36455.0,Península
2023-01-25 17:50:00+00:00,36710.0,Península
2023-01-25 17:55:00+00:00,37015.0,Península
2023-01-25 18:00:00+00:00,37066.0,Península
2023-01-25 18:05:00+00:00,37264.0,Península
2023-01-25 18:10:00+00:00,37371.0,Península
2023-01-25 18:15:00+00:00,37381.0,Península
2023-01-25 18:20:00+00:00,37570.0,Península
2023-01-25 18:25:00+00:00,37673.0,Península
2023-01-25 18:30:00+00:00,37639.0,Península
2023-01-25 18:35:00+00:00,37743.0,Península
2023-01-25 18:40:00+00:00,37772.0,Península
2023-01-25 18:45:00+00:00,37907.0,Península
2023-01-25 18:50:00+00:00,38179.0,Península
2023-01-25 18:55:00+00:00,38164.0,Península
2023-01-25 19:00:00+00:00,38344.0,Península
2023-01-25 19:05:00+00:00,38337.0,Península
2023-01-25 19:10:00+00:00,38366.0,Península
2023-01-25 19:15:00+00:00,38402.0,Península
2023-01-25 19:20:00+00:00,38528.0,Península
2023-01-25 19:25:00+00:00,38569.0,Península
2023-01-25 19:30:00+00:00,38668.0,Península
2023-01-25 19:35:00+00:00,38587.0,Península
2023-01-25 19:40:00+00:00,38489.0,Península
2023-01-25 19:45:00+00:00,38574.0,Península
2023-01-25 19:50:00+00:00,38562.0,Península
2023-01-25 19:55:00+00:00,38464.0,Península
2023-01-25 20:00:00+00:00,38381.0,Península
2023-01-25 20:05:00+00:00,38109.0,Península
2023-01-25 20:10:00+00:00,37934.0,Península
2023-01-25 20:15:00+00:00,37877.0,Península
2023-01-25 20:20:00+00:00,37876.0,Península
2023-01-25 20:25:00+00:00,37676.0,Península
2023-01-25 20:30:00+00:00,37257.0,Península
2023-01-25 20:35:00+00:00,37101.0,Península
2023-01-25 20:40:00+00:00,36700.0,Península
2023-01-25 20:45:00+00:00,36390.0,Península
2023-01-25 20:50:00+00:00,35921.0,Península
2023-01-25 20:55:00+00:00,35626.0,Península
2023-01-25 21:00:00+00:00,35182.0,Península
2023-01-25 21:05:00+00:00,34897.0,Península
2023-01-25 21:10:00+00:00,34603.0,Península
2023-01-25 21:15:00+00:00,34312.0,Península
2023-01-25 21:20:00+00:00,34120.0,Península
2023-01-25 21:25:00+00:00,33876.0,Península
2023-01-25 21:30:00+00:00,33618.0,Península
2023-01-25 21:35:00+00:00,33433.0,Península
2023-01-25 21:40:00+00:00,32979.0,Península
2023-01-25 21:45:00+00:00,32740.0,Península
2023-01-25 21:50:00+00:00,32515.0,Península
2023-01-25 21:55:00+00:00,32072.0,Península
2023-01-25 22:00:00+00:00,31724.0,Península
2023-01-25 22:05:00+00:00,31413.0,Península
2023-01-25 22:10:00+00:00,31144.0,Península
2023-01-25 22:15:00+00:00,30903.0,Península
2023-01-25 22:20:00+00:00,30499.0,Península
2023-01-25 22:25:00+00:00,30221.0,Península
2023-01-25 22:30:00+00:00,29938.0,Península
2023-01-25 22:35:00+00:00,29659.0,Península
2023-01-25 22:40:00+00:00,29398.0,Península
2023-01-25 22:45:00+00:00,29170.0,Península
2023-01-25 22:50:00+00:00,28861.0,Península
2023-01-25 22:55:00+00:00,28628.0,Península
2023-01-25 23:00:00+00:00,28295.0,Península
2023-01-25 23:05:00+00:00,28234.0,Península
2023-01-25 23:10:00+00:00,28396.0,Península
2023-01-25 23:15:00+00:00,28227.0,Península
2023-01-25 23:20:00+00:00,28085.0,Península
2023-01-25 23:25:00+00:00,27850.0,Península
2023-01-25 23:30:00+00:00,27644.0,Península
2023-01-25 23:35:00+00:00,27423.0,Península
2023-01-25 23:40:00+00:00,27298.0,Península
2023-01-25 23:45:00+00:00,27261.0,Península
2023-01-25 23:50:00+00:00,27007.0,Península
2023-01-25 23:55:00+00:00,26874.0,Península
2023-01-26 00:00:00+00:00,26480.0,Península
2023-01-26 00:05:00+00:00,26215.0,Península
2023-01-26 00:10:00+00:00,26079.0,Península
2023-01-26 00:15:00+00:00,25946.0,Península
2023-01-26 00:20:00+00:00,25865.0,Península
2023-01-26 00:25:00+00:00,25910.0,Península
2023-01-26 00:30:00+00:00,25722.0,Península
2023-01-26 00:35:00+00:00,25450.0,Península
2023-01-26 00:40:00+00:00,25437.0,Península
2023-01-26 00:45:00+00:00,25432.0,Península
2023-01-26 00:50:00+00:00,25360.0,Península
2023-01-26 00:55:00+00:00,25129.0,Península
2023-01-26 01:00:00+00:00,24975.0,Península
2023-01-26 01:05:00+00:00,24937.0,Península
2023-01-26 01:10:00+00:00,24862.0,Península
2023-01-26 01:15:00+00:00,24838.0,Península
2023-01-26 01:20:00+00:00,24618.0,Península
2023-01-26 01:25:00+00:00,24627.0,Península
2023-01-26 01:30:00+00:00,24633.0,Península
2023-01-26 01:35:00+00:00,24542.0,Península
2023-01-26 01:40:00+00:00,24568.0,Península
2023-01-26 01:45:00+00:00,24411.0,Península
2023-01-26 01:50:00+00:00,24534.0,Península
2023-01-26 01:55:00+00:00,24381.0,Península
2023-01-26 02:00:00+00:00,23974.0,Península
2023-01-26 02:05:00+00:00,24170.0,Península
2023-01-26 02:10:00+00:00,24363.0,Península
2023-01-26 02:15:00+00:00,24364.0,Península
2023-01-26 02:20:00+00:00,24295.0,Península
2023-01-26 02:25:00+00:00,24121.0,Península
2023-01-26 02:30:00+00:00,24097.0,Península
2023-01-26 02:35:00+00:00,24224.0,Península
2023-01-26 02:40:00+00:00,23956.0,Península
2023-01-26 02:45:00+00:00,23758.0,Península
2023-01-26 02:50:00+00:00,23863.0,Península
2023-01-26 02:55:00+00:00,23936.0,Península
2023-01-26 03:00:00+00:00,23976.0,Península
2023-01-26 03:05:00+00:00,23927.0,Península
2023-01-26 03:10:00+00:00,23863.0,Península
2023-01-26 03:15:00+00:00,24172.0,Península
2023-01-26 03:20:00+00:00,24007.0,Península
2023-01-26 03:25:00+00:00,23823.0,Península
2023-01-26 03:30:00+00:00,23663.0,Península
2023-01-26 03:35:00+00:00,23828.0,Península
2023-01-26 03:40:00+00:00,24101.0,Península
2023-01-26 03:45:00+00:00,24230.0,Península
2023-01-26 03:50:00+00:00,24218.0,Península
2023-01-26 03:55:00+00:00,23940.0,Península
2023-01-26 04:00:00+00:00,24270.0,Península
2023-01-26 04:05:00+00:00,24414.0,Península
2023-01-26 04:10:00+00:00,24404.0,Península
2023-01-26 04:15:00+00:00,24389.0,Península
2023-01-26 04:20:00+00:00,24380.0,Península
2023-01-26 04:25:00+00:00,24440.0,Península
2023-01-26 04:30:00+00:00,24540.0,Península
2023-01-26 04:35:00+00:00,24570.0,Península
2023-01-26 04:40:00+00:00,24613.0,Península
2023-01-26 04:45:00+00:00,24966.0,Península
2023-01-26 04:50:00+00:00,24935.0,Península
2023-01-26 04:55:00+00:00,25112.0,Península
2023-01-26 05:00:00+00:00,25584.0,Península
2023-01-26 05:05:00+00:00,26314.0,Península
2023-01-26 05:10:00+00:00,26735.0,Península
2023-01-26 05:15:00+00:00,27018.0,Península
2023-01-26 05:20:00+00:00,27485.0,Península
2023-01-26 05:25:00+00:00,27424.0,Península
2023-01-26 05:30:00+00:00,27630.0,Península
2023-01-26 05:35:00+00:00,28014.0,Península
2023-01-26 05:40:00+00:00,28428.0,Península
2023-01-26 05:45:00+00:00,28503.0,Península
2023-01-26 05:50:00+00:00,28980.0,Península
2023-01-26 05:55:00+00:00,29508.0,Península
2023-01-26 06:00:00+00:00,30068.0,Península
2023-01-26 06:05:00+00:00,30721.0,Península
2023-01-26 06:10:00+00:00,31424.0,Península
2023-01-26 06:15:00+00:00,31748.0,Península
2023-01-26 06:20:00+00:00,32246.0,Península
2023-01-26 06:25:00+00:00,32583.0,Península
2023-01-26 06:30:00+00:00,32690.0,Península
2023-01-26 06:35:00+00:00,33288.0,Península
2023-01-26 06:40:00+00:00,33444.0,Península
2023-01-26 06:45:00+00:00,34105.0,Península
2023-01-26 06:50:00+00:00,34277.0,Península
2023-01-26 06:55:00+00:00,34556.0,Península
2023-01-26 07:00:00+00:00,34558.0,Península
2023-01-26 07:05:00+00:00,34940.0,Península
2023-01-26 07:10:00+00:00,35121.0,Península
2023-01-26 07:15:00+00:00,35342.0,Península
2023-01-26 07:20:00+00:00,35523.0,Península
2023-01-26 07:25:00+00:00,35689.0,Península
2023-01-26 07:30:00+00:00,35655.0,Península
2023-01-26 07:35:00+00:00,35654.0,Península
2023-01-26 07:40:00+00:00,35652.0,Península
2023-01-26 07:45:00+00:00,35593.0,Península
2023-01-26 07:50:00+00:00,35598.0,Península
2023-01-26 07:55:00+00:00,35609.0,Península
2023-01-26 08:00:00+00:00,35495.0,Península
2023-01-26 08:05:00+00:00,35803.0,Península
2023-01-26 08:10:00+00:00,35809.0,Península
2023-01-26 08:15:00+00:00,35780.0,Península
2023-01-26 08:20:00+00:00,35962.0,Península
2023-01-26 08:25:00+00:00,36073.0,Península
2023-01-26 08:30:00+00:00,36119.0,Península
2023-01-26 08:35:00+00:00,36217.0,Península
2023-01-26 08:40:00+00:00,36081.0,Península
2023-01-26 08:45:00+00:00,35848.0,Península
2023-01-26 08:50:00+00:00,35778.0,Península
2023-01-26 08:55:00+00:00,35849.0,Península
2023-01-26 09:00:00+00:00,35767.0,Península
2023-01-26 09:05:00+00:00,35613.0,Península
2023-01-26 09:10:00+00:00,35676.0,Península
2023-01-26 09:15:00+00:00,35589.0,Península
2023-01-26 09:20:00+00:00,35685.0,Península
2023-01-26 09:25:00+00:00,35554.0,Península
2023-01-26 09:30:00+00:00,35391.0,Península
2023-01-26 09:35:00+00:00,35328.0,Península
2023-01-26 09:40:00+00:00,35532.0,Península
2023-01-26 09:45:00+00:00,35785.0,Península
2023-01-26 09:50:00+00:00,35617.0,Península
2023-01-26 09:55:00+00:00,35512.0,Península
2023-01-26 10:00:00+00:00,35433.0,Península
2023-01-26 10:05:00+00:00,35189.0,Península
2023-01-26 10:10:00+00:00,35022.0,Península
2023-01-26 10:15:00+00:00,35157.0,Península
2023-01-26 10:20:00+00:00,35017.0,Península
2023-01-26 10:25:00+00:00,34905.0,Península
2023-01-26 10:30:00+00:00,34939.0,Península
2023-01-26 10:35:00+00:00,35030.0,Península
2023-01-26 10:40:00+00:00,34830.0,Península
2023-01-26 10:45:00+00:00,34926.0,Península
2023-01-26 10:50:00+00:00,35006.0,Península
2023-01-26 10:55:00+00:00,34803.0,Península
2023-01-26 11:00:00+00:00,34767.0,Península
2023-01-26 11:05:00+00:00,34800.0,Península
2023-01-26 11:10:00+00:00,34631.0,Península
2023-01-26 11:15:00+00:00,34551.0,Península
2023-01-26 11:20:00+00:00,34571.0,Península
2023-01-26 11:25:00+00:00,34521.0,Península
2023-01-26 11:30:00+00:00,34571.0,Península
2023-01-26 11:35:00+00:00,34736.0,Península
2023-01-26 11:40:00+00:00,34513.0,Península
2023-01-26 11:45:00+00:00,34595.0,Península
2023-01-26 11:50:00+00:00,34577.0,Península
2023-01-26 11:55:00+00:00,34644.0,Península
2023-01-26 12:00:00+00:00,34451.0,Península
2023-01-26 12:05:00+00:00,34525.0,Península
2023-01-26 12:10:00+00:00,34613.0,Península
2023-01-26 12:15:00+00:00,34655.0,Península
2023-01-26 12:20:00+00:00,34649.0,Península
2023-01-26 12:25:00+00:00,34740.0,Península
2023-01-26 12:30:00+00:00,34512.0,Península
2023-01-26 12:35:00+00:00,34585.0,Península
2023-01-26 12:40:00+00:00,34726.0,Península
2023-01-26 12:45:00+00:00,34391.0,Península
2023-01-26 12:50:00+00:00,34381.0,Península
2023-01-26 12:55:00+00:00,34529.0,Península
2023-01-26 13:00:00+00:00,34323.0,Península
2023-01-26 13:05:00+00:00,34393.0,Península
2023-01-26 13:10:00+00:00,34216.0,Península
2023-01-26 13:15:00+00:00,34479.0,Península
2023-01-26 13:20:00+00:00,34442.0,Península
2023-01-26 13:25:00+00:00,34375.0,Península
2023-01-26 13:30:00+00:00,34397.0,Península
2023-01-26 13:35:00+00:00,34251.0,Península
2023-01-26 13:40:00+00:00,34375.0,Península
2023-01-26 13:45:00+00:00,34203.0,Península
2023-01-26 13:50:00+00:00,34242.0,Península
2023-01-26 13:55:00+00:00,34100.0,Península
2023-01-26 14:00:00+00:00,33851.0,Península
2023-01-26 14:05:00+00:00,33779.0,Península
2023-01-26 14:10:00+00:00,33825.0,Península
2023-01-26 14:15:00+00:00,33933.0,Península
2023-01-26 14:20:00+00:00,33931.0,Península
2023-01-26 14:25:00+00:00,33900.0,Península
2023-01-26 14:30:00+00:00,33644.0,Península
2023-01-26 14:35:00+00:00,33986.0,Península
2023-01-26 14:40:00+00:00,33874.0,Península
2023-01-26 14:45:00+00:00,33770.0,Península
2023-01-26 14:50:00+00:00,33731.0,Península
2023-01-26 14:55:00+00:00,33869.0,Península
2023-01-26 15:00:00+00:00,33976.0,Península
2023-01-26 15:05:00+00:00,34013.0,Península
2023-01-26 15:10:00+00:00,34110.0,Península
2023-01-26 15:15:00+00:00,33998.0,Península
2023-01-26 15:20:00+00:00,33945.0,Península
2023-01-26 15:25:00+00:00,34133.0,Península
2023-01-26 15:30:00+00:00,34087.0,Península
2023-01-26 15:35:00+00:00,34005.0,Península
2023-01-26 15:40:00+00:00,34056.0,Península
2023-01-26 15:45:00+00:00,34067.0,Península
2023-01-26 15:50:00+00:00,34076.0,Península
2023-01-26 15:55:00+00:00,34163.0,Península
2023-01-26 16:00:00+00:00,34271.0,Península
2023-01-26 16:05:00+00:00,34446.0,Península
2023-01-26 16:10:00+00:00,34493.0,Península
2023-01-26 16:15:00+00:00,34423.0,Península
2023-01-26 16:20:00+00:00,34742.0,Península
2023-01-26 16:25:00+00:00,34748.0,Península
2023-01-26 16:30:00+00:00,34735.0,Península
2023-01-26 16:35:00+00:00,34656.0,Península
2023-01-26 16:40:00+00:00,35152.0,Península
2023-01-26 16:45:00+00:00,35152.0,Península
2023-01-26 16:50:00+00:00,35071.0,Península
2023-01-26 16:55:00+00:00,35303.0,Península
2023-01-26 17:00:00+00:00,35178.0,Península
2023-01-26 17:05:00+00:00,35324.0,Península
2023-01-26 17:10:00+00:00,35538.0,Península
2023-01-26 17:15:00+00:00,35516.0,Península
2023-01-26 17:20:00+00:00,35617.0,Península
2023-01-26 17:25:00+00:00,35929.0,Península
2023-01-26 17:30:00+00:00,36104.0,Península
2023-01-26 17:35:00+00:00,36317.0,Península
2023-01-26 17:40:00+00:00,36681.0,Península
2023-01-26 17:45:00+00:00,36953.0,Península
2023-01-26 17:50:00+00:00,36977.0,Península
2023-01-26 17:55:00+00:00,37055.0,Península
2023-01-26 18:00:00+00:00,37217.0,Península
2023-01-26 18:05:00+00:00,37451.0,Península
2023-01-26 18:10:00+00:00,37634.0,Península
2023-01-26 18:15:00+00:00,37717.0,Península
2023-01-26 18:20:00+00:00,37775.0,Península
2023-01-26 18:25:00+00:00,37891.0,Península
2023-01-26 18:30:00+00:00,37895.0,Península
2023-01-26 18:35:00+00:00,38003.0,Península
2023-01-26 18:40:00+00:00,38106.0,Península
2023-01-26 18:45:00+00:00,38024.0,Península
2023-01-26 18:50:00+00:00,38186.0,Península
2023-01-26 18:55:00+00:00,38454.0,Península
2023-01-26 19:00:00+00:00,38201.0,Península
2023-01-26 19:05:00+00:00,38354.0,Península
2023-01-26 19:10:00+00:00,38556.0,Península
2023-01-26 19:15:00+00:00,38520.0,Península
2023-01-26 19:20:00+00:00,38585.0,Península
2023-01-26 19:25:00+00:00,38552.0,Península
2023-01-26 19:30:00+00:00,38596.0,Península
2023-01-26 19:35:00+00:00,38647.0,Península
2023-01-26 19:40:00+00:00,38654.0,Península
2023-01-26 19:45:00+00:00,38667.0,Península
2023-01-26 19:50:00+00:00,38585.0,Península
2023-01-26 19:55:00+00:00,38480.0,Península
2023-01-26 20:00:00+00:00,38588.0,Península
2023-01-26 20:05:00+00:00,38366.0,Península
2023-01-26 20:10:00+00:00,38241.0,Península
2023-01-26 20:15:00+00:00,38090.0,Península
2023-01-26 20:20:00+00:00,37914.0,Península
2023-01-26 20:25:00+00:00,37699.0,Península
2023-01-26 20:30:00+00:00,37413.0,Península
2023-01-26 20:35:00+00:00,37095.0,Península
2023-01-26 20:40:00+00:00,36750.0,Península
2023-01-26 20:45:00+00:00,36673.0,Península
2023-01-26 20:50:00+00:00,36371.0,Península
2023-01-26 20:55:00+00:00,36038.0,Península
2023-01-26 21:00:00+00:00,35556.0,Península
2023-01-26 21:05:00+00:00,35196.0,Península
2023-01-26 21:10:00+00:00,34999.0,Península
2023-01-26 21:15:00+00:00,34778.0,Península
2023-01-26 21:20:00+00:00,34499.0,Península
2023-01-26 21:25:00+00:00,34172.0,Península
2023-01-26 21:30:00+00:00,33953.0,Península
2023-01-26 21:35:00+00:00,33860.0,Península
2023-01-26 21:40:00+00:00,33511.0,Península
2023-01-26 21:45:00+00:00,33065.0,Península
2023-01-26 21:50:00+00:00,32849.0,Península
2023-01-26 21:55:00+00:00,32450.0,Península
2023-01-26 22:00:00+00:00,32184.0,Península
2023-01-26 22:05:00+00:00,31819.0,Península
2023-01-26 22:10:00+00:00,31502.0,Península
2023-01-26 22:15:00+00:00,31142.0,Península
2023-01-26 22:20:00+00:00,30948.0,Península
2023-01-26 22:25:00+00:00,30638.0,Península
2023-01-26 22:30:00+00:00,30366.0,Península
2023-01-26 22:35:00+00:00,30078.0,Península
2023-01-26 22:40:00+00:00,29809.0,Península
2023-01-26 22:45:00+00:00,29445.0,Península
2023-01-26 22:50:00+00:00,29095.0,Península
2023-01-26 22:55:00+00:00,28894.0,Península
2023-01-26 23:00:00+00:00,28590.0,Península
2023-01-26 23:05:00+00:00,28834.0,Península
2023-01-26 23:10:00+00:00,28949.0,Península
2023-01-26 23:15:00+00:00,28737.0,Península
2023-01-26 23:20:00+00:00,28594.0,Península
2023-01-26 23:25:00+00:00,28172.0,Península
2023-01-26 23:30:00+00:00,28223.0,Península
2023-01-26 23:35:00+00:00,27887.0,Península
2023-01-26 23:40:00+00:00,27536.0,Península
2023-01-26 23:45:00+00:00,27365.0,Península
2023-01-26 23:50:00+00:00,27173.0,Península
2023-01-26 23:55:00+00:00,26986.0,Península
2023-01-27 00:00:00+00:00,26844.0,Península
2023-01-27 00:05:00+00:00,26795.0,Península
2023-01-27 00:10:00+00:00,26293.0,Península
2023-01-27 00:15:00+00:00,26480.0,Península
2023-01-27 00:20:00+00:00,26168.0,Península
2023-01-27 00:25:00+00:00,26246.0,Península
2023-01-27 00:30:00+00:00,26109.0,Península
2023-01-27 00:35:00+00:00,25719.0,Península
2023-01-27 00:40:00+00:00,25455.0,Península
2023-01-27 00:45:00+00:00,25380.0,Península
2023-01-27 00:50:00+00:00,25299.0,Península
2023-01-27 00:55:00+00:00,25380.0,Península
2023-01-27 01:00:00+00:00,25372.0,Península
2023-01-27 01:05:00+00:00,24989.0,Península
2023-01-27 01:10:00+00:00,24843.0,Península
2023-01-27 01:15:00+00:00,24971.0,Península
2023-01-27 01:20:00+00:00,25025.0,Península
2023-01-27 01:25:00+00:00,24755.0,Península
2023-01-27 01:30:00+00:00,24464.0,Península
2023-01-27 01:35:00+00:00,24555.0,Península
2023-01-27 01:40:00+00:00,24433.0,Península
2023-01-27 01:45:00+00:00,24377.0,Península
2023-01-27 01:50:00+00:00,24449.0,Península
2023-01-27 01:55:00+00:00,24284.0,Península
2023-01-27 02:00:00+00:00,24395.0,Península
2023-01-27 02:05:00+00:00,24457.0,Península
2023-01-27 02:10:00+00:00,24212.0,Península
2023-01-27 02:15:00+00:00,24358.0,Península
2023-01-27 02:20:00+00:00,24395.0,Península
2023-01-27 02:25:00+00:00,24175.0,Península
2023-01-27 02:30:00+00:00,24283.0,Península
2023-01-27 02:35:00+00:00,24217.0,Península
2023-01-27 02:40:00+00:00,24193.0,Península
2023-01-27 02:45:00+00:00,23989.0,Península
2023-01-27 02:50:00+00:00,24022.0,Península
2023-01-27 02:55:00+00:00,23932.0,Península
2023-01-27 03:00:00+00:00,23909.0,Península
2023-01-27 03:05:00+00:00,24149.0,Península
2023-01-27 03:10:00+00:00,24352.0,Península
2023-01-27 03:15:00+00:00,24216.0,Península
2023-01-27 03:20:00+00:00,24120.0,Península
2023-01-27 03:25:00+00:00,24269.0,Península
2023-01-27 03:30:00+00:00,24046.0,Península
2023-01-27 03:35:00+00:00,23944.0,Península
2023-01-27 03:40:00+00:00,23919.0,Península
2023-01-27 03:45:00+00:00,24088.0,Península
2023-01-27 03:50:00+00:00,24137.0,Península
2023-01-27 03:55:00+00:00,24200.0,Península
2023-01-27 04:00:00+00:00,24275.0,Península
2023-01-27 04:05:00+00:00,24249.0,Península
2023-01-27 04:10:00+00:00,24372.0,Península
2023-01-27 04:15:00+00:00,24451.0,Península
2023-01-27 04:20:00+00:00,24550.0,Península
2023-01-27 04:25:00+00:00,24735.0,Península
2023-01-27 04:30:00+00:00,24691.0,Península
2023-01-27 04:35:00+00:00,24671.0,Península
2023-01-27 04:40:00+00:00,24824.0,Península
2023-01-27 04:45:00+00:00,24952.0,Península
2023-01-27 04:50:00+00:00,25223.0,Península
2023-01-27 04:55:00+00:00,25433.0,Península
2023-01-27 05:00:00+00:00,25529.0,Península
2023-01-27 05:05:00+00:00,26414.0,Península
2023-01-27 05:10:00+00:00,26954.0,Península
2023-01-27 05:15:00+00:00,27178.0,Península
2023-01-27 05:20:00+00:00,27210.0,Península
2023-01-27 05:25:00+00:00,27526.0,Península
2023-01-27 05:30:00+00:00,27907.0,Península
2023-01-27 05:35:00+00:00,28218.0,Península
2023-01-27 05:40:00+00:00,28387.0,Península
2023-01-27 05:45:00+00:00,28582.0,Península
2023-01-27 05:50:00+00:00,29123.0,Península
2023-01-27 05:55:00+00:00,29701.0,Península
2023-01-27 06:00:00+00:00,30148.0,Península
2023-01-27 06:05:00+00:00,31115.0,Península
2023-01-27 06:10:00+00:00,31564.0,Península
2023-01-27 06:15:00+00:00,31913.0,Península
2023-01-27 06:20:00+00:00,32180.0,Península
2023-01-27 06:25:00+00:00,32413.0,Península
2023-01-27 06:30:00+00:00,32802.0,Península
2023-01-27 06:35:00+00:00,33303.0,Península
2023-01-27 06:40:00+00:00,33620.0,Península
2023-01-27 06:45:00+00:00,34077.0,Península
2023-01-27 06:50:00+00:00,34276.0,Península
2023-01-27 06:55:00+00:00,34509.0,Península
2023-01-27 07:00:00+00:00,34618.0,Península
2023-01-27 07:05:00+00:00,35123.0,Península
2023-01-27 07:10:00+00:00,35192.0,Península
2023-01-27 07:15:00+00:00,35476.0,Península
2023-01-27 07:20:00+00:00,35498.0,Península
2023-01-27 07:25:00+00:00,35499.0,Península
2023-01-27 07:30:00+00:00,35437.0,Península
2023-01-27 07:35:00+00:00,35433.0,Península
2023-01-27 07:40:00+00:00,35518.0,Península
2023-01-27 07:45:00+00:00,35546.0,Península
2023-01-27 07:50:00+00:00,35506.0,Península
2023-01-27 07:55:00+00:00,35436.0,Península
2023-01-27 08:00:00+00:00,35196.0,Península
2023-01-27 08:05:00+00:00,35451.0,Península
2023-01-27 08:10:00+00:00,35659.0,Península
2023-01-27 08:15:00+00:00,35575.0,Península
2023-01-27 08:20:00+00:00,35669.0,Península
2023-01-27 08:25:00+00:00,35775.0,Península
2023-01-27 08:30:00+00:00,35661.0,Península
2023-01-27 08:35:00+00:00,35689.0,Península
2023-01-27 08:40:00+00:00,35711.0,Península
2023-01-27 08:45:00+00:00,35442.0,Península
2023-01-27 08:50:00+00:00,35248.0,Península
2023-01-27 08:55:00+00:00,35130.0,Península
2023-01-27 09:00:00+00:00,35197.0,Península
2023-01-27 09:05:00+00:00,35216.0,Península
2023-01-27 09:10:00+00:00,35188.0,Península
2023-01-27 09:15:00+00:00,35158.0,Península
2023-01-27 09:20:00+00:00,35040.0,Península
2023-01-27 09:25:00+00:00,35029.0,Península
2023-01-27 09:30:00+00:00,35026.0,Península
2023-01-27 09:35:00+00:00,35051.0,Península
2023-01-27 09:40:00+00:00,35043.0,Península
2023-01-27 09:45:00+00:00,34911.0,Península
2023-01-27 09:50:00+00:00,34764.0,Península
2023-01-27 09:55:00+00:00,34752.0,Península
2023-01-27 10:00:00+00:00,34498.0,Península
2023-01-27 10:05:00+00:00,34562.0,Península
2023-01-27 10:10:00+00:00,34446.0,Península
2023-01-27 10:15:00+00:00,34369.0,Península
2023-01-27 10:20:00+00:00,34145.0,Península
2023-01-27 10:25:00+00:00,34016.0,Península
2023-01-27 10:30:00+00:00,33959.0,Península
2023-01-27 10:35:00+00:00,33887.0,Península
2023-01-27 10:40:00+00:00,33918.0,Península
2023-01-27 10:45:00+00:00,33910.0,Península
2023-01-27 10:50:00+00:00,33771.0,Península
2023-01-27 10:55:00+00:00,33673.0,Península
2023-01-27 11:00:00+00:00,33808.0,Península
2023-01-27 11:05:00+00:00,33556.0,Península
2023-01-27 11:10:00+00:00,33543.0,Península
2023-01-27 11:15:00+00:00,33497.0,Península
2023-01-27 11:20:00+00:00,33525.0,Península
2023-01-27 11:25:00+00:00,33514.0,Península
2023-01-27 11:30:00+00:00,33393.0,Península
2023-01-27 11:35:00+00:00,33352.0,Península
2023-01-27 11:40:00+00:00,33475.0,Península
2023-01-27 11:45:00+00:00,33319.0,Península
2023-01-27 11:50:00+00:00,33344.0,Península
2023-01-27 11:55:00+00:00,33406.0,Península
2023-01-27 12:00:00+00:00,33491.0,Península
2023-01-27 12:05:00+00:00,33219.0,Península
2023-01-27 12:10:00+00:00,33373.0,Península
2023-01-27 12:15:00+00:00,33295.0,Península
2023-01-27 12:20:00+00:00,33416.0,Península
2023-01-27 12:25:00+00:00,33361.0,Península
2023-01-27 12:30:00+00:00,33194.0,Península
2023-01-27 12:35:00+00:00,33212.0,Península
2023-01-27 12:40:00+00:00,33108.0,Península
2023-01-27 12:45:00+00:00,33060.0,Península
2023-01-27 12:50:00+00:00,32848.0,Península
2023-01-27 12:55:00+00:00,32851.0,Península
2023-01-27 13:00:00+00:00,32673.0,Península
2023-01-27 13:05:00+00:00,32618.0,Península
2023-01-27 13:10:00+00:00,32582.0,Península
2023-01-27 13:15:00+00:00,33120.0,Península
2023-01-27 13:20:00+00:00,33150.0,Península
2023-01-27 13:25:00+00:00,33209.0,Península
2023-01-27 13:30:00+00:00,33181.0,Península
2023-01-27 13:35:00+00:00,33244.0,Península
2023-01-27 13:40:00+00:00,33199.0,Península
2023-01-27 13:45:00+00:00,33122.0,Península
2023-01-27 13:50:00+00:00,32937.0,Península
2023-01-27 13:55:00+00:00,33001.0,Península
2023-01-27 14:00:00+00:00,32731.0,Península
2023-01-27 14:05:00+00:00,32729.0,Península
2023-01-27 14:10:00+00:00,32639.0,Península
2023-01-27 14:15:00+00:00,32816.0,Península
2023-01-27 14:20:00+00:00,32871.0,Península
2023-01-27 14:25:00+00:00,32661.0,Península
2023-01-27 14:30:00+00:00,32780.0,Península
2023-01-27 14:35:00+00:00,32666.0,Península
2023-01-27 14:40:00+00:00,32816.0,Península
2023-01-27 14:45:00+00:00,32591.0,Península
2023-01-27 14:50:00+00:00,32632.0,Península
2023-01-27 14:55:00+00:00,32701.0,Península
2023-01-27 15:00:00+00:00,32808.0,Península
2023-01-27 15:05:00+00:00,32976.0,Península
2023-01-27 15:10:00+00:00,33064.0,Península
2023-01-27 15:15:00+00:00,32895.0,Península
2023-01-27 15:20:00+00:00,32877.0,Península
2023-01-27 15:25:00+00:00,32728.0,Península
2023-01-27 15:30:00+00:00,32855.0,Península
2023-01-27 15:35:00+00:00,32841.0,Península
2023-01-27 15:40:00+00:00,32902.0,Península
2023-01-27 15:45:00+00:00,32596.0,Península
2023-01-27 15:50:00+00:00,32869.0,Península
2023-01-27 15:55:00+00:00,32792.0,Península
2023-01-27 16:00:00+00:00,32870.0,Península
2023-01-27 16:05:00+00:00,33229.0,Península
2023-01-27 16:10:00+00:00,33301.0,Península
2023-01-27 16:15:00+00:00,33209.0,Península
2023-01-27 16:20:00+00:00,33353.0,Península
2023-01-27 16:25:00+00:00,33278.0,Península
2023-01-27 16:30:00+00:00,33196.0,Península
2023-01-27 16:35:00+00:00,33357.0,Península
2023-01-27 16:40:00+00:00,33413.0,Península
2023-01-27 16:45:00+00:00,33422.0,Península
2023-01-27 16:50:00+00:00,33709.0,Península
2023-01-27 16:55:00+00:00,33856.0,Península
2023-01-27 17:00:00+00:00,33911.0,Península
2023-01-27 17:05:00+00:00,33858.0,Península
2023-01-27 17:10:00+00:00,33876.0,Península
2023-01-27 17:15:00+00:00,34030.0,Península
2023-01-27 17:20:00+00:00,34238.0,Península
2023-01-27 17:25:00+00:00,34414.0,Península
2023-01-27 17:30:00+00:00,34974.0,Península
2023-01-27 17:35:00+00:00,35139.0,Península
2023-01-27 17:40:00+00:00,35375.0,Península
2023-01-27 17:45:00+00:00,35678.0,Península
2023-01-27 17:50:00+00:00,36026.0,Península
2023-01-27 17:55:00+00:00,35896.0,Península
2023-01-27 18:00:00+00:00,35941.0,Península
2023-01-27 18:05:00+00:00,36312.0,Península
2023-01-27 18:10:00+00:00,36488.0,Península
2023-01-27 18:15:00+00:00,36590.0,Península
2023-01-27 18:20:00+00:00,36702.0,Península
2023-01-27 18:25:00+00:00,36777.0,Península
2023-01-27 18:30:00+00:00,36691.0,Península
2023-01-27 18:35:00+00:00,36792.0,Península
2023-01-27 18:40:00+00:00,36714.0,Península
2023-01-27 18:45:00+00:00,36842.0,Península
2023-01-27 18:50:00+00:00,37035.0,Península
2023-01-27 18:55:00+00:00,36987.0,Península
2023-01-27 19:00:00+00:00,36936.0,Península
2023-01-27 19:05:00+00:00,36897.0,Península
2023-01-27 19:10:00+00:00,36979.0,Península
2023-01-27 19:15:00+00:00,36983.0,Península
2023-01-27 19:20:00+00:00,37109.0,Península
2023-01-27 19:25:00+00:00,37034.0,Península
2023-01-27 19:30:00+00:00,37035.0,Península
2023-01-27 19:35:00+00:00,37022.0,Península
2023-01-27 19:40:00+00:00,36969.0,Península
2023-01-27 19:45:00+00:00,36964.0,Península
2023-01-27 19:50:00+00:00,36951.0,Península
2023-01-27 19:55:00+00:00,37047.0,Península
2023-01-27 20:00:00+00:00,37021.0,Península
2023-01-27 20:05:00+00:00,36718.0,Península
2023-01-27 20:10:00+00:00,36717.0,Península
2023-01-27 20:15:00+00:00,36703.0,Península
2023-01-27 20:20:00+00:00,36628.0,Península
2023-01-27 20:25:00+00:00,36411.0,Península
2023-01-27 20:30:00+00:00,36309.0,Península
2023-01-27 20:35:00+00:00,35995.0,Península
2023-01-27 20:40:00+00:00,35683.0,Península
2023-01-27 20:45:00+00:00,35445.0,Península
2023-01-27 20:50:00+00:00,35179.0,Península
2023-01-27 20:55:00+00:00,34783.0,Península
2023-01-27 21:00:00+00:00,34567.0,Península
2023-01-27 21:05:00+00:00,33967.0,Península
2023-01-27 21:10:00+00:00,33806.0,Península
2023-01-27 21:15:00+00:00,33540.0,Península
2023-01-27 21:20:00+00:00,33293.0,Península
2023-01-27 21:25:00+00:00,33260.0,Península
2023-01-27 21:30:00+00:00,33051.0,Península
2023-01-27 21:35:00+00:00,32819.0,Península
2023-01-27 21:40:00+00:00,32650.0,Península
2023-01-27 21:45:00+00:00,32295.0,Península
2023-01-27 21:50:00+00:00,32119.0,Península
2023-01-27 21:55:00+00:00,31988.0,Península
2023-01-27 22:00:00+00:00,31596.0,Península
2023-01-27 22:05:00+00:00,31055.0,Península
2023-01-27 22:10:00+00:00,30976.0,Península
2023-01-27 22:15:00+00:00,30649.0,Península
2023-01-27 22:20:00+00:00,30663.0,Península
2023-01-27 22:25:00+00:00,30301.0,Península
2023-01-27 22:30:00+00:00,29775.0,Península
2023-01-27 22:35:00+00:00,29703.0,Península
2023-01-27 22:40:00+00:00,29527.0,Península
2023-01-27 22:45:00+00:00,29249.0,Península
2023-01-27 22:50:00+00:00,29149.0,Península
2023-01-27 22:55:00+00:00,28812.0,Península
2023-01-27 23:00:00+00:00,28548.0,Península
2023-01-27 23:05:00+00:00,28668.0,Península
2023-01-27 23:10:00+00:00,28651.0,Península
2023-01-27 23:15:00+00:00,28618.0,Península
2023-01-27 23:20:00+00:00,28407.0,Península
2023-01-27 23:25:00+00:00,28253.0,Península
2023-01-27 23:30:00+00:00,27806.0,Península
2023-01-27 23:35:00+00:00,27745.0,Península
2023-01-27 23:40:00+00:00,27686.0,Península
2023-01-27 23:45:00+00:00,27555.0,Península
2023-01-27 23:50:00+00:00,27259.0,Península
2023-01-27 23:55:00+00:00,27006.0,Península
2023-01-28 00:00:00+00:00,26736.0,Península
2023-01-28 00:05:00+00:00,26672.0,Península
2023-01-28 00:10:00+00:00,26411.0,Península
2023-01-28 00:15:00+00:00,26233.0,Península
2023-01-28 00:20:00+00:00,25973.0,Península
2023-01-28 00:25:00+00:00,25656.0,Península
2023-01-28 00:30:00+00:00,25682.0,Península
2023-01-28 00:35:00+00:00,25672.0,Península
2023-01-28 00:40:00+00:00,25640.0,Península
2023-01-28 00:45:00+00:00,25269.0,Península
2023-01-28 00:50:00+00:00,25237.0,Península
2023-01-28 00:55:00+00:00,25002.0,Península
2023-01-28 01:00:00+00:00,24830.0,Península
2023-01-28 01:05:00+00:00,24809.0,Península
2023-01-28 01:10:00+00:00,24558.0,Península
2023-01-28 01:15:00+00:00,24410.0,Península
2023-01-28 01:20:00+00:00,24345.0,Península
2023-01-28 01:25:00+00:00,24196.0,Península
2023-01-28 01:30:00+00:00,24245.0,Península
2023-01-28 01:35:00+00:00,24270.0,Península
2023-01-28 01:40:00+00:00,24020.0,Península
2023-01-28 01:45:00+00:00,23897.0,Península
2023-01-28 01:50:00+00:00,23819.0,Península
2023-01-28 01:55:00+00:00,23689.0,Península
2023-01-28 02:00:00+00:00,23514.0,Península
2023-01-28 02:05:00+00:00,23612.0,Península
2023-01-28 02:10:00+00:00,23404.0,Península
2023-01-28 02:15:00+00:00,23586.0,Península
2023-01-28 02:20:00+00:00,23603.0,Península
2023-01-28 02:25:00+00:00,23656.0,Península
2023-01-28 02:30:00+00:00,23288.0,Península
2023-01-28 02:35:00+00:00,23381.0,Península
2023-01-28 02:40:00+00:00,23266.0,Península
2023-01-28 02:45:00+00:00,23339.0,Península
2023-01-28 02:50:00+00:00,23248.0,Península
2023-01-28 02:55:00+00:00,23049.0,Península
2023-01-28 03:00:00+00:00,22881.0,Península
2023-01-28 03:05:00+00:00,23104.0,Península
2023-01-28 03:10:00+00:00,23169.0,Península
2023-01-28 03:15:00+00:00,22996.0,Península
2023-01-28 03:20:00+00:00,23040.0,Península
2023-01-28 03:25:00+00:00,22894.0,Península
2023-01-28 03:30:00+00:00,22924.0,Península
2023-01-28 03:35:00+00:00,23033.0,Península
2023-01-28 03:40:00+00:00,22777.0,Península
2023-01-28 03:45:00+00:00,22673.0,Península
2023-01-28 03:50:00+00:00,22956.0,Península
2023-01-28 03:55:00+00:00,22926.0,Península
2023-01-28 04:00:00+00:00,22816.0,Península
2023-01-28 04:05:00+00:00,22929.0,Península
2023-01-28 04:10:00+00:00,22692.0,Península
2023-01-28 04:15:00+00:00,22999.0,Península
2023-01-28 04:20:00+00:00,22970.0,Península
2023-01-28 04:25:00+00:00,22821.0,Península
2023-01-28 04:30:00+00:00,22560.0,Península
2023-01-28 04:35:00+00:00,22899.0,Península
2023-01-28 04:40:00+00:00,22902.0,Península
2023-01-28 04:45:00+00:00,22867.0,Península
2023-01-28 04:50:00+00:00,23034.0,Península
2023-01-28 04:55:00+00:00,22672.0,Península
2023-01-28 05:00:00+00:00,22812.0,Península
2023-01-28 05:05:00+00:00,23198.0,Península
2023-01-28 05:10:00+00:00,23260.0,Península
2023-01-28 05:15:00+00:00,23229.0,Península
2023-01-28 05:20:00+00:00,23164.0,Península
2023-01-28 05:25:00+00:00,23416.0,Península
2023-01-28 05:30:00+00:00,23552.0,Península
2023-01-28 05:35:00+00:00,23724.0,Península
2023-01-28 05:40:00+00:00,23630.0,Península
2023-01-28 05:45:00+00:00,23631.0,Península
2023-01-28 05:50:00+00:00,23862.0,Península
2023-01-28 05:55:00+00:00,23906.0,Península
2023-01-28 06:00:00+00:00,24096.0,Península
2023-01-28 06:05:00+00:00,24601.0,Península
2023-01-28 06:10:00+00:00,24843.0,Península
2023-01-28 06:15:00+00:00,24916.0,Península
2023-01-28 06:20:00+00:00,24903.0,Península
2023-01-28 06:25:00+00:00,25083.0,Península
2023-01-28 06:30:00+00:00,24989.0,Península
2023-01-28 06:35:00+00:00,25333.0,Península
2023-01-28 06:40:00+00:00,25523.0,Península
2023-01-28 06:45:00+00:00,25763.0,Península
2023-01-28 06:50:00+00:00,26042.0,Península
2023-01-28 06:55:00+00:00,25999.0,Península
2023-01-28 07:00:00+00:00,26088.0,Península
2023-01-28 07:05:00+00:00,26259.0,Península
2023-01-28 07:10:00+00:00,26316.0,Península
2023-01-28 07:15:00+00:00,26457.0,Península
2023-01-28 07:20:00+00:00,26736.0,Península
2023-01-28 07:25:00+00:00,26877.0,Península
2023-01-28 07:30:00+00:00,26725.0,Península
2023-01-28 07:35:00+00:00,26845.0,Península
2023-01-28 07:40:00+00:00,27224.0,Península
2023-01-28 07:45:00+00:00,27289.0,Península
2023-01-28 07:50:00+00:00,27516.0,Península
2023-01-28 07:55:00+00:00,27780.0,Península
2023-01-28 08:00:00+00:00,28229.0,Península
2023-01-28 08:05:00+00:00,28295.0,Península
2023-01-28 08:10:00+00:00,28503.0,Península
2023-01-28 08:15:00+00:00,28737.0,Península
2023-01-28 08:20:00+00:00,29003.0,Península
2023-01-28 08:25:00+00:00,29247.0,Península
2023-01-28 08:30:00+00:00,29384.0,Península
2023-01-28 08:35:00+00:00,29284.0,Península
2023-01-28 08:40:00+00:00,29706.0,Península
2023-01-28 08:45:00+00:00,29772.0,Península
2023-01-28 08:50:00+00:00,29961.0,Península
2023-01-28 08:55:00+00:00,29939.0,Península
2023-01-28 09:00:00+00:00,30217.0,Península
2023-01-28 09:05:00+00:00,30292.0,Península
2023-01-28 09:10:00+00:00,30447.0,Península
2023-01-28 09:15:00+00:00,30447.0,Península
2023-01-28 09:20:00+00:00,30541.0,Península
2023-01-28 09:25:00+00:00,30467.0,Península
2023-01-28 09:30:00+00:00,30660.0,Península
2023-01-28 09:35:00+00:00,30435.0,Península
2023-01-28 09:40:00+00:00,30545.0,Península
2023-01-28 09:45:00+00:00,30421.0,Península
2023-01-28 09:50:00+00:00,30567.0,Península
2023-01-28 09:55:00+00:00,30576.0,Península
2023-01-28 10:00:00+00:00,30565.0,Península
2023-01-28 10:05:00+00:00,30359.0,Península
2023-01-28 10:10:00+00:00,30266.0,Península
2023-01-28 10:15:00+00:00,30133.0,Península
2023-01-28 10:20:00+00:00,29921.0,Península
2023-01-28 10:25:00+00:00,30181.0,Península
2023-01-28 10:30:00+00:00,30025.0,Península
2023-01-28 10:35:00+00:00,29955.0,Península
2023-01-28 10:40:00+00:00,29745.0,Península
2023-01-28 10:45:00+00:00,29969.0,Península
2023-01-28 10:50:00+00:00,29708.0,Península
2023-01-28 10:55:00+00:00,29880.0,Península
2023-01-28 11:00:00+00:00,29682.0,Península
2023-01-28 11:05:00+00:00,29418.0,Península
2023-01-28 11:10:00+00:00,29320.0,Península
2023-01-28 11:15:00+00:00,29344.0,Península
2023-01-28 11:20:00+00:00,29582.0,Península
2023-01-28 11:25:00+00:00,29488.0,Península
2023-01-28 11:30:00+00:00,29286.0,Península
2023-01-28 11:35:00+00:00,29363.0,Península
2023-01-28 11:40:00+00:00,29278.0,Península
2023-01-28 11:45:00+00:00,29343.0,Península
2023-01-28 11:50:00+00:00,29261.0,Península
2023-01-28 11:55:00+00:00,29309.0,Península
2023-01-28 12:00:00+00:00,29218.0,Península
2023-01-28 12:05:00+00:00,29317.0,Península
2023-01-28 12:10:00+00:00,29389.0,Península
2023-01-28 12:15:00+00:00,29334.0,Península
2023-01-28 12:20:00+00:00,29383.0,Península
2023-01-28 12:25:00+00:00,29414.0,Península
2023-01-28 12:30:00+00:00,29369.0,Península
2023-01-28 12:35:00+00:00,29333.0,Península
2023-01-28 12:40:00+00:00,29366.0,Península
2023-01-28 12:45:00+00:00,29286.0,Península
2023-01-28 12:50:00+00:00,29318.0,Península
2023-01-28 12:55:00+00:00,29437.0,Península
2023-01-28 13:00:00+00:00,29339.0,Península
2023-01-28 13:05:00+00:00,29404.0,Península
2023-01-28 13:10:00+00:00,29352.0,Península
2023-01-28 13:15:00+00:00,29199.0,Península
2023-01-28 13:20:00+00:00,29382.0,Península
2023-01-28 13:25:00+00:00,29378.0,Península
2023-01-28 13:30:00+00:00,29380.0,Península
2023-01-28 13:35:00+00:00,29311.0,Península
2023-01-28 13:40:00+00:00,29051.0,Península
2023-01-28 13:45:00+00:00,29227.0,Península
2023-01-28 13:50:00+00:00,28895.0,Península
2023-01-28 13:55:00+00:00,28787.0,Península
2023-01-28 14:00:00+00:00,28850.0,Península
2023-01-28 14:05:00+00:00,28718.0,Península
2023-01-28 14:10:00+00:00,28552.0,Península
2023-01-28 14:15:00+00:00,28500.0,Península
2023-01-28 14:20:00+00:00,28584.0,Península
2023-01-28 14:25:00+00:00,28639.0,Península
2023-01-28 14:30:00+00:00,28564.0,Península
2023-01-28 14:35:00+00:00,28517.0,Península
2023-01-28 14:40:00+00:00,28516.0,Península
2023-01-28 14:45:00+00:00,28428.0,Península
2023-01-28 14:50:00+00:00,28264.0,Península
2023-01-28 14:55:00+00:00,28453.0,Península
2023-01-28 15:00:00+00:00,28521.0,Península
2023-01-28 15:05:00+00:00,28707.0,Península
2023-01-28 15:10:00+00:00,28349.0,Península
2023-01-28 15:15:00+00:00,28086.0,Península
2023-01-28 15:20:00+00:00,28207.0,Península
2023-01-28 15:25:00+00:00,28205.0,Península
2023-01-28 15:30:00+00:00,28188.0,Península
2023-01-28 15:35:00+00:00,28401.0,Península
2023-01-28 15:40:00+00:00,28156.0,Península
2023-01-28 15:45:00+00:00,28211.0,Península
2023-01-28 15:50:00+00:00,28172.0,Península
2023-01-28 15:55:00+00:00,28172.0,Península
2023-01-28 16:00:00+00:00,27950.0,Península
2023-01-28 16:05:00+00:00,28572.0,Península
2023-01-28 16:10:00+00:00,28491.0,Península
2023-01-28 16:15:00+00:00,28347.0,Península
2023-01-28 16:20:00+00:00,28668.0,Península
2023-01-28 16:25:00+00:00,28697.0,Península
2023-01-28 16:30:00+00:00,28713.0,Península
2023-01-28 16:35:00+00:00,28659.0,Península
2023-01-28 16:40:00+00:00,28577.0,Península
2023-01-28 16:45:00+00:00,28710.0,Península
2023-01-28 16:50:00+00:00,29041.0,Península
2023-01-28 16:55:00+00:00,28981.0,Península
2023-01-28 17:00:00+00:00,29050.0,Península
2023-01-28 17:05:00+00:00,29260.0,Península
2023-01-28 17:10:00+00:00,29559.0,Península
2023-01-28 17:15:00+00:00,29849.0,Península
2023-01-28 17:20:00+00:00,30226.0,Península
2023-01-28 17:25:00+00:00,30331.0,Península
2023-01-28 17:30:00+00:00,30332.0,Península
2023-01-28 17:35:00+00:00,30742.0,Península
2023-01-28 17:40:00+00:00,30977.0,Península
2023-01-28 17:45:00+00:00,31125.0,Península
2023-01-28 17:50:00+00:00,31792.0,Península
2023-01-28 17:55:00+00:00,31926.0,Península
2023-01-28 18:00:00+00:00,31873.0,Península
2023-01-28 18:05:00+00:00,32147.0,Península
2023-01-28 18:10:00+00:00,32176.0,Península
2023-01-28 18:15:00+00:00,32167.0,Península
2023-01-28 18:20:00+00:00,32494.0,Península
2023-01-28 18:25:00+00:00,32632.0,Península
2023-01-28 18:30:00+00:00,32438.0,Península
2023-01-28 18:35:00+00:00,32630.0,Península
2023-01-28 18:40:00+00:00,32558.0,Península
2023-01-28 18:45:00+00:00,32650.0,Península
2023-01-28 18:50:00+00:00,32686.0,Península
2023-01-28 18:55:00+00:00,32930.0,Península
2023-01-28 19:00:00+00:00,32815.0,Península
2023-01-28 19:05:00+00:00,32838.0,Península
2023-01-28 19:10:00+00:00,33189.0,Península
2023-01-28 19:15:00+00:00,33087.0,Península
2023-01-28 19:20:00+00:00,33391.0,Península
2023-01-28 19:25:00+00:00,33366.0,Península
2023-01-28 19:30:00+00:00,33369.0,Península
2023-01-28 19:35:00+00:00,33382.0,Península
2023-01-28 19:40:00+00:00,33379.0,Península
2023-01-28 19:45:00+00:00,33358.0,Península
2023-01-28 19:50:00+00:00,33357.0,Península
2023-01-28 19:55:00+00:00,33314.0,Península
2023-01-28 20:00:00+00:00,33387.0,Península
2023-01-28 20:05:00+00:00,33355.0,Península
2023-01-28 20:10:00+00:00,33337.0,Península
2023-01-28 20:15:00+00:00,33249.0,Península
2023-01-28 20:20:00+00:00,33300.0,Península
2023-01-28 20:25:00+00:00,33315.0,Península
2023-01-28 20:30:00+00:00,33097.0,Península
2023-01-28 20:35:00+00:00,33087.0,Península
2023-01-28 20:40:00+00:00,32891.0,Península
2023-01-28 20:45:00+00:00,32614.0,Península
2023-01-28 20:50:00+00:00,32256.0,Península
2023-01-28 20:55:00+00:00,32158.0,Península
2023-01-28 21:00:00+00:00,32086.0,Península
2023-01-28 21:05:00+00:00,31885.0,Península
2023-01-28 21:10:00+00:00,31759.0,Península
2023-01-28 21:15:00+00:00,31174.0,Península
2023-01-28 21:20:00+00:00,31158.0,Península
2023-01-28 21:25:00+00:00,31029.0,Península
2023-01-28 21:30:00+00:00,30801.0,Península
2023-01-28 21:35:00+00:00,30582.0,Península
2023-01-28 21:40:00+00:00,30208.0,Península
2023-01-28 21:45:00+00:00,30027.0,Península
2023-01-28 21:50:00+00:00,29943.0,Península
2023-01-28 21:55:00+00:00,29761.0,Península
2023-01-28 22:00:00+00:00,29294.0,Península
2023-01-28 22:05:00+00:00,29299.0,Península
2023-01-28 22:10:00+00:00,29287.0,Península
2023-01-28 22:15:00+00:00,28987.0,Península
2023-01-28 22:20:00+00:00,28681.0,Península
2023-01-28 22:25:00+00:00,28529.0,Península
2023-01-28 22:30:00+00:00,28156.0,Península
2023-01-28 22:35:00+00:00,28136.0,Península
2023-01-28 22:40:00+00:00,28014.0,Península
2023-01-28 22:45:00+00:00,27849.0,Península
2023-01-28 22:50:00+00:00,27611.0,Península
2023-01-28 22:55:00+00:00,27408.0,Península
2023-01-28 23:00:00+00:00,27042.0,Península
2023-01-28 23:05:00+00:00,26930.0,Península
2023-01-28 23:10:00+00:00,26789.0,Península
2023-01-28 23:15:00+00:00,26630.0,Península
2023-01-28 23:20:00+00:00,26328.0,Península
2023-01-28 23:25:00+00:00,26199.0,Península
2023-01-28 23:30:00+00:00,26049.0,Península
2023-01-28 23:35:00+00:00,25814.0,Península
2023-01-28 23:40:00+00:00,25748.0,Península
2023-01-28 23:45:00+00:00,25472.0,Península
2023-01-28 23:50:00+00:00,25078.0,Península
2023-01-28 23:55:00+00:00,25078.0,Península
2023-01-29 00:00:00+00:00,24703.0,Península
2023-01-29 00:05:00+00:00,24524.0,Península
2023-01-29 00:10:00+00:00,24590.0,Península
2023-01-29 00:15:00+00:00,24476.0,Península
2023-01-29 00:20:00+00:00,24312.0,Península
2023-01-29 00:25:00+00:00,24115.0,Península
2023-01-29 00:30:00+00:00,23966.0,Península
2023-01-29 00:35:00+00:00,23763.0,Península
2023-01-29 00:40:00+00:00,23629.0,Península
2023-01-29 00:45:00+00:00,23499.0,Península
2023-01-29 00:50:00+00:00,23268.0,Península
2023-01-29 00:55:00+00:00,23104.0,Península
2023-01-29 01:00:00+00:00,22936.0,Península
2023-01-29 01:05:00+00:00,22922.0,Península
2023-01-29 01:10:00+00:00,22752.0,Península
2023-01-29 01:15:00+00:00,22729.0,Península
2023-01-29 01:20:00+00:00,22422.0,Península
2023-01-29 01:25:00+00:00,22594.0,Península
2023-01-29 01:30:00+00:00,22351.0,Península
2023-01-29 01:35:00+00:00,22433.0,Península
2023-01-29 01:40:00+00:00,22269.0,Península
2023-01-29 01:45:00+00:00,22161.0,Península
2023-01-29 01:50:00+00:00,22185.0,Península
2023-01-29 01:55:00+00:00,22013.0,Península
2023-01-29 02:00:00+00:00,22032.0,Península
2023-01-29 02:05:00+00:00,21733.0,Península
2023-01-29 02:10:00+00:00,21853.0,Península
2023-01-29 02:15:00+00:00,21919.0,Península
2023-01-29 02:20:00+00:00,21928.0,Península
2023-01-29 02:25:00+00:00,21738.0,Península
2023-01-29 02:30:00+00:00,21643.0,Península
2023-01-29 02:35:00+00:00,21560.0,Península
2023-01-29 02:40:00+00:00,21527.0,Península
2023-01-29 02:45:00+00:00,21460.0,Península
2023-01-29 02:50:00+00:00,21163.0,Península
2023-01-29 02:55:00+00:00,21214.0,Península
2023-01-29 03:00:00+00:00,21173.0,Península
2023-01-29 03:05:00+00:00,21347.0,Península
2023-01-29 03:10:00+00:00,21449.0,Península
2023-01-29 03:15:00+00:00,21327.0,Península
2023-01-29 03:20:00+00:00,21361.0,Península
2023-01-29 03:25:00+00:00,21181.0,Península
2023-01-29 03:30:00+00:00,21210.0,Península
2023-01-29 03:35:00+00:00,21345.0,Península
2023-01-29 03:40:00+00:00,21188.0,Península
2023-01-29 03:45:00+00:00,21027.0,Península
2023-01-29 03:50:00+00:00,21230.0,Península
2023-01-29 03:55:00+00:00,21341.0,Península
2023-01-29 04:00:00+00:00,21213.0,Península
2023-01-29 04:05:00+00:00,21157.0,Península
2023-01-29 04:10:00+00:00,21306.0,Península
2023-01-29 04:15:00+00:00,21290.0,Península
2023-01-29 04:20:00+00:00,21209.0,Península
2023-01-29 04:25:00+00:00,21149.0,Península
2023-01-29 04:30:00+00:00,21061.0,Península
2023-01-29 04:35:00+00:00,21280.0,Península
2023-01-29 04:40:00+00:00,21292.0,Península
2023-01-29 04:45:00+00:00,21271.0,Península
2023-01-29 04:50:00+00:00,21282.0,Península
2023-01-29 04:55:00+00:00,21485.0,Península
2023-01-29 05:00:00+00:00,21567.0,Península
2023-01-29 05:05:00+00:00,21640.0,Península
2023-01-29 05:10:00+00:00,21651.0,Península
2023-01-29 05:15:00+00:00,21545.0,Península
2023-01-29 05:20:00+00:00,21625.0,Península
2023-01-29 05:25:00+00:00,21843.0,Península
2023-01-29 05:30:00+00:00,21707.0,Península
2023-01-29 05:35:00+00:00,21706.0,Península
2023-01-29 05:40:00+00:00,21637.0,Península
2023-01-29 05:45:00+00:00,21709.0,Península
2023-01-29 05:50:00+00:00,21968.0,Península
2023-01-29 05:55:00+00:00,22159.0,Península
2023-01-29 06:00:00+00:00,22100.0,Península
2023-01-29 06:05:00+00:00,22400.0,Península
2023-01-29 06:10:00+00:00,22396.0,Península
2023-01-29 06:15:00+00:00,22416.0,Península
2023-01-29 06:20:00+00:00,22383.0,Península
2023-01-29 06:25:00+00:00,22501.0,Península
2023-01-29 06:30:00+00:00,22602.0,Península
2023-01-29 06:35:00+00:00,22915.0,Península
2023-01-29 06:40:00+00:00,22769.0,Península
2023-01-29 06:45:00+00:00,22900.0,Península
2023-01-29 06:50:00+00:00,22863.0,Península
2023-01-29 06:55:00+00:00,22929.0,Península
2023-01-29 07:00:00+00:00,23020.0,Península
2023-01-29 07:05:00+00:00,23064.0,Península
2023-01-29 07:10:00+00:00,23056.0,Península
2023-01-29 07:15:00+00:00,23052.0,Península
2023-01-29 07:20:00+00:00,23274.0,Península
2023-01-29 07:25:00+00:00,23359.0,Península
2023-01-29 07:30:00+00:00,23360.0,Península
2023-01-29 07:35:00+00:00,23498.0,Península
2023-01-29 07:40:00+00:00,23539.0,Península
2023-01-29 07:45:00+00:00,23568.0,Península
2023-01-29 07:50:00+00:00,23795.0,Península
2023-01-29 07:55:00+00:00,24004.0,Península
2023-01-29 08:00:00+00:00,24064.0,Península
2023-01-29 08:05:00+00:00,24335.0,Península
2023-01-29 08:10:00+00:00,24604.0,Península
2023-01-29 08:15:00+00:00,25043.0,Península
2023-01-29 08:20:00+00:00,25122.0,Península
2023-01-29 08:25:00+00:00,25270.0,Península
2023-01-29 08:30:00+00:00,25622.0,Península
2023-01-29 08:35:00+00:00,25701.0,Península
2023-01-29 08:40:00+00:00,25923.0,Península
2023-01-29 08:45:00+00:00,25937.0,Península
2023-01-29 08:50:00+00:00,26203.0,Península
2023-01-29 08:55:00+00:00,26276.0,Península
2023-01-29 09:00:00+00:00,26407.0,Península
2023-01-29 09:05:00+00:00,26548.0,Península
2023-01-29 09:10:00+00:00,26727.0,Península
2023-01-29 09:15:00+00:00,27041.0,Península
2023-01-29 09:20:00+00:00,26982.0,Península
2023-01-29 09:25:00+00:00,26821.0,Península
2023-01-29 09:30:00+00:00,26992.0,Península
2023-01-29 09:35:00+00:00,27147.0,Península
2023-01-29 09:40:00+00:00,27108.0,Península
2023-01-29 09:45:00+00:00,27073.0,Península
2023-01-29 09:50:00+00:00,27236.0,Península
2023-01-29 09:55:00+00:00,27035.0,Península
2023-01-29 10:00:00+00:00,27081.0,Península
2023-01-29 10:05:00+00:00,27284.0,Península
2023-01-29 10:10:00+00:00,27242.0,Península
2023-01-29 10:15:00+00:00,27207.0,Península
2023-01-29 10:20:00+00:00,27336.0,Península
2023-01-29 10:25:00+00:00,27180.0,Península
2023-01-29 10:30:00+00:00,27164.0,Península
2023-01-29 10:35:00+00:00,27300.0,Península
2023-01-29 10:40:00+00:00,27228.0,Península
2023-01-29 10:45:00+00:00,27359.0,Península
2023-01-29 10:50:00+00:00,27303.0,Península
2023-01-29 10:55:00+00:00,27303.0,Península
2023-01-29 11:00:00+00:00,27216.0,Península
2023-01-29 11:05:00+00:00,27150.0,Península
2023-01-29 11:10:00+00:00,27085.0,Península
2023-01-29 11:15:00+00:00,27197.0,Península
2023-01-29 11:20:00+00:00,27228.0,Península
2023-01-29 11:25:00+00:00,27177.0,Península
2023-01-29 11:30:00+00:00,27051.0,Península
2023-01-29 11:35:00+00:00,27112.0,Península
2023-01-29 11:40:00+00:00,27202.0,Península
2023-01-29 11:45:00+00:00,27141.0,Península
2023-01-29 11:50:00+00:00,27248.0,Península
2023-01-29 11:55:00+00:00,27436.0,Península
2023-01-29 12:00:00+00:00,27150.0,Península
2023-01-29 12:05:00+00:00,27266.0,Península
2023-01-29 12:10:00+00:00,27410.0,Península
2023-01-29 12:15:00+00:00,27542.0,Península
2023-01-29 12:20:00+00:00,27600.0,Península
2023-01-29 12:25:00+00:00,27523.0,Península
2023-01-29 12:30:00+00:00,27595.0,Península
2023-01-29 12:35:00+00:00,27790.0,Península
2023-01-29 12:40:00+00:00,27872.0,Península
2023-01-29 12:45:00+00:00,28004.0,Península
2023-01-29 12:50:00+00:00,27992.0,Península
2023-01-29 12:55:00+00:00,27999.0,Península
2023-01-29 13:00:00+00:00,27791.0,Península
2023-01-29 13:05:00+00:00,27973.0,Península
2023-01-29 13:10:00+00:00,28078.0,Península
2023-01-29 13:15:00+00:00,28038.0,Península
2023-01-29 13:20:00+00:00,27896.0,Península
2023-01-29 13:25:00+00:00,27874.0,Península
2023-01-29 13:30:00+00:00,27709.0,Península
2023-01-29 13:35:00+00:00,27812.0,Península
2023-01-29 13:40:00+00:00,27754.0,Península
2023-01-29 13:45:00+00:00,27523.0,Península
2023-01-29 13:50:00+00:00,27654.0,Península
2023-01-29 13:55:00+00:00,27339.0,Península
2023-01-29 14:00:00+00:00,27295.0,Península
2023-01-29 14:05:00+00:00,27394.0,Península
2023-01-29 14:10:00+00:00,27272.0,Península
2023-01-29 14:15:00+00:00,27116.0,Península
2023-01-29 14:20:00+00:00,27050.0,Península
2023-01-29 14:25:00+00:00,26870.0,Península
2023-01-29 14:30:00+00:00,26956.0,Península
2023-01-29 14:35:00+00:00,26887.0,Península
2023-01-29 14:40:00+00:00,26931.0,Península
2023-01-29 14:45:00+00:00,26738.0,Península
2023-01-29 14:50:00+00:00,26834.0,Península
2023-01-29 14:55:00+00:00,26912.0,Península
2023-01-29 15:00:00+00:00,26637.0,Península
2023-01-29 15:05:00+00:00,26769.0,Península
2023-01-29 15:10:00+00:00,26565.0,Península
2023-01-29 15:15:00+00:00,26764.0,Península
2023-01-29 15:20:00+00:00,26716.0,Península
2023-01-29 15:25:00+00:00,26631.0,Península
2023-01-29 15:30:00+00:00,26444.0,Península
2023-01-29 15:35:00+00:00,26614.0,Península
2023-01-29 15:40:00+00:00,26610.0,Península
2023-01-29 15:45:00+00:00,26580.0,Península
2023-01-29 15:50:00+00:00,26438.0,Península
2023-01-29 15:55:00+00:00,26419.0,Península
2023-01-29 16:00:00+00:00,26527.0,Península
2023-01-29 16:05:00+00:00,27023.0,Península
2023-01-29 16:10:00+00:00,26762.0,Península
2023-01-29 16:15:00+00:00,26959.0,Península
2023-01-29 16:20:00+00:00,27157.0,Península
2023-01-29 16:25:00+00:00,27125.0,Península
2023-01-29 16:30:00+00:00,27098.0,Península
2023-01-29 16:35:00+00:00,27223.0,Península
2023-01-29 16:40:00+00:00,27300.0,Península
2023-01-29 16:45:00+00:00,27521.0,Península
2023-01-29 16:50:00+00:00,27784.0,Península
2023-01-29 16:55:00+00:00,27923.0,Península
2023-01-29 17:00:00+00:00,27798.0,Península
2023-01-29 17:05:00+00:00,28066.0,Península
2023-01-29 17:10:00+00:00,28088.0,Península
2023-01-29 17:15:00+00:00,28693.0,Península
2023-01-29 17:20:00+00:00,28856.0,Península
2023-01-29 17:25:00+00:00,28910.0,Península
2023-01-29 17:30:00+00:00,29481.0,Península
2023-01-29 17:35:00+00:00,29656.0,Península
2023-01-29 17:40:00+00:00,30020.0,Península
2023-01-29 17:45:00+00:00,30177.0,Península
2023-01-29 17:50:00+00:00,30634.0,Península
2023-01-29 17:55:00+00:00,30728.0,Península
2023-01-29 18:00:00+00:00,30921.0,Península
2023-01-29 18:05:00+00:00,31310.0,Península
2023-01-29 18:10:00+00:00,31512.0,Península
2023-01-29 18:15:00+00:00,31690.0,Península
2023-01-29 18:20:00+00:00,31906.0,Península
2023-01-29 18:25:00+00:00,32032.0,Península
2023-01-29 18:30:00+00:00,32241.0,Península
2023-01-29 18:35:00+00:00,32295.0,Península
2023-01-29 18:40:00+00:00,32333.0,Península
2023-01-29 18:45:00+00:00,32287.0,Península
2023-01-29 18:50:00+00:00,32350.0,Península
2023-01-29 18:55:00+00:00,32686.0,Península
2023-01-29 19:00:00+00:00,32802.0,Península
2023-01-29 19:05:00+00:00,33036.0,Península
2023-01-29 19:10:00+00:00,33004.0,Península
2023-01-29 19:15:00+00:00,32982.0,Península
2023-01-29 19:20:00+00:00,33176.0,Península
2023-01-29 19:25:00+00:00,33116.0,Península
2023-01-29 19:30:00+00:00,33420.0,Península
2023-01-29 19:35:00+00:00,33580.0,Península
2023-01-29 19:40:00+00:00,33471.0,Península
2023-01-29 19:45:00+00:00,33480.0,Península
2023-01-29 19:50:00+00:00,33588.0,Península
2023-01-29 19:55:00+00:00,33769.0,Península
2023-01-29 20:00:00+00:00,33561.0,Península
2023-01-29 20:05:00+00:00,33819.0,Península
2023-01-29 20:10:00+00:00,33791.0,Península
2023-01-29 20:15:00+00:00,33518.0,Península
2023-01-29 20:20:00+00:00,33455.0,Península
2023-01-29 20:25:00+00:00,33377.0,Península
2023-01-29 20:30:00+00:00,33096.0,Península
2023-01-29 20:35:00+00:00,33196.0,Península
2023-01-29 20:40:00+00:00,32924.0,Península
2023-01-29 20:45:00+00:00,33017.0,Península
2023-01-29 20:50:00+00:00,32731.0,Península
2023-01-29 20:55:00+00:00,32731.0,Península
2023-01-29 21:00:00+00:00,32227.0,Península
2023-01-29 21:05:00+00:00,32220.0,Península
2023-01-29 21:10:00+00:00,31980.0,Península
2023-01-29 21:15:00+00:00,31581.0,Península
2023-01-29 21:20:00+00:00,31223.0,Península
2023-01-29 21:25:00+00:00,31078.0,Península
2023-01-29 21:30:00+00:00,31005.0,Península
2023-01-29 21:35:00+00:00,30706.0,Península
2023-01-29 21:40:00+00:00,30569.0,Península
2023-01-29 21:45:00+00:00,30458.0,Península
2023-01-29 21:50:00+00:00,30065.0,Península
2023-01-29 21:55:00+00:00,29759.0,Península
2023-01-29 22:00:00+00:00,29491.0,Península
2023-01-29 22:05:00+00:00,29185.0,Península
2023-01-29 22:10:00+00:00,29034.0,Península
2023-01-29 22:15:00+00:00,28789.0,Península
2023-01-29 22:20:00+00:00,28413.0,Península
2023-01-29 22:25:00+00:00,28435.0,Península
2023-01-29 22:30:00+00:00,28024.0,Península
2023-01-29 22:35:00+00:00,27754.0,Península
2023-01-29 22:40:00+00:00,27524.0,Península
2023-01-29 22:45:00+00:00,27293.0,Península
2023-01-29 22:50:00+00:00,26936.0,Península
2023-01-29 22:55:00+00:00,26478.0,Península
2023-01-29 23:00:00+00:00,26353.0,Península
2023-01-29 23:05:00+00:00,26309.0,Península
2023-01-29 23:10:00+00:00,26150.0,Península
2023-01-29 23:15:00+00:00,25907.0,Península
2023-01-29 23:20:00+00:00,25760.0,Península
2023-01-29 23:25:00+00:00,25741.0,Península
2023-01-29 23:30:00+00:00,25233.0,Península
2023-01-29 23:35:00+00:00,25096.0,Península
2023-01-29 23:40:00+00:00,25040.0,Península
2023-01-29 23:45:00+00:00,24720.0,Península
2023-01-29 23:50:00+00:00,24667.0,Península
2023-01-29 23:55:00+00:00,24366.0,Península
2023-01-30 00:00:00+00:00,24239.0,Península
2023-01-30 00:05:00+00:00,23986.0,Península
2023-01-30 00:10:00+00:00,24112.0,Península
2023-01-30 00:15:00+00:00,24023.0,Península
2023-01-30 00:20:00+00:00,23760.0,Península
2023-01-30 00:25:00+00:00,23733.0,Península
2023-01-30 00:30:00+00:00,23549.0,Península
2023-01-30 00:35:00+00:00,23459.0,Península
2023-01-30 00:40:00+00:00,23531.0,Península
2023-01-30 00:45:00+00:00,23397.0,Península
2023-01-30 00:50:00+00:00,23267.0,Península
2023-01-30 00:55:00+00:00,23063.0,Península
2023-01-30 01:00:00+00:00,23049.0,Península
2023-01-30 01:05:00+00:00,23012.0,Península
2023-01-30 01:10:00+00:00,22937.0,Península
2023-01-30 01:15:00+00:00,22747.0,Península
2023-01-30 01:20:00+00:00,22839.0,Península
2023-01-30 01:25:00+00:00,22646.0,Península
2023-01-30 01:30:00+00:00,22612.0,Península
2023-01-30 01:35:00+00:00,22620.0,Península
2023-01-30 01:40:00+00:00,22416.0,Península
2023-01-30 01:45:00+00:00,22485.0,Península
2023-01-30 01:50:00+00:00,22421.0,Península
2023-01-30 01:55:00+00:00,22558.0,Península
2023-01-30 02:00:00+00:00,22286.0,Península
2023-01-30 02:05:00+00:00,22373.0,Península
2023-01-30 02:10:00+00:00,22362.0,Península
2023-01-30 02:15:00+00:00,22538.0,Península
2023-01-30 02:20:00+00:00,22272.0,Península
2023-01-30 02:25:00+00:00,22272.0,Península
2023-01-30 02:30:00+00:00,22237.0,Península
2023-01-30 02:35:00+00:00,22174.0,Península
2023-01-30 02:40:00+00:00,22225.0,Península
2023-01-30 02:45:00+00:00,22122.0,Península
2023-01-30 02:50:00+00:00,22262.0,Península
2023-01-30 02:55:00+00:00,22184.0,Península
2023-01-30 03:00:00+00:00,22225.0,Península
2023-01-30 03:05:00+00:00,22271.0,Península
2023-01-30 03:10:00+00:00,22180.0,Península
2023-01-30 03:15:00+00:00,22080.0,Península
2023-01-30 03:20:00+00:00,22397.0,Península
2023-01-30 03:25:00+00:00,22483.0,Península
2023-01-30 03:30:00+00:00,22288.0,Península
2023-01-30 03:35:00+00:00,22436.0,Península
2023-01-30 03:40:00+00:00,22370.0,Península
2023-01-30 03:45:00+00:00,22392.0,Península
2023-01-30 03:50:00+00:00,22496.0,Península
2023-01-30 03:55:00+00:00,22478.0,Península
2023-01-30 04:00:00+00:00,22550.0,Península
2023-01-30 04:05:00+00:00,22827.0,Península
2023-01-30 04:10:00+00:00,22700.0,Península
2023-01-30 04:15:00+00:00,22864.0,Península
2023-01-30 04:20:00+00:00,23098.0,Península
2023-01-30 04:25:00+00:00,22956.0,Península
2023-01-30 04:30:00+00:00,23146.0,Península
2023-01-30 04:35:00+00:00,23394.0,Península
2023-01-30 04:40:00+00:00,23492.0,Península
2023-01-30 04:45:00+00:00,23473.0,Península
2023-01-30 04:50:00+00:00,23814.0,Península
2023-01-30 04:55:00+00:00,24202.0,Península
2023-01-30 05:00:00+00:00,24622.0,Península
2023-01-30 05:05:00+00:00,25096.0,Península
2023-01-30 05:10:00+00:00,25715.0,Península
2023-01-30 05:15:00+00:00,25913.0,Península
2023-01-30 05:20:00+00:00,26132.0,Península
2023-01-30 05:25:00+00:00,26305.0,Península
2023-01-30 05:30:00+00:00,26509.0,Península
2023-01-30 05:35:00+00:00,27273.0,Península
2023-01-30 05:40:00+00:00,27440.0,Península
2023-01-30 05:45:00+00:00,28089.0,Península
2023-01-30 05:50:00+00:00,28299.0,Península
2023-01-30 05:55:00+00:00,28788.0,Península
2023-01-30 06:00:00+00:00,29079.0,Península
2023-01-30 06:05:00+00:00,30149.0,Península
2023-01-30 06:10:00+00:00,30541.0,Península
2023-01-30 06:15:00+00:00,31006.0,Península
2023-01-30 06:20:00+00:00,31419.0,Península
2023-01-30 06:25:00+00:00,31750.0,Península
2023-01-30 06:30:00+00:00,32325.0,Península
2023-01-30 06:35:00+00:00,32885.0,Península
2023-01-30 06:40:00+00:00,32842.0,Península
2023-01-30 06:45:00+00:00,33252.0,Península
2023-01-30 06:50:00+00:00,33597.0,Península
2023-01-30 06:55:00+00:00,33883.0,Península
2023-01-30 07:00:00+00:00,33555.0,Península
2023-01-30 07:05:00+00:00,33969.0,Península
2023-01-30 07:10:00+00:00,34583.0,Península
2023-01-30 07:15:00+00:00,34751.0,Península
2023-01-30 07:20:00+00:00,34953.0,Península
2023-01-30 07:25:00+00:00,35034.0,Península
2023-01-30 07:30:00+00:00,35037.0,Península
2023-01-30 07:35:00+00:00,35218.0,Península
2023-01-30 07:40:00+00:00,35268.0,Península
2023-01-30 07:45:00+00:00,35215.0,Península
2023-01-30 07:50:00+00:00,35145.0,Península
2023-01-30 07:55:00+00:00,35172.0,Península
2023-01-30 08:00:00+00:00,35210.0,Península
2023-01-30 08:05:00+00:00,35542.0,Península
2023-01-30 08:10:00+00:00,35630.0,Península
2023-01-30 08:15:00+00:00,35646.0,Península
2023-01-30 08:20:00+00:00,35630.0,Península
2023-01-30 08:25:00+00:00,35855.0,Península
2023-01-30 08:30:00+00:00,35800.0,Península
2023-01-30 08:35:00+00:00,35694.0,Península
2023-01-30 08:40:00+00:00,35718.0,Península
2023-01-30 08:45:00+00:00,35467.0,Península
2023-01-30 08:50:00+00:00,35617.0,Península
2023-01-30 08:55:00+00:00,35578.0,Península
2023-01-30 09:00:00+00:00,35389.0,Península
2023-01-30 09:05:00+00:00,35343.0,Península
2023-01-30 09:10:00+00:00,35186.0,Península
2023-01-30 09:15:00+00:00,35566.0,Península
2023-01-30 09:20:00+00:00,35650.0,Península
2023-01-30 09:25:00+00:00,35685.0,Península
2023-01-30 09:30:00+00:00,35573.0,Península
2023-01-30 09:35:00+00:00,35393.0,Península
2023-01-30 09:40:00+00:00,35443.0,Península
2023-01-30 09:45:00+00:00,35397.0,Península
2023-01-30 09:50:00+00:00,35298.0,Península
2023-01-30 09:55:00+00:00,35144.0,Península
2023-01-30 10:00:00+00:00,35125.0,Península
2023-01-30 10:05:00+00:00,34927.0,Península
2023-01-30 10:10:00+00:00,34555.0,Península
2023-01-30 10:15:00+00:00,34516.0,Península
2023-01-30 10:20:00+00:00,34559.0,Península
2023-01-30 10:25:00+00:00,34493.0,Península
2023-01-30 10:30:00+00:00,34340.0,Península
2023-01-30 10:35:00+00:00,34247.0,Península
2023-01-30 10:40:00+00:00,34428.0,Península
2023-01-30 10:45:00+00:00,34199.0,Península
2023-01-30 10:50:00+00:00,34039.0,Península
2023-01-30 10:55:00+00:00,33951.0,Península
2023-01-30 11:00:00+00:00,33991.0,Península
2023-01-30 11:05:00+00:00,33911.0,Península
2023-01-30 11:10:00+00:00,33914.0,Península
2023-01-30 11:15:00+00:00,33929.0,Península
2023-01-30 11:20:00+00:00,34139.0,Península
2023-01-30 11:25:00+00:00,33982.0,Península
2023-01-30 11:30:00+00:00,33865.0,Península
2023-01-30 11:35:00+00:00,33888.0,Península
2023-01-30 11:40:00+00:00,33895.0,Península
2023-01-30 11:45:00+00:00,33834.0,Península
2023-01-30 11:50:00+00:00,33860.0,Península
2023-01-30 11:55:00+00:00,33592.0,Península
2023-01-30 12:00:00+00:00,33660.0,Península
2023-01-30 12:05:00+00:00,33619.0,Península
2023-01-30 12:10:00+00:00,33734.0,Península
2023-01-30 12:15:00+00:00,33674.0,Península
2023-01-30 12:20:00+00:00,33790.0,Península
2023-01-30 12:25:00+00:00,33817.0,Península
2023-01-30 12:30:00+00:00,33737.0,Península
2023-01-30 12:35:00+00:00,33607.0,Península
2023-01-30 12:40:00+00:00,33504.0,Península
2023-01-30 12:45:00+00:00,33461.0,Península
2023-01-30 12:50:00+00:00,33470.0,Península
2023-01-30 12:55:00+00:00,33031.0,Península
2023-01-30 13:00:00+00:00,33094.0,Península
2023-01-30 13:05:00+00:00,32990.0,Península
2023-01-30 13:10:00+00:00,33113.0,Península
2023-01-30 13:15:00+00:00,33014.0,Península
2023-01-30 13:20:00+00:00,33221.0,Península
2023-01-30 13:25:00+00:00,33120.0,Península
2023-01-30 13:30:00+00:00,33151.0,Península
2023-01-30 13:35:00+00:00,33017.0,Península
2023-01-30 13:40:00+00:00,32821.0,Península
2023-01-30 13:45:00+00:00,32807.0,Península
2023-01-30 13:50:00+00:00,32736.0,Península
2023-01-30 13:55:00+00:00,32564.0,Península
2023-01-30 14:00:00+00:00,32654.0,Península
2023-01-30 14:05:00+00:00,32610.0,Península
2023-01-30 14:10:00+00:00,32525.0,Península
2023-01-30 14:15:00+00:00,32521.0,Península
2023-01-30 14:20:00+00:00,32554.0,Península
2023-01-30 14:25:00+00:00,32377.0,Península
2023-01-30 14:30:00+00:00,32523.0,Península
2023-01-30 14:35:00+00:00,32479.0,Península
2023-01-30 14:40:00+00:00,32455.0,Península
2023-01-30 14:45:00+00:00,32383.0,Península
2023-01-30 14:50:00+00:00,32248.0,Península
2023-01-30 14:55:00+00:00,32191.0,Península
2023-01-30 15:00:00+00:00,32295.0,Península
2023-01-30 15:05:00+00:00,32361.0,Península
2023-01-30 15:10:00+00:00,32323.0,Península
2023-01-30 15:15:00+00:00,32248.0,Península
2023-01-30 15:20:00+00:00,32396.0,Península
2023-01-30 15:25:00+00:00,32390.0,Península
2023-01-30 15:30:00+00:00,32571.0,Península
2023-01-30 15:35:00+00:00,32513.0,Península
2023-01-30 15:40:00+00:00,32625.0,Península
2023-01-30 15:45:00+00:00,32661.0,Península
2023-01-30 15:50:00+00:00,32659.0,Península
2023-01-30 15:55:00+00:00,32851.0,Península
2023-01-30 16:00:00+00:00,32982.0,Península
2023-01-30 16:05:00+00:00,33224.0,Península
2023-01-30 16:10:00+00:00,33295.0,Península
2023-01-30 16:15:00+00:00,33346.0,Península
2023-01-30 16:20:00+00:00,33619.0,Península
2023-01-30 16:25:00+00:00,33791.0,Península
2023-01-30 16:30:00+00:00,33070.0,Península
2023-01-30 16:35:00+00:00,33269.0,Península
2023-01-30 16:40:00+00:00,33171.0,Península
2023-01-30 16:45:00+00:00,33439.0,Península
2023-01-30 16:50:00+00:00,33671.0,Península
2023-01-30 16:55:00+00:00,33718.0,Península
2023-01-30 17:00:00+00:00,33814.0,Península
2023-01-30 17:05:00+00:00,34149.0,Península
2023-01-30 17:10:00+00:00,34405.0,Península
2023-01-30 17:15:00+00:00,34471.0,Península
2023-01-30 17:20:00+00:00,34637.0,Península
2023-01-30 17:25:00+00:00,34949.0,Península
2023-01-30 17:30:00+00:00,35253.0,Península
2023-01-30 17:35:00+00:00,35628.0,Península
2023-01-30 17:40:00+00:00,35496.0,Península
2023-01-30 17:45:00+00:00,35723.0,Península
2023-01-30 17:50:00+00:00,36055.0,Península
2023-01-30 17:55:00+00:00,36156.0,Península
2023-01-30 18:00:00+00:00,36438.0,Península
2023-01-30 18:05:00+00:00,36246.0,Península
2023-01-30 18:10:00+00:00,36390.0,Península
2023-01-30 18:15:00+00:00,36566.0,Península
2023-01-30 18:20:00+00:00,36689.0,Península
2023-01-30 18:25:00+00:00,37137.0,Península
2023-01-30 18:30:00+00:00,37361.0,Península
2023-01-30 18:35:00+00:00,37304.0,Península
2023-01-30 18:40:00+00:00,37415.0,Península
2023-01-30 18:45:00+00:00,37425.0,Península
2023-01-30 18:50:00+00:00,37516.0,Península
2023-01-30 18:55:00+00:00,37609.0,Península
2023-01-30 19:00:00+00:00,37663.0,Península
2023-01-30 19:05:00+00:00,37565.0,Península
2023-01-30 19:10:00+00:00,37846.0,Península
2023-01-30 19:15:00+00:00,37731.0,Península
2023-01-30 19:20:00+00:00,38035.0,Península
2023-01-30 19:25:00+00:00,37995.0,Península
2023-01-30 19:30:00+00:00,38089.0,Península
2023-01-30 19:35:00+00:00,38035.0,Península
2023-01-30 19:40:00+00:00,38134.0,Península
2023-01-30 19:45:00+00:00,38329.0,Península
2023-01-30 19:50:00+00:00,38325.0,Península
2023-01-30 19:55:00+00:00,38274.0,Península
2023-01-30 20:00:00+00:00,38055.0,Península
2023-01-30 20:05:00+00:00,38017.0,Península
2023-01-30 20:10:00+00:00,38036.0,Península
2023-01-30 20:15:00+00:00,37828.0,Península
2023-01-30 20:20:00+00:00,37697.0,Península
2023-01-30 20:25:00+00:00,37525.0,Península
2023-01-30 20:30:00+00:00,37280.0,Península
2023-01-30 20:35:00+00:00,36985.0,Península
2023-01-30 20:40:00+00:00,36538.0,Península
2023-01-30 20:45:00+00:00,36186.0,Península
2023-01-30 20:50:00+00:00,36077.0,Península
2023-01-30 20:55:00+00:00,35509.0,Península
2023-01-30 21:00:00+00:00,35248.0,Península
2023-01-30 21:05:00+00:00,34633.0,Península
2023-01-30 21:10:00+00:00,34577.0,Península
2023-01-30 21:15:00+00:00,34389.0,Península
2023-01-30 21:20:00+00:00,34093.0,Península
2023-01-30 21:25:00+00:00,33661.0,Península
2023-01-30 21:30:00+00:00,33378.0,Península
2023-01-30 21:35:00+00:00,33090.0,Península
2023-01-30 21:40:00+00:00,32802.0,Península
2023-01-30 21:45:00+00:00,32573.0,Península
2023-01-30 21:50:00+00:00,32213.0,Península
2023-01-30 21:55:00+00:00,32004.0,Península
2023-01-30 22:00:00+00:00,31617.0,Península
2023-01-30 22:05:00+00:00,31373.0,Península
2023-01-30 22:10:00+00:00,30967.0,Península
2023-01-30 22:15:00+00:00,30770.0,Península
2023-01-30 22:20:00+00:00,30425.0,Península
2023-01-30 22:25:00+00:00,29992.0,Península
2023-01-30 22:30:00+00:00,29853.0,Península
2023-01-30 22:35:00+00:00,29667.0,Península
2023-01-30 22:40:00+00:00,29156.0,Península
2023-01-30 22:45:00+00:00,28807.0,Península
2023-01-30 22:50:00+00:00,28730.0,Península
2023-01-30 22:55:00+00:00,28322.0,Península
2023-01-30 23:00:00+00:00,28038.0,Península
2023-01-30 23:05:00+00:00,28401.0,Península
2023-01-30 23:10:00+00:00,28277.0,Península
2023-01-30 23:15:00+00:00,28138.0,Península
2023-01-30 23:20:00+00:00,27998.0,Península
2023-01-30 23:25:00+00:00,27698.0,Península
2023-01-30 23:30:00+00:00,27487.0,Península
2023-01-30 23:35:00+00:00,27257.0,Península
2023-01-30 23:40:00+00:00,27128.0,Península
2023-01-30 23:45:00+00:00,27109.0,Península
2023-01-30 23:50:00+00:00,26725.0,Península
2023-01-30 23:55:00+00:00,26419.0,Península
2023-01-31 00:00:00+00:00,26284.0,Península
2023-01-31 00:05:00+00:00,26051.0,Península
2023-01-31 00:10:00+00:00,25976.0,Península
2023-01-31 00:15:00+00:00,25925.0,Península
2023-01-31 00:20:00+00:00,25673.0,Península
2023-01-31 00:25:00+00:00,25813.0,Península
2023-01-31 00:30:00+00:00,25656.0,Península
2023-01-31 00:35:00+00:00,25429.0,Península
2023-01-31 00:40:00+00:00,25554.0,Península
2023-01-31 00:45:00+00:00,25213.0,Península
2023-01-31 00:50:00+00:00,25071.0,Península
2023-01-31 00:55:00+00:00,24804.0,Península
2023-01-31 01:00:00+00:00,24903.0,Península
2023-01-31 01:05:00+00:00,24830.0,Península
2023-01-31 01:10:00+00:00,24693.0,Península
2023-01-31 01:15:00+00:00,24545.0,Península
2023-01-31 01:20:00+00:00,24359.0,Península
2023-01-31 01:25:00+00:00,24514.0,Península
2023-01-31 01:30:00+00:00,24449.0,Península
2023-01-31 01:35:00+00:00,24383.0,Península
2023-01-31 01:40:00+00:00,24169.0,Península
2023-01-31 01:45:00+00:00,24140.0,Península
2023-01-31 01:50:00+00:00,24207.0,Península
2023-01-31 01:55:00+00:00,24092.0,Península
2023-01-31 02:00:00+00:00,24058.0,Península
2023-01-31 02:05:00+00:00,24002.0,Península
2023-01-31 02:10:00+00:00,23976.0,Península
2023-01-31 02:15:00+00:00,24060.0,Península
2023-01-31 02:20:00+00:00,24042.0,Península
2023-01-31 02:25:00+00:00,23819.0,Península
2023-01-31 02:30:00+00:00,23795.0,Península
2023-01-31 02:35:00+00:00,23979.0,Península
2023-01-31 02:40:00+00:00,23853.0,Península
2023-01-31 02:45:00+00:00,23806.0,Península
2023-01-31 02:50:00+00:00,23598.0,Península
2023-01-31 02:55:00+00:00,23786.0,Península
2023-01-31 03:00:00+00:00,23900.0,Península
2023-01-31 03:05:00+00:00,23947.0,Península
2023-01-31 03:10:00+00:00,23739.0,Península
2023-01-31 03:15:00+00:00,23884.0,Península
2023-01-31 03:20:00+00:00,23841.0,Península
2023-01-31 03:25:00+00:00,23957.0,Península
2023-01-31 03:30:00+00:00,23890.0,Península
2023-01-31 03:35:00+00:00,23997.0,Península
2023-01-31 03:40:00+00:00,23773.0,Península
2023-01-31 03:45:00+00:00,23982.0,Península
2023-01-31 03:50:00+00:00,23909.0,Península
2023-01-31 03:55:00+00:00,23876.0,Península
2023-01-31 04:00:00+00:00,24027.0,Península
2023-01-31 04:05:00+00:00,24121.0,Península
2023-01-31 04:10:00+00:00,24279.0,Península
2023-01-31 04:15:00+00:00,24202.0,Península
2023-01-31 04:20:00+00:00,24453.0,Península
2023-01-31 04:25:00+00:00,24351.0,Península
2023-01-31 04:30:00+00:00,24467.0,Península
2023-01-31 04:35:00+00:00,24682.0,Península
2023-01-31 04:40:00+00:00,24778.0,Península
2023-01-31 04:45:00+00:00,24855.0,Península
2023-01-31 04:50:00+00:00,25132.0,Península
2023-01-31 04:55:00+00:00,25302.0,Península
2023-01-31 05:00:00+00:00,25362.0,Península
2023-01-31 05:05:00+00:00,26161.0,Península
2023-01-31 05:10:00+00:00,26549.0,Península
2023-01-31 05:15:00+00:00,26996.0,Península
2023-01-31 05:20:00+00:00,27365.0,Península
2023-01-31 05:25:00+00:00,27537.0,Península
2023-01-31 05:30:00+00:00,27626.0,Península
2023-01-31 05:35:00+00:00,28114.0,Península
2023-01-31 05:40:00+00:00,28504.0,Península
2023-01-31 05:45:00+00:00,28764.0,Península
2023-01-31 05:50:00+00:00,29196.0,Península
2023-01-31 05:55:00+00:00,29221.0,Península
2023-01-31 06:00:00+00:00,29741.0,Península
2023-01-31 06:05:00+00:00,30616.0,Península
2023-01-31 06:10:00+00:00,31176.0,Península
2023-01-31 06:15:00+00:00,31602.0,Península
2023-01-31 06:20:00+00:00,32197.0,Península
2023-01-31 06:25:00+00:00,32353.0,Península
2023-01-31 06:30:00+00:00,32877.0,Península
2023-01-31 06:35:00+00:00,33168.0,Península
2023-01-31 06:40:00+00:00,33443.0,Península
2023-01-31 06:45:00+00:00,33829.0,Península
2023-01-31 06:50:00+00:00,34101.0,Península
2023-01-31 06:55:00+00:00,34341.0,Península
2023-01-31 07:00:00+00:00,34481.0,Península
2023-01-31 07:05:00+00:00,34722.0,Península
2023-01-31 07:10:00+00:00,35164.0,Península
2023-01-31 07:15:00+00:00,35307.0,Península
2023-01-31 07:20:00+00:00,35501.0,Península
2023-01-31 07:25:00+00:00,35701.0,Península
2023-01-31 07:30:00+00:00,35585.0,Península
2023-01-31 07:35:00+00:00,35654.0,Península
2023-01-31 07:40:00+00:00,35593.0,Península
2023-01-31 07:45:00+00:00,35689.0,Península
2023-01-31 07:50:00+00:00,35650.0,Península
2023-01-31 07:55:00+00:00,35634.0,Península
2023-01-31 08:00:00+00:00,35669.0,Península
2023-01-31 08:05:00+00:00,35811.0,Península
2023-01-31 08:10:00+00:00,35870.0,Península
2023-01-31 08:15:00+00:00,35979.0,Península
2023-01-31 08:20:00+00:00,35980.0,Península
2023-01-31 08:25:00+00:00,36092.0,Península
2023-01-31 08:30:00+00:00,35895.0,Península
2023-01-31 08:35:00+00:00,35964.0,Península
2023-01-31 08:40:00+00:00,35955.0,Península
2023-01-31 08:45:00+00:00,35973.0,Península
2023-01-31 08:50:00+00:00,35734.0,Península
2023-01-31 08:55:00+00:00,35731.0,Península
2023-01-31 09:00:00+00:00,35103.0,Península
2023-01-31 09:05:00+00:00,35515.0,Península
2023-01-31 09:10:00+00:00,35336.0,Península
2023-01-31 09:15:00+00:00,35307.0,Península
2023-01-31 09:20:00+00:00,35256.0,Península
2023-01-31 09:25:00+00:00,35412.0,Península
2023-01-31 09:30:00+00:00,35166.0,Península
2023-01-31 09:35:00+00:00,35118.0,Península
2023-01-31 09:40:00+00:00,35085.0,Península
2023-01-31 09:45:00+00:00,35077.0,Península
2023-01-31 09:50:00+00:00,34989.0,Península
2023-01-31 09:55:00+00:00,34830.0,Península
2023-01-31 10:00:00+00:00,34733.0,Península
2023-01-31 10:05:00+00:00,34565.0,Península
2023-01-31 10:10:00+00:00,34585.0,Península
2023-01-31 10:15:00+00:00,34258.0,Península
2023-01-31 10:20:00+00:00,34262.0,Península
2023-01-31 10:25:00+00:00,34318.0,Península
2023-01-31 10:30:00+00:00,34125.0,Península
2023-01-31 10:35:00+00:00,33930.0,Península
2023-01-31 10:40:00+00:00,34044.0,Península
2023-01-31 10:45:00+00:00,33835.0,Península
2023-01-31 10:50:00+00:00,33735.0,Península
2023-01-31 10:55:00+00:00,33765.0,Península
2023-01-31 11:00:00+00:00,33695.0,Península
2023-01-31 11:05:00+00:00,33472.0,Península
2023-01-31 11:10:00+00:00,33393.0,Península
2023-01-31 11:15:00+00:00,33417.0,Península
2023-01-31 11:20:00+00:00,33394.0,Península
2023-01-31 11:25:00+00:00,33267.0,Península
2023-01-31 11:30:00+00:00,33357.0,Península
2023-01-31 11:35:00+00:00,33360.0,Península
2023-01-31 11:40:00+00:00,33308.0,Península
2023-01-31 11:45:00+00:00,33304.0,Península
2023-01-31 11:50:00+00:00,33351.0,Península
2023-01-31 11:55:00+00:00,33355.0,Península
2023-01-31 12:00:00+00:00,33128.0,Península
2023-01-31 12:05:00+00:00,33334.0,Península
2023-01-31 12:10:00+00:00,33299.0,Península
2023-01-31 12:15:00+00:00,33275.0,Península
2023-01-31 12:20:00+00:00,33286.0,Península
2023-01-31 12:25:00+00:00,33198.0,Península
2023-01-31 12:30:00+00:00,33120.0,Península
2023-01-31 12:35:00+00:00,33211.0,Península
2023-01-31 12:40:00+00:00,32978.0,Península
2023-01-31 12:45:00+00:00,32771.0,Península
2023-01-31 12:50:00+00:00,32822.0,Península
2023-01-31 12:55:00+00:00,32659.0,Península
2023-01-31 13:00:00+00:00,32470.0,Península
2023-01-31 13:05:00+00:00,32435.0,Península
2023-01-31 13:10:00+00:00,32449.0,Península
2023-01-31 13:15:00+00:00,32418.0,Península
2023-01-31 13:20:00+00:00,32575.0,Península
2023-01-31 13:25:00+00:00,32608.0,Península
2023-01-31 13:30:00+00:00,32473.0,Península
2023-01-31 13:35:00+00:00,32459.0,Península
2023-01-31 13:40:00+00:00,32400.0,Península
2023-01-31 13:45:00+00:00,32272.0,Península
2023-01-31 13:50:00+00:00,32174.0,Península
2023-01-31 13:55:00+00:00,32092.0,Península
2023-01-31 14:00:00+00:00,32058.0,Península
2023-01-31 14:05:00+00:00,31978.0,Península
2023-01-31 14:10:00+00:00,31835.0,Península
2023-01-31 14:15:00+00:00,31762.0,Península
2023-01-31 14:20:00+00:00,31950.0,Península
2023-01-31 14:25:00+00:00,31989.0,Península
2023-01-31 14:30:00+00:00,31972.0,Península
2023-01-31 14:35:00+00:00,32016.0,Península
2023-01-31 14:40:00+00:00,32111.0,Península
2023-01-31 14:45:00+00:00,31973.0,Península
2023-01-31 14:50:00+00:00,32078.0,Península
2023-01-31 14:55:00+00:00,32182.0,Península
2023-01-31 15:00:00+00:00,32028.0,Península
2023-01-31 15:05:00+00:00,32057.0,Península
2023-01-31 15:10:00+00:00,31837.0,Península
2023-01-31 15:15:00+00:00,32042.0,Península
2023-01-31 15:20:00+00:00,32170.0,Península
2023-01-31 15:25:00+00:00,32003.0,Península
2023-01-31 15:30:00+00:00,32025.0,Península
2023-01-31 15:35:00+00:00,32246.0,Península
2023-01-31 15:40:00+00:00,32034.0,Península
2023-01-31 15:45:00+00:00,32068.0,Península
2023-01-31 15:50:00+00:00,32260.0,Península
2023-01-31 15:55:00+00:00,32273.0,Península
2023-01-31 16:00:00+00:00,32300.0,Península
2023-01-31 16:05:00+00:00,32567.0,Península
2023-01-31 16:10:00+00:00,32340.0,Península
2023-01-31 16:15:00+00:00,32448.0,Península
2023-01-31 16:20:00+00:00,32665.0,Península
2023-01-31 16:25:00+00:00,32673.0,Península
2023-01-31 16:30:00+00:00,32666.0,Península
2023-01-31 16:35:00+00:00,32883.0,Península
2023-01-31 16:40:00+00:00,32807.0,Península
2023-01-31 16:45:00+00:00,33002.0,Península
2023-01-31 16:50:00+00:00,33033.0,Península
2023-01-31 16:55:00+00:00,33146.0,Península
2023-01-31 17:00:00+00:00,33256.0,Península
2023-01-31 17:05:00+00:00,33353.0,Península
2023-01-31 17:10:00+00:00,33495.0,Península
2023-01-31 17:15:00+00:00,33637.0,Península
2023-01-31 17:20:00+00:00,33974.0,Península
2023-01-31 17:25:00+00:00,34130.0,Península
2023-01-31 17:30:00+00:00,34349.0,Península
2023-01-31 17:35:00+00:00,34778.0,Península
2023-01-31 17:40:00+00:00,35143.0,Península
2023-01-31 17:45:00+00:00,35467.0,Península
2023-01-31 17:50:00+00:00,35791.0,Península
2023-01-31 17:55:00+00:00,36019.0,Península
2023-01-31 18:00:00+00:00,36120.0,Península
2023-01-31 18:05:00+00:00,36242.0,Península
2023-01-31 18:10:00+00:00,36425.0,Península
2023-01-31 18:15:00+00:00,36601.0,Península
2023-01-31 18:20:00+00:00,36764.0,Península
2023-01-31 18:25:00+00:00,36832.0,Península
2023-01-31 18:30:00+00:00,36949.0,Península
2023-01-31 18:35:00+00:00,37264.0,Península
2023-01-31 18:40:00+00:00,37327.0,Península
2023-01-31 18:45:00+00:00,37558.0,Península
2023-01-31 18:50:00+00:00,37686.0,Península
2023-01-31 18:55:00+00:00,37837.0,Península
2023-01-31 19:00:00+00:00,37881.0,Península
2023-01-31 19:05:00+00:00,37810.0,Península
2023-01-31 19:10:00+00:00,37971.0,Península
2023-01-31 19:15:00+00:00,38050.0,Península
2023-01-31 19:20:00+00:00,38365.0,Península
2023-01-31 19:25:00+00:00,38261.0,Península
2023-01-31 19:30:00+00:00,38202.0,Península
2023-01-31 19:35:00+00:00,38223.0,Península
2023-01-31 19:40:00+00:00,38299.0,Península
2023-01-31 19:45:00+00:00,38352.0,Península
2023-01-31 19:50:00+00:00,38425.0,Península
2023-01-31 19:55:00+00:00,38291.0,Península
2023-01-31 20:00:00+00:00,37986.0,Península
2023-01-31 20:05:00+00:00,37989.0,Península
2023-01-31 20:10:00+00:00,37964.0,Península
2023-01-31 20:15:00+00:00,38048.0,Península
2023-01-31 20:20:00+00:00,38027.0,Península
2023-01-31 20:25:00+00:00,37716.0,Península
2023-01-31 20:30:00+00:00,37429.0,Península
2023-01-31 20:35:00+00:00,37129.0,Península
2023-01-31 20:40:00+00:00,36785.0,Península
2023-01-31 20:45:00+00:00,36368.0,Península
2023-01-31 20:50:00+00:00,36045.0,Península
2023-01-31 20:55:00+00:00,35800.0,Península
2023-01-31 21:00:00+00:00,35497.0,Península
2023-01-31 21:05:00+00:00,34985.0,Península
2023-01-31 21:10:00+00:00,34972.0,Península
2023-01-31 21:15:00+00:00,34624.0,Península
2023-01-31 21:20:00+00:00,34272.0,Península
2023-01-31 21:25:00+00:00,34045.0,Península
2023-01-31 21:30:00+00:00,33716.0,Península
2023-01-31 21:35:00+00:00,33423.0,Península
2023-01-31 21:40:00+00:00,33001.0,Península
2023-01-31 21:45:00+00:00,32662.0,Península
2023-01-31 21:50:00+00:00,32481.0,Península
2023-01-31 21:55:00+00:00,32039.0,Península
2023-01-31 22:00:00+00:00,31775.0,Península
2023-01-31 22:05:00+00:00,31249.0,Península
2023-01-31 22:10:00+00:00,30960.0,Península
2023-01-31 22:15:00+00:00,30749.0,Península
2023-01-31 22:20:00+00:00,30546.0,Península
2023-01-31 22:25:00+00:00,30182.0,Península
2023-01-31 22:30:00+00:00,29733.0,Península
2023-01-31 22:35:00+00:00,29577.0,Península
2023-01-31 22:40:00+00:00,29305.0,Península
2023-01-31 22:45:00+00:00,29011.0,Península
2023-01-31 22:50:00+00:00,28670.0,Península
2023-01-31 22:55:00+00:00,28578.0,Península
