fecha,valor,geo_name
2022-12-31 23:00:00+00:00,7054.0,Península
2022-12-31 23:05:00+00:00,6702.0,Península
2022-12-31 23:10:00+00:00,6295.0,Península
2022-12-31 23:15:00+00:00,6230.0,Península
2022-12-31 23:20:00+00:00,6129.0,Península
2022-12-31 23:25:00+00:00,6124.0,Península
2022-12-31 23:30:00+00:00,5977.0,Península
2022-12-31 23:35:00+00:00,5960.0,Península
2022-12-31 23:40:00+00:00,5875.0,Península
2022-12-31 23:45:00+00:00,5899.0,Península
2022-12-31 23:50:00+00:00,5618.0,Península
2022-12-31 23:55:00+00:00,5548.0,Península
2023-01-01 00:00:00+00:00,5511.0,Península
2023-01-01 00:05:00+00:00,5471.0,Península
2023-01-01 00:10:00+00:00,5464.0,Península
2023-01-01 00:15:00+00:00,5586.0,Península
2023-01-01 00:20:00+00:00,5891.0,Península
2023-01-01 00:25:00+00:00,6011.0,Península
2023-01-01 00:30:00+00:00,6074.0,Península
2023-01-01 00:35:00+00:00,6165.0,Península
2023-01-01 00:40:00+00:00,5900.0,Península
2023-01-01 00:45:00+00:00,5730.0,Península
2023-01-01 00:50:00+00:00,5507.0,Península
2023-01-01 00:55:00+00:00,5451.0,Península
2023-01-01 01:00:00+00:00,5554.0,Península
2023-01-01 01:05:00+00:00,5591.0,Península
2023-01-01 01:10:00+00:00,5698.0,Península
2023-01-01 01:15:00+00:00,5630.0,Península
2023-01-01 01:20:00+00:00,5587.0,Península
2023-01-01 01:25:00+00:00,5607.0,Península
2023-01-01 01:30:00+00:00,5500.0,Península
2023-01-01 01:35:00+00:00,5587.0,Península
2023-01-01 01:40:00+00:00,5622.0,Península
2023-01-01 01:45:00+00:00,5599.0,Península
2023-01-01 01:50:00+00:00,5370.0,Península
2023-01-01 01:55:00+00:00,5331.0,Península
2023-01-01 02:00:00+00:00,5344.0,Península
2023-01-01 02:05:00+00:00,5776.0,Península
2023-01-01 02:10:00+00:00,5724.0,Península
2023-01-01 02:15:00+00:00,5520.0,Península
2023-01-01 02:20:00+00:00,5290.0,Península
2023-01-01 02:25:00+00:00,5330.0,Península
2023-01-01 02:30:00+00:00,5290.0,Península
2023-01-01 02:35:00+00:00,5295.0,Península
2023-01-01 02:40:00+00:00,5277.0,Península
2023-01-01 02:45:00+00:00,5206.0,Península
2023-01-01 02:50:00+00:00,5198.0,Península
2023-01-01 02:55:00+00:00,5179.0,Península
2023-01-01 03:00:00+00:00,5108.0,Península
2023-01-01 03:05:00+00:00,4964.0,Península
2023-01-01 03:10:00+00:00,4953.0,Península
2023-01-01 03:15:00+00:00,4805.0,Península
2023-01-01 03:20:00+00:00,4505.0,Península
2023-01-01 03:25:00+00:00,4517.0,Península
2023-01-01 03:30:00+00:00,4405.0,Península
2023-01-01 03:35:00+00:00,4466.0,Península
2023-01-01 03:40:00+00:00,4424.0,Península
2023-01-01 03:45:00+00:00,4411.0,Península
2023-01-01 03:50:00+00:00,4418.0,Península
2023-01-01 03:55:00+00:00,4424.0,Península
2023-01-01 04:00:00+00:00,4433.0,Península
2023-01-01 04:05:00+00:00,4417.0,Península
2023-01-01 04:10:00+00:00,4372.0,Península
2023-01-01 04:15:00+00:00,4347.0,Península
2023-01-01 04:20:00+00:00,4395.0,Península
2023-01-01 04:25:00+00:00,4440.0,Península
2023-01-01 04:30:00+00:00,4417.0,Península
2023-01-01 04:35:00+00:00,4457.0,Península
2023-01-01 04:40:00+00:00,4485.0,Península
2023-01-01 04:45:00+00:00,4436.0,Península
2023-01-01 04:50:00+00:00,4430.0,Península
2023-01-01 04:55:00+00:00,4429.0,Península
2023-01-01 05:00:00+00:00,4452.0,Península
2023-01-01 05:05:00+00:00,4382.0,Península
2023-01-01 05:10:00+00:00,4433.0,Península
2023-01-01 05:15:00+00:00,4446.0,Península
2023-01-01 05:20:00+00:00,4517.0,Península
2023-01-01 05:25:00+00:00,4554.0,Península
2023-01-01 05:30:00+00:00,4553.0,Península
2023-01-01 05:35:00+00:00,4557.0,Península
2023-01-01 05:40:00+00:00,4623.0,Península
2023-01-01 05:45:00+00:00,4645.0,Península
2023-01-01 05:50:00+00:00,4636.0,Península
2023-01-01 05:55:00+00:00,4664.0,Península
2023-01-01 06:00:00+00:00,4638.0,Península
2023-01-01 06:05:00+00:00,4776.0,Península
2023-01-01 06:10:00+00:00,4741.0,Península
2023-01-01 06:15:00+00:00,4733.0,Península
2023-01-01 06:20:00+00:00,4885.0,Península
2023-01-01 06:25:00+00:00,5000.0,Península
2023-01-01 06:30:00+00:00,4962.0,Península
2023-01-01 06:35:00+00:00,4934.0,Península
2023-01-01 06:40:00+00:00,4808.0,Península
2023-01-01 06:45:00+00:00,4798.0,Península
2023-01-01 06:50:00+00:00,4816.0,Península
2023-01-01 06:55:00+00:00,4812.0,Península
2023-01-01 07:00:00+00:00,4769.0,Península
2023-01-01 07:05:00+00:00,4719.0,Península
2023-01-01 07:10:00+00:00,4661.0,Península
2023-01-01 07:15:00+00:00,4570.0,Península
2023-01-01 07:20:00+00:00,4344.0,Península
2023-01-01 07:25:00+00:00,4157.0,Península
2023-01-01 07:30:00+00:00,4189.0,Península
2023-01-01 07:35:00+00:00,4070.0,Península
2023-01-01 07:40:00+00:00,4041.0,Península
2023-01-01 07:45:00+00:00,4070.0,Península
2023-01-01 07:50:00+00:00,4025.0,Península
2023-01-01 07:55:00+00:00,4043.0,Península
2023-01-01 08:00:00+00:00,4065.0,Península
2023-01-01 08:05:00+00:00,4204.0,Península
2023-01-01 08:10:00+00:00,4133.0,Península
2023-01-01 08:15:00+00:00,4109.0,Península
2023-01-01 08:20:00+00:00,4119.0,Península
2023-01-01 08:25:00+00:00,4154.0,Península
2023-01-01 08:30:00+00:00,4145.0,Península
2023-01-01 08:35:00+00:00,4199.0,Península
2023-01-01 08:40:00+00:00,4158.0,Península
2023-01-01 08:45:00+00:00,4155.0,Península
2023-01-01 08:50:00+00:00,4265.0,Península
2023-01-01 08:55:00+00:00,4353.0,Península
2023-01-01 09:00:00+00:00,4389.0,Península
2023-01-01 09:05:00+00:00,4706.0,Península
2023-01-01 09:10:00+00:00,4879.0,Península
2023-01-01 09:15:00+00:00,5027.0,Península
2023-01-01 09:20:00+00:00,4933.0,Península
2023-01-01 09:25:00+00:00,4969.0,Península
2023-01-01 09:30:00+00:00,5325.0,Península
2023-01-01 09:35:00+00:00,5636.0,Península
2023-01-01 09:40:00+00:00,5606.0,Península
2023-01-01 09:45:00+00:00,5562.0,Península
2023-01-01 09:50:00+00:00,5408.0,Península
2023-01-01 09:55:00+00:00,5401.0,Península
2023-01-01 10:00:00+00:00,5394.0,Península
2023-01-01 10:05:00+00:00,5712.0,Península
2023-01-01 10:10:00+00:00,5835.0,Península
2023-01-01 10:15:00+00:00,5738.0,Península
2023-01-01 10:20:00+00:00,5874.0,Península
2023-01-01 10:25:00+00:00,5891.0,Península
2023-01-01 10:30:00+00:00,5829.0,Península
2023-01-01 10:35:00+00:00,5851.0,Península
2023-01-01 10:40:00+00:00,5833.0,Península
2023-01-01 10:45:00+00:00,5782.0,Península
2023-01-01 10:50:00+00:00,5786.0,Península
2023-01-01 10:55:00+00:00,5734.0,Península
2023-01-01 11:00:00+00:00,5844.0,Península
2023-01-01 11:05:00+00:00,6195.0,Península
2023-01-01 11:10:00+00:00,6417.0,Península
2023-01-01 11:15:00+00:00,6434.0,Península
2023-01-01 11:20:00+00:00,6473.0,Península
2023-01-01 11:25:00+00:00,6381.0,Península
2023-01-01 11:30:00+00:00,6127.0,Península
2023-01-01 11:35:00+00:00,5882.0,Península
2023-01-01 11:40:00+00:00,5844.0,Península
2023-01-01 11:45:00+00:00,5864.0,Península
2023-01-01 11:50:00+00:00,5901.0,Península
2023-01-01 11:55:00+00:00,5968.0,Península
2023-01-01 12:00:00+00:00,6029.0,Península
2023-01-01 12:05:00+00:00,6242.0,Península
2023-01-01 12:10:00+00:00,6513.0,Península
2023-01-01 12:15:00+00:00,6595.0,Península
2023-01-01 12:20:00+00:00,6199.0,Península
2023-01-01 12:25:00+00:00,6168.0,Península
2023-01-01 12:30:00+00:00,6165.0,Península
2023-01-01 12:35:00+00:00,5805.0,Península
2023-01-01 12:40:00+00:00,5727.0,Península
2023-01-01 12:45:00+00:00,5635.0,Península
2023-01-01 12:50:00+00:00,5871.0,Península
2023-01-01 12:55:00+00:00,5975.0,Península
2023-01-01 13:00:00+00:00,5993.0,Península
2023-01-01 13:05:00+00:00,6252.0,Península
2023-01-01 13:10:00+00:00,6316.0,Península
2023-01-01 13:15:00+00:00,6179.0,Península
2023-01-01 13:20:00+00:00,6153.0,Península
2023-01-01 13:25:00+00:00,6171.0,Península
2023-01-01 13:30:00+00:00,6060.0,Península
2023-01-01 13:35:00+00:00,5918.0,Península
2023-01-01 13:40:00+00:00,5878.0,Península
2023-01-01 13:45:00+00:00,5814.0,Península
2023-01-01 13:50:00+00:00,5871.0,Península
2023-01-01 13:55:00+00:00,5858.0,Península
2023-01-01 14:00:00+00:00,5850.0,Península
2023-01-01 14:05:00+00:00,5975.0,Península
2023-01-01 14:10:00+00:00,6095.0,Península
2023-01-01 14:15:00+00:00,6080.0,Península
2023-01-01 14:20:00+00:00,5919.0,Península
2023-01-01 14:25:00+00:00,5878.0,Península
2023-01-01 14:30:00+00:00,5828.0,Península
2023-01-01 14:35:00+00:00,5604.0,Península
2023-01-01 14:40:00+00:00,5450.0,Península
2023-01-01 14:45:00+00:00,5383.0,Península
2023-01-01 14:50:00+00:00,5613.0,Península
2023-01-01 14:55:00+00:00,5657.0,Península
2023-01-01 15:00:00+00:00,5284.0,Península
2023-01-01 15:05:00+00:00,5620.0,Península
2023-01-01 15:10:00+00:00,5757.0,Península
2023-01-01 15:15:00+00:00,5860.0,Península
2023-01-01 15:20:00+00:00,5848.0,Península
2023-01-01 15:25:00+00:00,5874.0,Península
2023-01-01 15:30:00+00:00,5946.0,Península
2023-01-01 15:35:00+00:00,6218.0,Península
2023-01-01 15:40:00+00:00,6245.0,Península
2023-01-01 15:45:00+00:00,6260.0,Península
2023-01-01 15:50:00+00:00,6303.0,Península
2023-01-01 15:55:00+00:00,6429.0,Península
2023-01-01 16:00:00+00:00,6495.0,Península
2023-01-01 16:05:00+00:00,6454.0,Península
2023-01-01 16:10:00+00:00,6599.0,Península
2023-01-01 16:15:00+00:00,6807.0,Península
2023-01-01 16:20:00+00:00,7469.0,Península
2023-01-01 16:25:00+00:00,7721.0,Península
2023-01-01 16:30:00+00:00,7827.0,Península
2023-01-01 16:35:00+00:00,8049.0,Península
2023-01-01 16:40:00+00:00,8113.0,Península
2023-01-01 16:45:00+00:00,8404.0,Península
2023-01-01 16:50:00+00:00,8525.0,Península
2023-01-01 16:55:00+00:00,8634.0,Península
2023-01-01 17:00:00+00:00,9125.0,Península
2023-01-01 17:05:00+00:00,9717.0,Península
2023-01-01 17:10:00+00:00,9904.0,Península
2023-01-01 17:15:00+00:00,10064.0,Península
2023-01-01 17:20:00+00:00,10314.0,Península
2023-01-01 17:25:00+00:00,10388.0,Península
2023-01-01 17:30:00+00:00,10497.0,Península
2023-01-01 17:35:00+00:00,10560.0,Península
2023-01-01 17:40:00+00:00,10546.0,Península
2023-01-01 17:45:00+00:00,10478.0,Península
2023-01-01 17:50:00+00:00,10539.0,Península
2023-01-01 17:55:00+00:00,10445.0,Península
2023-01-01 18:00:00+00:00,10444.0,Península
2023-01-01 18:05:00+00:00,10445.0,Península
2023-01-01 18:10:00+00:00,10431.0,Península
2023-01-01 18:15:00+00:00,10480.0,Península
2023-01-01 18:20:00+00:00,10515.0,Península
2023-01-01 18:25:00+00:00,10542.0,Península
2023-01-01 18:30:00+00:00,10582.0,Península
2023-01-01 18:35:00+00:00,10578.0,Península
2023-01-01 18:40:00+00:00,10570.0,Península
2023-01-01 18:45:00+00:00,10627.0,Península
2023-01-01 18:50:00+00:00,10585.0,Península
2023-01-01 18:55:00+00:00,10565.0,Península
2023-01-01 19:00:00+00:00,10599.0,Península
2023-01-01 19:05:00+00:00,10633.0,Península
2023-01-01 19:10:00+00:00,10645.0,Península
2023-01-01 19:15:00+00:00,10629.0,Península
2023-01-01 19:20:00+00:00,10583.0,Península
2023-01-01 19:25:00+00:00,10636.0,Península
2023-01-01 19:30:00+00:00,10675.0,Península
2023-01-01 19:35:00+00:00,10652.0,Península
2023-01-01 19:40:00+00:00,10587.0,Península
2023-01-01 19:45:00+00:00,10567.0,Península
2023-01-01 19:50:00+00:00,10504.0,Península
2023-01-01 19:55:00+00:00,10433.0,Península
2023-01-01 20:00:00+00:00,10431.0,Península
2023-01-01 20:05:00+00:00,10414.0,Península
2023-01-01 20:10:00+00:00,10342.0,Península
2023-01-01 20:15:00+00:00,10348.0,Península
2023-01-01 20:20:00+00:00,10302.0,Península
2023-01-01 20:25:00+00:00,10314.0,Península
2023-01-01 20:30:00+00:00,10368.0,Península
2023-01-01 20:35:00+00:00,10421.0,Península
2023-01-01 20:40:00+00:00,10518.0,Península
2023-01-01 20:45:00+00:00,10492.0,Península
2023-01-01 20:50:00+00:00,10569.0,Península
2023-01-01 20:55:00+00:00,10616.0,Península
2023-01-01 21:00:00+00:00,10671.0,Península
2023-01-01 21:05:00+00:00,10754.0,Península
2023-01-01 21:10:00+00:00,10782.0,Península
2023-01-01 21:15:00+00:00,10751.0,Península
2023-01-01 21:20:00+00:00,10739.0,Península
2023-01-01 21:25:00+00:00,10737.0,Península
2023-01-01 21:30:00+00:00,10740.0,Península
2023-01-01 21:35:00+00:00,10731.0,Península
2023-01-01 21:40:00+00:00,10894.0,Península
2023-01-01 21:45:00+00:00,10899.0,Península
2023-01-01 21:50:00+00:00,11030.0,Península
2023-01-01 21:55:00+00:00,11048.0,Península
2023-01-01 22:00:00+00:00,11093.0,Península
2023-01-01 22:05:00+00:00,11076.0,Península
2023-01-01 22:10:00+00:00,11093.0,Península
2023-01-01 22:15:00+00:00,11097.0,Península
2023-01-01 22:20:00+00:00,11133.0,Península
2023-01-01 22:25:00+00:00,11222.0,Península
2023-01-01 22:30:00+00:00,10761.0,Península
2023-01-01 22:35:00+00:00,10714.0,Península
2023-01-01 22:40:00+00:00,10347.0,Península
2023-01-01 22:45:00+00:00,10218.0,Península
2023-01-01 22:50:00+00:00,10205.0,Península
2023-01-01 22:55:00+00:00,10135.0,Península
2023-01-01 23:00:00+00:00,10185.0,Península
2023-01-01 23:05:00+00:00,10415.0,Península
2023-01-01 23:10:00+00:00,10624.0,Península
2023-01-01 23:15:00+00:00,11035.0,Península
2023-01-01 23:20:00+00:00,11230.0,Península
2023-01-01 23:25:00+00:00,11254.0,Península
2023-01-01 23:30:00+00:00,11142.0,Península
2023-01-01 23:35:00+00:00,11144.0,Península
2023-01-01 23:40:00+00:00,11118.0,Península
2023-01-01 23:45:00+00:00,11196.0,Península
2023-01-01 23:50:00+00:00,11176.0,Península
2023-01-01 23:55:00+00:00,11192.0,Península
2023-01-02 00:00:00+00:00,11159.0,Península
2023-01-02 00:05:00+00:00,11156.0,Península
2023-01-02 00:10:00+00:00,11104.0,Península
2023-01-02 00:15:00+00:00,11011.0,Península
2023-01-02 00:20:00+00:00,11004.0,Península
2023-01-02 00:25:00+00:00,10963.0,Península
2023-01-02 00:30:00+00:00,10890.0,Península
2023-01-02 00:35:00+00:00,10819.0,Península
2023-01-02 00:40:00+00:00,10620.0,Península
2023-01-02 00:45:00+00:00,10464.0,Península
2023-01-02 00:50:00+00:00,10329.0,Península
2023-01-02 00:55:00+00:00,10259.0,Península
2023-01-02 01:00:00+00:00,10093.0,Península
2023-01-02 01:05:00+00:00,9953.0,Península
2023-01-02 01:10:00+00:00,9718.0,Península
2023-01-02 01:15:00+00:00,9477.0,Península
2023-01-02 01:20:00+00:00,9368.0,Península
2023-01-02 01:25:00+00:00,9293.0,Península
2023-01-02 01:30:00+00:00,9162.0,Península
2023-01-02 01:35:00+00:00,9072.0,Península
2023-01-02 01:40:00+00:00,8962.0,Península
2023-01-02 01:45:00+00:00,8878.0,Península
2023-01-02 01:50:00+00:00,8792.0,Península
2023-01-02 01:55:00+00:00,8668.0,Península
2023-01-02 02:00:00+00:00,8517.0,Península
2023-01-02 02:05:00+00:00,8455.0,Península
2023-01-02 02:10:00+00:00,8362.0,Península
2023-01-02 02:15:00+00:00,8265.0,Península
2023-01-02 02:20:00+00:00,8268.0,Península
2023-01-02 02:25:00+00:00,8214.0,Península
2023-01-02 02:30:00+00:00,8198.0,Península
2023-01-02 02:35:00+00:00,8138.0,Península
2023-01-02 02:40:00+00:00,8058.0,Península
2023-01-02 02:45:00+00:00,8007.0,Península
2023-01-02 02:50:00+00:00,7945.0,Península
2023-01-02 02:55:00+00:00,7834.0,Península
2023-01-02 03:00:00+00:00,7792.0,Península
2023-01-02 03:05:00+00:00,7726.0,Península
2023-01-02 03:10:00+00:00,7660.0,Península
2023-01-02 03:15:00+00:00,7530.0,Península
2023-01-02 03:20:00+00:00,7455.0,Península
2023-01-02 03:25:00+00:00,7342.0,Península
2023-01-02 03:30:00+00:00,7295.0,Península
2023-01-02 03:35:00+00:00,7307.0,Península
2023-01-02 03:40:00+00:00,7171.0,Península
2023-01-02 03:45:00+00:00,7073.0,Península
2023-01-02 03:50:00+00:00,7025.0,Península
2023-01-02 03:55:00+00:00,6976.0,Península
2023-01-02 04:00:00+00:00,6907.0,Península
2023-01-02 04:05:00+00:00,6808.0,Península
2023-01-02 04:10:00+00:00,6681.0,Península
2023-01-02 04:15:00+00:00,6483.0,Península
2023-01-02 04:20:00+00:00,6328.0,Península
2023-01-02 04:25:00+00:00,6142.0,Península
2023-01-02 04:30:00+00:00,6003.0,Península
2023-01-02 04:35:00+00:00,5818.0,Península
2023-01-02 04:40:00+00:00,5765.0,Península
2023-01-02 04:45:00+00:00,5722.0,Península
2023-01-02 04:50:00+00:00,5641.0,Península
2023-01-02 04:55:00+00:00,5654.0,Península
2023-01-02 05:00:00+00:00,5630.0,Península
2023-01-02 05:05:00+00:00,5637.0,Península
2023-01-02 05:10:00+00:00,5610.0,Península
2023-01-02 05:15:00+00:00,5525.0,Península
2023-01-02 05:20:00+00:00,5477.0,Península
2023-01-02 05:25:00+00:00,5437.0,Península
2023-01-02 05:30:00+00:00,5395.0,Península
2023-01-02 05:35:00+00:00,5321.0,Península
2023-01-02 05:40:00+00:00,5215.0,Península
2023-01-02 05:45:00+00:00,5083.0,Península
2023-01-02 05:50:00+00:00,4984.0,Península
2023-01-02 05:55:00+00:00,4893.0,Península
2023-01-02 06:00:00+00:00,4856.0,Península
2023-01-02 06:05:00+00:00,4805.0,Península
2023-01-02 06:10:00+00:00,4785.0,Península
2023-01-02 06:15:00+00:00,4746.0,Península
2023-01-02 06:20:00+00:00,4682.0,Península
2023-01-02 06:25:00+00:00,4622.0,Península
2023-01-02 06:30:00+00:00,4560.0,Península
2023-01-02 06:35:00+00:00,4507.0,Península
2023-01-02 06:40:00+00:00,4418.0,Península
2023-01-02 06:45:00+00:00,4357.0,Península
2023-01-02 06:50:00+00:00,4273.0,Península
2023-01-02 06:55:00+00:00,4202.0,Península
2023-01-02 07:00:00+00:00,4198.0,Península
2023-01-02 07:05:00+00:00,4177.0,Península
2023-01-02 07:10:00+00:00,4161.0,Península
2023-01-02 07:15:00+00:00,4176.0,Península
2023-01-02 07:20:00+00:00,4170.0,Península
2023-01-02 07:25:00+00:00,4136.0,Península
2023-01-02 07:30:00+00:00,4159.0,Península
2023-01-02 07:35:00+00:00,4109.0,Península
2023-01-02 07:40:00+00:00,4014.0,Península
2023-01-02 07:45:00+00:00,3989.0,Península
2023-01-02 07:50:00+00:00,3926.0,Península
2023-01-02 07:55:00+00:00,3861.0,Península
2023-01-02 08:00:00+00:00,3761.0,Península
2023-01-02 08:05:00+00:00,3715.0,Península
2023-01-02 08:10:00+00:00,3625.0,Península
2023-01-02 08:15:00+00:00,3597.0,Península
2023-01-02 08:20:00+00:00,3505.0,Península
2023-01-02 08:25:00+00:00,3424.0,Península
2023-01-02 08:30:00+00:00,3336.0,Península
2023-01-02 08:35:00+00:00,3221.0,Península
2023-01-02 08:40:00+00:00,3132.0,Península
2023-01-02 08:45:00+00:00,3045.0,Península
2023-01-02 08:50:00+00:00,2950.0,Península
2023-01-02 08:55:00+00:00,2889.0,Península
2023-01-02 09:00:00+00:00,2862.0,Península
2023-01-02 09:05:00+00:00,2821.0,Península
2023-01-02 09:10:00+00:00,2781.0,Península
2023-01-02 09:15:00+00:00,2747.0,Península
2023-01-02 09:20:00+00:00,2701.0,Península
2023-01-02 09:25:00+00:00,2655.0,Península
2023-01-02 09:30:00+00:00,2637.0,Península
2023-01-02 09:35:00+00:00,2584.0,Península
2023-01-02 09:40:00+00:00,2521.0,Península
2023-01-02 09:45:00+00:00,2460.0,Península
2023-01-02 09:50:00+00:00,2362.0,Península
2023-01-02 09:55:00+00:00,2280.0,Península
2023-01-02 10:00:00+00:00,2214.0,Península
2023-01-02 10:05:00+00:00,2145.0,Península
2023-01-02 10:10:00+00:00,2106.0,Península
2023-01-02 10:15:00+00:00,2041.0,Península
2023-01-02 10:20:00+00:00,1993.0,Península
2023-01-02 10:25:00+00:00,1945.0,Península
2023-01-02 10:30:00+00:00,1921.0,Península
2023-01-02 10:35:00+00:00,1928.0,Península
2023-01-02 10:40:00+00:00,1905.0,Península
2023-01-02 10:45:00+00:00,1883.0,Península
2023-01-02 10:50:00+00:00,1853.0,Península
2023-01-02 10:55:00+00:00,1818.0,Península
2023-01-02 11:00:00+00:00,1810.0,Península
2023-01-02 11:05:00+00:00,1807.0,Península
2023-01-02 11:10:00+00:00,1818.0,Península
2023-01-02 11:15:00+00:00,1822.0,Península
2023-01-02 11:20:00+00:00,1797.0,Península
2023-01-02 11:25:00+00:00,1776.0,Península
2023-01-02 11:30:00+00:00,1739.0,Península
2023-01-02 11:35:00+00:00,1716.0,Península
2023-01-02 11:40:00+00:00,1709.0,Península
2023-01-02 11:45:00+00:00,1672.0,Península
2023-01-02 11:50:00+00:00,1678.0,Península
2023-01-02 11:55:00+00:00,1643.0,Península
2023-01-02 12:00:00+00:00,1656.0,Península
2023-01-02 12:05:00+00:00,1691.0,Península
2023-01-02 12:10:00+00:00,1656.0,Península
2023-01-02 12:15:00+00:00,1666.0,Península
2023-01-02 12:20:00+00:00,1661.0,Península
2023-01-02 12:25:00+00:00,1628.0,Península
2023-01-02 12:30:00+00:00,1595.0,Península
2023-01-02 12:35:00+00:00,1557.0,Península
2023-01-02 12:40:00+00:00,1528.0,Península
2023-01-02 12:45:00+00:00,1543.0,Península
2023-01-02 12:50:00+00:00,1525.0,Península
2023-01-02 12:55:00+00:00,1484.0,Península
2023-01-02 13:00:00+00:00,1492.0,Península
2023-01-02 13:05:00+00:00,1517.0,Península
2023-01-02 13:10:00+00:00,1522.0,Península
2023-01-02 13:15:00+00:00,1514.0,Península
2023-01-02 13:20:00+00:00,1517.0,Península
2023-01-02 13:25:00+00:00,1501.0,Península
2023-01-02 13:30:00+00:00,1490.0,Península
2023-01-02 13:35:00+00:00,1488.0,Península
2023-01-02 13:40:00+00:00,1486.0,Península
2023-01-02 13:45:00+00:00,1467.0,Península
2023-01-02 13:50:00+00:00,1476.0,Península
2023-01-02 13:55:00+00:00,1448.0,Península
2023-01-02 14:00:00+00:00,1448.0,Península
2023-01-02 14:05:00+00:00,1426.0,Península
2023-01-02 14:10:00+00:00,1406.0,Península
2023-01-02 14:15:00+00:00,1417.0,Península
2023-01-02 14:20:00+00:00,1443.0,Península
2023-01-02 14:25:00+00:00,1431.0,Península
2023-01-02 14:30:00+00:00,1447.0,Península
2023-01-02 14:35:00+00:00,1442.0,Península
2023-01-02 14:40:00+00:00,1464.0,Península
2023-01-02 14:45:00+00:00,1461.0,Península
2023-01-02 14:50:00+00:00,1458.0,Península
2023-01-02 14:55:00+00:00,1456.0,Península
2023-01-02 15:00:00+00:00,1473.0,Península
2023-01-02 15:05:00+00:00,1475.0,Península
2023-01-02 15:10:00+00:00,1489.0,Península
2023-01-02 15:15:00+00:00,1521.0,Península
2023-01-02 15:20:00+00:00,1572.0,Península
2023-01-02 15:25:00+00:00,1584.0,Península
2023-01-02 15:30:00+00:00,1586.0,Península
2023-01-02 15:35:00+00:00,1565.0,Península
2023-01-02 15:40:00+00:00,1554.0,Península
2023-01-02 15:45:00+00:00,1558.0,Península
2023-01-02 15:50:00+00:00,1550.0,Península
2023-01-02 15:55:00+00:00,1558.0,Península
2023-01-02 16:00:00+00:00,1568.0,Península
2023-01-02 16:05:00+00:00,1590.0,Península
2023-01-02 16:10:00+00:00,1593.0,Península
2023-01-02 16:15:00+00:00,1622.0,Península
2023-01-02 16:20:00+00:00,1656.0,Península
2023-01-02 16:25:00+00:00,1665.0,Península
2023-01-02 16:30:00+00:00,1634.0,Península
2023-01-02 16:35:00+00:00,1643.0,Península
2023-01-02 16:40:00+00:00,1665.0,Península
2023-01-02 16:45:00+00:00,1720.0,Península
2023-01-02 16:50:00+00:00,1745.0,Península
2023-01-02 16:55:00+00:00,1776.0,Península
2023-01-02 17:00:00+00:00,1823.0,Península
2023-01-02 17:05:00+00:00,1881.0,Península
2023-01-02 17:10:00+00:00,1930.0,Península
2023-01-02 17:15:00+00:00,1975.0,Península
2023-01-02 17:20:00+00:00,1996.0,Península
2023-01-02 17:25:00+00:00,2021.0,Península
2023-01-02 17:30:00+00:00,2059.0,Península
2023-01-02 17:35:00+00:00,2094.0,Península
2023-01-02 17:40:00+00:00,2156.0,Península
2023-01-02 17:45:00+00:00,2198.0,Península
2023-01-02 17:50:00+00:00,2272.0,Península
2023-01-02 17:55:00+00:00,2327.0,Península
2023-01-02 18:00:00+00:00,2350.0,Península
2023-01-02 18:05:00+00:00,2336.0,Península
2023-01-02 18:10:00+00:00,2344.0,Península
2023-01-02 18:15:00+00:00,2387.0,Península
2023-01-02 18:20:00+00:00,2449.0,Península
2023-01-02 18:25:00+00:00,2469.0,Península
2023-01-02 18:30:00+00:00,2473.0,Península
2023-01-02 18:35:00+00:00,2516.0,Península
2023-01-02 18:40:00+00:00,2558.0,Península
2023-01-02 18:45:00+00:00,2583.0,Península
2023-01-02 18:50:00+00:00,2629.0,Península
2023-01-02 18:55:00+00:00,2645.0,Península
2023-01-02 19:00:00+00:00,2684.0,Península
2023-01-02 19:05:00+00:00,2716.0,Península
2023-01-02 19:10:00+00:00,2754.0,Península
2023-01-02 19:15:00+00:00,2753.0,Península
2023-01-02 19:20:00+00:00,2754.0,Península
2023-01-02 19:25:00+00:00,2774.0,Península
2023-01-02 19:30:00+00:00,2805.0,Península
2023-01-02 19:35:00+00:00,2814.0,Península
2023-01-02 19:40:00+00:00,2797.0,Península
2023-01-02 19:45:00+00:00,2822.0,Península
2023-01-02 19:50:00+00:00,2881.0,Península
2023-01-02 19:55:00+00:00,2942.0,Península
2023-01-02 20:00:00+00:00,2923.0,Península
2023-01-02 20:05:00+00:00,2938.0,Península
2023-01-02 20:10:00+00:00,2979.0,Península
2023-01-02 20:15:00+00:00,3031.0,Península
2023-01-02 20:20:00+00:00,3040.0,Península
2023-01-02 20:25:00+00:00,3063.0,Península
2023-01-02 20:30:00+00:00,3103.0,Península
2023-01-02 20:35:00+00:00,3094.0,Península
2023-01-02 20:40:00+00:00,3068.0,Península
2023-01-02 20:45:00+00:00,3020.0,Península
2023-01-02 20:50:00+00:00,2983.0,Península
2023-01-02 20:55:00+00:00,2995.0,Península
2023-01-02 21:00:00+00:00,3009.0,Península
2023-01-02 21:05:00+00:00,3012.0,Península
2023-01-02 21:10:00+00:00,3013.0,Península
2023-01-02 21:15:00+00:00,3033.0,Península
2023-01-02 21:20:00+00:00,3079.0,Península
2023-01-02 21:25:00+00:00,3083.0,Península
2023-01-02 21:30:00+00:00,3127.0,Península
2023-01-02 21:35:00+00:00,3129.0,Península
2023-01-02 21:40:00+00:00,3095.0,Península
2023-01-02 21:45:00+00:00,3075.0,Península
2023-01-02 21:50:00+00:00,3037.0,Península
2023-01-02 21:55:00+00:00,3008.0,Península
2023-01-02 22:00:00+00:00,2982.0,Península
2023-01-02 22:05:00+00:00,2953.0,Península
2023-01-02 22:10:00+00:00,2990.0,Península
2023-01-02 22:15:00+00:00,2992.0,Península
2023-01-02 22:20:00+00:00,3003.0,Península
2023-01-02 22:25:00+00:00,3005.0,Península
2023-01-02 22:30:00+00:00,3006.0,Península
2023-01-02 22:35:00+00:00,2970.0,Península
2023-01-02 22:40:00+00:00,2958.0,Península
2023-01-02 22:45:00+00:00,2982.0,Península
2023-01-02 22:50:00+00:00,2973.0,Península
2023-01-02 22:55:00+00:00,2998.0,Península
2023-01-02 23:00:00+00:00,2995.0,Península
2023-01-02 23:05:00+00:00,3038.0,Península
2023-01-02 23:10:00+00:00,3080.0,Península
2023-01-02 23:15:00+00:00,3127.0,Península
2023-01-02 23:20:00+00:00,3160.0,Península
2023-01-02 23:25:00+00:00,3169.0,Península
2023-01-02 23:30:00+00:00,3223.0,Península
2023-01-02 23:35:00+00:00,3269.0,Península
2023-01-02 23:40:00+00:00,3342.0,Península
2023-01-02 23:45:00+00:00,3405.0,Península
2023-01-02 23:50:00+00:00,3473.0,Península
2023-01-02 23:55:00+00:00,3507.0,Península
2023-01-03 00:00:00+00:00,3507.0,Península
2023-01-03 00:05:00+00:00,3487.0,Península
2023-01-03 00:10:00+00:00,3480.0,Península
2023-01-03 00:15:00+00:00,3469.0,Península
2023-01-03 00:20:00+00:00,3479.0,Península
2023-01-03 00:25:00+00:00,3470.0,Península
2023-01-03 00:30:00+00:00,3473.0,Península
2023-01-03 00:35:00+00:00,3502.0,Península
2023-01-03 00:40:00+00:00,3503.0,Península
2023-01-03 00:45:00+00:00,3500.0,Península
2023-01-03 00:50:00+00:00,3499.0,Península
2023-01-03 00:55:00+00:00,3494.0,Península
2023-01-03 01:00:00+00:00,3485.0,Península
2023-01-03 01:05:00+00:00,3516.0,Península
2023-01-03 01:10:00+00:00,3518.0,Península
2023-01-03 01:15:00+00:00,3521.0,Península
2023-01-03 01:20:00+00:00,3531.0,Península
2023-01-03 01:25:00+00:00,3513.0,Península
2023-01-03 01:30:00+00:00,3486.0,Península
2023-01-03 01:35:00+00:00,3470.0,Península
2023-01-03 01:40:00+00:00,3462.0,Península
2023-01-03 01:45:00+00:00,3444.0,Península
2023-01-03 01:50:00+00:00,3459.0,Península
2023-01-03 01:55:00+00:00,3439.0,Península
2023-01-03 02:00:00+00:00,3375.0,Península
2023-01-03 02:05:00+00:00,3366.0,Península
2023-01-03 02:10:00+00:00,3324.0,Península
2023-01-03 02:15:00+00:00,3292.0,Península
2023-01-03 02:20:00+00:00,3311.0,Península
2023-01-03 02:25:00+00:00,3334.0,Península
2023-01-03 02:30:00+00:00,3362.0,Península
2023-01-03 02:35:00+00:00,3344.0,Península
2023-01-03 02:40:00+00:00,3365.0,Península
2023-01-03 02:45:00+00:00,3353.0,Península
2023-01-03 02:50:00+00:00,3343.0,Península
2023-01-03 02:55:00+00:00,3363.0,Península
2023-01-03 03:00:00+00:00,3393.0,Península
2023-01-03 03:05:00+00:00,3426.0,Península
2023-01-03 03:10:00+00:00,3452.0,Península
2023-01-03 03:15:00+00:00,3478.0,Península
2023-01-03 03:20:00+00:00,3510.0,Península
2023-01-03 03:25:00+00:00,3519.0,Península
2023-01-03 03:30:00+00:00,3549.0,Península
2023-01-03 03:35:00+00:00,3554.0,Península
2023-01-03 03:40:00+00:00,3582.0,Península
2023-01-03 03:45:00+00:00,3604.0,Península
2023-01-03 03:50:00+00:00,3622.0,Península
2023-01-03 03:55:00+00:00,3606.0,Península
2023-01-03 04:00:00+00:00,3585.0,Península
2023-01-03 04:05:00+00:00,3573.0,Península
2023-01-03 04:10:00+00:00,3597.0,Península
2023-01-03 04:15:00+00:00,3622.0,Península
2023-01-03 04:20:00+00:00,3633.0,Península
2023-01-03 04:25:00+00:00,3623.0,Península
2023-01-03 04:30:00+00:00,3597.0,Península
2023-01-03 04:35:00+00:00,3558.0,Península
2023-01-03 04:40:00+00:00,3560.0,Península
2023-01-03 04:45:00+00:00,3578.0,Península
2023-01-03 04:50:00+00:00,3575.0,Península
2023-01-03 04:55:00+00:00,3581.0,Península
2023-01-03 05:00:00+00:00,3566.0,Península
2023-01-03 05:05:00+00:00,3567.0,Península
2023-01-03 05:10:00+00:00,3600.0,Península
2023-01-03 05:15:00+00:00,3597.0,Península
2023-01-03 05:20:00+00:00,3588.0,Península
2023-01-03 05:25:00+00:00,3581.0,Península
2023-01-03 05:30:00+00:00,3586.0,Península
2023-01-03 05:35:00+00:00,3593.0,Península
2023-01-03 05:40:00+00:00,3611.0,Península
2023-01-03 05:45:00+00:00,3622.0,Península
2023-01-03 05:50:00+00:00,3655.0,Península
2023-01-03 05:55:00+00:00,3667.0,Península
2023-01-03 06:00:00+00:00,3682.0,Península
2023-01-03 06:05:00+00:00,3733.0,Península
2023-01-03 06:10:00+00:00,3745.0,Península
2023-01-03 06:15:00+00:00,3771.0,Península
2023-01-03 06:20:00+00:00,3778.0,Península
2023-01-03 06:25:00+00:00,3802.0,Península
2023-01-03 06:30:00+00:00,3825.0,Península
2023-01-03 06:35:00+00:00,3859.0,Península
2023-01-03 06:40:00+00:00,3872.0,Península
2023-01-03 06:45:00+00:00,3918.0,Península
2023-01-03 06:50:00+00:00,3918.0,Península
2023-01-03 06:55:00+00:00,3912.0,Península
2023-01-03 07:00:00+00:00,3899.0,Península
2023-01-03 07:05:00+00:00,3924.0,Península
2023-01-03 07:10:00+00:00,3947.0,Península
2023-01-03 07:15:00+00:00,3914.0,Península
2023-01-03 07:20:00+00:00,3846.0,Península
2023-01-03 07:25:00+00:00,3777.0,Península
2023-01-03 07:30:00+00:00,3757.0,Península
2023-01-03 07:35:00+00:00,3727.0,Península
2023-01-03 07:40:00+00:00,3712.0,Península
2023-01-03 07:45:00+00:00,3684.0,Península
2023-01-03 07:50:00+00:00,3637.0,Península
2023-01-03 07:55:00+00:00,3603.0,Península
2023-01-03 08:00:00+00:00,3546.0,Península
2023-01-03 08:05:00+00:00,3489.0,Península
2023-01-03 08:10:00+00:00,3454.0,Península
2023-01-03 08:15:00+00:00,3432.0,Península
2023-01-03 08:20:00+00:00,3401.0,Península
2023-01-03 08:25:00+00:00,3338.0,Península
2023-01-03 08:30:00+00:00,3314.0,Península
2023-01-03 08:35:00+00:00,3263.0,Península
2023-01-03 08:40:00+00:00,3216.0,Península
2023-01-03 08:45:00+00:00,3156.0,Península
2023-01-03 08:50:00+00:00,3101.0,Península
2023-01-03 08:55:00+00:00,3031.0,Península
2023-01-03 09:00:00+00:00,2994.0,Península
2023-01-03 09:05:00+00:00,2980.0,Península
2023-01-03 09:10:00+00:00,2955.0,Península
2023-01-03 09:15:00+00:00,2919.0,Península
2023-01-03 09:20:00+00:00,2908.0,Península
2023-01-03 09:25:00+00:00,2877.0,Península
2023-01-03 09:30:00+00:00,2852.0,Península
2023-01-03 09:35:00+00:00,2862.0,Península
2023-01-03 09:40:00+00:00,2789.0,Península
2023-01-03 09:45:00+00:00,2738.0,Península
2023-01-03 09:50:00+00:00,2692.0,Península
2023-01-03 09:55:00+00:00,2625.0,Península
2023-01-03 10:00:00+00:00,2572.0,Península
2023-01-03 10:05:00+00:00,2553.0,Península
2023-01-03 10:10:00+00:00,2473.0,Península
2023-01-03 10:15:00+00:00,2452.0,Península
2023-01-03 10:20:00+00:00,2472.0,Península
2023-01-03 10:25:00+00:00,2462.0,Península
2023-01-03 10:30:00+00:00,2481.0,Península
2023-01-03 10:35:00+00:00,2455.0,Península
2023-01-03 10:40:00+00:00,2452.0,Península
2023-01-03 10:45:00+00:00,2464.0,Península
2023-01-03 10:50:00+00:00,2447.0,Península
2023-01-03 10:55:00+00:00,2452.0,Península
2023-01-03 11:00:00+00:00,2458.0,Península
2023-01-03 11:05:00+00:00,2425.0,Península
2023-01-03 11:10:00+00:00,2433.0,Península
2023-01-03 11:15:00+00:00,2429.0,Península
2023-01-03 11:20:00+00:00,2422.0,Península
2023-01-03 11:25:00+00:00,2429.0,Península
2023-01-03 11:30:00+00:00,2419.0,Península
2023-01-03 11:35:00+00:00,2443.0,Península
2023-01-03 11:40:00+00:00,2453.0,Península
2023-01-03 11:45:00+00:00,2425.0,Península
2023-01-03 11:50:00+00:00,2414.0,Península
2023-01-03 11:55:00+00:00,2429.0,Península
2023-01-03 12:00:00+00:00,2443.0,Península
2023-01-03 12:05:00+00:00,2447.0,Península
2023-01-03 12:10:00+00:00,2451.0,Península
2023-01-03 12:15:00+00:00,2466.0,Península
2023-01-03 12:20:00+00:00,2464.0,Península
2023-01-03 12:25:00+00:00,2454.0,Península
2023-01-03 12:30:00+00:00,2434.0,Península
2023-01-03 12:35:00+00:00,2404.0,Península
2023-01-03 12:40:00+00:00,2385.0,Península
2023-01-03 12:45:00+00:00,2413.0,Península
2023-01-03 12:50:00+00:00,2443.0,Península
2023-01-03 12:55:00+00:00,2449.0,Península
2023-01-03 13:00:00+00:00,2456.0,Península
2023-01-03 13:05:00+00:00,2462.0,Península
2023-01-03 13:10:00+00:00,2437.0,Península
2023-01-03 13:15:00+00:00,2437.0,Península
2023-01-03 13:20:00+00:00,2408.0,Península
2023-01-03 13:25:00+00:00,2409.0,Península
2023-01-03 13:30:00+00:00,2414.0,Península
2023-01-03 13:35:00+00:00,2415.0,Península
2023-01-03 13:40:00+00:00,2417.0,Península
2023-01-03 13:45:00+00:00,2416.0,Península
2023-01-03 13:50:00+00:00,2421.0,Península
2023-01-03 13:55:00+00:00,2412.0,Península
2023-01-03 14:00:00+00:00,2444.0,Península
2023-01-03 14:05:00+00:00,2446.0,Península
2023-01-03 14:10:00+00:00,2445.0,Península
2023-01-03 14:15:00+00:00,2447.0,Península
2023-01-03 14:20:00+00:00,2427.0,Península
2023-01-03 14:25:00+00:00,2420.0,Península
2023-01-03 14:30:00+00:00,2422.0,Península
2023-01-03 14:35:00+00:00,2368.0,Península
2023-01-03 14:40:00+00:00,2379.0,Península
2023-01-03 14:45:00+00:00,2352.0,Península
2023-01-03 14:50:00+00:00,2340.0,Península
2023-01-03 14:55:00+00:00,2319.0,Península
2023-01-03 15:00:00+00:00,2313.0,Península
2023-01-03 15:05:00+00:00,2300.0,Península
2023-01-03 15:10:00+00:00,2282.0,Península
2023-01-03 15:15:00+00:00,2287.0,Península
2023-01-03 15:20:00+00:00,2277.0,Península
2023-01-03 15:25:00+00:00,2243.0,Península
2023-01-03 15:30:00+00:00,2196.0,Península
2023-01-03 15:35:00+00:00,2173.0,Península
2023-01-03 15:40:00+00:00,2164.0,Península
2023-01-03 15:45:00+00:00,2187.0,Península
2023-01-03 15:50:00+00:00,2177.0,Península
2023-01-03 15:55:00+00:00,2166.0,Península
2023-01-03 16:00:00+00:00,2155.0,Península
2023-01-03 16:05:00+00:00,2151.0,Península
2023-01-03 16:10:00+00:00,2171.0,Península
2023-01-03 16:15:00+00:00,2149.0,Península
2023-01-03 16:20:00+00:00,2191.0,Península
2023-01-03 16:25:00+00:00,2201.0,Península
2023-01-03 16:30:00+00:00,2232.0,Península
2023-01-03 16:35:00+00:00,2224.0,Península
2023-01-03 16:40:00+00:00,2281.0,Península
2023-01-03 16:45:00+00:00,2312.0,Península
2023-01-03 16:50:00+00:00,2359.0,Península
2023-01-03 16:55:00+00:00,2427.0,Península
2023-01-03 17:00:00+00:00,2475.0,Península
2023-01-03 17:05:00+00:00,2506.0,Península
2023-01-03 17:10:00+00:00,2529.0,Península
2023-01-03 17:15:00+00:00,2566.0,Península
2023-01-03 17:20:00+00:00,2612.0,Península
2023-01-03 17:25:00+00:00,2642.0,Península
2023-01-03 17:30:00+00:00,2664.0,Península
2023-01-03 17:35:00+00:00,2646.0,Península
2023-01-03 17:40:00+00:00,2660.0,Península
2023-01-03 17:45:00+00:00,2667.0,Península
2023-01-03 17:50:00+00:00,2669.0,Península
2023-01-03 17:55:00+00:00,2685.0,Península
2023-01-03 18:00:00+00:00,2711.0,Península
2023-01-03 18:05:00+00:00,2741.0,Península
2023-01-03 18:10:00+00:00,2759.0,Península
2023-01-03 18:15:00+00:00,2786.0,Península
2023-01-03 18:20:00+00:00,2804.0,Península
2023-01-03 18:25:00+00:00,2794.0,Península
2023-01-03 18:30:00+00:00,2781.0,Península
2023-01-03 18:35:00+00:00,2774.0,Península
2023-01-03 18:40:00+00:00,2775.0,Península
2023-01-03 18:45:00+00:00,2779.0,Península
2023-01-03 18:50:00+00:00,2783.0,Península
2023-01-03 18:55:00+00:00,2789.0,Península
2023-01-03 19:00:00+00:00,2794.0,Península
2023-01-03 19:05:00+00:00,2796.0,Península
2023-01-03 19:10:00+00:00,2814.0,Península
2023-01-03 19:15:00+00:00,2837.0,Península
2023-01-03 19:20:00+00:00,2868.0,Península
2023-01-03 19:25:00+00:00,2862.0,Península
2023-01-03 19:30:00+00:00,2858.0,Península
2023-01-03 19:35:00+00:00,2845.0,Península
2023-01-03 19:40:00+00:00,2858.0,Península
2023-01-03 19:45:00+00:00,2833.0,Península
2023-01-03 19:50:00+00:00,2829.0,Península
2023-01-03 19:55:00+00:00,2825.0,Península
2023-01-03 20:00:00+00:00,2823.0,Península
2023-01-03 20:05:00+00:00,2825.0,Península
2023-01-03 20:10:00+00:00,2845.0,Península
2023-01-03 20:15:00+00:00,2843.0,Península
2023-01-03 20:20:00+00:00,2892.0,Península
2023-01-03 20:25:00+00:00,2888.0,Península
2023-01-03 20:30:00+00:00,2883.0,Península
2023-01-03 20:35:00+00:00,2840.0,Península
2023-01-03 20:40:00+00:00,2850.0,Península
2023-01-03 20:45:00+00:00,2835.0,Península
2023-01-03 20:50:00+00:00,2809.0,Península
2023-01-03 20:55:00+00:00,2822.0,Península
2023-01-03 21:00:00+00:00,2786.0,Península
2023-01-03 21:05:00+00:00,2820.0,Península
2023-01-03 21:10:00+00:00,2829.0,Península
2023-01-03 21:15:00+00:00,2817.0,Península
2023-01-03 21:20:00+00:00,2817.0,Península
2023-01-03 21:25:00+00:00,2839.0,Península
2023-01-03 21:30:00+00:00,2842.0,Península
2023-01-03 21:35:00+00:00,2843.0,Península
2023-01-03 21:40:00+00:00,2859.0,Península
2023-01-03 21:45:00+00:00,2869.0,Península
2023-01-03 21:50:00+00:00,2840.0,Península
2023-01-03 21:55:00+00:00,2861.0,Península
2023-01-03 22:00:00+00:00,2891.0,Península
2023-01-03 22:05:00+00:00,2886.0,Península
2023-01-03 22:10:00+00:00,2909.0,Península
2023-01-03 22:15:00+00:00,2919.0,Península
2023-01-03 22:20:00+00:00,2958.0,Península
2023-01-03 22:25:00+00:00,3001.0,Península
2023-01-03 22:30:00+00:00,3004.0,Península
2023-01-03 22:35:00+00:00,3040.0,Península
2023-01-03 22:40:00+00:00,3058.0,Península
2023-01-03 22:45:00+00:00,3092.0,Península
2023-01-03 22:50:00+00:00,3127.0,Península
2023-01-03 22:55:00+00:00,3153.0,Península
2023-01-03 23:00:00+00:00,3196.0,Península
2023-01-03 23:05:00+00:00,3214.0,Península
2023-01-03 23:10:00+00:00,3229.0,Península
2023-01-03 23:15:00+00:00,3238.0,Península
2023-01-03 23:20:00+00:00,3248.0,Península
2023-01-03 23:25:00+00:00,3290.0,Península
2023-01-03 23:30:00+00:00,3301.0,Península
2023-01-03 23:35:00+00:00,3315.0,Península
2023-01-03 23:40:00+00:00,3310.0,Península
2023-01-03 23:45:00+00:00,3299.0,Península
2023-01-03 23:50:00+00:00,3331.0,Península
2023-01-03 23:55:00+00:00,3363.0,Península
2023-01-04 00:00:00+00:00,3389.0,Península
2023-01-04 00:05:00+00:00,3406.0,Península
2023-01-04 00:10:00+00:00,3454.0,Península
2023-01-04 00:15:00+00:00,3484.0,Península
2023-01-04 00:20:00+00:00,3477.0,Península
2023-01-04 00:25:00+00:00,3486.0,Península
2023-01-04 00:30:00+00:00,3542.0,Península
2023-01-04 00:35:00+00:00,3547.0,Península
2023-01-04 00:40:00+00:00,3526.0,Península
2023-01-04 00:45:00+00:00,3514.0,Península
2023-01-04 00:50:00+00:00,3505.0,Península
2023-01-04 00:55:00+00:00,3505.0,Península
2023-01-04 01:00:00+00:00,3514.0,Península
2023-01-04 01:05:00+00:00,3529.0,Península
2023-01-04 01:10:00+00:00,3544.0,Península
2023-01-04 01:15:00+00:00,3571.0,Península
2023-01-04 01:20:00+00:00,3596.0,Península
2023-01-04 01:25:00+00:00,3598.0,Península
2023-01-04 01:30:00+00:00,3637.0,Península
2023-01-04 01:35:00+00:00,3665.0,Península
2023-01-04 01:40:00+00:00,3635.0,Península
2023-01-04 01:45:00+00:00,3645.0,Península
2023-01-04 01:50:00+00:00,3646.0,Península
2023-01-04 01:55:00+00:00,3676.0,Península
2023-01-04 02:00:00+00:00,3650.0,Península
2023-01-04 02:05:00+00:00,3652.0,Península
2023-01-04 02:10:00+00:00,3643.0,Península
2023-01-04 02:15:00+00:00,3665.0,Península
2023-01-04 02:20:00+00:00,3680.0,Península
2023-01-04 02:25:00+00:00,3707.0,Península
2023-01-04 02:30:00+00:00,3717.0,Península
2023-01-04 02:35:00+00:00,3734.0,Península
2023-01-04 02:40:00+00:00,3715.0,Península
2023-01-04 02:45:00+00:00,3752.0,Península
2023-01-04 02:50:00+00:00,3792.0,Península
2023-01-04 02:55:00+00:00,3799.0,Península
2023-01-04 03:00:00+00:00,3815.0,Península
2023-01-04 03:05:00+00:00,3829.0,Península
2023-01-04 03:10:00+00:00,3846.0,Península
2023-01-04 03:15:00+00:00,3864.0,Península
2023-01-04 03:20:00+00:00,3878.0,Península
2023-01-04 03:25:00+00:00,3839.0,Península
2023-01-04 03:30:00+00:00,3831.0,Península
2023-01-04 03:35:00+00:00,3844.0,Península
2023-01-04 03:40:00+00:00,3867.0,Península
2023-01-04 03:45:00+00:00,3887.0,Península
2023-01-04 03:50:00+00:00,3921.0,Península
2023-01-04 03:55:00+00:00,3931.0,Península
2023-01-04 04:00:00+00:00,3939.0,Península
2023-01-04 04:05:00+00:00,3938.0,Península
2023-01-04 04:10:00+00:00,3975.0,Península
2023-01-04 04:15:00+00:00,4000.0,Península
2023-01-04 04:20:00+00:00,4047.0,Península
2023-01-04 04:25:00+00:00,4067.0,Península
2023-01-04 04:30:00+00:00,4082.0,Península
2023-01-04 04:35:00+00:00,4098.0,Península
2023-01-04 04:40:00+00:00,4079.0,Península
2023-01-04 04:45:00+00:00,4085.0,Península
2023-01-04 04:50:00+00:00,4068.0,Península
2023-01-04 04:55:00+00:00,4052.0,Península
2023-01-04 05:00:00+00:00,4030.0,Península
2023-01-04 05:05:00+00:00,4007.0,Península
2023-01-04 05:10:00+00:00,3977.0,Península
2023-01-04 05:15:00+00:00,3955.0,Península
2023-01-04 05:20:00+00:00,3971.0,Península
2023-01-04 05:25:00+00:00,3933.0,Península
2023-01-04 05:30:00+00:00,3909.0,Península
2023-01-04 05:35:00+00:00,3891.0,Península
2023-01-04 05:40:00+00:00,3873.0,Península
2023-01-04 05:45:00+00:00,3810.0,Península
2023-01-04 05:50:00+00:00,3820.0,Península
2023-01-04 05:55:00+00:00,3821.0,Península
2023-01-04 06:00:00+00:00,3831.0,Península
2023-01-04 06:05:00+00:00,3788.0,Península
2023-01-04 06:10:00+00:00,3795.0,Península
2023-01-04 06:15:00+00:00,3792.0,Península
2023-01-04 06:20:00+00:00,3770.0,Península
2023-01-04 06:25:00+00:00,3776.0,Península
2023-01-04 06:30:00+00:00,3750.0,Península
2023-01-04 06:35:00+00:00,3731.0,Península
2023-01-04 06:40:00+00:00,3714.0,Península
2023-01-04 06:45:00+00:00,3703.0,Península
2023-01-04 06:50:00+00:00,3678.0,Península
2023-01-04 06:55:00+00:00,3650.0,Península
2023-01-04 07:00:00+00:00,3629.0,Península
2023-01-04 07:05:00+00:00,3599.0,Península
2023-01-04 07:10:00+00:00,3581.0,Península
2023-01-04 07:15:00+00:00,3581.0,Península
2023-01-04 07:20:00+00:00,3522.0,Península
2023-01-04 07:25:00+00:00,3484.0,Península
2023-01-04 07:30:00+00:00,3501.0,Península
2023-01-04 07:35:00+00:00,3474.0,Península
2023-01-04 07:40:00+00:00,3456.0,Península
2023-01-04 07:45:00+00:00,3409.0,Península
2023-01-04 07:50:00+00:00,3368.0,Península
2023-01-04 07:55:00+00:00,3368.0,Península
2023-01-04 08:00:00+00:00,3345.0,Península
2023-01-04 08:05:00+00:00,3310.0,Península
2023-01-04 08:10:00+00:00,3283.0,Península
2023-01-04 08:15:00+00:00,3290.0,Península
2023-01-04 08:20:00+00:00,3277.0,Península
2023-01-04 08:25:00+00:00,3259.0,Península
2023-01-04 08:30:00+00:00,3281.0,Península
2023-01-04 08:35:00+00:00,3219.0,Península
2023-01-04 08:40:00+00:00,3197.0,Península
2023-01-04 08:45:00+00:00,3174.0,Península
2023-01-04 08:50:00+00:00,3146.0,Península
2023-01-04 08:55:00+00:00,3101.0,Península
2023-01-04 09:00:00+00:00,3086.0,Península
2023-01-04 09:05:00+00:00,3061.0,Península
2023-01-04 09:10:00+00:00,3060.0,Península
2023-01-04 09:15:00+00:00,3030.0,Península
2023-01-04 09:20:00+00:00,3010.0,Península
2023-01-04 09:25:00+00:00,2955.0,Península
2023-01-04 09:30:00+00:00,2952.0,Península
2023-01-04 09:35:00+00:00,2918.0,Península
2023-01-04 09:40:00+00:00,2845.0,Península
2023-01-04 09:45:00+00:00,2831.0,Península
2023-01-04 09:50:00+00:00,2788.0,Península
2023-01-04 09:55:00+00:00,2723.0,Península
2023-01-04 10:00:00+00:00,2705.0,Península
2023-01-04 10:05:00+00:00,2679.0,Península
2023-01-04 10:10:00+00:00,2645.0,Península
2023-01-04 10:15:00+00:00,2605.0,Península
2023-01-04 10:20:00+00:00,2562.0,Península
2023-01-04 10:25:00+00:00,2567.0,Península
2023-01-04 10:30:00+00:00,2549.0,Península
2023-01-04 10:35:00+00:00,2499.0,Península
2023-01-04 10:40:00+00:00,2472.0,Península
2023-01-04 10:45:00+00:00,2427.0,Península
2023-01-04 10:50:00+00:00,2415.0,Península
2023-01-04 10:55:00+00:00,2409.0,Península
2023-01-04 11:00:00+00:00,2359.0,Península
2023-01-04 11:05:00+00:00,2378.0,Península
2023-01-04 11:10:00+00:00,2380.0,Península
2023-01-04 11:15:00+00:00,2375.0,Península
2023-01-04 11:20:00+00:00,2361.0,Península
2023-01-04 11:25:00+00:00,2328.0,Península
2023-01-04 11:30:00+00:00,2331.0,Península
2023-01-04 11:35:00+00:00,2335.0,Península
2023-01-04 11:40:00+00:00,2316.0,Península
2023-01-04 11:45:00+00:00,2311.0,Península
2023-01-04 11:50:00+00:00,2295.0,Península
2023-01-04 11:55:00+00:00,2288.0,Península
2023-01-04 12:00:00+00:00,2267.0,Península
2023-01-04 12:05:00+00:00,2243.0,Península
2023-01-04 12:10:00+00:00,2223.0,Península
2023-01-04 12:15:00+00:00,2215.0,Península
2023-01-04 12:20:00+00:00,2217.0,Península
2023-01-04 12:25:00+00:00,2216.0,Península
2023-01-04 12:30:00+00:00,2216.0,Península
2023-01-04 12:35:00+00:00,2209.0,Península
2023-01-04 12:40:00+00:00,2205.0,Península
2023-01-04 12:45:00+00:00,2226.0,Península
2023-01-04 12:50:00+00:00,2213.0,Península
2023-01-04 12:55:00+00:00,2206.0,Península
2023-01-04 13:00:00+00:00,2220.0,Península
2023-01-04 13:05:00+00:00,2203.0,Península
2023-01-04 13:10:00+00:00,2217.0,Península
2023-01-04 13:15:00+00:00,2214.0,Península
2023-01-04 13:20:00+00:00,2223.0,Península
2023-01-04 13:25:00+00:00,2205.0,Península
2023-01-04 13:30:00+00:00,2190.0,Península
2023-01-04 13:35:00+00:00,2212.0,Península
2023-01-04 13:40:00+00:00,2195.0,Península
2023-01-04 13:45:00+00:00,2180.0,Península
2023-01-04 13:50:00+00:00,2191.0,Península
2023-01-04 13:55:00+00:00,2192.0,Península
2023-01-04 14:00:00+00:00,2183.0,Península
2023-01-04 14:05:00+00:00,2200.0,Península
2023-01-04 14:10:00+00:00,2187.0,Península
2023-01-04 14:15:00+00:00,2161.0,Península
2023-01-04 14:20:00+00:00,2176.0,Península
2023-01-04 14:25:00+00:00,2202.0,Península
2023-01-04 14:30:00+00:00,2235.0,Península
2023-01-04 14:35:00+00:00,2260.0,Península
2023-01-04 14:40:00+00:00,2262.0,Península
2023-01-04 14:45:00+00:00,2269.0,Península
2023-01-04 14:50:00+00:00,2274.0,Península
2023-01-04 14:55:00+00:00,2284.0,Península
2023-01-04 15:00:00+00:00,2273.0,Península
2023-01-04 15:05:00+00:00,2269.0,Península
2023-01-04 15:10:00+00:00,2300.0,Península
2023-01-04 15:15:00+00:00,2271.0,Península
2023-01-04 15:20:00+00:00,2239.0,Península
2023-01-04 15:25:00+00:00,2218.0,Península
2023-01-04 15:30:00+00:00,2159.0,Península
2023-01-04 15:35:00+00:00,2160.0,Península
2023-01-04 15:40:00+00:00,2154.0,Península
2023-01-04 15:45:00+00:00,2113.0,Península
2023-01-04 15:50:00+00:00,2125.0,Península
2023-01-04 15:55:00+00:00,2103.0,Península
2023-01-04 16:00:00+00:00,2089.0,Península
2023-01-04 16:05:00+00:00,2064.0,Península
2023-01-04 16:10:00+00:00,2054.0,Península
2023-01-04 16:15:00+00:00,1991.0,Península
2023-01-04 16:20:00+00:00,1985.0,Península
2023-01-04 16:25:00+00:00,1968.0,Península
2023-01-04 16:30:00+00:00,1978.0,Península
2023-01-04 16:35:00+00:00,1971.0,Península
2023-01-04 16:40:00+00:00,1967.0,Península
2023-01-04 16:45:00+00:00,1948.0,Península
2023-01-04 16:50:00+00:00,1968.0,Península
2023-01-04 16:55:00+00:00,1976.0,Península
2023-01-04 17:00:00+00:00,1981.0,Península
2023-01-04 17:05:00+00:00,1929.0,Península
2023-01-04 17:10:00+00:00,1947.0,Península
2023-01-04 17:15:00+00:00,1956.0,Península
2023-01-04 17:20:00+00:00,1940.0,Península
2023-01-04 17:25:00+00:00,1926.0,Península
2023-01-04 17:30:00+00:00,1909.0,Península
2023-01-04 17:35:00+00:00,1888.0,Península
2023-01-04 17:40:00+00:00,1892.0,Península
2023-01-04 17:45:00+00:00,1891.0,Península
2023-01-04 17:50:00+00:00,1907.0,Península
2023-01-04 17:55:00+00:00,1889.0,Península
2023-01-04 18:00:00+00:00,1883.0,Península
2023-01-04 18:05:00+00:00,1885.0,Península
2023-01-04 18:10:00+00:00,1889.0,Península
2023-01-04 18:15:00+00:00,1895.0,Península
2023-01-04 18:20:00+00:00,1882.0,Península
2023-01-04 18:25:00+00:00,1881.0,Península
2023-01-04 18:30:00+00:00,1885.0,Península
2023-01-04 18:35:00+00:00,1840.0,Península
2023-01-04 18:40:00+00:00,1831.0,Península
2023-01-04 18:45:00+00:00,1847.0,Península
2023-01-04 18:50:00+00:00,1858.0,Península
2023-01-04 18:55:00+00:00,1896.0,Península
2023-01-04 19:00:00+00:00,1963.0,Península
2023-01-04 19:05:00+00:00,1995.0,Península
2023-01-04 19:10:00+00:00,1981.0,Península
2023-01-04 19:15:00+00:00,1964.0,Península
2023-01-04 19:20:00+00:00,2019.0,Península
2023-01-04 19:25:00+00:00,1996.0,Península
2023-01-04 19:30:00+00:00,2018.0,Península
2023-01-04 19:35:00+00:00,2049.0,Península
2023-01-04 19:40:00+00:00,2050.0,Península
2023-01-04 19:45:00+00:00,2067.0,Península
2023-01-04 19:50:00+00:00,2062.0,Península
2023-01-04 19:55:00+00:00,2071.0,Península
2023-01-04 20:00:00+00:00,2070.0,Península
2023-01-04 20:05:00+00:00,2108.0,Península
2023-01-04 20:10:00+00:00,2107.0,Península
2023-01-04 20:15:00+00:00,2105.0,Península
2023-01-04 20:20:00+00:00,2111.0,Península
2023-01-04 20:25:00+00:00,2130.0,Península
2023-01-04 20:30:00+00:00,2138.0,Península
2023-01-04 20:35:00+00:00,2190.0,Península
2023-01-04 20:40:00+00:00,2213.0,Península
2023-01-04 20:45:00+00:00,2239.0,Península
2023-01-04 20:50:00+00:00,2252.0,Península
2023-01-04 20:55:00+00:00,2270.0,Península
2023-01-04 21:00:00+00:00,2294.0,Península
2023-01-04 21:05:00+00:00,2301.0,Península
2023-01-04 21:10:00+00:00,2323.0,Península
2023-01-04 21:15:00+00:00,2359.0,Península
2023-01-04 21:20:00+00:00,2404.0,Península
2023-01-04 21:25:00+00:00,2447.0,Península
2023-01-04 21:30:00+00:00,2469.0,Península
2023-01-04 21:35:00+00:00,2498.0,Península
2023-01-04 21:40:00+00:00,2534.0,Península
2023-01-04 21:45:00+00:00,2566.0,Península
2023-01-04 21:50:00+00:00,2624.0,Península
2023-01-04 21:55:00+00:00,2664.0,Península
2023-01-04 22:00:00+00:00,2692.0,Península
2023-01-04 22:05:00+00:00,2687.0,Península
2023-01-04 22:10:00+00:00,2709.0,Península
2023-01-04 22:15:00+00:00,2713.0,Península
2023-01-04 22:20:00+00:00,2733.0,Península
2023-01-04 22:25:00+00:00,2719.0,Península
2023-01-04 22:30:00+00:00,2726.0,Península
2023-01-04 22:35:00+00:00,2712.0,Península
2023-01-04 22:40:00+00:00,2688.0,Península
2023-01-04 22:45:00+00:00,2699.0,Península
2023-01-04 22:50:00+00:00,2724.0,Península
2023-01-04 22:55:00+00:00,2743.0,Península
2023-01-04 23:00:00+00:00,2740.0,Península
2023-01-04 23:05:00+00:00,2734.0,Península
2023-01-04 23:10:00+00:00,2761.0,Península
2023-01-04 23:15:00+00:00,2769.0,Península
2023-01-04 23:20:00+00:00,2809.0,Península
2023-01-04 23:25:00+00:00,2852.0,Península
2023-01-04 23:30:00+00:00,2876.0,Península
2023-01-04 23:35:00+00:00,2884.0,Península
2023-01-04 23:40:00+00:00,2892.0,Península
2023-01-04 23:45:00+00:00,2868.0,Península
2023-01-04 23:50:00+00:00,2845.0,Península
2023-01-04 23:55:00+00:00,2849.0,Península
2023-01-05 00:00:00+00:00,2829.0,Península
2023-01-05 00:05:00+00:00,2822.0,Península
2023-01-05 00:10:00+00:00,2792.0,Península
2023-01-05 00:15:00+00:00,2770.0,Península
2023-01-05 00:20:00+00:00,2783.0,Península
2023-01-05 00:25:00+00:00,2769.0,Península
2023-01-05 00:30:00+00:00,2788.0,Península
2023-01-05 00:35:00+00:00,2759.0,Península
2023-01-05 00:40:00+00:00,2761.0,Península
2023-01-05 00:45:00+00:00,2770.0,Península
2023-01-05 00:50:00+00:00,2781.0,Península
2023-01-05 00:55:00+00:00,2803.0,Península
2023-01-05 01:00:00+00:00,2817.0,Península
2023-01-05 01:05:00+00:00,2853.0,Península
2023-01-05 01:10:00+00:00,2864.0,Península
2023-01-05 01:15:00+00:00,2872.0,Península
2023-01-05 01:20:00+00:00,2900.0,Península
2023-01-05 01:25:00+00:00,2934.0,Península
2023-01-05 01:30:00+00:00,2925.0,Península
2023-01-05 01:35:00+00:00,2928.0,Península
2023-01-05 01:40:00+00:00,2946.0,Península
2023-01-05 01:45:00+00:00,2958.0,Península
2023-01-05 01:50:00+00:00,2956.0,Península
2023-01-05 01:55:00+00:00,2956.0,Península
2023-01-05 02:00:00+00:00,2958.0,Península
2023-01-05 02:05:00+00:00,2948.0,Península
2023-01-05 02:10:00+00:00,2925.0,Península
2023-01-05 02:15:00+00:00,2905.0,Península
2023-01-05 02:20:00+00:00,2897.0,Península
2023-01-05 02:25:00+00:00,2883.0,Península
2023-01-05 02:30:00+00:00,2882.0,Península
2023-01-05 02:35:00+00:00,2885.0,Península
2023-01-05 02:40:00+00:00,2884.0,Península
2023-01-05 02:45:00+00:00,2888.0,Península
2023-01-05 02:50:00+00:00,2870.0,Península
2023-01-05 02:55:00+00:00,2861.0,Península
2023-01-05 03:00:00+00:00,2845.0,Península
2023-01-05 03:05:00+00:00,2843.0,Península
2023-01-05 03:10:00+00:00,2819.0,Península
2023-01-05 03:15:00+00:00,2799.0,Península
2023-01-05 03:20:00+00:00,2777.0,Península
2023-01-05 03:25:00+00:00,2745.0,Península
2023-01-05 03:30:00+00:00,2727.0,Península
2023-01-05 03:35:00+00:00,2732.0,Península
2023-01-05 03:40:00+00:00,2711.0,Península
2023-01-05 03:45:00+00:00,2690.0,Península
2023-01-05 03:50:00+00:00,2697.0,Península
2023-01-05 03:55:00+00:00,2699.0,Península
2023-01-05 04:00:00+00:00,2722.0,Península
2023-01-05 04:05:00+00:00,2714.0,Península
2023-01-05 04:10:00+00:00,2712.0,Península
2023-01-05 04:15:00+00:00,2699.0,Península
2023-01-05 04:20:00+00:00,2674.0,Península
2023-01-05 04:25:00+00:00,2649.0,Península
2023-01-05 04:30:00+00:00,2614.0,Península
2023-01-05 04:35:00+00:00,2590.0,Península
2023-01-05 04:40:00+00:00,2549.0,Península
2023-01-05 04:45:00+00:00,2529.0,Península
2023-01-05 04:50:00+00:00,2505.0,Península
2023-01-05 04:55:00+00:00,2511.0,Península
2023-01-05 05:00:00+00:00,2480.0,Península
2023-01-05 05:05:00+00:00,2482.0,Península
2023-01-05 05:10:00+00:00,2482.0,Península
2023-01-05 05:15:00+00:00,2462.0,Península
2023-01-05 05:20:00+00:00,2419.0,Península
2023-01-05 05:25:00+00:00,2387.0,Península
2023-01-05 05:30:00+00:00,2388.0,Península
2023-01-05 05:35:00+00:00,2360.0,Península
2023-01-05 05:40:00+00:00,2350.0,Península
2023-01-05 05:45:00+00:00,2336.0,Península
2023-01-05 05:50:00+00:00,2306.0,Península
2023-01-05 05:55:00+00:00,2309.0,Península
2023-01-05 06:00:00+00:00,2337.0,Península
2023-01-05 06:05:00+00:00,2335.0,Península
2023-01-05 06:10:00+00:00,2318.0,Península
2023-01-05 06:15:00+00:00,2326.0,Península
2023-01-05 06:20:00+00:00,2319.0,Península
2023-01-05 06:25:00+00:00,2322.0,Península
2023-01-05 06:30:00+00:00,2319.0,Península
2023-01-05 06:35:00+00:00,2317.0,Península
2023-01-05 06:40:00+00:00,2309.0,Península
2023-01-05 06:45:00+00:00,2320.0,Península
2023-01-05 06:50:00+00:00,2314.0,Península
2023-01-05 06:55:00+00:00,2307.0,Península
2023-01-05 07:00:00+00:00,2315.0,Península
2023-01-05 07:05:00+00:00,2331.0,Península
2023-01-05 07:10:00+00:00,2361.0,Península
2023-01-05 07:15:00+00:00,2381.0,Península
2023-01-05 07:20:00+00:00,2336.0,Península
2023-01-05 07:25:00+00:00,2330.0,Península
2023-01-05 07:30:00+00:00,2313.0,Península
2023-01-05 07:35:00+00:00,2311.0,Península
2023-01-05 07:40:00+00:00,2310.0,Península
2023-01-05 07:45:00+00:00,2289.0,Península
2023-01-05 07:50:00+00:00,2280.0,Península
2023-01-05 07:55:00+00:00,2289.0,Península
2023-01-05 08:00:00+00:00,2262.0,Península
2023-01-05 08:05:00+00:00,2268.0,Península
2023-01-05 08:10:00+00:00,2270.0,Península
2023-01-05 08:15:00+00:00,2253.0,Península
2023-01-05 08:20:00+00:00,2251.0,Península
2023-01-05 08:25:00+00:00,2220.0,Península
2023-01-05 08:30:00+00:00,2197.0,Península
2023-01-05 08:35:00+00:00,2174.0,Península
2023-01-05 08:40:00+00:00,2136.0,Península
2023-01-05 08:45:00+00:00,2120.0,Península
2023-01-05 08:50:00+00:00,2076.0,Península
2023-01-05 08:55:00+00:00,2052.0,Península
2023-01-05 09:00:00+00:00,2030.0,Península
2023-01-05 09:05:00+00:00,2011.0,Península
2023-01-05 09:10:00+00:00,1989.0,Península
2023-01-05 09:15:00+00:00,1945.0,Península
2023-01-05 09:20:00+00:00,1918.0,Península
2023-01-05 09:25:00+00:00,1937.0,Península
2023-01-05 09:30:00+00:00,1918.0,Península
2023-01-05 09:35:00+00:00,1916.0,Península
2023-01-05 09:40:00+00:00,1901.0,Península
2023-01-05 09:45:00+00:00,1905.0,Península
2023-01-05 09:50:00+00:00,1869.0,Península
2023-01-05 09:55:00+00:00,1818.0,Península
2023-01-05 10:00:00+00:00,1832.0,Península
2023-01-05 10:05:00+00:00,1838.0,Península
2023-01-05 10:10:00+00:00,1804.0,Península
2023-01-05 10:15:00+00:00,1805.0,Península
2023-01-05 10:20:00+00:00,1834.0,Península
2023-01-05 10:25:00+00:00,1795.0,Península
2023-01-05 10:30:00+00:00,1768.0,Península
2023-01-05 10:35:00+00:00,1794.0,Península
2023-01-05 10:40:00+00:00,1785.0,Península
2023-01-05 10:45:00+00:00,1770.0,Península
2023-01-05 10:50:00+00:00,1783.0,Península
2023-01-05 10:55:00+00:00,1772.0,Península
2023-01-05 11:00:00+00:00,1740.0,Península
2023-01-05 11:05:00+00:00,1718.0,Península
2023-01-05 11:10:00+00:00,1712.0,Península
2023-01-05 11:15:00+00:00,1709.0,Península
2023-01-05 11:20:00+00:00,1678.0,Península
2023-01-05 11:25:00+00:00,1645.0,Península
2023-01-05 11:30:00+00:00,1624.0,Península
2023-01-05 11:35:00+00:00,1645.0,Península
2023-01-05 11:40:00+00:00,1687.0,Península
2023-01-05 11:45:00+00:00,1662.0,Península
2023-01-05 11:50:00+00:00,1686.0,Península
2023-01-05 11:55:00+00:00,1683.0,Península
2023-01-05 12:00:00+00:00,1662.0,Península
2023-01-05 12:05:00+00:00,1656.0,Península
2023-01-05 12:10:00+00:00,1643.0,Península
2023-01-05 12:15:00+00:00,1636.0,Península
2023-01-05 12:20:00+00:00,1661.0,Península
2023-01-05 12:25:00+00:00,1639.0,Península
2023-01-05 12:30:00+00:00,1652.0,Península
2023-01-05 12:35:00+00:00,1619.0,Península
2023-01-05 12:40:00+00:00,1618.0,Península
2023-01-05 12:45:00+00:00,1622.0,Península
2023-01-05 12:50:00+00:00,1601.0,Península
2023-01-05 12:55:00+00:00,1565.0,Península
2023-01-05 13:00:00+00:00,1551.0,Península
2023-01-05 13:05:00+00:00,1565.0,Península
2023-01-05 13:10:00+00:00,1551.0,Península
2023-01-05 13:15:00+00:00,1560.0,Península
2023-01-05 13:20:00+00:00,1552.0,Península
2023-01-05 13:25:00+00:00,1556.0,Península
2023-01-05 13:30:00+00:00,1520.0,Península
2023-01-05 13:35:00+00:00,1474.0,Península
2023-01-05 13:40:00+00:00,1462.0,Península
2023-01-05 13:45:00+00:00,1448.0,Península
2023-01-05 13:50:00+00:00,1433.0,Península
2023-01-05 13:55:00+00:00,1426.0,Península
2023-01-05 14:00:00+00:00,1399.0,Península
2023-01-05 14:05:00+00:00,1390.0,Península
2023-01-05 14:10:00+00:00,1357.0,Península
2023-01-05 14:15:00+00:00,1330.0,Península
2023-01-05 14:20:00+00:00,1353.0,Península
2023-01-05 14:25:00+00:00,1368.0,Península
2023-01-05 14:30:00+00:00,1361.0,Península
2023-01-05 14:35:00+00:00,1340.0,Península
2023-01-05 14:40:00+00:00,1335.0,Península
2023-01-05 14:45:00+00:00,1316.0,Península
2023-01-05 14:50:00+00:00,1283.0,Península
2023-01-05 14:55:00+00:00,1258.0,Península
2023-01-05 15:00:00+00:00,1251.0,Península
2023-01-05 15:05:00+00:00,1222.0,Península
2023-01-05 15:10:00+00:00,1208.0,Península
2023-01-05 15:15:00+00:00,1204.0,Península
2023-01-05 15:20:00+00:00,1213.0,Península
2023-01-05 15:25:00+00:00,1204.0,Península
2023-01-05 15:30:00+00:00,1175.0,Península
2023-01-05 15:35:00+00:00,1160.0,Península
2023-01-05 15:40:00+00:00,1140.0,Península
2023-01-05 15:45:00+00:00,1145.0,Península
2023-01-05 15:50:00+00:00,1136.0,Península
2023-01-05 15:55:00+00:00,1120.0,Península
2023-01-05 16:00:00+00:00,1108.0,Península
2023-01-05 16:05:00+00:00,1072.0,Península
2023-01-05 16:10:00+00:00,1033.0,Península
2023-01-05 16:15:00+00:00,1027.0,Península
2023-01-05 16:20:00+00:00,1015.0,Península
2023-01-05 16:25:00+00:00,1022.0,Península
2023-01-05 16:30:00+00:00,987.0,Península
2023-01-05 16:35:00+00:00,978.0,Península
2023-01-05 16:40:00+00:00,980.0,Península
2023-01-05 16:45:00+00:00,995.0,Península
2023-01-05 16:50:00+00:00,999.0,Península
2023-01-05 16:55:00+00:00,1011.0,Península
2023-01-05 17:00:00+00:00,1021.0,Península
2023-01-05 17:05:00+00:00,1048.0,Península
2023-01-05 17:10:00+00:00,1081.0,Península
2023-01-05 17:15:00+00:00,1114.0,Península
2023-01-05 17:20:00+00:00,1138.0,Península
2023-01-05 17:25:00+00:00,1148.0,Península
2023-01-05 17:30:00+00:00,1163.0,Península
2023-01-05 17:35:00+00:00,1160.0,Península
2023-01-05 17:40:00+00:00,1133.0,Península
2023-01-05 17:45:00+00:00,1143.0,Península
2023-01-05 17:50:00+00:00,1127.0,Península
2023-01-05 17:55:00+00:00,1137.0,Península
2023-01-05 18:00:00+00:00,1156.0,Península
2023-01-05 18:05:00+00:00,1153.0,Península
2023-01-05 18:10:00+00:00,1168.0,Península
2023-01-05 18:15:00+00:00,1160.0,Península
2023-01-05 18:20:00+00:00,1166.0,Península
2023-01-05 18:25:00+00:00,1169.0,Península
2023-01-05 18:30:00+00:00,1200.0,Península
2023-01-05 18:35:00+00:00,1196.0,Península
2023-01-05 18:40:00+00:00,1209.0,Península
2023-01-05 18:45:00+00:00,1219.0,Península
2023-01-05 18:50:00+00:00,1219.0,Península
2023-01-05 18:55:00+00:00,1238.0,Península
2023-01-05 19:00:00+00:00,1257.0,Península
2023-01-05 19:05:00+00:00,1273.0,Península
2023-01-05 19:10:00+00:00,1296.0,Península
2023-01-05 19:15:00+00:00,1301.0,Península
2023-01-05 19:20:00+00:00,1319.0,Península
2023-01-05 19:25:00+00:00,1327.0,Península
2023-01-05 19:30:00+00:00,1311.0,Península
2023-01-05 19:35:00+00:00,1303.0,Península
2023-01-05 19:40:00+00:00,1326.0,Península
2023-01-05 19:45:00+00:00,1350.0,Península
2023-01-05 19:50:00+00:00,1333.0,Península
2023-01-05 19:55:00+00:00,1330.0,Península
2023-01-05 20:00:00+00:00,1351.0,Península
2023-01-05 20:05:00+00:00,1367.0,Península
2023-01-05 20:10:00+00:00,1356.0,Península
2023-01-05 20:15:00+00:00,1363.0,Península
2023-01-05 20:20:00+00:00,1382.0,Península
2023-01-05 20:25:00+00:00,1383.0,Península
2023-01-05 20:30:00+00:00,1410.0,Península
2023-01-05 20:35:00+00:00,1419.0,Península
2023-01-05 20:40:00+00:00,1437.0,Península
2023-01-05 20:45:00+00:00,1444.0,Península
2023-01-05 20:50:00+00:00,1458.0,Península
2023-01-05 20:55:00+00:00,1464.0,Península
2023-01-05 21:00:00+00:00,1480.0,Península
2023-01-05 21:05:00+00:00,1502.0,Península
2023-01-05 21:10:00+00:00,1515.0,Península
2023-01-05 21:15:00+00:00,1513.0,Península
2023-01-05 21:20:00+00:00,1518.0,Península
2023-01-05 21:25:00+00:00,1512.0,Península
2023-01-05 21:30:00+00:00,1509.0,Península
2023-01-05 21:35:00+00:00,1504.0,Península
2023-01-05 21:40:00+00:00,1510.0,Península
2023-01-05 21:45:00+00:00,1525.0,Península
2023-01-05 21:50:00+00:00,1548.0,Península
2023-01-05 21:55:00+00:00,1570.0,Península
2023-01-05 22:00:00+00:00,1600.0,Península
2023-01-05 22:05:00+00:00,1644.0,Península
2023-01-05 22:10:00+00:00,1691.0,Península
2023-01-05 22:15:00+00:00,1716.0,Península
2023-01-05 22:20:00+00:00,1752.0,Península
2023-01-05 22:25:00+00:00,1791.0,Península
2023-01-05 22:30:00+00:00,1823.0,Península
2023-01-05 22:35:00+00:00,1850.0,Península
2023-01-05 22:40:00+00:00,1876.0,Península
2023-01-05 22:45:00+00:00,1908.0,Península
2023-01-05 22:50:00+00:00,1931.0,Península
2023-01-05 22:55:00+00:00,1957.0,Península
2023-01-05 23:00:00+00:00,1968.0,Península
2023-01-05 23:05:00+00:00,2012.0,Península
2023-01-05 23:10:00+00:00,2034.0,Península
2023-01-05 23:15:00+00:00,2036.0,Península
2023-01-05 23:20:00+00:00,2051.0,Península
2023-01-05 23:25:00+00:00,2069.0,Península
2023-01-05 23:30:00+00:00,2086.0,Península
2023-01-05 23:35:00+00:00,2110.0,Península
2023-01-05 23:40:00+00:00,2117.0,Península
2023-01-05 23:45:00+00:00,2136.0,Península
2023-01-05 23:50:00+00:00,2160.0,Península
2023-01-05 23:55:00+00:00,2197.0,Península
2023-01-06 00:00:00+00:00,2219.0,Península
2023-01-06 00:05:00+00:00,2220.0,Península
2023-01-06 00:10:00+00:00,2218.0,Península
2023-01-06 00:15:00+00:00,2219.0,Península
2023-01-06 00:20:00+00:00,2218.0,Península
2023-01-06 00:25:00+00:00,2226.0,Península
2023-01-06 00:30:00+00:00,2212.0,Península
2023-01-06 00:35:00+00:00,2212.0,Península
2023-01-06 00:40:00+00:00,2225.0,Península
2023-01-06 00:45:00+00:00,2236.0,Península
2023-01-06 00:50:00+00:00,2229.0,Península
2023-01-06 00:55:00+00:00,2232.0,Península
2023-01-06 01:00:00+00:00,2227.0,Península
2023-01-06 01:05:00+00:00,2218.0,Península
2023-01-06 01:10:00+00:00,2228.0,Península
2023-01-06 01:15:00+00:00,2277.0,Península
2023-01-06 01:20:00+00:00,2266.0,Península
2023-01-06 01:25:00+00:00,2293.0,Península
2023-01-06 01:30:00+00:00,2317.0,Península
2023-01-06 01:35:00+00:00,2316.0,Península
2023-01-06 01:40:00+00:00,2311.0,Península
2023-01-06 01:45:00+00:00,2278.0,Península
2023-01-06 01:50:00+00:00,2264.0,Península
2023-01-06 01:55:00+00:00,2237.0,Península
2023-01-06 02:00:00+00:00,2257.0,Península
2023-01-06 02:05:00+00:00,2233.0,Península
2023-01-06 02:10:00+00:00,2236.0,Península
2023-01-06 02:15:00+00:00,2209.0,Península
2023-01-06 02:20:00+00:00,2180.0,Península
2023-01-06 02:25:00+00:00,2155.0,Península
2023-01-06 02:30:00+00:00,2136.0,Península
2023-01-06 02:35:00+00:00,2149.0,Península
2023-01-06 02:40:00+00:00,2176.0,Península
2023-01-06 02:45:00+00:00,2182.0,Península
2023-01-06 02:50:00+00:00,2237.0,Península
2023-01-06 02:55:00+00:00,2265.0,Península
2023-01-06 03:00:00+00:00,2323.0,Península
2023-01-06 03:05:00+00:00,2345.0,Península
2023-01-06 03:10:00+00:00,2354.0,Península
2023-01-06 03:15:00+00:00,2376.0,Península
2023-01-06 03:20:00+00:00,2401.0,Península
2023-01-06 03:25:00+00:00,2394.0,Península
2023-01-06 03:30:00+00:00,2381.0,Península
2023-01-06 03:35:00+00:00,2402.0,Península
2023-01-06 03:40:00+00:00,2424.0,Península
2023-01-06 03:45:00+00:00,2411.0,Península
2023-01-06 03:50:00+00:00,2413.0,Península
2023-01-06 03:55:00+00:00,2420.0,Península
2023-01-06 04:00:00+00:00,2455.0,Península
2023-01-06 04:05:00+00:00,2464.0,Península
2023-01-06 04:10:00+00:00,2488.0,Península
2023-01-06 04:15:00+00:00,2483.0,Península
2023-01-06 04:20:00+00:00,2479.0,Península
2023-01-06 04:25:00+00:00,2515.0,Península
2023-01-06 04:30:00+00:00,2532.0,Península
2023-01-06 04:35:00+00:00,2555.0,Península
2023-01-06 04:40:00+00:00,2592.0,Península
2023-01-06 04:45:00+00:00,2642.0,Península
2023-01-06 04:50:00+00:00,2672.0,Península
2023-01-06 04:55:00+00:00,2713.0,Península
2023-01-06 05:00:00+00:00,2754.0,Península
2023-01-06 05:05:00+00:00,2777.0,Península
2023-01-06 05:10:00+00:00,2821.0,Península
2023-01-06 05:15:00+00:00,2850.0,Península
2023-01-06 05:20:00+00:00,2854.0,Península
2023-01-06 05:25:00+00:00,2842.0,Península
2023-01-06 05:30:00+00:00,2842.0,Península
2023-01-06 05:35:00+00:00,2830.0,Península
2023-01-06 05:40:00+00:00,2832.0,Península
2023-01-06 05:45:00+00:00,2849.0,Península
2023-01-06 05:50:00+00:00,2848.0,Península
2023-01-06 05:55:00+00:00,2869.0,Península
2023-01-06 06:00:00+00:00,2867.0,Península
2023-01-06 06:05:00+00:00,2857.0,Península
2023-01-06 06:10:00+00:00,2827.0,Península
2023-01-06 06:15:00+00:00,2791.0,Península
2023-01-06 06:20:00+00:00,2778.0,Península
2023-01-06 06:25:00+00:00,2747.0,Península
2023-01-06 06:30:00+00:00,2727.0,Península
2023-01-06 06:35:00+00:00,2724.0,Península
2023-01-06 06:40:00+00:00,2717.0,Península
2023-01-06 06:45:00+00:00,2721.0,Península
2023-01-06 06:50:00+00:00,2705.0,Península
2023-01-06 06:55:00+00:00,2709.0,Península
2023-01-06 07:00:00+00:00,2697.0,Península
2023-01-06 07:05:00+00:00,2713.0,Península
2023-01-06 07:10:00+00:00,2732.0,Península
2023-01-06 07:15:00+00:00,2752.0,Península
2023-01-06 07:20:00+00:00,2764.0,Península
2023-01-06 07:25:00+00:00,2761.0,Península
2023-01-06 07:30:00+00:00,2764.0,Península
2023-01-06 07:35:00+00:00,2784.0,Península
2023-01-06 07:40:00+00:00,2805.0,Península
2023-01-06 07:45:00+00:00,2809.0,Península
2023-01-06 07:50:00+00:00,2819.0,Península
2023-01-06 07:55:00+00:00,2826.0,Península
2023-01-06 08:00:00+00:00,2852.0,Península
2023-01-06 08:05:00+00:00,2862.0,Península
2023-01-06 08:10:00+00:00,2860.0,Península
2023-01-06 08:15:00+00:00,2886.0,Península
2023-01-06 08:20:00+00:00,2882.0,Península
2023-01-06 08:25:00+00:00,2872.0,Península
2023-01-06 08:30:00+00:00,2862.0,Península
2023-01-06 08:35:00+00:00,2880.0,Península
2023-01-06 08:40:00+00:00,2876.0,Península
2023-01-06 08:45:00+00:00,2860.0,Península
2023-01-06 08:50:00+00:00,2838.0,Península
2023-01-06 08:55:00+00:00,2818.0,Península
2023-01-06 09:00:00+00:00,2780.0,Península
2023-01-06 09:05:00+00:00,2758.0,Península
2023-01-06 09:10:00+00:00,2739.0,Península
2023-01-06 09:15:00+00:00,2717.0,Península
2023-01-06 09:20:00+00:00,2682.0,Península
2023-01-06 09:25:00+00:00,2657.0,Península
2023-01-06 09:30:00+00:00,2625.0,Península
2023-01-06 09:35:00+00:00,2618.0,Península
2023-01-06 09:40:00+00:00,2574.0,Península
2023-01-06 09:45:00+00:00,2548.0,Península
2023-01-06 09:50:00+00:00,2520.0,Península
2023-01-06 09:55:00+00:00,2501.0,Península
2023-01-06 10:00:00+00:00,2512.0,Península
2023-01-06 10:05:00+00:00,2444.0,Península
2023-01-06 10:10:00+00:00,2442.0,Península
2023-01-06 10:15:00+00:00,2413.0,Península
2023-01-06 10:20:00+00:00,2422.0,Península
2023-01-06 10:25:00+00:00,2392.0,Península
2023-01-06 10:30:00+00:00,2390.0,Península
2023-01-06 10:35:00+00:00,2374.0,Península
2023-01-06 10:40:00+00:00,2352.0,Península
2023-01-06 10:45:00+00:00,2349.0,Península
2023-01-06 10:50:00+00:00,2342.0,Península
2023-01-06 10:55:00+00:00,2350.0,Península
2023-01-06 11:00:00+00:00,2334.0,Península
2023-01-06 11:05:00+00:00,2355.0,Península
2023-01-06 11:10:00+00:00,2371.0,Península
2023-01-06 11:15:00+00:00,2402.0,Península
2023-01-06 11:20:00+00:00,2414.0,Península
2023-01-06 11:25:00+00:00,2395.0,Península
2023-01-06 11:30:00+00:00,2418.0,Península
2023-01-06 11:35:00+00:00,2399.0,Península
2023-01-06 11:40:00+00:00,2406.0,Península
2023-01-06 11:45:00+00:00,2430.0,Península
2023-01-06 11:50:00+00:00,2431.0,Península
2023-01-06 11:55:00+00:00,2440.0,Península
2023-01-06 12:00:00+00:00,2431.0,Península
2023-01-06 12:05:00+00:00,2443.0,Península
2023-01-06 12:10:00+00:00,2470.0,Península
2023-01-06 12:15:00+00:00,2475.0,Península
2023-01-06 12:20:00+00:00,2509.0,Península
2023-01-06 12:25:00+00:00,2532.0,Península
2023-01-06 12:30:00+00:00,2585.0,Península
2023-01-06 12:35:00+00:00,2576.0,Península
2023-01-06 12:40:00+00:00,2584.0,Península
2023-01-06 12:45:00+00:00,2606.0,Península
2023-01-06 12:50:00+00:00,2608.0,Península
2023-01-06 12:55:00+00:00,2660.0,Península
2023-01-06 13:00:00+00:00,2657.0,Península
2023-01-06 13:05:00+00:00,2686.0,Península
2023-01-06 13:10:00+00:00,2679.0,Península
2023-01-06 13:15:00+00:00,2705.0,Península
2023-01-06 13:20:00+00:00,2762.0,Península
2023-01-06 13:25:00+00:00,2767.0,Península
2023-01-06 13:30:00+00:00,2804.0,Península
2023-01-06 13:35:00+00:00,2814.0,Península
2023-01-06 13:40:00+00:00,2849.0,Península
2023-01-06 13:45:00+00:00,2886.0,Península
2023-01-06 13:50:00+00:00,2921.0,Península
2023-01-06 13:55:00+00:00,2946.0,Península
2023-01-06 14:00:00+00:00,2944.0,Península
2023-01-06 14:05:00+00:00,2979.0,Península
2023-01-06 14:10:00+00:00,3003.0,Península
2023-01-06 14:15:00+00:00,3010.0,Península
2023-01-06 14:20:00+00:00,3048.0,Península
2023-01-06 14:25:00+00:00,3058.0,Península
2023-01-06 14:30:00+00:00,3081.0,Península
2023-01-06 14:35:00+00:00,3098.0,Península
2023-01-06 14:40:00+00:00,3132.0,Península
2023-01-06 14:45:00+00:00,3168.0,Península
2023-01-06 14:50:00+00:00,3185.0,Península
2023-01-06 14:55:00+00:00,3175.0,Península
2023-01-06 15:00:00+00:00,3268.0,Península
2023-01-06 15:05:00+00:00,3312.0,Península
2023-01-06 15:10:00+00:00,3371.0,Península
2023-01-06 15:15:00+00:00,3390.0,Península
2023-01-06 15:20:00+00:00,3437.0,Península
2023-01-06 15:25:00+00:00,3452.0,Península
2023-01-06 15:30:00+00:00,3525.0,Península
2023-01-06 15:35:00+00:00,3575.0,Península
2023-01-06 15:40:00+00:00,3639.0,Península
2023-01-06 15:45:00+00:00,3645.0,Península
2023-01-06 15:50:00+00:00,3739.0,Península
2023-01-06 15:55:00+00:00,3795.0,Península
2023-01-06 16:00:00+00:00,3826.0,Península
2023-01-06 16:05:00+00:00,3882.0,Península
2023-01-06 16:10:00+00:00,3948.0,Península
2023-01-06 16:15:00+00:00,3973.0,Península
2023-01-06 16:20:00+00:00,4017.0,Península
2023-01-06 16:25:00+00:00,4089.0,Península
2023-01-06 16:30:00+00:00,4138.0,Península
2023-01-06 16:35:00+00:00,4197.0,Península
2023-01-06 16:40:00+00:00,4248.0,Península
2023-01-06 16:45:00+00:00,4322.0,Península
2023-01-06 16:50:00+00:00,4355.0,Península
2023-01-06 16:55:00+00:00,4425.0,Península
2023-01-06 17:00:00+00:00,4472.0,Península
2023-01-06 17:05:00+00:00,4548.0,Península
2023-01-06 17:10:00+00:00,4640.0,Península
2023-01-06 17:15:00+00:00,4684.0,Península
2023-01-06 17:20:00+00:00,4757.0,Península
2023-01-06 17:25:00+00:00,4802.0,Península
2023-01-06 17:30:00+00:00,4886.0,Península
2023-01-06 17:35:00+00:00,4929.0,Península
2023-01-06 17:40:00+00:00,4955.0,Península
2023-01-06 17:45:00+00:00,5003.0,Península
2023-01-06 17:50:00+00:00,4979.0,Península
2023-01-06 17:55:00+00:00,5020.0,Península
2023-01-06 18:00:00+00:00,5065.0,Península
2023-01-06 18:05:00+00:00,5089.0,Península
2023-01-06 18:10:00+00:00,5152.0,Península
2023-01-06 18:15:00+00:00,5196.0,Península
2023-01-06 18:20:00+00:00,5226.0,Península
2023-01-06 18:25:00+00:00,5248.0,Península
2023-01-06 18:30:00+00:00,5328.0,Península
2023-01-06 18:35:00+00:00,5384.0,Península
2023-01-06 18:40:00+00:00,5447.0,Península
2023-01-06 18:45:00+00:00,5498.0,Península
2023-01-06 18:50:00+00:00,5512.0,Península
2023-01-06 18:55:00+00:00,5551.0,Península
2023-01-06 19:00:00+00:00,5619.0,Península
2023-01-06 19:05:00+00:00,5697.0,Península
2023-01-06 19:10:00+00:00,5787.0,Península
2023-01-06 19:15:00+00:00,5837.0,Península
2023-01-06 19:20:00+00:00,5861.0,Península
2023-01-06 19:25:00+00:00,5938.0,Península
2023-01-06 19:30:00+00:00,5997.0,Península
2023-01-06 19:35:00+00:00,6047.0,Península
2023-01-06 19:40:00+00:00,6075.0,Península
2023-01-06 19:45:00+00:00,6115.0,Península
2023-01-06 19:50:00+00:00,6170.0,Península
2023-01-06 19:55:00+00:00,6224.0,Península
2023-01-06 20:00:00+00:00,6263.0,Península
2023-01-06 20:05:00+00:00,6351.0,Península
2023-01-06 20:10:00+00:00,6356.0,Península
2023-01-06 20:15:00+00:00,6357.0,Península
2023-01-06 20:20:00+00:00,6420.0,Península
2023-01-06 20:25:00+00:00,6466.0,Península
2023-01-06 20:30:00+00:00,6495.0,Península
2023-01-06 20:35:00+00:00,6547.0,Península
2023-01-06 20:40:00+00:00,6623.0,Península
2023-01-06 20:45:00+00:00,6690.0,Península
2023-01-06 20:50:00+00:00,6746.0,Península
2023-01-06 20:55:00+00:00,6767.0,Península
2023-01-06 21:00:00+00:00,6807.0,Península
2023-01-06 21:05:00+00:00,6859.0,Península
2023-01-06 21:10:00+00:00,6899.0,Península
2023-01-06 21:15:00+00:00,6944.0,Península
2023-01-06 21:20:00+00:00,7028.0,Península
2023-01-06 21:25:00+00:00,7056.0,Península
2023-01-06 21:30:00+00:00,7122.0,Península
2023-01-06 21:35:00+00:00,7173.0,Península
2023-01-06 21:40:00+00:00,7255.0,Península
2023-01-06 21:45:00+00:00,7279.0,Península
2023-01-06 21:50:00+00:00,7274.0,Península
2023-01-06 21:55:00+00:00,7279.0,Península
2023-01-06 22:00:00+00:00,7310.0,Península
2023-01-06 22:05:00+00:00,7273.0,Península
2023-01-06 22:10:00+00:00,7301.0,Península
2023-01-06 22:15:00+00:00,7346.0,Península
2023-01-06 22:20:00+00:00,7331.0,Península
2023-01-06 22:25:00+00:00,7388.0,Península
2023-01-06 22:30:00+00:00,7463.0,Península
2023-01-06 22:35:00+00:00,7501.0,Península
2023-01-06 22:40:00+00:00,7518.0,Península
2023-01-06 22:45:00+00:00,7576.0,Península
2023-01-06 22:50:00+00:00,7602.0,Península
2023-01-06 22:55:00+00:00,7631.0,Península
2023-01-06 23:00:00+00:00,7671.0,Península
2023-01-06 23:05:00+00:00,7653.0,Península
2023-01-06 23:10:00+00:00,7743.0,Península
2023-01-06 23:15:00+00:00,7845.0,Península
2023-01-06 23:20:00+00:00,7937.0,Península
2023-01-06 23:25:00+00:00,7963.0,Península
2023-01-06 23:30:00+00:00,8015.0,Península
2023-01-06 23:35:00+00:00,8037.0,Península
2023-01-06 23:40:00+00:00,8104.0,Península
2023-01-06 23:45:00+00:00,8159.0,Península
2023-01-06 23:50:00+00:00,8257.0,Península
2023-01-06 23:55:00+00:00,8321.0,Península
2023-01-07 00:00:00+00:00,8274.0,Península
2023-01-07 00:05:00+00:00,8255.0,Península
2023-01-07 00:10:00+00:00,8255.0,Península
2023-01-07 00:15:00+00:00,8292.0,Península
2023-01-07 00:20:00+00:00,8337.0,Península
2023-01-07 00:25:00+00:00,8416.0,Península
2023-01-07 00:30:00+00:00,8489.0,Península
2023-01-07 00:35:00+00:00,8577.0,Península
2023-01-07 00:40:00+00:00,8606.0,Península
2023-01-07 00:45:00+00:00,8734.0,Península
2023-01-07 00:50:00+00:00,8824.0,Península
2023-01-07 00:55:00+00:00,8876.0,Península
2023-01-07 01:00:00+00:00,8871.0,Península
2023-01-07 01:05:00+00:00,8960.0,Península
2023-01-07 01:10:00+00:00,9051.0,Península
2023-01-07 01:15:00+00:00,9059.0,Península
2023-01-07 01:20:00+00:00,9058.0,Península
2023-01-07 01:25:00+00:00,9026.0,Península
2023-01-07 01:30:00+00:00,9045.0,Península
2023-01-07 01:35:00+00:00,9012.0,Península
2023-01-07 01:40:00+00:00,8966.0,Península
2023-01-07 01:45:00+00:00,9016.0,Península
2023-01-07 01:50:00+00:00,9043.0,Península
2023-01-07 01:55:00+00:00,9085.0,Península
2023-01-07 02:00:00+00:00,9081.0,Península
2023-01-07 02:05:00+00:00,9160.0,Península
2023-01-07 02:10:00+00:00,9192.0,Península
2023-01-07 02:15:00+00:00,9227.0,Península
2023-01-07 02:20:00+00:00,9272.0,Península
2023-01-07 02:25:00+00:00,9280.0,Península
2023-01-07 02:30:00+00:00,9281.0,Península
2023-01-07 02:35:00+00:00,9207.0,Península
2023-01-07 02:40:00+00:00,9231.0,Península
2023-01-07 02:45:00+00:00,9221.0,Península
2023-01-07 02:50:00+00:00,9182.0,Península
2023-01-07 02:55:00+00:00,9197.0,Península
2023-01-07 03:00:00+00:00,9258.0,Península
2023-01-07 03:05:00+00:00,9279.0,Península
2023-01-07 03:10:00+00:00,9377.0,Península
2023-01-07 03:15:00+00:00,9414.0,Península
2023-01-07 03:20:00+00:00,9456.0,Península
2023-01-07 03:25:00+00:00,9520.0,Península
2023-01-07 03:30:00+00:00,9496.0,Península
2023-01-07 03:35:00+00:00,9500.0,Península
2023-01-07 03:40:00+00:00,9513.0,Península
2023-01-07 03:45:00+00:00,9612.0,Península
2023-01-07 03:50:00+00:00,9643.0,Península
2023-01-07 03:55:00+00:00,9640.0,Península
2023-01-07 04:00:00+00:00,9699.0,Península
2023-01-07 04:05:00+00:00,9684.0,Península
2023-01-07 04:10:00+00:00,9748.0,Península
2023-01-07 04:15:00+00:00,9819.0,Península
2023-01-07 04:20:00+00:00,9842.0,Península
2023-01-07 04:25:00+00:00,9875.0,Península
2023-01-07 04:30:00+00:00,9881.0,Península
2023-01-07 04:35:00+00:00,9928.0,Península
2023-01-07 04:40:00+00:00,9951.0,Península
2023-01-07 04:45:00+00:00,10009.0,Península
2023-01-07 04:50:00+00:00,9976.0,Península
2023-01-07 04:55:00+00:00,9998.0,Península
2023-01-07 05:00:00+00:00,10044.0,Península
2023-01-07 05:05:00+00:00,10056.0,Península
2023-01-07 05:10:00+00:00,10137.0,Península
2023-01-07 05:15:00+00:00,10138.0,Península
2023-01-07 05:20:00+00:00,10116.0,Península
2023-01-07 05:25:00+00:00,10196.0,Península
2023-01-07 05:30:00+00:00,10297.0,Península
2023-01-07 05:35:00+00:00,10383.0,Península
2023-01-07 05:40:00+00:00,10484.0,Península
2023-01-07 05:45:00+00:00,10516.0,Península
2023-01-07 05:50:00+00:00,10564.0,Península
2023-01-07 05:55:00+00:00,10663.0,Península
2023-01-07 06:00:00+00:00,10623.0,Península
2023-01-07 06:05:00+00:00,10696.0,Península
2023-01-07 06:10:00+00:00,10831.0,Península
2023-01-07 06:15:00+00:00,10838.0,Península
2023-01-07 06:20:00+00:00,10869.0,Península
2023-01-07 06:25:00+00:00,10901.0,Península
2023-01-07 06:30:00+00:00,10926.0,Península
2023-01-07 06:35:00+00:00,11011.0,Península
2023-01-07 06:40:00+00:00,11050.0,Península
2023-01-07 06:45:00+00:00,11150.0,Península
2023-01-07 06:50:00+00:00,11044.0,Península
2023-01-07 06:55:00+00:00,11172.0,Península
2023-01-07 07:00:00+00:00,11316.0,Península
2023-01-07 07:05:00+00:00,11330.0,Península
2023-01-07 07:10:00+00:00,11321.0,Península
2023-01-07 07:15:00+00:00,11460.0,Península
2023-01-07 07:20:00+00:00,11469.0,Península
2023-01-07 07:25:00+00:00,11522.0,Península
2023-01-07 07:30:00+00:00,11552.0,Península
2023-01-07 07:35:00+00:00,11594.0,Península
2023-01-07 07:40:00+00:00,11596.0,Península
2023-01-07 07:45:00+00:00,11552.0,Península
2023-01-07 07:50:00+00:00,11623.0,Península
2023-01-07 07:55:00+00:00,11661.0,Península
2023-01-07 08:00:00+00:00,11772.0,Península
2023-01-07 08:05:00+00:00,11730.0,Península
2023-01-07 08:10:00+00:00,11806.0,Península
2023-01-07 08:15:00+00:00,11799.0,Península
2023-01-07 08:20:00+00:00,11807.0,Península
2023-01-07 08:25:00+00:00,11806.0,Península
2023-01-07 08:30:00+00:00,11830.0,Península
2023-01-07 08:35:00+00:00,11913.0,Península
2023-01-07 08:40:00+00:00,11979.0,Península
2023-01-07 08:45:00+00:00,12113.0,Península
2023-01-07 08:50:00+00:00,12213.0,Península
2023-01-07 08:55:00+00:00,12233.0,Península
2023-01-07 09:00:00+00:00,12405.0,Península
2023-01-07 09:05:00+00:00,12460.0,Península
2023-01-07 09:10:00+00:00,12535.0,Península
2023-01-07 09:15:00+00:00,12533.0,Península
2023-01-07 09:20:00+00:00,12675.0,Península
2023-01-07 09:25:00+00:00,12703.0,Península
2023-01-07 09:30:00+00:00,12712.0,Península
2023-01-07 09:35:00+00:00,12819.0,Península
2023-01-07 09:40:00+00:00,12771.0,Península
2023-01-07 09:45:00+00:00,12806.0,Península
2023-01-07 09:50:00+00:00,12844.0,Península
2023-01-07 09:55:00+00:00,12827.0,Península
2023-01-07 10:00:00+00:00,12878.0,Península
2023-01-07 10:05:00+00:00,12784.0,Península
2023-01-07 10:10:00+00:00,12753.0,Península
2023-01-07 10:15:00+00:00,12688.0,Península
2023-01-07 10:20:00+00:00,12795.0,Península
2023-01-07 10:25:00+00:00,12848.0,Península
2023-01-07 10:30:00+00:00,12873.0,Península
2023-01-07 10:35:00+00:00,12755.0,Península
2023-01-07 10:40:00+00:00,12756.0,Península
2023-01-07 10:45:00+00:00,12778.0,Península
2023-01-07 10:50:00+00:00,12771.0,Península
2023-01-07 10:55:00+00:00,12809.0,Península
2023-01-07 11:00:00+00:00,12861.0,Península
2023-01-07 11:05:00+00:00,12886.0,Península
2023-01-07 11:10:00+00:00,12929.0,Península
2023-01-07 11:15:00+00:00,12856.0,Península
2023-01-07 11:20:00+00:00,12761.0,Península
2023-01-07 11:25:00+00:00,12846.0,Península
2023-01-07 11:30:00+00:00,12907.0,Península
2023-01-07 11:35:00+00:00,12980.0,Península
2023-01-07 11:40:00+00:00,13078.0,Península
2023-01-07 11:45:00+00:00,13036.0,Península
2023-01-07 11:50:00+00:00,13107.0,Península
2023-01-07 11:55:00+00:00,13143.0,Península
2023-01-07 12:00:00+00:00,13338.0,Península
2023-01-07 12:05:00+00:00,13423.0,Península
2023-01-07 12:10:00+00:00,13720.0,Península
2023-01-07 12:15:00+00:00,13782.0,Península
2023-01-07 12:20:00+00:00,13787.0,Península
2023-01-07 12:25:00+00:00,13755.0,Península
2023-01-07 12:30:00+00:00,13869.0,Península
2023-01-07 12:35:00+00:00,14002.0,Península
2023-01-07 12:40:00+00:00,14031.0,Península
2023-01-07 12:45:00+00:00,14005.0,Península
2023-01-07 12:50:00+00:00,14022.0,Península
2023-01-07 12:55:00+00:00,14130.0,Península
2023-01-07 13:00:00+00:00,14320.0,Península
2023-01-07 13:05:00+00:00,14396.0,Península
2023-01-07 13:10:00+00:00,14425.0,Península
2023-01-07 13:15:00+00:00,14654.0,Península
2023-01-07 13:20:00+00:00,14640.0,Península
2023-01-07 13:25:00+00:00,14570.0,Península
2023-01-07 13:30:00+00:00,14490.0,Península
2023-01-07 13:35:00+00:00,14510.0,Península
2023-01-07 13:40:00+00:00,14449.0,Península
2023-01-07 13:45:00+00:00,14395.0,Península
2023-01-07 13:50:00+00:00,14453.0,Península
2023-01-07 13:55:00+00:00,14561.0,Península
2023-01-07 14:00:00+00:00,14646.0,Península
2023-01-07 14:05:00+00:00,14599.0,Península
2023-01-07 14:10:00+00:00,14575.0,Península
2023-01-07 14:15:00+00:00,14523.0,Península
2023-01-07 14:20:00+00:00,14503.0,Península
2023-01-07 14:25:00+00:00,14548.0,Península
2023-01-07 14:30:00+00:00,14495.0,Península
2023-01-07 14:35:00+00:00,14587.0,Península
2023-01-07 14:40:00+00:00,14719.0,Península
2023-01-07 14:45:00+00:00,14653.0,Península
2023-01-07 14:50:00+00:00,14762.0,Península
2023-01-07 14:55:00+00:00,14808.0,Península
2023-01-07 15:00:00+00:00,14832.0,Península
2023-01-07 15:05:00+00:00,14673.0,Península
2023-01-07 15:10:00+00:00,14730.0,Península
2023-01-07 15:15:00+00:00,14861.0,Península
2023-01-07 15:20:00+00:00,14977.0,Península
2023-01-07 15:25:00+00:00,15206.0,Península
2023-01-07 15:30:00+00:00,15149.0,Península
2023-01-07 15:35:00+00:00,15349.0,Península
2023-01-07 15:40:00+00:00,15482.0,Península
2023-01-07 15:45:00+00:00,15574.0,Península
2023-01-07 15:50:00+00:00,15569.0,Península
2023-01-07 15:55:00+00:00,15653.0,Península
2023-01-07 16:00:00+00:00,15514.0,Península
2023-01-07 16:05:00+00:00,15531.0,Península
2023-01-07 16:10:00+00:00,15488.0,Península
2023-01-07 16:15:00+00:00,15447.0,Península
2023-01-07 16:20:00+00:00,15372.0,Península
2023-01-07 16:25:00+00:00,15369.0,Península
2023-01-07 16:30:00+00:00,15475.0,Península
2023-01-07 16:35:00+00:00,15351.0,Península
2023-01-07 16:40:00+00:00,15288.0,Península
2023-01-07 16:45:00+00:00,15316.0,Península
2023-01-07 16:50:00+00:00,15226.0,Península
2023-01-07 16:55:00+00:00,15255.0,Península
2023-01-07 17:00:00+00:00,15340.0,Península
2023-01-07 17:05:00+00:00,15358.0,Península
2023-01-07 17:10:00+00:00,15295.0,Península
2023-01-07 17:15:00+00:00,15271.0,Península
2023-01-07 17:20:00+00:00,15339.0,Península
2023-01-07 17:25:00+00:00,15388.0,Península
2023-01-07 17:30:00+00:00,15403.0,Península
2023-01-07 17:35:00+00:00,15385.0,Península
2023-01-07 17:40:00+00:00,15324.0,Península
2023-01-07 17:45:00+00:00,15335.0,Península
2023-01-07 17:50:00+00:00,15387.0,Península
2023-01-07 17:55:00+00:00,15448.0,Península
2023-01-07 18:00:00+00:00,15285.0,Península
2023-01-07 18:05:00+00:00,15309.0,Península
2023-01-07 18:10:00+00:00,15278.0,Península
2023-01-07 18:15:00+00:00,15239.0,Península
2023-01-07 18:20:00+00:00,15293.0,Península
2023-01-07 18:25:00+00:00,15353.0,Península
2023-01-07 18:30:00+00:00,15377.0,Península
2023-01-07 18:35:00+00:00,15443.0,Península
2023-01-07 18:40:00+00:00,15477.0,Península
2023-01-07 18:45:00+00:00,15457.0,Península
2023-01-07 18:50:00+00:00,15484.0,Península
2023-01-07 18:55:00+00:00,15555.0,Península
2023-01-07 19:00:00+00:00,15588.0,Península
2023-01-07 19:05:00+00:00,15749.0,Península
2023-01-07 19:10:00+00:00,15795.0,Península
2023-01-07 19:15:00+00:00,15823.0,Península
2023-01-07 19:20:00+00:00,15960.0,Península
2023-01-07 19:25:00+00:00,16018.0,Península
2023-01-07 19:30:00+00:00,16042.0,Península
2023-01-07 19:35:00+00:00,15926.0,Península
2023-01-07 19:40:00+00:00,15811.0,Península
2023-01-07 19:45:00+00:00,15857.0,Península
2023-01-07 19:50:00+00:00,15788.0,Península
2023-01-07 19:55:00+00:00,15771.0,Península
2023-01-07 20:00:00+00:00,15709.0,Península
2023-01-07 20:05:00+00:00,15553.0,Península
2023-01-07 20:10:00+00:00,15628.0,Península
2023-01-07 20:15:00+00:00,15630.0,Península
2023-01-07 20:20:00+00:00,15671.0,Península
2023-01-07 20:25:00+00:00,15589.0,Península
2023-01-07 20:30:00+00:00,15488.0,Península
2023-01-07 20:35:00+00:00,15487.0,Península
2023-01-07 20:40:00+00:00,15396.0,Península
2023-01-07 20:45:00+00:00,15219.0,Península
2023-01-07 20:50:00+00:00,15202.0,Península
2023-01-07 20:55:00+00:00,15247.0,Península
2023-01-07 21:00:00+00:00,15263.0,Península
2023-01-07 21:05:00+00:00,15339.0,Península
2023-01-07 21:10:00+00:00,15304.0,Península
2023-01-07 21:15:00+00:00,15182.0,Península
2023-01-07 21:20:00+00:00,15102.0,Península
2023-01-07 21:25:00+00:00,15115.0,Península
2023-01-07 21:30:00+00:00,15081.0,Península
2023-01-07 21:35:00+00:00,15126.0,Península
2023-01-07 21:40:00+00:00,15057.0,Península
2023-01-07 21:45:00+00:00,15067.0,Península
2023-01-07 21:50:00+00:00,14990.0,Península
2023-01-07 21:55:00+00:00,14890.0,Península
2023-01-07 22:00:00+00:00,14943.0,Península
2023-01-07 22:05:00+00:00,15014.0,Península
2023-01-07 22:10:00+00:00,14921.0,Península
2023-01-07 22:15:00+00:00,14997.0,Península
2023-01-07 22:20:00+00:00,14916.0,Península
2023-01-07 22:25:00+00:00,14857.0,Península
2023-01-07 22:30:00+00:00,14787.0,Península
2023-01-07 22:35:00+00:00,14820.0,Península
2023-01-07 22:40:00+00:00,14806.0,Península
2023-01-07 22:45:00+00:00,14785.0,Península
2023-01-07 22:50:00+00:00,14888.0,Península
2023-01-07 22:55:00+00:00,14983.0,Península
2023-01-07 23:00:00+00:00,15022.0,Península
2023-01-07 23:05:00+00:00,15019.0,Península
2023-01-07 23:10:00+00:00,15208.0,Península
2023-01-07 23:15:00+00:00,15223.0,Península
2023-01-07 23:20:00+00:00,15262.0,Península
2023-01-07 23:25:00+00:00,15177.0,Península
2023-01-07 23:30:00+00:00,15134.0,Península
2023-01-07 23:35:00+00:00,14803.0,Península
2023-01-07 23:40:00+00:00,14633.0,Península
2023-01-07 23:45:00+00:00,14674.0,Península
2023-01-07 23:50:00+00:00,14698.0,Península
2023-01-07 23:55:00+00:00,14747.0,Península
2023-01-08 00:00:00+00:00,14506.0,Península
2023-01-08 00:05:00+00:00,14367.0,Península
2023-01-08 00:10:00+00:00,14333.0,Península
2023-01-08 00:15:00+00:00,14367.0,Península
2023-01-08 00:20:00+00:00,14391.0,Península
2023-01-08 00:25:00+00:00,14343.0,Península
2023-01-08 00:30:00+00:00,14349.0,Península
2023-01-08 00:35:00+00:00,14275.0,Península
2023-01-08 00:40:00+00:00,14132.0,Península
2023-01-08 00:45:00+00:00,14201.0,Península
2023-01-08 00:50:00+00:00,14221.0,Península
2023-01-08 00:55:00+00:00,14049.0,Península
2023-01-08 01:00:00+00:00,13982.0,Península
2023-01-08 01:05:00+00:00,14092.0,Península
2023-01-08 01:10:00+00:00,14026.0,Península
2023-01-08 01:15:00+00:00,13941.0,Península
2023-01-08 01:20:00+00:00,13747.0,Península
2023-01-08 01:25:00+00:00,13692.0,Península
2023-01-08 01:30:00+00:00,13760.0,Península
2023-01-08 01:35:00+00:00,13812.0,Península
2023-01-08 01:40:00+00:00,13810.0,Península
2023-01-08 01:45:00+00:00,13831.0,Península
2023-01-08 01:50:00+00:00,13787.0,Península
2023-01-08 01:55:00+00:00,13833.0,Península
2023-01-08 02:00:00+00:00,13730.0,Península
2023-01-08 02:05:00+00:00,13280.0,Península
2023-01-08 02:10:00+00:00,13188.0,Península
2023-01-08 02:15:00+00:00,13218.0,Península
2023-01-08 02:20:00+00:00,13245.0,Península
2023-01-08 02:25:00+00:00,13225.0,Península
2023-01-08 02:30:00+00:00,13218.0,Península
2023-01-08 02:35:00+00:00,13245.0,Península
2023-01-08 02:40:00+00:00,13226.0,Península
2023-01-08 02:45:00+00:00,13036.0,Península
2023-01-08 02:50:00+00:00,13049.0,Península
2023-01-08 02:55:00+00:00,13028.0,Península
2023-01-08 03:00:00+00:00,12897.0,Península
2023-01-08 03:05:00+00:00,12607.0,Península
2023-01-08 03:10:00+00:00,12410.0,Península
2023-01-08 03:15:00+00:00,12308.0,Península
2023-01-08 03:20:00+00:00,12254.0,Península
2023-01-08 03:25:00+00:00,12254.0,Península
2023-01-08 03:30:00+00:00,12281.0,Península
2023-01-08 03:35:00+00:00,12383.0,Península
2023-01-08 03:40:00+00:00,12425.0,Península
2023-01-08 03:45:00+00:00,12367.0,Península
2023-01-08 03:50:00+00:00,12732.0,Península
2023-01-08 03:55:00+00:00,13272.0,Península
2023-01-08 04:00:00+00:00,13601.0,Península
2023-01-08 04:05:00+00:00,12505.0,Península
2023-01-08 04:10:00+00:00,12419.0,Península
2023-01-08 04:15:00+00:00,12716.0,Península
2023-01-08 04:20:00+00:00,12662.0,Península
2023-01-08 04:25:00+00:00,12650.0,Península
2023-01-08 04:30:00+00:00,12709.0,Península
2023-01-08 04:35:00+00:00,12714.0,Península
2023-01-08 04:40:00+00:00,12694.0,Península
2023-01-08 04:45:00+00:00,12702.0,Península
2023-01-08 04:50:00+00:00,12623.0,Península
2023-01-08 04:55:00+00:00,12552.0,Península
2023-01-08 05:00:00+00:00,12583.0,Península
2023-01-08 05:05:00+00:00,12623.0,Península
2023-01-08 05:10:00+00:00,12787.0,Península
2023-01-08 05:15:00+00:00,12838.0,Península
2023-01-08 05:20:00+00:00,12607.0,Península
2023-01-08 05:25:00+00:00,12723.0,Península
2023-01-08 05:30:00+00:00,12819.0,Península
2023-01-08 05:35:00+00:00,12833.0,Península
2023-01-08 05:40:00+00:00,12794.0,Península
2023-01-08 05:45:00+00:00,12751.0,Península
2023-01-08 05:50:00+00:00,12870.0,Península
2023-01-08 05:55:00+00:00,12868.0,Península
2023-01-08 06:00:00+00:00,12751.0,Península
2023-01-08 06:05:00+00:00,12635.0,Península
2023-01-08 06:10:00+00:00,12759.0,Península
2023-01-08 06:15:00+00:00,12775.0,Península
2023-01-08 06:20:00+00:00,12848.0,Península
2023-01-08 06:25:00+00:00,12920.0,Península
2023-01-08 06:30:00+00:00,12890.0,Península
2023-01-08 06:35:00+00:00,12932.0,Península
2023-01-08 06:40:00+00:00,12912.0,Península
2023-01-08 06:45:00+00:00,12900.0,Península
2023-01-08 06:50:00+00:00,13047.0,Península
2023-01-08 06:55:00+00:00,13053.0,Península
2023-01-08 07:00:00+00:00,13053.0,Península
2023-01-08 07:05:00+00:00,12870.0,Península
2023-01-08 07:10:00+00:00,12915.0,Península
2023-01-08 07:15:00+00:00,12910.0,Península
2023-01-08 07:20:00+00:00,12942.0,Península
2023-01-08 07:25:00+00:00,13044.0,Península
2023-01-08 07:30:00+00:00,13125.0,Península
2023-01-08 07:35:00+00:00,13063.0,Península
2023-01-08 07:40:00+00:00,13187.0,Península
2023-01-08 07:45:00+00:00,13307.0,Península
2023-01-08 07:50:00+00:00,13434.0,Península
2023-01-08 07:55:00+00:00,13498.0,Península
2023-01-08 08:00:00+00:00,13585.0,Península
2023-01-08 08:05:00+00:00,13673.0,Península
2023-01-08 08:10:00+00:00,13759.0,Península
2023-01-08 08:15:00+00:00,13920.0,Península
2023-01-08 08:20:00+00:00,14189.0,Península
2023-01-08 08:25:00+00:00,14201.0,Península
2023-01-08 08:30:00+00:00,14322.0,Península
2023-01-08 08:35:00+00:00,14439.0,Península
2023-01-08 08:40:00+00:00,14560.0,Península
2023-01-08 08:45:00+00:00,14708.0,Península
2023-01-08 08:50:00+00:00,14732.0,Península
2023-01-08 08:55:00+00:00,14826.0,Península
2023-01-08 09:00:00+00:00,14905.0,Península
2023-01-08 09:05:00+00:00,15107.0,Península
2023-01-08 09:10:00+00:00,15409.0,Península
2023-01-08 09:15:00+00:00,15466.0,Península
2023-01-08 09:20:00+00:00,15139.0,Península
2023-01-08 09:25:00+00:00,15182.0,Península
2023-01-08 09:30:00+00:00,15201.0,Península
2023-01-08 09:35:00+00:00,15146.0,Península
2023-01-08 09:40:00+00:00,15229.0,Península
2023-01-08 09:45:00+00:00,15226.0,Península
2023-01-08 09:50:00+00:00,15239.0,Península
2023-01-08 09:55:00+00:00,15243.0,Península
2023-01-08 10:00:00+00:00,15348.0,Península
2023-01-08 10:05:00+00:00,15299.0,Península
2023-01-08 10:10:00+00:00,15371.0,Península
2023-01-08 10:15:00+00:00,15360.0,Península
2023-01-08 10:20:00+00:00,15491.0,Península
2023-01-08 10:25:00+00:00,15543.0,Península
2023-01-08 10:30:00+00:00,15649.0,Península
2023-01-08 10:35:00+00:00,15658.0,Península
2023-01-08 10:40:00+00:00,15778.0,Península
2023-01-08 10:45:00+00:00,15832.0,Península
2023-01-08 10:50:00+00:00,15908.0,Península
2023-01-08 10:55:00+00:00,15874.0,Península
2023-01-08 11:00:00+00:00,15941.0,Península
2023-01-08 11:05:00+00:00,16076.0,Península
2023-01-08 11:10:00+00:00,16259.0,Península
2023-01-08 11:15:00+00:00,16257.0,Península
2023-01-08 11:20:00+00:00,16284.0,Península
2023-01-08 11:25:00+00:00,16317.0,Península
2023-01-08 11:30:00+00:00,16404.0,Península
2023-01-08 11:35:00+00:00,16177.0,Península
2023-01-08 11:40:00+00:00,16252.0,Península
2023-01-08 11:45:00+00:00,16657.0,Península
2023-01-08 11:50:00+00:00,16754.0,Península
2023-01-08 11:55:00+00:00,16742.0,Península
2023-01-08 12:00:00+00:00,16864.0,Península
2023-01-08 12:05:00+00:00,17140.0,Península
2023-01-08 12:10:00+00:00,17177.0,Península
2023-01-08 12:15:00+00:00,17258.0,Península
2023-01-08 12:20:00+00:00,17276.0,Península
2023-01-08 12:25:00+00:00,17324.0,Península
2023-01-08 12:30:00+00:00,17494.0,Península
2023-01-08 12:35:00+00:00,17872.0,Península
2023-01-08 12:40:00+00:00,17844.0,Península
2023-01-08 12:45:00+00:00,17921.0,Península
2023-01-08 12:50:00+00:00,18262.0,Península
2023-01-08 12:55:00+00:00,17732.0,Península
2023-01-08 13:00:00+00:00,17614.0,Península
2023-01-08 13:05:00+00:00,17616.0,Península
2023-01-08 13:10:00+00:00,17323.0,Península
2023-01-08 13:15:00+00:00,17287.0,Península
2023-01-08 13:20:00+00:00,17375.0,Península
2023-01-08 13:25:00+00:00,17390.0,Península
2023-01-08 13:30:00+00:00,17359.0,Península
2023-01-08 13:35:00+00:00,17487.0,Península
2023-01-08 13:40:00+00:00,17437.0,Península
2023-01-08 13:45:00+00:00,17324.0,Península
2023-01-08 13:50:00+00:00,17442.0,Península
2023-01-08 13:55:00+00:00,17370.0,Península
2023-01-08 14:00:00+00:00,17190.0,Península
2023-01-08 14:05:00+00:00,17324.0,Península
2023-01-08 14:10:00+00:00,17460.0,Península
2023-01-08 14:15:00+00:00,17484.0,Península
2023-01-08 14:20:00+00:00,17387.0,Península
2023-01-08 14:25:00+00:00,17392.0,Península
2023-01-08 14:30:00+00:00,17359.0,Península
2023-01-08 14:35:00+00:00,17454.0,Península
2023-01-08 14:40:00+00:00,17407.0,Península
2023-01-08 14:45:00+00:00,17514.0,Península
2023-01-08 14:50:00+00:00,17614.0,Península
2023-01-08 14:55:00+00:00,17656.0,Península
2023-01-08 15:00:00+00:00,17483.0,Península
2023-01-08 15:05:00+00:00,17403.0,Península
2023-01-08 15:10:00+00:00,17462.0,Península
2023-01-08 15:15:00+00:00,17219.0,Península
2023-01-08 15:20:00+00:00,17144.0,Península
2023-01-08 15:25:00+00:00,17013.0,Península
2023-01-08 15:30:00+00:00,16932.0,Península
2023-01-08 15:35:00+00:00,16922.0,Península
2023-01-08 15:40:00+00:00,16997.0,Península
2023-01-08 15:45:00+00:00,16998.0,Península
2023-01-08 15:50:00+00:00,17008.0,Península
2023-01-08 15:55:00+00:00,16963.0,Península
2023-01-08 16:00:00+00:00,16963.0,Península
2023-01-08 16:05:00+00:00,16843.0,Península
2023-01-08 16:10:00+00:00,16865.0,Península
2023-01-08 16:15:00+00:00,16911.0,Península
2023-01-08 16:20:00+00:00,17075.0,Península
2023-01-08 16:25:00+00:00,17135.0,Península
2023-01-08 16:30:00+00:00,17182.0,Península
2023-01-08 16:35:00+00:00,17175.0,Península
2023-01-08 16:40:00+00:00,17170.0,Península
2023-01-08 16:45:00+00:00,17095.0,Península
2023-01-08 16:50:00+00:00,17464.0,Península
2023-01-08 16:55:00+00:00,17307.0,Península
2023-01-08 17:00:00+00:00,17597.0,Península
2023-01-08 17:05:00+00:00,17405.0,Península
2023-01-08 17:10:00+00:00,17471.0,Península
2023-01-08 17:15:00+00:00,17461.0,Península
2023-01-08 17:20:00+00:00,17397.0,Península
2023-01-08 17:25:00+00:00,17415.0,Península
2023-01-08 17:30:00+00:00,17372.0,Península
2023-01-08 17:35:00+00:00,17206.0,Península
2023-01-08 17:40:00+00:00,17308.0,Península
2023-01-08 17:45:00+00:00,17332.0,Península
2023-01-08 17:50:00+00:00,17650.0,Península
2023-01-08 17:55:00+00:00,17670.0,Península
2023-01-08 18:00:00+00:00,17672.0,Península
2023-01-08 18:05:00+00:00,17828.0,Península
2023-01-08 18:10:00+00:00,17994.0,Península
2023-01-08 18:15:00+00:00,18046.0,Península
2023-01-08 18:20:00+00:00,18055.0,Península
2023-01-08 18:25:00+00:00,18076.0,Península
2023-01-08 18:30:00+00:00,18083.0,Península
2023-01-08 18:35:00+00:00,18045.0,Península
2023-01-08 18:40:00+00:00,17923.0,Península
2023-01-08 18:45:00+00:00,17891.0,Península
2023-01-08 18:50:00+00:00,17904.0,Península
2023-01-08 18:55:00+00:00,17999.0,Península
2023-01-08 19:00:00+00:00,18064.0,Península
2023-01-08 19:05:00+00:00,17991.0,Península
2023-01-08 19:10:00+00:00,18012.0,Península
2023-01-08 19:15:00+00:00,18044.0,Península
2023-01-08 19:20:00+00:00,18117.0,Península
2023-01-08 19:25:00+00:00,18162.0,Península
2023-01-08 19:30:00+00:00,18135.0,Península
2023-01-08 19:35:00+00:00,18224.0,Península
2023-01-08 19:40:00+00:00,18297.0,Península
2023-01-08 19:45:00+00:00,18208.0,Península
2023-01-08 19:50:00+00:00,18154.0,Península
2023-01-08 19:55:00+00:00,18053.0,Península
2023-01-08 20:00:00+00:00,18121.0,Península
2023-01-08 20:05:00+00:00,18071.0,Península
2023-01-08 20:10:00+00:00,18013.0,Península
2023-01-08 20:15:00+00:00,17953.0,Península
2023-01-08 20:20:00+00:00,18006.0,Península
2023-01-08 20:25:00+00:00,17958.0,Península
2023-01-08 20:30:00+00:00,18112.0,Península
2023-01-08 20:35:00+00:00,18137.0,Península
2023-01-08 20:40:00+00:00,18067.0,Península
2023-01-08 20:45:00+00:00,18113.0,Península
2023-01-08 20:50:00+00:00,18115.0,Península
2023-01-08 20:55:00+00:00,18027.0,Península
2023-01-08 21:00:00+00:00,18148.0,Península
2023-01-08 21:05:00+00:00,17751.0,Península
2023-01-08 21:10:00+00:00,17508.0,Península
2023-01-08 21:15:00+00:00,17490.0,Península
2023-01-08 21:20:00+00:00,17328.0,Península
2023-01-08 21:25:00+00:00,17390.0,Península
2023-01-08 21:30:00+00:00,17382.0,Península
2023-01-08 21:35:00+00:00,17386.0,Península
2023-01-08 21:40:00+00:00,17405.0,Península
2023-01-08 21:45:00+00:00,17464.0,Península
2023-01-08 21:50:00+00:00,17374.0,Península
2023-01-08 21:55:00+00:00,17364.0,Península
2023-01-08 22:00:00+00:00,17316.0,Península
2023-01-08 22:05:00+00:00,17179.0,Península
2023-01-08 22:10:00+00:00,17027.0,Península
2023-01-08 22:15:00+00:00,16871.0,Península
2023-01-08 22:20:00+00:00,16932.0,Península
2023-01-08 22:25:00+00:00,16877.0,Península
2023-01-08 22:30:00+00:00,16743.0,Península
2023-01-08 22:35:00+00:00,16667.0,Península
2023-01-08 22:40:00+00:00,16639.0,Península
2023-01-08 22:45:00+00:00,15846.0,Península
2023-01-08 22:50:00+00:00,15822.0,Península
2023-01-08 22:55:00+00:00,15753.0,Península
2023-01-08 23:00:00+00:00,15658.0,Península
2023-01-08 23:05:00+00:00,15202.0,Península
2023-01-08 23:10:00+00:00,15169.0,Península
2023-01-08 23:15:00+00:00,15255.0,Península
2023-01-08 23:20:00+00:00,15212.0,Península
2023-01-08 23:25:00+00:00,15124.0,Península
2023-01-08 23:30:00+00:00,15074.0,Península
2023-01-08 23:35:00+00:00,14993.0,Península
2023-01-08 23:40:00+00:00,14968.0,Península
2023-01-08 23:45:00+00:00,14930.0,Península
2023-01-08 23:50:00+00:00,14923.0,Península
2023-01-08 23:55:00+00:00,14894.0,Península
2023-01-09 00:00:00+00:00,14910.0,Península
2023-01-09 00:05:00+00:00,14826.0,Península
2023-01-09 00:10:00+00:00,14796.0,Península
2023-01-09 00:15:00+00:00,14693.0,Península
2023-01-09 00:20:00+00:00,14646.0,Península
2023-01-09 00:25:00+00:00,14596.0,Península
2023-01-09 00:30:00+00:00,14518.0,Península
2023-01-09 00:35:00+00:00,14579.0,Península
2023-01-09 00:40:00+00:00,14498.0,Península
2023-01-09 00:45:00+00:00,14468.0,Península
2023-01-09 00:50:00+00:00,14511.0,Península
2023-01-09 00:55:00+00:00,14487.0,Península
2023-01-09 01:00:00+00:00,14613.0,Península
2023-01-09 01:05:00+00:00,14441.0,Península
2023-01-09 01:10:00+00:00,14293.0,Península
2023-01-09 01:15:00+00:00,14300.0,Península
2023-01-09 01:20:00+00:00,14011.0,Península
2023-01-09 01:25:00+00:00,13976.0,Península
2023-01-09 01:30:00+00:00,13959.0,Península
2023-01-09 01:35:00+00:00,13851.0,Península
2023-01-09 01:40:00+00:00,13830.0,Península
2023-01-09 01:45:00+00:00,13761.0,Península
2023-01-09 01:50:00+00:00,13635.0,Península
2023-01-09 01:55:00+00:00,13614.0,Península
2023-01-09 02:00:00+00:00,13577.0,Península
2023-01-09 02:05:00+00:00,13480.0,Península
2023-01-09 02:10:00+00:00,13510.0,Península
2023-01-09 02:15:00+00:00,13532.0,Península
2023-01-09 02:20:00+00:00,13543.0,Península
2023-01-09 02:25:00+00:00,13514.0,Península
2023-01-09 02:30:00+00:00,13533.0,Península
2023-01-09 02:35:00+00:00,13464.0,Península
2023-01-09 02:40:00+00:00,13497.0,Península
2023-01-09 02:45:00+00:00,13285.0,Península
2023-01-09 02:50:00+00:00,13184.0,Península
2023-01-09 02:55:00+00:00,13206.0,Península
2023-01-09 03:00:00+00:00,13096.0,Península
2023-01-09 03:05:00+00:00,13089.0,Península
2023-01-09 03:10:00+00:00,12996.0,Península
2023-01-09 03:15:00+00:00,13056.0,Península
2023-01-09 03:20:00+00:00,13032.0,Península
2023-01-09 03:25:00+00:00,12970.0,Península
2023-01-09 03:30:00+00:00,13041.0,Península
2023-01-09 03:35:00+00:00,13016.0,Península
2023-01-09 03:40:00+00:00,13083.0,Península
2023-01-09 03:45:00+00:00,13053.0,Península
2023-01-09 03:50:00+00:00,13055.0,Península
2023-01-09 03:55:00+00:00,13051.0,Península
2023-01-09 04:00:00+00:00,13032.0,Península
2023-01-09 04:05:00+00:00,13111.0,Península
2023-01-09 04:10:00+00:00,13187.0,Península
2023-01-09 04:15:00+00:00,13063.0,Península
2023-01-09 04:20:00+00:00,13005.0,Península
2023-01-09 04:25:00+00:00,12888.0,Península
2023-01-09 04:30:00+00:00,12873.0,Península
2023-01-09 04:35:00+00:00,12828.0,Península
2023-01-09 04:40:00+00:00,12778.0,Península
2023-01-09 04:45:00+00:00,13044.0,Península
2023-01-09 04:50:00+00:00,13290.0,Península
2023-01-09 04:55:00+00:00,13157.0,Península
2023-01-09 05:00:00+00:00,13731.0,Península
2023-01-09 05:05:00+00:00,13752.0,Península
2023-01-09 05:10:00+00:00,13972.0,Península
2023-01-09 05:15:00+00:00,14016.0,Península
2023-01-09 05:20:00+00:00,14034.0,Península
2023-01-09 05:25:00+00:00,14518.0,Península
2023-01-09 05:30:00+00:00,14846.0,Península
2023-01-09 05:35:00+00:00,14759.0,Península
2023-01-09 05:40:00+00:00,14804.0,Península
2023-01-09 05:45:00+00:00,14842.0,Península
2023-01-09 05:50:00+00:00,14734.0,Península
2023-01-09 05:55:00+00:00,14715.0,Península
2023-01-09 06:00:00+00:00,14677.0,Península
2023-01-09 06:05:00+00:00,14801.0,Península
2023-01-09 06:10:00+00:00,14852.0,Península
2023-01-09 06:15:00+00:00,14848.0,Península
2023-01-09 06:20:00+00:00,14882.0,Península
2023-01-09 06:25:00+00:00,14869.0,Península
2023-01-09 06:30:00+00:00,14922.0,Península
2023-01-09 06:35:00+00:00,14849.0,Península
2023-01-09 06:40:00+00:00,14877.0,Península
2023-01-09 06:45:00+00:00,14677.0,Península
2023-01-09 06:50:00+00:00,14629.0,Península
2023-01-09 06:55:00+00:00,14557.0,Península
2023-01-09 07:00:00+00:00,14440.0,Península
2023-01-09 07:05:00+00:00,14364.0,Península
2023-01-09 07:10:00+00:00,14341.0,Península
2023-01-09 07:15:00+00:00,14283.0,Península
2023-01-09 07:20:00+00:00,14152.0,Península
2023-01-09 07:25:00+00:00,14100.0,Península
2023-01-09 07:30:00+00:00,14086.0,Península
2023-01-09 07:35:00+00:00,14058.0,Península
2023-01-09 07:40:00+00:00,14055.0,Península
2023-01-09 07:45:00+00:00,13991.0,Península
2023-01-09 07:50:00+00:00,13945.0,Península
2023-01-09 07:55:00+00:00,13838.0,Península
2023-01-09 08:00:00+00:00,13775.0,Península
2023-01-09 08:05:00+00:00,13655.0,Península
2023-01-09 08:10:00+00:00,13667.0,Península
2023-01-09 08:15:00+00:00,13587.0,Península
2023-01-09 08:20:00+00:00,13527.0,Península
2023-01-09 08:25:00+00:00,13483.0,Península
2023-01-09 08:30:00+00:00,13488.0,Península
2023-01-09 08:35:00+00:00,13460.0,Península
2023-01-09 08:40:00+00:00,13421.0,Península
2023-01-09 08:45:00+00:00,13278.0,Península
2023-01-09 08:50:00+00:00,13239.0,Península
2023-01-09 08:55:00+00:00,13094.0,Península
2023-01-09 09:00:00+00:00,12969.0,Península
2023-01-09 09:05:00+00:00,12813.0,Península
2023-01-09 09:10:00+00:00,12711.0,Península
2023-01-09 09:15:00+00:00,12744.0,Península
2023-01-09 09:20:00+00:00,12654.0,Península
2023-01-09 09:25:00+00:00,12548.0,Península
2023-01-09 09:30:00+00:00,12481.0,Península
2023-01-09 09:35:00+00:00,12351.0,Península
2023-01-09 09:40:00+00:00,12319.0,Península
2023-01-09 09:45:00+00:00,12346.0,Península
2023-01-09 09:50:00+00:00,12379.0,Península
2023-01-09 09:55:00+00:00,12407.0,Península
2023-01-09 10:00:00+00:00,12373.0,Península
2023-01-09 10:05:00+00:00,12355.0,Península
2023-01-09 10:10:00+00:00,12390.0,Península
2023-01-09 10:15:00+00:00,12427.0,Península
2023-01-09 10:20:00+00:00,12474.0,Península
2023-01-09 10:25:00+00:00,12434.0,Península
2023-01-09 10:30:00+00:00,12428.0,Península
2023-01-09 10:35:00+00:00,12319.0,Península
2023-01-09 10:40:00+00:00,12363.0,Península
2023-01-09 10:45:00+00:00,12354.0,Península
2023-01-09 10:50:00+00:00,11911.0,Península
2023-01-09 10:55:00+00:00,11874.0,Península
2023-01-09 11:00:00+00:00,11953.0,Península
2023-01-09 11:05:00+00:00,12007.0,Península
2023-01-09 11:10:00+00:00,12110.0,Península
2023-01-09 11:15:00+00:00,12123.0,Península
2023-01-09 11:20:00+00:00,12212.0,Península
2023-01-09 11:25:00+00:00,12271.0,Península
2023-01-09 11:30:00+00:00,12296.0,Península
2023-01-09 11:35:00+00:00,12272.0,Península
2023-01-09 11:40:00+00:00,12450.0,Península
2023-01-09 11:45:00+00:00,12465.0,Península
2023-01-09 11:50:00+00:00,12396.0,Península
2023-01-09 11:55:00+00:00,12431.0,Península
2023-01-09 12:00:00+00:00,12514.0,Península
2023-01-09 12:05:00+00:00,12409.0,Península
2023-01-09 12:10:00+00:00,12603.0,Península
2023-01-09 12:15:00+00:00,12656.0,Península
2023-01-09 12:20:00+00:00,12668.0,Península
2023-01-09 12:25:00+00:00,12613.0,Península
2023-01-09 12:30:00+00:00,12582.0,Península
2023-01-09 12:35:00+00:00,12487.0,Península
2023-01-09 12:40:00+00:00,12465.0,Península
2023-01-09 12:45:00+00:00,12511.0,Península
2023-01-09 12:50:00+00:00,12528.0,Península
2023-01-09 12:55:00+00:00,12618.0,Península
2023-01-09 13:00:00+00:00,12608.0,Península
2023-01-09 13:05:00+00:00,12597.0,Península
2023-01-09 13:10:00+00:00,12584.0,Península
2023-01-09 13:15:00+00:00,12224.0,Península
2023-01-09 13:20:00+00:00,12182.0,Península
2023-01-09 13:25:00+00:00,12224.0,Península
2023-01-09 13:30:00+00:00,12244.0,Península
2023-01-09 13:35:00+00:00,12296.0,Península
2023-01-09 13:40:00+00:00,12325.0,Península
2023-01-09 13:45:00+00:00,12288.0,Península
2023-01-09 13:50:00+00:00,12326.0,Península
2023-01-09 13:55:00+00:00,12302.0,Península
2023-01-09 14:00:00+00:00,12295.0,Península
2023-01-09 14:05:00+00:00,12309.0,Península
2023-01-09 14:10:00+00:00,12376.0,Península
2023-01-09 14:15:00+00:00,12438.0,Península
2023-01-09 14:20:00+00:00,12374.0,Península
2023-01-09 14:25:00+00:00,12202.0,Península
2023-01-09 14:30:00+00:00,12156.0,Península
2023-01-09 14:35:00+00:00,12220.0,Península
2023-01-09 14:40:00+00:00,12182.0,Península
2023-01-09 14:45:00+00:00,12103.0,Península
2023-01-09 14:50:00+00:00,12095.0,Península
2023-01-09 14:55:00+00:00,12399.0,Península
2023-01-09 15:00:00+00:00,12338.0,Península
2023-01-09 15:05:00+00:00,12351.0,Península
2023-01-09 15:10:00+00:00,11816.0,Península
2023-01-09 15:15:00+00:00,11753.0,Península
2023-01-09 15:20:00+00:00,11479.0,Península
2023-01-09 15:25:00+00:00,11524.0,Península
2023-01-09 15:30:00+00:00,11570.0,Península
2023-01-09 15:35:00+00:00,11454.0,Península
2023-01-09 15:40:00+00:00,11730.0,Península
2023-01-09 15:45:00+00:00,12028.0,Península
2023-01-09 15:50:00+00:00,11957.0,Península
2023-01-09 15:55:00+00:00,11917.0,Península
2023-01-09 16:00:00+00:00,12089.0,Península
2023-01-09 16:05:00+00:00,11861.0,Península
2023-01-09 16:10:00+00:00,11725.0,Península
2023-01-09 16:15:00+00:00,11558.0,Península
2023-01-09 16:20:00+00:00,11534.0,Península
2023-01-09 16:25:00+00:00,11403.0,Península
2023-01-09 16:30:00+00:00,11244.0,Península
2023-01-09 16:35:00+00:00,11154.0,Península
2023-01-09 16:40:00+00:00,10961.0,Península
2023-01-09 16:45:00+00:00,10912.0,Península
2023-01-09 16:50:00+00:00,10821.0,Península
2023-01-09 16:55:00+00:00,10779.0,Península
2023-01-09 17:00:00+00:00,10695.0,Península
2023-01-09 17:05:00+00:00,10692.0,Península
2023-01-09 17:10:00+00:00,10650.0,Península
2023-01-09 17:15:00+00:00,10586.0,Península
2023-01-09 17:20:00+00:00,10516.0,Península
2023-01-09 17:25:00+00:00,10483.0,Península
2023-01-09 17:30:00+00:00,10417.0,Península
2023-01-09 17:35:00+00:00,10374.0,Península
2023-01-09 17:40:00+00:00,10352.0,Península
2023-01-09 17:45:00+00:00,10311.0,Península
2023-01-09 17:50:00+00:00,10280.0,Península
2023-01-09 17:55:00+00:00,10311.0,Península
2023-01-09 18:00:00+00:00,10376.0,Península
2023-01-09 18:05:00+00:00,10432.0,Península
2023-01-09 18:10:00+00:00,10552.0,Península
2023-01-09 18:15:00+00:00,10562.0,Península
2023-01-09 18:20:00+00:00,10494.0,Península
2023-01-09 18:25:00+00:00,10429.0,Península
2023-01-09 18:30:00+00:00,10284.0,Península
2023-01-09 18:35:00+00:00,10251.0,Península
2023-01-09 18:40:00+00:00,10285.0,Península
2023-01-09 18:45:00+00:00,10305.0,Península
2023-01-09 18:50:00+00:00,10281.0,Península
2023-01-09 18:55:00+00:00,10277.0,Península
2023-01-09 19:00:00+00:00,10218.0,Península
2023-01-09 19:05:00+00:00,10188.0,Península
2023-01-09 19:10:00+00:00,10227.0,Península
2023-01-09 19:15:00+00:00,10219.0,Península
2023-01-09 19:20:00+00:00,10280.0,Península
2023-01-09 19:25:00+00:00,10301.0,Península
2023-01-09 19:30:00+00:00,10388.0,Península
2023-01-09 19:35:00+00:00,10491.0,Península
2023-01-09 19:40:00+00:00,10547.0,Península
2023-01-09 19:45:00+00:00,10622.0,Península
2023-01-09 19:50:00+00:00,10647.0,Península
2023-01-09 19:55:00+00:00,10694.0,Península
2023-01-09 20:00:00+00:00,10699.0,Península
2023-01-09 20:05:00+00:00,10615.0,Península
2023-01-09 20:10:00+00:00,10633.0,Península
2023-01-09 20:15:00+00:00,10601.0,Península
2023-01-09 20:20:00+00:00,10588.0,Península
2023-01-09 20:25:00+00:00,10591.0,Península
2023-01-09 20:30:00+00:00,10639.0,Península
2023-01-09 20:35:00+00:00,10639.0,Península
2023-01-09 20:40:00+00:00,10695.0,Península
2023-01-09 20:45:00+00:00,10706.0,Península
2023-01-09 20:50:00+00:00,10748.0,Península
2023-01-09 20:55:00+00:00,10806.0,Península
2023-01-09 21:00:00+00:00,10800.0,Península
2023-01-09 21:05:00+00:00,10790.0,Península
2023-01-09 21:10:00+00:00,10860.0,Península
2023-01-09 21:15:00+00:00,10861.0,Península
2023-01-09 21:20:00+00:00,10942.0,Península
2023-01-09 21:25:00+00:00,11004.0,Península
2023-01-09 21:30:00+00:00,11085.0,Península
2023-01-09 21:35:00+00:00,11092.0,Península
2023-01-09 21:40:00+00:00,11119.0,Península
2023-01-09 21:45:00+00:00,11084.0,Península
2023-01-09 21:50:00+00:00,11139.0,Península
2023-01-09 21:55:00+00:00,11124.0,Península
2023-01-09 22:00:00+00:00,11091.0,Península
2023-01-09 22:05:00+00:00,11018.0,Península
2023-01-09 22:10:00+00:00,10959.0,Península
2023-01-09 22:15:00+00:00,10934.0,Península
2023-01-09 22:20:00+00:00,10905.0,Península
2023-01-09 22:25:00+00:00,10715.0,Península
2023-01-09 22:30:00+00:00,10607.0,Península
2023-01-09 22:35:00+00:00,10520.0,Península
2023-01-09 22:40:00+00:00,10400.0,Península
2023-01-09 22:45:00+00:00,10300.0,Península
2023-01-09 22:50:00+00:00,10239.0,Península
2023-01-09 22:55:00+00:00,10122.0,Península
2023-01-09 23:00:00+00:00,10116.0,Península
2023-01-09 23:05:00+00:00,10010.0,Península
2023-01-09 23:10:00+00:00,9958.0,Península
2023-01-09 23:15:00+00:00,9960.0,Península
2023-01-09 23:20:00+00:00,9958.0,Península
2023-01-09 23:25:00+00:00,9934.0,Península
2023-01-09 23:30:00+00:00,9892.0,Península
2023-01-09 23:35:00+00:00,9860.0,Península
2023-01-09 23:40:00+00:00,9805.0,Península
2023-01-09 23:45:00+00:00,9815.0,Península
2023-01-09 23:50:00+00:00,9798.0,Península
2023-01-09 23:55:00+00:00,9810.0,Península
2023-01-10 00:00:00+00:00,9928.0,Península
2023-01-10 00:05:00+00:00,9958.0,Península
2023-01-10 00:10:00+00:00,9978.0,Península
2023-01-10 00:15:00+00:00,9890.0,Península
2023-01-10 00:20:00+00:00,9814.0,Península
2023-01-10 00:25:00+00:00,9748.0,Península
2023-01-10 00:30:00+00:00,9648.0,Península
2023-01-10 00:35:00+00:00,9599.0,Península
2023-01-10 00:40:00+00:00,9515.0,Península
2023-01-10 00:45:00+00:00,9481.0,Península
2023-01-10 00:50:00+00:00,9516.0,Península
2023-01-10 00:55:00+00:00,9514.0,Península
2023-01-10 01:00:00+00:00,9527.0,Península
2023-01-10 01:05:00+00:00,9468.0,Península
2023-01-10 01:10:00+00:00,9408.0,Península
2023-01-10 01:15:00+00:00,9317.0,Península
2023-01-10 01:20:00+00:00,9283.0,Península
2023-01-10 01:25:00+00:00,9198.0,Península
2023-01-10 01:30:00+00:00,9111.0,Península
2023-01-10 01:35:00+00:00,8995.0,Península
2023-01-10 01:40:00+00:00,8916.0,Península
2023-01-10 01:45:00+00:00,8878.0,Península
2023-01-10 01:50:00+00:00,8847.0,Península
2023-01-10 01:55:00+00:00,8842.0,Península
2023-01-10 02:00:00+00:00,8820.0,Península
2023-01-10 02:05:00+00:00,8829.0,Península
2023-01-10 02:10:00+00:00,8874.0,Península
2023-01-10 02:15:00+00:00,8860.0,Península
2023-01-10 02:20:00+00:00,8837.0,Península
2023-01-10 02:25:00+00:00,8786.0,Península
2023-01-10 02:30:00+00:00,8699.0,Península
2023-01-10 02:35:00+00:00,8700.0,Península
2023-01-10 02:40:00+00:00,8709.0,Península
2023-01-10 02:45:00+00:00,8719.0,Península
2023-01-10 02:50:00+00:00,8798.0,Península
2023-01-10 02:55:00+00:00,8876.0,Península
2023-01-10 03:00:00+00:00,8950.0,Península
2023-01-10 03:05:00+00:00,9006.0,Península
2023-01-10 03:10:00+00:00,9010.0,Península
2023-01-10 03:15:00+00:00,8965.0,Península
2023-01-10 03:20:00+00:00,8989.0,Península
2023-01-10 03:25:00+00:00,9045.0,Península
2023-01-10 03:30:00+00:00,9042.0,Península
2023-01-10 03:35:00+00:00,9176.0,Península
2023-01-10 03:40:00+00:00,9233.0,Península
2023-01-10 03:45:00+00:00,9326.0,Península
2023-01-10 03:50:00+00:00,9389.0,Península
2023-01-10 03:55:00+00:00,9341.0,Península
2023-01-10 04:00:00+00:00,9384.0,Península
2023-01-10 04:05:00+00:00,9428.0,Península
2023-01-10 04:10:00+00:00,9580.0,Península
2023-01-10 04:15:00+00:00,9598.0,Península
2023-01-10 04:20:00+00:00,9534.0,Península
2023-01-10 04:25:00+00:00,9519.0,Península
2023-01-10 04:30:00+00:00,9485.0,Península
2023-01-10 04:35:00+00:00,9501.0,Península
2023-01-10 04:40:00+00:00,9513.0,Península
2023-01-10 04:45:00+00:00,9508.0,Península
2023-01-10 04:50:00+00:00,9537.0,Península
2023-01-10 04:55:00+00:00,9620.0,Península
2023-01-10 05:00:00+00:00,9699.0,Península
2023-01-10 05:05:00+00:00,9721.0,Península
2023-01-10 05:10:00+00:00,9832.0,Península
2023-01-10 05:15:00+00:00,9837.0,Península
2023-01-10 05:20:00+00:00,9882.0,Península
2023-01-10 05:25:00+00:00,9926.0,Península
2023-01-10 05:30:00+00:00,9890.0,Península
2023-01-10 05:35:00+00:00,9857.0,Península
2023-01-10 05:40:00+00:00,9831.0,Península
2023-01-10 05:45:00+00:00,9776.0,Península
2023-01-10 05:50:00+00:00,9769.0,Península
2023-01-10 05:55:00+00:00,9724.0,Península
2023-01-10 06:00:00+00:00,9719.0,Península
2023-01-10 06:05:00+00:00,9664.0,Península
2023-01-10 06:10:00+00:00,9666.0,Península
2023-01-10 06:15:00+00:00,9634.0,Península
2023-01-10 06:20:00+00:00,9577.0,Península
2023-01-10 06:25:00+00:00,9565.0,Península
2023-01-10 06:30:00+00:00,9534.0,Península
2023-01-10 06:35:00+00:00,9486.0,Península
2023-01-10 06:40:00+00:00,9441.0,Península
2023-01-10 06:45:00+00:00,9402.0,Península
2023-01-10 06:50:00+00:00,9399.0,Península
2023-01-10 06:55:00+00:00,9356.0,Península
2023-01-10 07:00:00+00:00,9386.0,Península
2023-01-10 07:05:00+00:00,9394.0,Península
2023-01-10 07:10:00+00:00,9367.0,Península
2023-01-10 07:15:00+00:00,9281.0,Península
2023-01-10 07:20:00+00:00,9208.0,Península
2023-01-10 07:25:00+00:00,9108.0,Península
2023-01-10 07:30:00+00:00,9062.0,Península
2023-01-10 07:35:00+00:00,8969.0,Península
2023-01-10 07:40:00+00:00,8961.0,Península
2023-01-10 07:45:00+00:00,8925.0,Península
2023-01-10 07:50:00+00:00,8905.0,Península
2023-01-10 07:55:00+00:00,8859.0,Península
2023-01-10 08:00:00+00:00,8784.0,Península
2023-01-10 08:05:00+00:00,8749.0,Península
2023-01-10 08:10:00+00:00,8750.0,Península
2023-01-10 08:15:00+00:00,8708.0,Península
2023-01-10 08:20:00+00:00,8666.0,Península
2023-01-10 08:25:00+00:00,8680.0,Península
2023-01-10 08:30:00+00:00,8655.0,Península
2023-01-10 08:35:00+00:00,8620.0,Península
2023-01-10 08:40:00+00:00,8557.0,Península
2023-01-10 08:45:00+00:00,8518.0,Península
2023-01-10 08:50:00+00:00,8402.0,Península
2023-01-10 08:55:00+00:00,8298.0,Península
2023-01-10 09:00:00+00:00,8255.0,Península
2023-01-10 09:05:00+00:00,8278.0,Península
2023-01-10 09:10:00+00:00,8274.0,Península
2023-01-10 09:15:00+00:00,8194.0,Península
2023-01-10 09:20:00+00:00,8142.0,Península
2023-01-10 09:25:00+00:00,8058.0,Península
2023-01-10 09:30:00+00:00,8080.0,Península
2023-01-10 09:35:00+00:00,8039.0,Península
2023-01-10 09:40:00+00:00,8007.0,Península
2023-01-10 09:45:00+00:00,8013.0,Península
2023-01-10 09:50:00+00:00,7972.0,Península
2023-01-10 09:55:00+00:00,7962.0,Península
2023-01-10 10:00:00+00:00,7899.0,Península
2023-01-10 10:05:00+00:00,7864.0,Península
2023-01-10 10:10:00+00:00,7815.0,Península
2023-01-10 10:15:00+00:00,7736.0,Península
2023-01-10 10:20:00+00:00,7739.0,Península
2023-01-10 10:25:00+00:00,7756.0,Península
2023-01-10 10:30:00+00:00,7745.0,Península
2023-01-10 10:35:00+00:00,7747.0,Península
2023-01-10 10:40:00+00:00,7707.0,Península
2023-01-10 10:45:00+00:00,7671.0,Península
2023-01-10 10:50:00+00:00,7562.0,Península
2023-01-10 10:55:00+00:00,7459.0,Península
2023-01-10 11:00:00+00:00,7444.0,Península
2023-01-10 11:05:00+00:00,7476.0,Península
2023-01-10 11:10:00+00:00,7459.0,Península
2023-01-10 11:15:00+00:00,7393.0,Península
2023-01-10 11:20:00+00:00,7353.0,Península
2023-01-10 11:25:00+00:00,7311.0,Península
2023-01-10 11:30:00+00:00,7320.0,Península
2023-01-10 11:35:00+00:00,7285.0,Península
2023-01-10 11:40:00+00:00,7246.0,Península
2023-01-10 11:45:00+00:00,7240.0,Península
2023-01-10 11:50:00+00:00,7199.0,Península
2023-01-10 11:55:00+00:00,7174.0,Península
2023-01-10 12:00:00+00:00,7167.0,Península
2023-01-10 12:05:00+00:00,7228.0,Península
2023-01-10 12:10:00+00:00,7220.0,Península
2023-01-10 12:15:00+00:00,7261.0,Península
2023-01-10 12:20:00+00:00,7260.0,Península
2023-01-10 12:25:00+00:00,7312.0,Península
2023-01-10 12:30:00+00:00,7348.0,Península
2023-01-10 12:35:00+00:00,7326.0,Península
2023-01-10 12:40:00+00:00,7315.0,Península
2023-01-10 12:45:00+00:00,7222.0,Península
2023-01-10 12:50:00+00:00,7265.0,Península
2023-01-10 12:55:00+00:00,7289.0,Península
2023-01-10 13:00:00+00:00,7254.0,Península
2023-01-10 13:05:00+00:00,7249.0,Península
2023-01-10 13:10:00+00:00,7359.0,Península
2023-01-10 13:15:00+00:00,7336.0,Península
2023-01-10 13:20:00+00:00,7421.0,Península
2023-01-10 13:25:00+00:00,7461.0,Península
2023-01-10 13:30:00+00:00,7513.0,Península
2023-01-10 13:35:00+00:00,7571.0,Península
2023-01-10 13:40:00+00:00,7565.0,Península
2023-01-10 13:45:00+00:00,7614.0,Península
2023-01-10 13:50:00+00:00,7593.0,Península
2023-01-10 13:55:00+00:00,7521.0,Península
2023-01-10 14:00:00+00:00,7566.0,Península
2023-01-10 14:05:00+00:00,7637.0,Península
2023-01-10 14:10:00+00:00,7613.0,Península
2023-01-10 14:15:00+00:00,7644.0,Península
2023-01-10 14:20:00+00:00,7726.0,Península
2023-01-10 14:25:00+00:00,7737.0,Península
2023-01-10 14:30:00+00:00,7815.0,Península
2023-01-10 14:35:00+00:00,7907.0,Península
2023-01-10 14:40:00+00:00,7878.0,Península
2023-01-10 14:45:00+00:00,7984.0,Península
2023-01-10 14:50:00+00:00,7996.0,Península
2023-01-10 14:55:00+00:00,8002.0,Península
2023-01-10 15:00:00+00:00,7941.0,Península
2023-01-10 15:05:00+00:00,7865.0,Península
2023-01-10 15:10:00+00:00,7833.0,Península
2023-01-10 15:15:00+00:00,7832.0,Península
2023-01-10 15:20:00+00:00,7733.0,Península
2023-01-10 15:25:00+00:00,7678.0,Península
2023-01-10 15:30:00+00:00,7611.0,Península
2023-01-10 15:35:00+00:00,7572.0,Península
2023-01-10 15:40:00+00:00,7580.0,Península
2023-01-10 15:45:00+00:00,7632.0,Península
2023-01-10 15:50:00+00:00,7619.0,Península
2023-01-10 15:55:00+00:00,7641.0,Península
2023-01-10 16:00:00+00:00,7624.0,Península
2023-01-10 16:05:00+00:00,7678.0,Península
2023-01-10 16:10:00+00:00,7691.0,Península
2023-01-10 16:15:00+00:00,7740.0,Península
2023-01-10 16:20:00+00:00,7816.0,Península
2023-01-10 16:25:00+00:00,7862.0,Península
2023-01-10 16:30:00+00:00,7906.0,Península
2023-01-10 16:35:00+00:00,7938.0,Península
2023-01-10 16:40:00+00:00,7990.0,Península
2023-01-10 16:45:00+00:00,7969.0,Península
2023-01-10 16:50:00+00:00,7985.0,Península
2023-01-10 16:55:00+00:00,8006.0,Península
2023-01-10 17:00:00+00:00,8038.0,Península
2023-01-10 17:05:00+00:00,8084.0,Península
2023-01-10 17:10:00+00:00,8084.0,Península
2023-01-10 17:15:00+00:00,8073.0,Península
2023-01-10 17:20:00+00:00,8032.0,Península
2023-01-10 17:25:00+00:00,8066.0,Península
2023-01-10 17:30:00+00:00,8102.0,Península
2023-01-10 17:35:00+00:00,8120.0,Península
2023-01-10 17:40:00+00:00,8157.0,Península
2023-01-10 17:45:00+00:00,8208.0,Península
2023-01-10 17:50:00+00:00,8244.0,Península
2023-01-10 17:55:00+00:00,8303.0,Península
2023-01-10 18:00:00+00:00,8391.0,Península
2023-01-10 18:05:00+00:00,8407.0,Península
2023-01-10 18:10:00+00:00,8448.0,Península
2023-01-10 18:15:00+00:00,8462.0,Península
2023-01-10 18:20:00+00:00,8518.0,Península
2023-01-10 18:25:00+00:00,8577.0,Península
2023-01-10 18:30:00+00:00,8699.0,Península
2023-01-10 18:35:00+00:00,8730.0,Península
2023-01-10 18:40:00+00:00,8721.0,Península
2023-01-10 18:45:00+00:00,8834.0,Península
2023-01-10 18:50:00+00:00,8882.0,Península
2023-01-10 18:55:00+00:00,8894.0,Península
2023-01-10 19:00:00+00:00,8926.0,Península
2023-01-10 19:05:00+00:00,8927.0,Península
2023-01-10 19:10:00+00:00,8971.0,Península
2023-01-10 19:15:00+00:00,9027.0,Península
2023-01-10 19:20:00+00:00,9045.0,Península
2023-01-10 19:25:00+00:00,9055.0,Península
2023-01-10 19:30:00+00:00,9021.0,Península
2023-01-10 19:35:00+00:00,9095.0,Península
2023-01-10 19:40:00+00:00,9070.0,Península
2023-01-10 19:45:00+00:00,9081.0,Península
2023-01-10 19:50:00+00:00,9067.0,Península
2023-01-10 19:55:00+00:00,9051.0,Península
2023-01-10 20:00:00+00:00,9052.0,Península
2023-01-10 20:05:00+00:00,9062.0,Península
2023-01-10 20:10:00+00:00,9171.0,Península
2023-01-10 20:15:00+00:00,9278.0,Península
2023-01-10 20:20:00+00:00,9347.0,Península
2023-01-10 20:25:00+00:00,9419.0,Península
2023-01-10 20:30:00+00:00,9460.0,Península
2023-01-10 20:35:00+00:00,9514.0,Península
2023-01-10 20:40:00+00:00,9622.0,Península
2023-01-10 20:45:00+00:00,9685.0,Península
2023-01-10 20:50:00+00:00,9740.0,Península
2023-01-10 20:55:00+00:00,9769.0,Península
2023-01-10 21:00:00+00:00,9789.0,Península
2023-01-10 21:05:00+00:00,9861.0,Península
2023-01-10 21:10:00+00:00,9870.0,Península
2023-01-10 21:15:00+00:00,9812.0,Península
2023-01-10 21:20:00+00:00,9869.0,Península
2023-01-10 21:25:00+00:00,9865.0,Península
2023-01-10 21:30:00+00:00,9921.0,Península
2023-01-10 21:35:00+00:00,9884.0,Península
2023-01-10 21:40:00+00:00,9847.0,Península
2023-01-10 21:45:00+00:00,9793.0,Península
2023-01-10 21:50:00+00:00,9771.0,Península
2023-01-10 21:55:00+00:00,9665.0,Península
2023-01-10 22:00:00+00:00,9553.0,Península
2023-01-10 22:05:00+00:00,9486.0,Península
2023-01-10 22:10:00+00:00,9539.0,Península
2023-01-10 22:15:00+00:00,9476.0,Península
2023-01-10 22:20:00+00:00,9476.0,Península
2023-01-10 22:25:00+00:00,9419.0,Península
2023-01-10 22:30:00+00:00,9406.0,Península
2023-01-10 22:35:00+00:00,9404.0,Península
2023-01-10 22:40:00+00:00,9367.0,Península
2023-01-10 22:45:00+00:00,9336.0,Península
2023-01-10 22:50:00+00:00,9353.0,Península
2023-01-10 22:55:00+00:00,9358.0,Península
2023-01-10 23:00:00+00:00,9299.0,Península
2023-01-10 23:05:00+00:00,9280.0,Península
2023-01-10 23:10:00+00:00,9278.0,Península
2023-01-10 23:15:00+00:00,9249.0,Península
2023-01-10 23:20:00+00:00,9201.0,Península
2023-01-10 23:25:00+00:00,9230.0,Península
2023-01-10 23:30:00+00:00,9192.0,Península
2023-01-10 23:35:00+00:00,9036.0,Península
2023-01-10 23:40:00+00:00,9013.0,Península
2023-01-10 23:45:00+00:00,9008.0,Península
2023-01-10 23:50:00+00:00,9086.0,Península
2023-01-10 23:55:00+00:00,9110.0,Península
2023-01-11 00:00:00+00:00,9122.0,Península
2023-01-11 00:05:00+00:00,9120.0,Península
2023-01-11 00:10:00+00:00,9065.0,Península
2023-01-11 00:15:00+00:00,9033.0,Península
2023-01-11 00:20:00+00:00,9053.0,Península
2023-01-11 00:25:00+00:00,9115.0,Península
2023-01-11 00:30:00+00:00,9087.0,Península
2023-01-11 00:35:00+00:00,8985.0,Península
2023-01-11 00:40:00+00:00,8845.0,Península
2023-01-11 00:45:00+00:00,8752.0,Península
2023-01-11 00:50:00+00:00,8632.0,Península
2023-01-11 00:55:00+00:00,8559.0,Península
2023-01-11 01:00:00+00:00,8485.0,Península
2023-01-11 01:05:00+00:00,8398.0,Península
2023-01-11 01:10:00+00:00,8368.0,Península
2023-01-11 01:15:00+00:00,8271.0,Península
2023-01-11 01:20:00+00:00,8213.0,Península
2023-01-11 01:25:00+00:00,8216.0,Península
2023-01-11 01:30:00+00:00,8230.0,Península
2023-01-11 01:35:00+00:00,8175.0,Península
2023-01-11 01:40:00+00:00,8170.0,Península
2023-01-11 01:45:00+00:00,8152.0,Península
2023-01-11 01:50:00+00:00,8087.0,Península
2023-01-11 01:55:00+00:00,7972.0,Península
2023-01-11 02:00:00+00:00,7968.0,Península
2023-01-11 02:05:00+00:00,7847.0,Península
2023-01-11 02:10:00+00:00,7746.0,Península
2023-01-11 02:15:00+00:00,7673.0,Península
2023-01-11 02:20:00+00:00,7559.0,Península
2023-01-11 02:25:00+00:00,7518.0,Península
2023-01-11 02:30:00+00:00,7455.0,Península
2023-01-11 02:35:00+00:00,7441.0,Península
2023-01-11 02:40:00+00:00,7413.0,Península
2023-01-11 02:45:00+00:00,7329.0,Península
2023-01-11 02:50:00+00:00,7358.0,Península
2023-01-11 02:55:00+00:00,7367.0,Península
2023-01-11 03:00:00+00:00,7359.0,Península
2023-01-11 03:05:00+00:00,7358.0,Península
2023-01-11 03:10:00+00:00,7328.0,Península
2023-01-11 03:15:00+00:00,7255.0,Península
2023-01-11 03:20:00+00:00,7236.0,Península
2023-01-11 03:25:00+00:00,7219.0,Península
2023-01-11 03:30:00+00:00,7218.0,Península
2023-01-11 03:35:00+00:00,7109.0,Península
2023-01-11 03:40:00+00:00,7118.0,Península
2023-01-11 03:45:00+00:00,7080.0,Península
2023-01-11 03:50:00+00:00,7051.0,Península
2023-01-11 03:55:00+00:00,7066.0,Península
2023-01-11 04:00:00+00:00,7116.0,Península
2023-01-11 04:05:00+00:00,7092.0,Península
2023-01-11 04:10:00+00:00,7086.0,Península
2023-01-11 04:15:00+00:00,7010.0,Península
2023-01-11 04:20:00+00:00,6961.0,Península
2023-01-11 04:25:00+00:00,7017.0,Península
2023-01-11 04:30:00+00:00,6943.0,Península
2023-01-11 04:35:00+00:00,6928.0,Península
2023-01-11 04:40:00+00:00,6839.0,Península
2023-01-11 04:45:00+00:00,6753.0,Península
2023-01-11 04:50:00+00:00,6693.0,Península
2023-01-11 04:55:00+00:00,6646.0,Península
2023-01-11 05:00:00+00:00,6650.0,Península
2023-01-11 05:05:00+00:00,6660.0,Península
2023-01-11 05:10:00+00:00,6588.0,Península
2023-01-11 05:15:00+00:00,6580.0,Península
2023-01-11 05:20:00+00:00,6557.0,Península
2023-01-11 05:25:00+00:00,6535.0,Península
2023-01-11 05:30:00+00:00,6480.0,Península
2023-01-11 05:35:00+00:00,6437.0,Península
2023-01-11 05:40:00+00:00,6431.0,Península
2023-01-11 05:45:00+00:00,6341.0,Península
2023-01-11 05:50:00+00:00,6313.0,Península
2023-01-11 05:55:00+00:00,6224.0,Península
2023-01-11 06:00:00+00:00,6176.0,Península
2023-01-11 06:05:00+00:00,6207.0,Península
2023-01-11 06:10:00+00:00,6227.0,Península
2023-01-11 06:15:00+00:00,6326.0,Península
2023-01-11 06:20:00+00:00,6443.0,Península
2023-01-11 06:25:00+00:00,6505.0,Península
2023-01-11 06:30:00+00:00,6504.0,Península
2023-01-11 06:35:00+00:00,6550.0,Península
2023-01-11 06:40:00+00:00,6582.0,Península
2023-01-11 06:45:00+00:00,6645.0,Península
2023-01-11 06:50:00+00:00,6705.0,Península
2023-01-11 06:55:00+00:00,6785.0,Península
2023-01-11 07:00:00+00:00,6843.0,Península
2023-01-11 07:05:00+00:00,6906.0,Península
2023-01-11 07:10:00+00:00,6930.0,Península
2023-01-11 07:15:00+00:00,7001.0,Península
2023-01-11 07:20:00+00:00,7029.0,Península
2023-01-11 07:25:00+00:00,7065.0,Península
2023-01-11 07:30:00+00:00,7133.0,Península
2023-01-11 07:35:00+00:00,7071.0,Península
2023-01-11 07:40:00+00:00,6977.0,Península
2023-01-11 07:45:00+00:00,6928.0,Península
2023-01-11 07:50:00+00:00,6983.0,Península
2023-01-11 07:55:00+00:00,6984.0,Península
2023-01-11 08:00:00+00:00,7009.0,Península
2023-01-11 08:05:00+00:00,7041.0,Península
2023-01-11 08:10:00+00:00,7129.0,Península
2023-01-11 08:15:00+00:00,7313.0,Península
2023-01-11 08:20:00+00:00,7466.0,Península
2023-01-11 08:25:00+00:00,7623.0,Península
2023-01-11 08:30:00+00:00,7789.0,Península
2023-01-11 08:35:00+00:00,7877.0,Península
2023-01-11 08:40:00+00:00,7942.0,Península
2023-01-11 08:45:00+00:00,7918.0,Península
2023-01-11 08:50:00+00:00,7843.0,Península
2023-01-11 08:55:00+00:00,7806.0,Península
2023-01-11 09:00:00+00:00,7876.0,Península
2023-01-11 09:05:00+00:00,7903.0,Península
2023-01-11 09:10:00+00:00,8106.0,Península
2023-01-11 09:15:00+00:00,8194.0,Península
2023-01-11 09:20:00+00:00,8339.0,Península
2023-01-11 09:25:00+00:00,8517.0,Península
2023-01-11 09:30:00+00:00,8677.0,Península
2023-01-11 09:35:00+00:00,8756.0,Península
2023-01-11 09:40:00+00:00,8826.0,Península
2023-01-11 09:45:00+00:00,8909.0,Península
2023-01-11 09:50:00+00:00,8964.0,Península
2023-01-11 09:55:00+00:00,9073.0,Península
2023-01-11 10:00:00+00:00,9152.0,Península
2023-01-11 10:05:00+00:00,9159.0,Península
2023-01-11 10:10:00+00:00,9135.0,Península
2023-01-11 10:15:00+00:00,9120.0,Península
2023-01-11 10:20:00+00:00,9150.0,Península
2023-01-11 10:25:00+00:00,9053.0,Península
2023-01-11 10:30:00+00:00,9051.0,Península
2023-01-11 10:35:00+00:00,9014.0,Península
2023-01-11 10:40:00+00:00,9043.0,Península
2023-01-11 10:45:00+00:00,8972.0,Península
2023-01-11 10:50:00+00:00,8968.0,Península
2023-01-11 10:55:00+00:00,8974.0,Península
2023-01-11 11:00:00+00:00,9009.0,Península
2023-01-11 11:05:00+00:00,9032.0,Península
2023-01-11 11:10:00+00:00,9068.0,Península
2023-01-11 11:15:00+00:00,9070.0,Península
2023-01-11 11:20:00+00:00,9220.0,Península
2023-01-11 11:25:00+00:00,9242.0,Península
2023-01-11 11:30:00+00:00,9149.0,Península
2023-01-11 11:35:00+00:00,9185.0,Península
2023-01-11 11:40:00+00:00,9148.0,Península
2023-01-11 11:45:00+00:00,9006.0,Península
2023-01-11 11:50:00+00:00,8971.0,Península
2023-01-11 11:55:00+00:00,8991.0,Península
2023-01-11 12:00:00+00:00,8892.0,Península
2023-01-11 12:05:00+00:00,8860.0,Península
2023-01-11 12:10:00+00:00,8872.0,Península
2023-01-11 12:15:00+00:00,8850.0,Península
2023-01-11 12:20:00+00:00,8851.0,Península
2023-01-11 12:25:00+00:00,8847.0,Península
2023-01-11 12:30:00+00:00,8931.0,Península
2023-01-11 12:35:00+00:00,8923.0,Península
2023-01-11 12:40:00+00:00,8998.0,Península
2023-01-11 12:45:00+00:00,8980.0,Península
2023-01-11 12:50:00+00:00,8992.0,Península
2023-01-11 12:55:00+00:00,9004.0,Península
2023-01-11 13:00:00+00:00,9036.0,Península
2023-01-11 13:05:00+00:00,8926.0,Península
2023-01-11 13:10:00+00:00,8892.0,Península
2023-01-11 13:15:00+00:00,8897.0,Península
2023-01-11 13:20:00+00:00,8883.0,Península
2023-01-11 13:25:00+00:00,8870.0,Península
2023-01-11 13:30:00+00:00,8904.0,Península
2023-01-11 13:35:00+00:00,8920.0,Península
2023-01-11 13:40:00+00:00,8915.0,Península
2023-01-11 13:45:00+00:00,8918.0,Península
2023-01-11 13:50:00+00:00,8904.0,Península
2023-01-11 13:55:00+00:00,8905.0,Península
2023-01-11 14:00:00+00:00,8986.0,Península
2023-01-11 14:05:00+00:00,9060.0,Península
2023-01-11 14:10:00+00:00,9217.0,Península
2023-01-11 14:15:00+00:00,9301.0,Península
2023-01-11 14:20:00+00:00,9361.0,Península
2023-01-11 14:25:00+00:00,9389.0,Península
2023-01-11 14:30:00+00:00,9341.0,Península
2023-01-11 14:35:00+00:00,9443.0,Península
2023-01-11 14:40:00+00:00,9431.0,Península
2023-01-11 14:45:00+00:00,9473.0,Península
2023-01-11 14:50:00+00:00,9495.0,Península
2023-01-11 14:55:00+00:00,9549.0,Península
2023-01-11 15:00:00+00:00,9611.0,Península
2023-01-11 15:05:00+00:00,9454.0,Península
2023-01-11 15:10:00+00:00,9344.0,Península
2023-01-11 15:15:00+00:00,9403.0,Península
2023-01-11 15:20:00+00:00,9393.0,Península
2023-01-11 15:25:00+00:00,9461.0,Península
2023-01-11 15:30:00+00:00,9724.0,Península
2023-01-11 15:35:00+00:00,9497.0,Península
2023-01-11 15:40:00+00:00,9456.0,Península
2023-01-11 15:45:00+00:00,9403.0,Península
2023-01-11 15:50:00+00:00,9337.0,Península
2023-01-11 15:55:00+00:00,9365.0,Península
2023-01-11 16:00:00+00:00,9199.0,Península
2023-01-11 16:05:00+00:00,9134.0,Península
2023-01-11 16:10:00+00:00,9071.0,Península
2023-01-11 16:15:00+00:00,9095.0,Península
2023-01-11 16:20:00+00:00,9050.0,Península
2023-01-11 16:25:00+00:00,9008.0,Península
2023-01-11 16:30:00+00:00,9087.0,Península
2023-01-11 16:35:00+00:00,9064.0,Península
2023-01-11 16:40:00+00:00,9033.0,Península
2023-01-11 16:45:00+00:00,8989.0,Península
2023-01-11 16:50:00+00:00,8974.0,Península
2023-01-11 16:55:00+00:00,8918.0,Península
2023-01-11 17:00:00+00:00,8973.0,Península
2023-01-11 17:05:00+00:00,9054.0,Península
2023-01-11 17:10:00+00:00,9065.0,Península
2023-01-11 17:15:00+00:00,8983.0,Península
2023-01-11 17:20:00+00:00,8860.0,Península
2023-01-11 17:25:00+00:00,8741.0,Península
2023-01-11 17:30:00+00:00,8714.0,Península
2023-01-11 17:35:00+00:00,8731.0,Península
2023-01-11 17:40:00+00:00,8859.0,Península
2023-01-11 17:45:00+00:00,8925.0,Península
2023-01-11 17:50:00+00:00,8948.0,Península
2023-01-11 17:55:00+00:00,8885.0,Península
2023-01-11 18:00:00+00:00,8834.0,Península
2023-01-11 18:05:00+00:00,8773.0,Península
2023-01-11 18:10:00+00:00,8818.0,Península
2023-01-11 18:15:00+00:00,8699.0,Península
2023-01-11 18:20:00+00:00,8725.0,Península
2023-01-11 18:25:00+00:00,8703.0,Península
2023-01-11 18:30:00+00:00,8669.0,Península
2023-01-11 18:35:00+00:00,8779.0,Península
2023-01-11 18:40:00+00:00,8786.0,Península
2023-01-11 18:45:00+00:00,8803.0,Península
2023-01-11 18:50:00+00:00,8825.0,Península
2023-01-11 18:55:00+00:00,8826.0,Península
2023-01-11 19:00:00+00:00,8843.0,Península
2023-01-11 19:05:00+00:00,8831.0,Península
2023-01-11 19:10:00+00:00,8795.0,Península
2023-01-11 19:15:00+00:00,8698.0,Península
2023-01-11 19:20:00+00:00,8670.0,Península
2023-01-11 19:25:00+00:00,8665.0,Península
2023-01-11 19:30:00+00:00,8653.0,Península
2023-01-11 19:35:00+00:00,8653.0,Península
2023-01-11 19:40:00+00:00,8560.0,Península
2023-01-11 19:45:00+00:00,8605.0,Península
2023-01-11 19:50:00+00:00,8646.0,Península
2023-01-11 19:55:00+00:00,8666.0,Península
2023-01-11 20:00:00+00:00,8621.0,Península
2023-01-11 20:05:00+00:00,8576.0,Península
2023-01-11 20:10:00+00:00,8508.0,Península
2023-01-11 20:15:00+00:00,8489.0,Península
2023-01-11 20:20:00+00:00,8473.0,Península
2023-01-11 20:25:00+00:00,8474.0,Península
2023-01-11 20:30:00+00:00,8434.0,Península
2023-01-11 20:35:00+00:00,8406.0,Península
2023-01-11 20:40:00+00:00,8319.0,Península
2023-01-11 20:45:00+00:00,8330.0,Península
2023-01-11 20:50:00+00:00,8330.0,Península
2023-01-11 20:55:00+00:00,8228.0,Península
2023-01-11 21:00:00+00:00,8236.0,Península
2023-01-11 21:05:00+00:00,8225.0,Península
2023-01-11 21:10:00+00:00,8259.0,Península
2023-01-11 21:15:00+00:00,8237.0,Península
2023-01-11 21:20:00+00:00,8245.0,Península
2023-01-11 21:25:00+00:00,8203.0,Península
2023-01-11 21:30:00+00:00,8067.0,Península
2023-01-11 21:35:00+00:00,7957.0,Península
2023-01-11 21:40:00+00:00,7938.0,Península
2023-01-11 21:45:00+00:00,7924.0,Península
2023-01-11 21:50:00+00:00,7900.0,Península
2023-01-11 21:55:00+00:00,7861.0,Península
2023-01-11 22:00:00+00:00,7861.0,Península
2023-01-11 22:05:00+00:00,7875.0,Península
2023-01-11 22:10:00+00:00,7812.0,Península
2023-01-11 22:15:00+00:00,7759.0,Península
2023-01-11 22:20:00+00:00,7760.0,Península
2023-01-11 22:25:00+00:00,7706.0,Península
2023-01-11 22:30:00+00:00,7621.0,Península
2023-01-11 22:35:00+00:00,7539.0,Península
2023-01-11 22:40:00+00:00,7433.0,Península
2023-01-11 22:45:00+00:00,7407.0,Península
2023-01-11 22:50:00+00:00,7409.0,Península
2023-01-11 22:55:00+00:00,7395.0,Península
2023-01-11 23:00:00+00:00,7412.0,Península
2023-01-11 23:05:00+00:00,7491.0,Península
2023-01-11 23:10:00+00:00,7499.0,Península
2023-01-11 23:15:00+00:00,7435.0,Península
2023-01-11 23:20:00+00:00,7445.0,Península
2023-01-11 23:25:00+00:00,7441.0,Península
2023-01-11 23:30:00+00:00,7482.0,Península
2023-01-11 23:35:00+00:00,7541.0,Península
2023-01-11 23:40:00+00:00,7541.0,Península
2023-01-11 23:45:00+00:00,7610.0,Península
2023-01-11 23:50:00+00:00,7661.0,Península
2023-01-11 23:55:00+00:00,7647.0,Península
2023-01-12 00:00:00+00:00,7653.0,Península
2023-01-12 00:05:00+00:00,7620.0,Península
2023-01-12 00:10:00+00:00,7609.0,Península
2023-01-12 00:15:00+00:00,7588.0,Península
2023-01-12 00:20:00+00:00,7574.0,Península
2023-01-12 00:25:00+00:00,7545.0,Península
2023-01-12 00:30:00+00:00,7523.0,Península
2023-01-12 00:35:00+00:00,7493.0,Península
2023-01-12 00:40:00+00:00,7551.0,Península
2023-01-12 00:45:00+00:00,7532.0,Península
2023-01-12 00:50:00+00:00,7478.0,Península
2023-01-12 00:55:00+00:00,7475.0,Península
2023-01-12 01:00:00+00:00,7475.0,Península
2023-01-12 01:05:00+00:00,7457.0,Península
2023-01-12 01:10:00+00:00,7413.0,Península
2023-01-12 01:15:00+00:00,7398.0,Península
2023-01-12 01:20:00+00:00,7351.0,Península
2023-01-12 01:25:00+00:00,7303.0,Península
2023-01-12 01:30:00+00:00,7261.0,Península
2023-01-12 01:35:00+00:00,7195.0,Península
2023-01-12 01:40:00+00:00,7178.0,Península
2023-01-12 01:45:00+00:00,7196.0,Península
2023-01-12 01:50:00+00:00,7168.0,Península
2023-01-12 01:55:00+00:00,7117.0,Península
2023-01-12 02:00:00+00:00,7100.0,Península
2023-01-12 02:05:00+00:00,7038.0,Península
2023-01-12 02:10:00+00:00,6979.0,Península
2023-01-12 02:15:00+00:00,6885.0,Península
2023-01-12 02:20:00+00:00,6778.0,Península
2023-01-12 02:25:00+00:00,6612.0,Península
2023-01-12 02:30:00+00:00,6477.0,Península
2023-01-12 02:35:00+00:00,6376.0,Península
2023-01-12 02:40:00+00:00,6252.0,Península
2023-01-12 02:45:00+00:00,6163.0,Península
2023-01-12 02:50:00+00:00,6121.0,Península
2023-01-12 02:55:00+00:00,6080.0,Península
2023-01-12 03:00:00+00:00,6067.0,Península
2023-01-12 03:05:00+00:00,6056.0,Península
2023-01-12 03:10:00+00:00,6072.0,Península
2023-01-12 03:15:00+00:00,6090.0,Península
2023-01-12 03:20:00+00:00,6076.0,Península
2023-01-12 03:25:00+00:00,6089.0,Península
2023-01-12 03:30:00+00:00,6047.0,Península
2023-01-12 03:35:00+00:00,6065.0,Península
2023-01-12 03:40:00+00:00,6073.0,Península
2023-01-12 03:45:00+00:00,6069.0,Península
2023-01-12 03:50:00+00:00,6040.0,Península
2023-01-12 03:55:00+00:00,6060.0,Península
2023-01-12 04:00:00+00:00,6112.0,Península
2023-01-12 04:05:00+00:00,6103.0,Península
2023-01-12 04:10:00+00:00,6079.0,Península
2023-01-12 04:15:00+00:00,6047.0,Península
2023-01-12 04:20:00+00:00,6080.0,Península
2023-01-12 04:25:00+00:00,6023.0,Península
2023-01-12 04:30:00+00:00,5984.0,Península
2023-01-12 04:35:00+00:00,5931.0,Península
2023-01-12 04:40:00+00:00,5892.0,Península
2023-01-12 04:45:00+00:00,5823.0,Península
2023-01-12 04:50:00+00:00,5807.0,Península
2023-01-12 04:55:00+00:00,5789.0,Península
2023-01-12 05:00:00+00:00,5845.0,Península
2023-01-12 05:05:00+00:00,5865.0,Península
2023-01-12 05:10:00+00:00,5897.0,Península
2023-01-12 05:15:00+00:00,5907.0,Península
2023-01-12 05:20:00+00:00,5898.0,Península
2023-01-12 05:25:00+00:00,5872.0,Península
2023-01-12 05:30:00+00:00,5872.0,Península
2023-01-12 05:35:00+00:00,5852.0,Península
2023-01-12 05:40:00+00:00,5848.0,Península
2023-01-12 05:45:00+00:00,5857.0,Península
2023-01-12 05:50:00+00:00,5837.0,Península
2023-01-12 05:55:00+00:00,5829.0,Península
2023-01-12 06:00:00+00:00,5848.0,Península
2023-01-12 06:05:00+00:00,5828.0,Península
2023-01-12 06:10:00+00:00,5807.0,Península
2023-01-12 06:15:00+00:00,5784.0,Península
2023-01-12 06:20:00+00:00,5749.0,Península
2023-01-12 06:25:00+00:00,5737.0,Península
2023-01-12 06:30:00+00:00,5776.0,Península
2023-01-12 06:35:00+00:00,5773.0,Península
2023-01-12 06:40:00+00:00,5806.0,Península
2023-01-12 06:45:00+00:00,5845.0,Península
2023-01-12 06:50:00+00:00,5823.0,Península
2023-01-12 06:55:00+00:00,5840.0,Península
2023-01-12 07:00:00+00:00,5817.0,Península
2023-01-12 07:05:00+00:00,5777.0,Península
2023-01-12 07:10:00+00:00,5823.0,Península
2023-01-12 07:15:00+00:00,5859.0,Península
2023-01-12 07:20:00+00:00,5820.0,Península
2023-01-12 07:25:00+00:00,5796.0,Península
2023-01-12 07:30:00+00:00,5750.0,Península
2023-01-12 07:35:00+00:00,5703.0,Península
2023-01-12 07:40:00+00:00,5674.0,Península
2023-01-12 07:45:00+00:00,5679.0,Península
2023-01-12 07:50:00+00:00,5710.0,Península
2023-01-12 07:55:00+00:00,5733.0,Península
2023-01-12 08:00:00+00:00,5733.0,Península
2023-01-12 08:05:00+00:00,5724.0,Península
2023-01-12 08:10:00+00:00,5698.0,Península
2023-01-12 08:15:00+00:00,5645.0,Península
2023-01-12 08:20:00+00:00,5612.0,Península
2023-01-12 08:25:00+00:00,5622.0,Península
2023-01-12 08:30:00+00:00,5575.0,Península
2023-01-12 08:35:00+00:00,5523.0,Península
2023-01-12 08:40:00+00:00,5468.0,Península
2023-01-12 08:45:00+00:00,5473.0,Península
2023-01-12 08:50:00+00:00,5472.0,Península
2023-01-12 08:55:00+00:00,5521.0,Península
2023-01-12 09:00:00+00:00,5486.0,Península
2023-01-12 09:05:00+00:00,5461.0,Península
2023-01-12 09:10:00+00:00,5464.0,Península
2023-01-12 09:15:00+00:00,5447.0,Península
2023-01-12 09:20:00+00:00,5452.0,Península
2023-01-12 09:25:00+00:00,5432.0,Península
2023-01-12 09:30:00+00:00,5416.0,Península
2023-01-12 09:35:00+00:00,5372.0,Península
2023-01-12 09:40:00+00:00,5346.0,Península
2023-01-12 09:45:00+00:00,5347.0,Península
2023-01-12 09:50:00+00:00,5340.0,Península
2023-01-12 09:55:00+00:00,5336.0,Península
2023-01-12 10:00:00+00:00,5324.0,Península
2023-01-12 10:05:00+00:00,5289.0,Península
2023-01-12 10:10:00+00:00,5221.0,Península
2023-01-12 10:15:00+00:00,5167.0,Península
2023-01-12 10:20:00+00:00,5105.0,Península
2023-01-12 10:25:00+00:00,5056.0,Península
2023-01-12 10:30:00+00:00,5058.0,Península
2023-01-12 10:35:00+00:00,5014.0,Península
2023-01-12 10:40:00+00:00,5014.0,Península
2023-01-12 10:45:00+00:00,5028.0,Península
2023-01-12 10:50:00+00:00,5016.0,Península
2023-01-12 10:55:00+00:00,4988.0,Península
2023-01-12 11:00:00+00:00,4963.0,Península
2023-01-12 11:05:00+00:00,4960.0,Península
2023-01-12 11:10:00+00:00,4949.0,Península
2023-01-12 11:15:00+00:00,5012.0,Península
2023-01-12 11:20:00+00:00,5005.0,Península
2023-01-12 11:25:00+00:00,4968.0,Península
2023-01-12 11:30:00+00:00,5013.0,Península
2023-01-12 11:35:00+00:00,5026.0,Península
2023-01-12 11:40:00+00:00,5053.0,Península
2023-01-12 11:45:00+00:00,5027.0,Península
2023-01-12 11:50:00+00:00,5052.0,Península
2023-01-12 11:55:00+00:00,5075.0,Península
2023-01-12 12:00:00+00:00,5097.0,Península
2023-01-12 12:05:00+00:00,5087.0,Península
2023-01-12 12:10:00+00:00,5081.0,Península
2023-01-12 12:15:00+00:00,5103.0,Península
2023-01-12 12:20:00+00:00,5109.0,Península
2023-01-12 12:25:00+00:00,5121.0,Península
2023-01-12 12:30:00+00:00,5098.0,Península
2023-01-12 12:35:00+00:00,5124.0,Península
2023-01-12 12:40:00+00:00,5140.0,Península
2023-01-12 12:45:00+00:00,5118.0,Península
2023-01-12 12:50:00+00:00,5108.0,Península
2023-01-12 12:55:00+00:00,5138.0,Península
2023-01-12 13:00:00+00:00,5139.0,Península
2023-01-12 13:05:00+00:00,5164.0,Península
2023-01-12 13:10:00+00:00,5200.0,Península
2023-01-12 13:15:00+00:00,5158.0,Península
2023-01-12 13:20:00+00:00,5187.0,Península
2023-01-12 13:25:00+00:00,5175.0,Península
2023-01-12 13:30:00+00:00,5156.0,Península
2023-01-12 13:35:00+00:00,5136.0,Península
2023-01-12 13:40:00+00:00,5068.0,Península
2023-01-12 13:45:00+00:00,5061.0,Península
2023-01-12 13:50:00+00:00,5046.0,Península
2023-01-12 13:55:00+00:00,5053.0,Península
2023-01-12 14:00:00+00:00,5024.0,Península
2023-01-12 14:05:00+00:00,5040.0,Península
2023-01-12 14:10:00+00:00,5051.0,Península
2023-01-12 14:15:00+00:00,5089.0,Península
2023-01-12 14:20:00+00:00,5036.0,Península
2023-01-12 14:25:00+00:00,5045.0,Península
2023-01-12 14:30:00+00:00,5039.0,Península
2023-01-12 14:35:00+00:00,5020.0,Península
2023-01-12 14:40:00+00:00,5069.0,Península
2023-01-12 14:45:00+00:00,5104.0,Península
2023-01-12 14:50:00+00:00,5062.0,Península
2023-01-12 14:55:00+00:00,5029.0,Península
2023-01-12 15:00:00+00:00,5052.0,Península
2023-01-12 15:05:00+00:00,5088.0,Península
2023-01-12 15:10:00+00:00,5079.0,Península
2023-01-12 15:15:00+00:00,5089.0,Península
2023-01-12 15:20:00+00:00,5089.0,Península
2023-01-12 15:25:00+00:00,5022.0,Península
2023-01-12 15:30:00+00:00,5043.0,Península
2023-01-12 15:35:00+00:00,5061.0,Península
2023-01-12 15:40:00+00:00,5071.0,Península
2023-01-12 15:45:00+00:00,5103.0,Península
2023-01-12 15:50:00+00:00,5098.0,Península
2023-01-12 15:55:00+00:00,5135.0,Península
2023-01-12 16:00:00+00:00,5132.0,Península
2023-01-12 16:05:00+00:00,5174.0,Península
2023-01-12 16:10:00+00:00,5172.0,Península
2023-01-12 16:15:00+00:00,5245.0,Península
2023-01-12 16:20:00+00:00,5265.0,Península
2023-01-12 16:25:00+00:00,5317.0,Península
2023-01-12 16:30:00+00:00,5374.0,Península
2023-01-12 16:35:00+00:00,5449.0,Península
2023-01-12 16:40:00+00:00,5481.0,Península
2023-01-12 16:45:00+00:00,5508.0,Península
2023-01-12 16:50:00+00:00,5571.0,Península
2023-01-12 16:55:00+00:00,5600.0,Península
2023-01-12 17:00:00+00:00,5634.0,Península
2023-01-12 17:05:00+00:00,5665.0,Península
2023-01-12 17:10:00+00:00,5754.0,Península
2023-01-12 17:15:00+00:00,5866.0,Península
2023-01-12 17:20:00+00:00,5948.0,Península
2023-01-12 17:25:00+00:00,6019.0,Península
2023-01-12 17:30:00+00:00,6077.0,Península
2023-01-12 17:35:00+00:00,6088.0,Península
2023-01-12 17:40:00+00:00,6059.0,Península
2023-01-12 17:45:00+00:00,6145.0,Península
2023-01-12 17:50:00+00:00,6230.0,Península
2023-01-12 17:55:00+00:00,6275.0,Península
2023-01-12 18:00:00+00:00,6336.0,Península
2023-01-12 18:05:00+00:00,6400.0,Península
2023-01-12 18:10:00+00:00,6422.0,Península
2023-01-12 18:15:00+00:00,6472.0,Península
2023-01-12 18:20:00+00:00,6519.0,Península
2023-01-12 18:25:00+00:00,6592.0,Península
2023-01-12 18:30:00+00:00,6736.0,Península
2023-01-12 18:35:00+00:00,6878.0,Península
2023-01-12 18:40:00+00:00,6912.0,Península
2023-01-12 18:45:00+00:00,6991.0,Península
2023-01-12 18:50:00+00:00,7052.0,Península
2023-01-12 18:55:00+00:00,7042.0,Península
2023-01-12 19:00:00+00:00,7119.0,Península
2023-01-12 19:05:00+00:00,7142.0,Península
2023-01-12 19:10:00+00:00,7184.0,Península
2023-01-12 19:15:00+00:00,7232.0,Península
2023-01-12 19:20:00+00:00,7292.0,Península
2023-01-12 19:25:00+00:00,7325.0,Península
2023-01-12 19:30:00+00:00,7323.0,Península
2023-01-12 19:35:00+00:00,7292.0,Península
2023-01-12 19:40:00+00:00,7257.0,Península
2023-01-12 19:45:00+00:00,7342.0,Península
2023-01-12 19:50:00+00:00,7415.0,Península
2023-01-12 19:55:00+00:00,7442.0,Península
2023-01-12 20:00:00+00:00,7448.0,Península
2023-01-12 20:05:00+00:00,7445.0,Península
2023-01-12 20:10:00+00:00,7496.0,Península
2023-01-12 20:15:00+00:00,7567.0,Península
2023-01-12 20:20:00+00:00,7611.0,Península
2023-01-12 20:25:00+00:00,7652.0,Península
2023-01-12 20:30:00+00:00,7729.0,Península
2023-01-12 20:35:00+00:00,7733.0,Península
2023-01-12 20:40:00+00:00,7729.0,Península
2023-01-12 20:45:00+00:00,7787.0,Península
2023-01-12 20:50:00+00:00,7799.0,Península
2023-01-12 20:55:00+00:00,7925.0,Península
2023-01-12 21:00:00+00:00,8018.0,Península
2023-01-12 21:05:00+00:00,8123.0,Península
2023-01-12 21:10:00+00:00,8168.0,Península
2023-01-12 21:15:00+00:00,8168.0,Península
2023-01-12 21:20:00+00:00,8105.0,Península
2023-01-12 21:25:00+00:00,8053.0,Península
2023-01-12 21:30:00+00:00,7971.0,Península
2023-01-12 21:35:00+00:00,7927.0,Península
2023-01-12 21:40:00+00:00,7806.0,Península
2023-01-12 21:45:00+00:00,7822.0,Península
2023-01-12 21:50:00+00:00,7818.0,Península
2023-01-12 21:55:00+00:00,7885.0,Península
2023-01-12 22:00:00+00:00,7854.0,Península
2023-01-12 22:05:00+00:00,7931.0,Península
2023-01-12 22:10:00+00:00,7905.0,Península
2023-01-12 22:15:00+00:00,7868.0,Península
2023-01-12 22:20:00+00:00,7879.0,Península
2023-01-12 22:25:00+00:00,7880.0,Península
2023-01-12 22:30:00+00:00,7928.0,Península
2023-01-12 22:35:00+00:00,7939.0,Península
2023-01-12 22:40:00+00:00,7926.0,Península
2023-01-12 22:45:00+00:00,7894.0,Península
2023-01-12 22:50:00+00:00,7883.0,Península
2023-01-12 22:55:00+00:00,7879.0,Península
2023-01-12 23:00:00+00:00,7879.0,Península
2023-01-12 23:05:00+00:00,7885.0,Península
2023-01-12 23:10:00+00:00,7881.0,Península
2023-01-12 23:15:00+00:00,7896.0,Península
2023-01-12 23:20:00+00:00,7934.0,Península
2023-01-12 23:25:00+00:00,7966.0,Península
2023-01-12 23:30:00+00:00,8009.0,Península
2023-01-12 23:35:00+00:00,7981.0,Península
2023-01-12 23:40:00+00:00,7951.0,Península
2023-01-12 23:45:00+00:00,8010.0,Península
2023-01-12 23:50:00+00:00,8035.0,Península
2023-01-12 23:55:00+00:00,8022.0,Península
2023-01-13 00:00:00+00:00,8098.0,Península
2023-01-13 00:05:00+00:00,8108.0,Península
2023-01-13 00:10:00+00:00,8235.0,Península
2023-01-13 00:15:00+00:00,8352.0,Península
2023-01-13 00:20:00+00:00,8432.0,Península
2023-01-13 00:25:00+00:00,8423.0,Península
2023-01-13 00:30:00+00:00,8437.0,Península
2023-01-13 00:35:00+00:00,8424.0,Península
2023-01-13 00:40:00+00:00,8446.0,Península
2023-01-13 00:45:00+00:00,8465.0,Península
2023-01-13 00:50:00+00:00,8528.0,Península
2023-01-13 00:55:00+00:00,8553.0,Península
2023-01-13 01:00:00+00:00,8542.0,Península
2023-01-13 01:05:00+00:00,8466.0,Península
2023-01-13 01:10:00+00:00,8462.0,Península
2023-01-13 01:15:00+00:00,8478.0,Península
2023-01-13 01:20:00+00:00,8493.0,Península
2023-01-13 01:25:00+00:00,8600.0,Península
2023-01-13 01:30:00+00:00,8720.0,Península
2023-01-13 01:35:00+00:00,8744.0,Península
2023-01-13 01:40:00+00:00,8736.0,Península
2023-01-13 01:45:00+00:00,8757.0,Península
2023-01-13 01:50:00+00:00,8789.0,Península
2023-01-13 01:55:00+00:00,8820.0,Península
2023-01-13 02:00:00+00:00,8843.0,Península
2023-01-13 02:05:00+00:00,8842.0,Península
2023-01-13 02:10:00+00:00,8769.0,Península
2023-01-13 02:15:00+00:00,8736.0,Península
2023-01-13 02:20:00+00:00,8707.0,Península
2023-01-13 02:25:00+00:00,8766.0,Península
2023-01-13 02:30:00+00:00,8875.0,Península
2023-01-13 02:35:00+00:00,8930.0,Península
2023-01-13 02:40:00+00:00,8940.0,Península
2023-01-13 02:45:00+00:00,8992.0,Península
2023-01-13 02:50:00+00:00,9085.0,Península
2023-01-13 02:55:00+00:00,9076.0,Península
2023-01-13 03:00:00+00:00,9131.0,Península
2023-01-13 03:05:00+00:00,9170.0,Península
2023-01-13 03:10:00+00:00,9208.0,Península
2023-01-13 03:15:00+00:00,9250.0,Península
2023-01-13 03:20:00+00:00,9312.0,Península
2023-01-13 03:25:00+00:00,9374.0,Península
2023-01-13 03:30:00+00:00,9395.0,Península
2023-01-13 03:35:00+00:00,9415.0,Península
2023-01-13 03:40:00+00:00,9316.0,Península
2023-01-13 03:45:00+00:00,9319.0,Península
2023-01-13 03:50:00+00:00,9249.0,Península
2023-01-13 03:55:00+00:00,9151.0,Península
2023-01-13 04:00:00+00:00,9053.0,Península
2023-01-13 04:05:00+00:00,9042.0,Península
2023-01-13 04:10:00+00:00,8963.0,Península
2023-01-13 04:15:00+00:00,8899.0,Península
2023-01-13 04:20:00+00:00,8871.0,Península
2023-01-13 04:25:00+00:00,8817.0,Península
2023-01-13 04:30:00+00:00,8698.0,Península
2023-01-13 04:35:00+00:00,8659.0,Península
2023-01-13 04:40:00+00:00,8577.0,Península
2023-01-13 04:45:00+00:00,8579.0,Península
2023-01-13 04:50:00+00:00,8608.0,Península
2023-01-13 04:55:00+00:00,8564.0,Península
2023-01-13 05:00:00+00:00,8504.0,Península
2023-01-13 05:05:00+00:00,8509.0,Península
2023-01-13 05:10:00+00:00,8546.0,Península
2023-01-13 05:15:00+00:00,8565.0,Península
2023-01-13 05:20:00+00:00,8509.0,Península
2023-01-13 05:25:00+00:00,8415.0,Península
2023-01-13 05:30:00+00:00,8403.0,Península
2023-01-13 05:35:00+00:00,8349.0,Península
2023-01-13 05:40:00+00:00,8210.0,Península
2023-01-13 05:45:00+00:00,8143.0,Península
2023-01-13 05:50:00+00:00,8127.0,Península
2023-01-13 05:55:00+00:00,8028.0,Península
2023-01-13 06:00:00+00:00,8024.0,Península
2023-01-13 06:05:00+00:00,7911.0,Península
2023-01-13 06:10:00+00:00,7837.0,Península
2023-01-13 06:15:00+00:00,7818.0,Península
2023-01-13 06:20:00+00:00,7821.0,Península
2023-01-13 06:25:00+00:00,7806.0,Península
2023-01-13 06:30:00+00:00,7769.0,Península
2023-01-13 06:35:00+00:00,7771.0,Península
2023-01-13 06:40:00+00:00,7741.0,Península
2023-01-13 06:45:00+00:00,7717.0,Península
2023-01-13 06:50:00+00:00,7701.0,Península
2023-01-13 06:55:00+00:00,7603.0,Península
2023-01-13 07:00:00+00:00,7551.0,Península
2023-01-13 07:05:00+00:00,7515.0,Península
2023-01-13 07:10:00+00:00,7436.0,Península
2023-01-13 07:15:00+00:00,7346.0,Península
2023-01-13 07:20:00+00:00,7267.0,Península
2023-01-13 07:25:00+00:00,7216.0,Península
2023-01-13 07:30:00+00:00,7163.0,Península
2023-01-13 07:35:00+00:00,7137.0,Península
2023-01-13 07:40:00+00:00,7061.0,Península
2023-01-13 07:45:00+00:00,6980.0,Península
2023-01-13 07:50:00+00:00,6947.0,Península
2023-01-13 07:55:00+00:00,6886.0,Península
2023-01-13 08:00:00+00:00,6741.0,Península
2023-01-13 08:05:00+00:00,6668.0,Península
2023-01-13 08:10:00+00:00,6563.0,Península
2023-01-13 08:15:00+00:00,6458.0,Península
2023-01-13 08:20:00+00:00,6377.0,Península
2023-01-13 08:25:00+00:00,6286.0,Península
2023-01-13 08:30:00+00:00,6305.0,Península
2023-01-13 08:35:00+00:00,6240.0,Península
2023-01-13 08:40:00+00:00,6185.0,Península
2023-01-13 08:45:00+00:00,6170.0,Península
2023-01-13 08:50:00+00:00,6033.0,Península
2023-01-13 08:55:00+00:00,5985.0,Península
2023-01-13 09:00:00+00:00,5903.0,Península
2023-01-13 09:05:00+00:00,5851.0,Península
2023-01-13 09:10:00+00:00,5854.0,Península
2023-01-13 09:15:00+00:00,5838.0,Península
2023-01-13 09:20:00+00:00,5779.0,Península
2023-01-13 09:25:00+00:00,5727.0,Península
2023-01-13 09:30:00+00:00,5685.0,Península
2023-01-13 09:35:00+00:00,5650.0,Península
2023-01-13 09:40:00+00:00,5622.0,Península
2023-01-13 09:45:00+00:00,5621.0,Península
2023-01-13 09:50:00+00:00,5626.0,Península
2023-01-13 09:55:00+00:00,5585.0,Península
2023-01-13 10:00:00+00:00,5578.0,Península
2023-01-13 10:05:00+00:00,5520.0,Península
2023-01-13 10:10:00+00:00,5467.0,Península
2023-01-13 10:15:00+00:00,5466.0,Península
2023-01-13 10:20:00+00:00,5451.0,Península
2023-01-13 10:25:00+00:00,5359.0,Península
2023-01-13 10:30:00+00:00,5338.0,Península
2023-01-13 10:35:00+00:00,5347.0,Península
2023-01-13 10:40:00+00:00,5341.0,Península
2023-01-13 10:45:00+00:00,5393.0,Península
2023-01-13 10:50:00+00:00,5398.0,Península
2023-01-13 10:55:00+00:00,5404.0,Península
2023-01-13 11:00:00+00:00,5329.0,Península
2023-01-13 11:05:00+00:00,5321.0,Península
2023-01-13 11:10:00+00:00,5256.0,Península
2023-01-13 11:15:00+00:00,5308.0,Península
2023-01-13 11:20:00+00:00,5367.0,Península
2023-01-13 11:25:00+00:00,5400.0,Península
2023-01-13 11:30:00+00:00,5387.0,Península
2023-01-13 11:35:00+00:00,5336.0,Península
2023-01-13 11:40:00+00:00,5320.0,Península
2023-01-13 11:45:00+00:00,5297.0,Península
2023-01-13 11:50:00+00:00,5260.0,Península
2023-01-13 11:55:00+00:00,5165.0,Península
2023-01-13 12:00:00+00:00,5170.0,Península
2023-01-13 12:05:00+00:00,5115.0,Península
2023-01-13 12:10:00+00:00,5090.0,Península
2023-01-13 12:15:00+00:00,5065.0,Península
2023-01-13 12:20:00+00:00,5093.0,Península
2023-01-13 12:25:00+00:00,5154.0,Península
2023-01-13 12:30:00+00:00,5193.0,Península
2023-01-13 12:35:00+00:00,5178.0,Península
2023-01-13 12:40:00+00:00,5153.0,Península
2023-01-13 12:45:00+00:00,5117.0,Península
2023-01-13 12:50:00+00:00,5144.0,Península
2023-01-13 12:55:00+00:00,5155.0,Península
2023-01-13 13:00:00+00:00,5172.0,Península
2023-01-13 13:05:00+00:00,5225.0,Península
2023-01-13 13:10:00+00:00,5292.0,Península
2023-01-13 13:15:00+00:00,5320.0,Península
2023-01-13 13:20:00+00:00,5281.0,Península
2023-01-13 13:25:00+00:00,5380.0,Península
2023-01-13 13:30:00+00:00,5340.0,Península
2023-01-13 13:35:00+00:00,5345.0,Península
2023-01-13 13:40:00+00:00,5361.0,Península
2023-01-13 13:45:00+00:00,5325.0,Península
2023-01-13 13:50:00+00:00,5250.0,Península
2023-01-13 13:55:00+00:00,5297.0,Península
2023-01-13 14:00:00+00:00,5319.0,Península
2023-01-13 14:05:00+00:00,5405.0,Península
2023-01-13 14:10:00+00:00,5404.0,Península
2023-01-13 14:15:00+00:00,5410.0,Península
2023-01-13 14:20:00+00:00,5432.0,Península
2023-01-13 14:25:00+00:00,5386.0,Península
2023-01-13 14:30:00+00:00,5332.0,Península
2023-01-13 14:35:00+00:00,5272.0,Península
2023-01-13 14:40:00+00:00,5222.0,Península
2023-01-13 14:45:00+00:00,5255.0,Península
2023-01-13 14:50:00+00:00,5268.0,Península
2023-01-13 14:55:00+00:00,5199.0,Península
2023-01-13 15:00:00+00:00,5252.0,Península
2023-01-13 15:05:00+00:00,5301.0,Península
2023-01-13 15:10:00+00:00,5304.0,Península
2023-01-13 15:15:00+00:00,5211.0,Península
2023-01-13 15:20:00+00:00,5178.0,Península
2023-01-13 15:25:00+00:00,5068.0,Península
2023-01-13 15:30:00+00:00,4984.0,Península
2023-01-13 15:35:00+00:00,4907.0,Península
2023-01-13 15:40:00+00:00,4894.0,Península
2023-01-13 15:45:00+00:00,4910.0,Península
2023-01-13 15:50:00+00:00,4800.0,Península
2023-01-13 15:55:00+00:00,4730.0,Península
2023-01-13 16:00:00+00:00,4657.0,Península
2023-01-13 16:05:00+00:00,4675.0,Península
2023-01-13 16:10:00+00:00,4653.0,Península
2023-01-13 16:15:00+00:00,4659.0,Península
2023-01-13 16:20:00+00:00,4596.0,Península
2023-01-13 16:25:00+00:00,4583.0,Península
2023-01-13 16:30:00+00:00,4633.0,Península
2023-01-13 16:35:00+00:00,4695.0,Península
2023-01-13 16:40:00+00:00,4746.0,Península
2023-01-13 16:45:00+00:00,4744.0,Península
2023-01-13 16:50:00+00:00,4715.0,Península
2023-01-13 16:55:00+00:00,4748.0,Península
2023-01-13 17:00:00+00:00,4702.0,Península
2023-01-13 17:05:00+00:00,4685.0,Península
2023-01-13 17:10:00+00:00,4671.0,Península
2023-01-13 17:15:00+00:00,4656.0,Península
2023-01-13 17:20:00+00:00,4593.0,Península
2023-01-13 17:25:00+00:00,4572.0,Península
2023-01-13 17:30:00+00:00,4546.0,Península
2023-01-13 17:35:00+00:00,4517.0,Península
2023-01-13 17:40:00+00:00,4493.0,Península
2023-01-13 17:45:00+00:00,4573.0,Península
2023-01-13 17:50:00+00:00,4607.0,Península
2023-01-13 17:55:00+00:00,4648.0,Península
2023-01-13 18:00:00+00:00,4670.0,Península
2023-01-13 18:05:00+00:00,4657.0,Península
2023-01-13 18:10:00+00:00,4670.0,Península
2023-01-13 18:15:00+00:00,4736.0,Península
2023-01-13 18:20:00+00:00,4742.0,Península
2023-01-13 18:25:00+00:00,4781.0,Península
2023-01-13 18:30:00+00:00,4825.0,Península
2023-01-13 18:35:00+00:00,4792.0,Península
2023-01-13 18:40:00+00:00,4849.0,Península
2023-01-13 18:45:00+00:00,4874.0,Península
2023-01-13 18:50:00+00:00,4921.0,Península
2023-01-13 18:55:00+00:00,4945.0,Península
2023-01-13 19:00:00+00:00,4959.0,Península
2023-01-13 19:05:00+00:00,4995.0,Península
2023-01-13 19:10:00+00:00,4918.0,Península
2023-01-13 19:15:00+00:00,4930.0,Península
2023-01-13 19:20:00+00:00,4927.0,Península
2023-01-13 19:25:00+00:00,4942.0,Península
2023-01-13 19:30:00+00:00,4986.0,Península
2023-01-13 19:35:00+00:00,5009.0,Península
2023-01-13 19:40:00+00:00,5023.0,Península
2023-01-13 19:45:00+00:00,5108.0,Península
2023-01-13 19:50:00+00:00,5174.0,Península
2023-01-13 19:55:00+00:00,5220.0,Península
2023-01-13 20:00:00+00:00,5232.0,Península
2023-01-13 20:05:00+00:00,5221.0,Península
2023-01-13 20:10:00+00:00,5271.0,Península
2023-01-13 20:15:00+00:00,5256.0,Península
2023-01-13 20:20:00+00:00,5205.0,Península
2023-01-13 20:25:00+00:00,5207.0,Península
2023-01-13 20:30:00+00:00,5123.0,Península
2023-01-13 20:35:00+00:00,5067.0,Península
2023-01-13 20:40:00+00:00,5063.0,Península
2023-01-13 20:45:00+00:00,5024.0,Península
2023-01-13 20:50:00+00:00,5027.0,Península
2023-01-13 20:55:00+00:00,5040.0,Península
2023-01-13 21:00:00+00:00,5041.0,Península
2023-01-13 21:05:00+00:00,5033.0,Península
2023-01-13 21:10:00+00:00,5002.0,Península
2023-01-13 21:15:00+00:00,5028.0,Península
2023-01-13 21:20:00+00:00,4986.0,Península
2023-01-13 21:25:00+00:00,4935.0,Península
2023-01-13 21:30:00+00:00,4950.0,Península
2023-01-13 21:35:00+00:00,4942.0,Península
2023-01-13 21:40:00+00:00,4977.0,Península
2023-01-13 21:45:00+00:00,5033.0,Península
2023-01-13 21:50:00+00:00,5103.0,Península
2023-01-13 21:55:00+00:00,5079.0,Península
2023-01-13 22:00:00+00:00,5135.0,Península
2023-01-13 22:05:00+00:00,5167.0,Península
2023-01-13 22:10:00+00:00,5190.0,Península
2023-01-13 22:15:00+00:00,5233.0,Península
2023-01-13 22:20:00+00:00,5218.0,Península
2023-01-13 22:25:00+00:00,5257.0,Península
2023-01-13 22:30:00+00:00,5267.0,Península
2023-01-13 22:35:00+00:00,5285.0,Península
2023-01-13 22:40:00+00:00,5329.0,Península
2023-01-13 22:45:00+00:00,5388.0,Península
2023-01-13 22:50:00+00:00,5455.0,Península
2023-01-13 22:55:00+00:00,5499.0,Península
2023-01-13 23:00:00+00:00,5536.0,Península
2023-01-13 23:05:00+00:00,5571.0,Península
2023-01-13 23:10:00+00:00,5625.0,Península
2023-01-13 23:15:00+00:00,5592.0,Península
2023-01-13 23:20:00+00:00,5594.0,Península
2023-01-13 23:25:00+00:00,5653.0,Península
2023-01-13 23:30:00+00:00,5707.0,Península
2023-01-13 23:35:00+00:00,5646.0,Península
2023-01-13 23:40:00+00:00,5608.0,Península
2023-01-13 23:45:00+00:00,5623.0,Península
2023-01-13 23:50:00+00:00,5642.0,Península
2023-01-13 23:55:00+00:00,5625.0,Península
2023-01-14 00:00:00+00:00,5591.0,Península
2023-01-14 00:05:00+00:00,5567.0,Península
2023-01-14 00:10:00+00:00,5502.0,Península
2023-01-14 00:15:00+00:00,5453.0,Península
2023-01-14 00:20:00+00:00,5471.0,Península
2023-01-14 00:25:00+00:00,5514.0,Península
2023-01-14 00:30:00+00:00,5544.0,Península
2023-01-14 00:35:00+00:00,5585.0,Península
2023-01-14 00:40:00+00:00,5599.0,Península
2023-01-14 00:45:00+00:00,5676.0,Península
2023-01-14 00:50:00+00:00,5781.0,Península
2023-01-14 00:55:00+00:00,5785.0,Península
2023-01-14 01:00:00+00:00,5845.0,Península
2023-01-14 01:05:00+00:00,5886.0,Península
2023-01-14 01:10:00+00:00,5921.0,Península
2023-01-14 01:15:00+00:00,5882.0,Península
2023-01-14 01:20:00+00:00,5906.0,Península
2023-01-14 01:25:00+00:00,5895.0,Península
2023-01-14 01:30:00+00:00,5791.0,Península
2023-01-14 01:35:00+00:00,5771.0,Península
2023-01-14 01:40:00+00:00,5778.0,Península
2023-01-14 01:45:00+00:00,5857.0,Península
2023-01-14 01:50:00+00:00,5801.0,Península
2023-01-14 01:55:00+00:00,5850.0,Península
2023-01-14 02:00:00+00:00,5824.0,Península
2023-01-14 02:05:00+00:00,5781.0,Península
2023-01-14 02:10:00+00:00,5792.0,Península
2023-01-14 02:15:00+00:00,5845.0,Península
2023-01-14 02:20:00+00:00,5850.0,Península
2023-01-14 02:25:00+00:00,5838.0,Península
2023-01-14 02:30:00+00:00,5755.0,Península
2023-01-14 02:35:00+00:00,5750.0,Península
2023-01-14 02:40:00+00:00,5741.0,Península
2023-01-14 02:45:00+00:00,5713.0,Península
2023-01-14 02:50:00+00:00,5769.0,Península
2023-01-14 02:55:00+00:00,5793.0,Península
2023-01-14 03:00:00+00:00,5867.0,Península
2023-01-14 03:05:00+00:00,5921.0,Península
2023-01-14 03:10:00+00:00,5927.0,Península
2023-01-14 03:15:00+00:00,5958.0,Península
2023-01-14 03:20:00+00:00,5940.0,Península
2023-01-14 03:25:00+00:00,5952.0,Península
2023-01-14 03:30:00+00:00,5928.0,Península
2023-01-14 03:35:00+00:00,5937.0,Península
2023-01-14 03:40:00+00:00,5982.0,Península
2023-01-14 03:45:00+00:00,6004.0,Península
2023-01-14 03:50:00+00:00,6060.0,Península
2023-01-14 03:55:00+00:00,6060.0,Península
2023-01-14 04:00:00+00:00,6061.0,Península
2023-01-14 04:05:00+00:00,6100.0,Península
2023-01-14 04:10:00+00:00,6157.0,Península
2023-01-14 04:15:00+00:00,6184.0,Península
2023-01-14 04:20:00+00:00,6200.0,Península
2023-01-14 04:25:00+00:00,6226.0,Península
2023-01-14 04:30:00+00:00,6217.0,Península
2023-01-14 04:35:00+00:00,6294.0,Península
2023-01-14 04:40:00+00:00,6272.0,Península
2023-01-14 04:45:00+00:00,6258.0,Península
2023-01-14 04:50:00+00:00,6203.0,Península
2023-01-14 04:55:00+00:00,6159.0,Península
2023-01-14 05:00:00+00:00,6182.0,Península
2023-01-14 05:05:00+00:00,6202.0,Península
2023-01-14 05:10:00+00:00,6241.0,Península
2023-01-14 05:15:00+00:00,6293.0,Península
2023-01-14 05:20:00+00:00,6275.0,Península
2023-01-14 05:25:00+00:00,6323.0,Península
2023-01-14 05:30:00+00:00,6295.0,Península
2023-01-14 05:35:00+00:00,6263.0,Península
2023-01-14 05:40:00+00:00,6178.0,Península
2023-01-14 05:45:00+00:00,6127.0,Península
2023-01-14 05:50:00+00:00,6187.0,Península
2023-01-14 05:55:00+00:00,6151.0,Península
2023-01-14 06:00:00+00:00,6129.0,Península
2023-01-14 06:05:00+00:00,6163.0,Península
2023-01-14 06:10:00+00:00,6187.0,Península
2023-01-14 06:15:00+00:00,6225.0,Península
2023-01-14 06:20:00+00:00,6259.0,Península
2023-01-14 06:25:00+00:00,6296.0,Península
2023-01-14 06:30:00+00:00,6307.0,Península
2023-01-14 06:35:00+00:00,6356.0,Península
2023-01-14 06:40:00+00:00,6376.0,Península
2023-01-14 06:45:00+00:00,6423.0,Península
2023-01-14 06:50:00+00:00,6443.0,Península
2023-01-14 06:55:00+00:00,6440.0,Península
2023-01-14 07:00:00+00:00,6459.0,Península
2023-01-14 07:05:00+00:00,6448.0,Península
2023-01-14 07:10:00+00:00,6461.0,Península
2023-01-14 07:15:00+00:00,6457.0,Península
2023-01-14 07:20:00+00:00,6444.0,Península
2023-01-14 07:25:00+00:00,6421.0,Península
2023-01-14 07:30:00+00:00,6436.0,Península
2023-01-14 07:35:00+00:00,6452.0,Península
2023-01-14 07:40:00+00:00,6473.0,Península
2023-01-14 07:45:00+00:00,6469.0,Península
2023-01-14 07:50:00+00:00,6464.0,Península
2023-01-14 07:55:00+00:00,6536.0,Península
2023-01-14 08:00:00+00:00,6584.0,Península
2023-01-14 08:05:00+00:00,6628.0,Península
2023-01-14 08:10:00+00:00,6642.0,Península
2023-01-14 08:15:00+00:00,6649.0,Península
2023-01-14 08:20:00+00:00,6639.0,Península
2023-01-14 08:25:00+00:00,6678.0,Península
2023-01-14 08:30:00+00:00,6659.0,Península
2023-01-14 08:35:00+00:00,6636.0,Península
2023-01-14 08:40:00+00:00,6633.0,Península
2023-01-14 08:45:00+00:00,6625.0,Península
2023-01-14 08:50:00+00:00,6622.0,Península
2023-01-14 08:55:00+00:00,6629.0,Península
2023-01-14 09:00:00+00:00,6655.0,Península
2023-01-14 09:05:00+00:00,6647.0,Península
2023-01-14 09:10:00+00:00,6627.0,Península
2023-01-14 09:15:00+00:00,6637.0,Península
2023-01-14 09:20:00+00:00,6620.0,Península
2023-01-14 09:25:00+00:00,6599.0,Península
2023-01-14 09:30:00+00:00,6617.0,Península
2023-01-14 09:35:00+00:00,6615.0,Península
2023-01-14 09:40:00+00:00,6622.0,Península
2023-01-14 09:45:00+00:00,6594.0,Península
2023-01-14 09:50:00+00:00,6593.0,Península
2023-01-14 09:55:00+00:00,6606.0,Península
2023-01-14 10:00:00+00:00,6602.0,Península
2023-01-14 10:05:00+00:00,6623.0,Península
2023-01-14 10:10:00+00:00,6634.0,Península
2023-01-14 10:15:00+00:00,6606.0,Península
2023-01-14 10:20:00+00:00,6607.0,Península
2023-01-14 10:25:00+00:00,6621.0,Península
2023-01-14 10:30:00+00:00,6605.0,Península
2023-01-14 10:35:00+00:00,6571.0,Península
2023-01-14 10:40:00+00:00,6547.0,Península
2023-01-14 10:45:00+00:00,6536.0,Península
2023-01-14 10:50:00+00:00,6586.0,Península
2023-01-14 10:55:00+00:00,6564.0,Península
2023-01-14 11:00:00+00:00,6557.0,Península
2023-01-14 11:05:00+00:00,6560.0,Península
2023-01-14 11:10:00+00:00,6572.0,Península
2023-01-14 11:15:00+00:00,6637.0,Península
2023-01-14 11:20:00+00:00,6651.0,Península
2023-01-14 11:25:00+00:00,6645.0,Península
2023-01-14 11:30:00+00:00,6672.0,Península
2023-01-14 11:35:00+00:00,6712.0,Península
2023-01-14 11:40:00+00:00,6801.0,Península
2023-01-14 11:45:00+00:00,6878.0,Península
2023-01-14 11:50:00+00:00,6950.0,Península
2023-01-14 11:55:00+00:00,6985.0,Península
2023-01-14 12:00:00+00:00,7007.0,Península
2023-01-14 12:05:00+00:00,7119.0,Península
2023-01-14 12:10:00+00:00,7158.0,Península
2023-01-14 12:15:00+00:00,7237.0,Península
2023-01-14 12:20:00+00:00,7230.0,Península
2023-01-14 12:25:00+00:00,7248.0,Península
2023-01-14 12:30:00+00:00,7286.0,Península
2023-01-14 12:35:00+00:00,7295.0,Península
2023-01-14 12:40:00+00:00,7292.0,Península
2023-01-14 12:45:00+00:00,7308.0,Península
2023-01-14 12:50:00+00:00,7330.0,Península
2023-01-14 12:55:00+00:00,7392.0,Península
2023-01-14 13:00:00+00:00,7431.0,Península
2023-01-14 13:05:00+00:00,7462.0,Península
2023-01-14 13:10:00+00:00,7551.0,Península
2023-01-14 13:15:00+00:00,7617.0,Península
2023-01-14 13:20:00+00:00,7670.0,Península
2023-01-14 13:25:00+00:00,7723.0,Península
2023-01-14 13:30:00+00:00,7796.0,Península
2023-01-14 13:35:00+00:00,7852.0,Península
2023-01-14 13:40:00+00:00,7824.0,Península
2023-01-14 13:45:00+00:00,7893.0,Península
2023-01-14 13:50:00+00:00,7939.0,Península
2023-01-14 13:55:00+00:00,8014.0,Península
2023-01-14 14:00:00+00:00,8063.0,Península
2023-01-14 14:05:00+00:00,8119.0,Península
2023-01-14 14:10:00+00:00,8103.0,Península
2023-01-14 14:15:00+00:00,8079.0,Península
2023-01-14 14:20:00+00:00,8066.0,Península
2023-01-14 14:25:00+00:00,8063.0,Península
2023-01-14 14:30:00+00:00,8038.0,Península
2023-01-14 14:35:00+00:00,8020.0,Península
2023-01-14 14:40:00+00:00,7942.0,Península
2023-01-14 14:45:00+00:00,7949.0,Península
2023-01-14 14:50:00+00:00,7972.0,Península
2023-01-14 14:55:00+00:00,7986.0,Península
2023-01-14 15:00:00+00:00,7970.0,Península
2023-01-14 15:05:00+00:00,7937.0,Península
2023-01-14 15:10:00+00:00,7939.0,Península
2023-01-14 15:15:00+00:00,7937.0,Península
2023-01-14 15:20:00+00:00,7932.0,Península
2023-01-14 15:25:00+00:00,7973.0,Península
2023-01-14 15:30:00+00:00,8049.0,Península
2023-01-14 15:35:00+00:00,8051.0,Península
2023-01-14 15:40:00+00:00,8026.0,Península
2023-01-14 15:45:00+00:00,7944.0,Península
2023-01-14 15:50:00+00:00,7924.0,Península
2023-01-14 15:55:00+00:00,7897.0,Península
2023-01-14 16:00:00+00:00,7865.0,Península
2023-01-14 16:05:00+00:00,7866.0,Península
2023-01-14 16:10:00+00:00,7874.0,Península
2023-01-14 16:15:00+00:00,7926.0,Península
2023-01-14 16:20:00+00:00,7997.0,Península
2023-01-14 16:25:00+00:00,8018.0,Península
2023-01-14 16:30:00+00:00,8039.0,Península
2023-01-14 16:35:00+00:00,8181.0,Península
2023-01-14 16:40:00+00:00,8208.0,Península
2023-01-14 16:45:00+00:00,8314.0,Península
2023-01-14 16:50:00+00:00,8431.0,Península
2023-01-14 16:55:00+00:00,8574.0,Península
2023-01-14 17:00:00+00:00,8732.0,Península
2023-01-14 17:05:00+00:00,8840.0,Península
2023-01-14 17:10:00+00:00,8868.0,Península
2023-01-14 17:15:00+00:00,8981.0,Península
2023-01-14 17:20:00+00:00,9052.0,Península
2023-01-14 17:25:00+00:00,9119.0,Península
2023-01-14 17:30:00+00:00,9204.0,Península
2023-01-14 17:35:00+00:00,9279.0,Península
2023-01-14 17:40:00+00:00,9419.0,Península
2023-01-14 17:45:00+00:00,9522.0,Península
2023-01-14 17:50:00+00:00,9511.0,Península
2023-01-14 17:55:00+00:00,9576.0,Península
2023-01-14 18:00:00+00:00,9719.0,Península
2023-01-14 18:05:00+00:00,9838.0,Península
2023-01-14 18:10:00+00:00,9851.0,Península
2023-01-14 18:15:00+00:00,9932.0,Península
2023-01-14 18:20:00+00:00,10084.0,Península
2023-01-14 18:25:00+00:00,10179.0,Península
2023-01-14 18:30:00+00:00,10207.0,Península
2023-01-14 18:35:00+00:00,10264.0,Península
2023-01-14 18:40:00+00:00,10321.0,Península
2023-01-14 18:45:00+00:00,10333.0,Península
2023-01-14 18:50:00+00:00,10366.0,Península
2023-01-14 18:55:00+00:00,10372.0,Península
2023-01-14 19:00:00+00:00,10342.0,Península
2023-01-14 19:05:00+00:00,10334.0,Península
2023-01-14 19:10:00+00:00,10419.0,Península
2023-01-14 19:15:00+00:00,10376.0,Península
2023-01-14 19:20:00+00:00,10287.0,Península
2023-01-14 19:25:00+00:00,10306.0,Península
2023-01-14 19:30:00+00:00,10297.0,Península
2023-01-14 19:35:00+00:00,10267.0,Península
2023-01-14 19:40:00+00:00,10297.0,Península
2023-01-14 19:45:00+00:00,10366.0,Península
2023-01-14 19:50:00+00:00,10381.0,Península
2023-01-14 19:55:00+00:00,10529.0,Península
2023-01-14 20:00:00+00:00,10555.0,Península
2023-01-14 20:05:00+00:00,10637.0,Península
2023-01-14 20:10:00+00:00,10596.0,Península
2023-01-14 20:15:00+00:00,10643.0,Península
2023-01-14 20:20:00+00:00,10628.0,Península
2023-01-14 20:25:00+00:00,10546.0,Península
2023-01-14 20:30:00+00:00,10475.0,Península
2023-01-14 20:35:00+00:00,10370.0,Península
2023-01-14 20:40:00+00:00,10329.0,Península
2023-01-14 20:45:00+00:00,10319.0,Península
2023-01-14 20:50:00+00:00,10387.0,Península
2023-01-14 20:55:00+00:00,10366.0,Península
2023-01-14 21:00:00+00:00,10437.0,Península
2023-01-14 21:05:00+00:00,10402.0,Península
2023-01-14 21:10:00+00:00,10431.0,Península
2023-01-14 21:15:00+00:00,10422.0,Península
2023-01-14 21:20:00+00:00,10454.0,Península
2023-01-14 21:25:00+00:00,10466.0,Península
2023-01-14 21:30:00+00:00,10416.0,Península
2023-01-14 21:35:00+00:00,10481.0,Península
2023-01-14 21:40:00+00:00,10524.0,Península
2023-01-14 21:45:00+00:00,10473.0,Península
2023-01-14 21:50:00+00:00,10472.0,Península
2023-01-14 21:55:00+00:00,10393.0,Península
2023-01-14 22:00:00+00:00,10385.0,Península
2023-01-14 22:05:00+00:00,10436.0,Península
2023-01-14 22:10:00+00:00,10392.0,Península
2023-01-14 22:15:00+00:00,10349.0,Península
2023-01-14 22:20:00+00:00,10406.0,Península
2023-01-14 22:25:00+00:00,10451.0,Península
2023-01-14 22:30:00+00:00,10478.0,Península
2023-01-14 22:35:00+00:00,10423.0,Península
2023-01-14 22:40:00+00:00,10381.0,Península
2023-01-14 22:45:00+00:00,10426.0,Península
2023-01-14 22:50:00+00:00,10512.0,Península
2023-01-14 22:55:00+00:00,10598.0,Península
2023-01-14 23:00:00+00:00,10483.0,Península
2023-01-14 23:05:00+00:00,10540.0,Península
2023-01-14 23:10:00+00:00,10575.0,Península
2023-01-14 23:15:00+00:00,10535.0,Península
2023-01-14 23:20:00+00:00,10521.0,Península
2023-01-14 23:25:00+00:00,10523.0,Península
2023-01-14 23:30:00+00:00,10463.0,Península
2023-01-14 23:35:00+00:00,10542.0,Península
2023-01-14 23:40:00+00:00,10490.0,Península
2023-01-14 23:45:00+00:00,10456.0,Península
2023-01-14 23:50:00+00:00,10423.0,Península
2023-01-14 23:55:00+00:00,10456.0,Península
2023-01-15 00:00:00+00:00,10377.0,Península
2023-01-15 00:05:00+00:00,10299.0,Península
2023-01-15 00:10:00+00:00,10314.0,Península
2023-01-15 00:15:00+00:00,10352.0,Península
2023-01-15 00:20:00+00:00,10442.0,Península
2023-01-15 00:25:00+00:00,10440.0,Península
2023-01-15 00:30:00+00:00,10509.0,Península
2023-01-15 00:35:00+00:00,10579.0,Península
2023-01-15 00:40:00+00:00,10605.0,Península
2023-01-15 00:45:00+00:00,10696.0,Península
2023-01-15 00:50:00+00:00,10777.0,Península
2023-01-15 00:55:00+00:00,10785.0,Península
2023-01-15 01:00:00+00:00,10807.0,Península
2023-01-15 01:05:00+00:00,10806.0,Península
2023-01-15 01:10:00+00:00,10809.0,Península
2023-01-15 01:15:00+00:00,10818.0,Península
2023-01-15 01:20:00+00:00,10806.0,Península
2023-01-15 01:25:00+00:00,10796.0,Península
2023-01-15 01:30:00+00:00,10830.0,Península
2023-01-15 01:35:00+00:00,10858.0,Península
2023-01-15 01:40:00+00:00,10801.0,Península
2023-01-15 01:45:00+00:00,10624.0,Península
2023-01-15 01:50:00+00:00,10676.0,Península
2023-01-15 01:55:00+00:00,10614.0,Península
2023-01-15 02:00:00+00:00,10313.0,Península
2023-01-15 02:05:00+00:00,10065.0,Península
2023-01-15 02:10:00+00:00,10156.0,Península
2023-01-15 02:15:00+00:00,10195.0,Península
2023-01-15 02:20:00+00:00,10250.0,Península
2023-01-15 02:25:00+00:00,10263.0,Península
2023-01-15 02:30:00+00:00,10252.0,Península
2023-01-15 02:35:00+00:00,10106.0,Península
2023-01-15 02:40:00+00:00,10018.0,Península
2023-01-15 02:45:00+00:00,9985.0,Península
2023-01-15 02:50:00+00:00,9727.0,Península
2023-01-15 02:55:00+00:00,9740.0,Península
2023-01-15 03:00:00+00:00,9395.0,Península
2023-01-15 03:05:00+00:00,9070.0,Península
2023-01-15 03:10:00+00:00,8962.0,Península
2023-01-15 03:15:00+00:00,8903.0,Península
2023-01-15 03:20:00+00:00,8829.0,Península
2023-01-15 03:25:00+00:00,8759.0,Península
2023-01-15 03:30:00+00:00,8644.0,Península
2023-01-15 03:35:00+00:00,8507.0,Península
2023-01-15 03:40:00+00:00,8478.0,Península
2023-01-15 03:45:00+00:00,8412.0,Península
2023-01-15 03:50:00+00:00,8339.0,Península
2023-01-15 03:55:00+00:00,8283.0,Península
2023-01-15 04:00:00+00:00,8314.0,Península
2023-01-15 04:05:00+00:00,8814.0,Península
2023-01-15 04:10:00+00:00,8939.0,Península
2023-01-15 04:15:00+00:00,8884.0,Península
2023-01-15 04:20:00+00:00,8821.0,Península
2023-01-15 04:25:00+00:00,8879.0,Península
2023-01-15 04:30:00+00:00,9033.0,Península
2023-01-15 04:35:00+00:00,9026.0,Península
2023-01-15 04:40:00+00:00,9073.0,Península
2023-01-15 04:45:00+00:00,9019.0,Península
2023-01-15 04:50:00+00:00,9144.0,Península
2023-01-15 04:55:00+00:00,9184.0,Península
2023-01-15 05:00:00+00:00,9070.0,Península
2023-01-15 05:05:00+00:00,8957.0,Península
2023-01-15 05:10:00+00:00,8759.0,Península
2023-01-15 05:15:00+00:00,8788.0,Península
2023-01-15 05:20:00+00:00,8894.0,Península
2023-01-15 05:25:00+00:00,8883.0,Península
2023-01-15 05:30:00+00:00,8844.0,Península
2023-01-15 05:35:00+00:00,8855.0,Península
2023-01-15 05:40:00+00:00,9257.0,Península
2023-01-15 05:45:00+00:00,9317.0,Península
2023-01-15 05:50:00+00:00,9332.0,Península
2023-01-15 05:55:00+00:00,9256.0,Península
2023-01-15 06:00:00+00:00,9653.0,Península
2023-01-15 06:05:00+00:00,9881.0,Península
2023-01-15 06:10:00+00:00,10136.0,Península
2023-01-15 06:15:00+00:00,10597.0,Península
2023-01-15 06:20:00+00:00,10717.0,Península
2023-01-15 06:25:00+00:00,10673.0,Península
2023-01-15 06:30:00+00:00,10852.0,Península
2023-01-15 06:35:00+00:00,10824.0,Península
2023-01-15 06:40:00+00:00,10877.0,Península
2023-01-15 06:45:00+00:00,10936.0,Península
2023-01-15 06:50:00+00:00,11025.0,Península
2023-01-15 06:55:00+00:00,11038.0,Península
2023-01-15 07:00:00+00:00,11198.0,Península
2023-01-15 07:05:00+00:00,11434.0,Península
2023-01-15 07:10:00+00:00,11466.0,Península
2023-01-15 07:15:00+00:00,11460.0,Península
2023-01-15 07:20:00+00:00,11348.0,Península
2023-01-15 07:25:00+00:00,11321.0,Península
2023-01-15 07:30:00+00:00,11391.0,Península
2023-01-15 07:35:00+00:00,11436.0,Península
2023-01-15 07:40:00+00:00,11429.0,Península
2023-01-15 07:45:00+00:00,11551.0,Península
2023-01-15 07:50:00+00:00,11644.0,Península
2023-01-15 07:55:00+00:00,11683.0,Península
2023-01-15 08:00:00+00:00,11605.0,Península
2023-01-15 08:05:00+00:00,11504.0,Península
2023-01-15 08:10:00+00:00,11470.0,Península
2023-01-15 08:15:00+00:00,11469.0,Península
2023-01-15 08:20:00+00:00,11584.0,Península
2023-01-15 08:25:00+00:00,11787.0,Península
2023-01-15 08:30:00+00:00,11729.0,Península
2023-01-15 08:35:00+00:00,11804.0,Península
2023-01-15 08:40:00+00:00,11913.0,Península
2023-01-15 08:45:00+00:00,11905.0,Península
2023-01-15 08:50:00+00:00,11940.0,Península
2023-01-15 08:55:00+00:00,12017.0,Península
2023-01-15 09:00:00+00:00,12016.0,Península
2023-01-15 09:05:00+00:00,11949.0,Península
2023-01-15 09:10:00+00:00,11944.0,Península
2023-01-15 09:15:00+00:00,11888.0,Península
2023-01-15 09:20:00+00:00,11930.0,Península
2023-01-15 09:25:00+00:00,11889.0,Península
2023-01-15 09:30:00+00:00,11788.0,Península
2023-01-15 09:35:00+00:00,11752.0,Península
2023-01-15 09:40:00+00:00,11731.0,Península
2023-01-15 09:45:00+00:00,11712.0,Península
2023-01-15 09:50:00+00:00,11735.0,Península
2023-01-15 09:55:00+00:00,11659.0,Península
2023-01-15 10:00:00+00:00,11686.0,Península
2023-01-15 10:05:00+00:00,11599.0,Península
2023-01-15 10:10:00+00:00,11554.0,Península
2023-01-15 10:15:00+00:00,11473.0,Península
2023-01-15 10:20:00+00:00,11444.0,Península
2023-01-15 10:25:00+00:00,11395.0,Península
2023-01-15 10:30:00+00:00,11447.0,Península
2023-01-15 10:35:00+00:00,11500.0,Península
2023-01-15 10:40:00+00:00,11488.0,Península
2023-01-15 10:45:00+00:00,11390.0,Península
2023-01-15 10:50:00+00:00,11432.0,Península
2023-01-15 10:55:00+00:00,11416.0,Península
2023-01-15 11:00:00+00:00,11594.0,Península
2023-01-15 11:05:00+00:00,11569.0,Península
2023-01-15 11:10:00+00:00,11712.0,Península
2023-01-15 11:15:00+00:00,11824.0,Península
2023-01-15 11:20:00+00:00,11827.0,Península
2023-01-15 11:25:00+00:00,11777.0,Península
2023-01-15 11:30:00+00:00,11725.0,Península
2023-01-15 11:35:00+00:00,11671.0,Península
2023-01-15 11:40:00+00:00,11640.0,Península
2023-01-15 11:45:00+00:00,11596.0,Península
2023-01-15 11:50:00+00:00,11681.0,Península
2023-01-15 11:55:00+00:00,11745.0,Península
2023-01-15 12:00:00+00:00,11865.0,Península
2023-01-15 12:05:00+00:00,12011.0,Península
2023-01-15 12:10:00+00:00,12042.0,Península
2023-01-15 12:15:00+00:00,12045.0,Península
2023-01-15 12:20:00+00:00,12191.0,Península
2023-01-15 12:25:00+00:00,12267.0,Península
2023-01-15 12:30:00+00:00,12339.0,Península
2023-01-15 12:35:00+00:00,12430.0,Península
2023-01-15 12:40:00+00:00,12478.0,Península
2023-01-15 12:45:00+00:00,12660.0,Península
2023-01-15 12:50:00+00:00,12654.0,Península
2023-01-15 12:55:00+00:00,12788.0,Península
2023-01-15 13:00:00+00:00,12928.0,Península
2023-01-15 13:05:00+00:00,12891.0,Península
2023-01-15 13:10:00+00:00,12898.0,Península
2023-01-15 13:15:00+00:00,12971.0,Península
2023-01-15 13:20:00+00:00,12994.0,Península
2023-01-15 13:25:00+00:00,13075.0,Península
2023-01-15 13:30:00+00:00,13160.0,Península
2023-01-15 13:35:00+00:00,13143.0,Península
2023-01-15 13:40:00+00:00,12834.0,Península
2023-01-15 13:45:00+00:00,12725.0,Península
2023-01-15 13:50:00+00:00,12753.0,Península
2023-01-15 13:55:00+00:00,12639.0,Península
2023-01-15 14:00:00+00:00,12644.0,Península
2023-01-15 14:05:00+00:00,12599.0,Península
2023-01-15 14:10:00+00:00,12559.0,Península
2023-01-15 14:15:00+00:00,12583.0,Península
2023-01-15 14:20:00+00:00,12702.0,Península
2023-01-15 14:25:00+00:00,12805.0,Península
2023-01-15 14:30:00+00:00,12871.0,Península
2023-01-15 14:35:00+00:00,13015.0,Península
2023-01-15 14:40:00+00:00,12948.0,Península
2023-01-15 14:45:00+00:00,12873.0,Península
2023-01-15 14:50:00+00:00,12711.0,Península
2023-01-15 14:55:00+00:00,12558.0,Península
2023-01-15 15:00:00+00:00,12552.0,Península
2023-01-15 15:05:00+00:00,12589.0,Península
2023-01-15 15:10:00+00:00,12634.0,Península
2023-01-15 15:15:00+00:00,12632.0,Península
2023-01-15 15:20:00+00:00,12646.0,Península
2023-01-15 15:25:00+00:00,12620.0,Península
2023-01-15 15:30:00+00:00,12618.0,Península
2023-01-15 15:35:00+00:00,12595.0,Península
2023-01-15 15:40:00+00:00,13033.0,Península
2023-01-15 15:45:00+00:00,13340.0,Península
2023-01-15 15:50:00+00:00,13650.0,Península
2023-01-15 15:55:00+00:00,13707.0,Península
2023-01-15 16:00:00+00:00,13475.0,Península
2023-01-15 16:05:00+00:00,13555.0,Península
2023-01-15 16:10:00+00:00,13015.0,Península
2023-01-15 16:15:00+00:00,12673.0,Península
2023-01-15 16:20:00+00:00,12642.0,Península
2023-01-15 16:25:00+00:00,12593.0,Península
2023-01-15 16:30:00+00:00,12586.0,Península
2023-01-15 16:35:00+00:00,12524.0,Península
2023-01-15 16:40:00+00:00,12506.0,Península
2023-01-15 16:45:00+00:00,12456.0,Península
2023-01-15 16:50:00+00:00,12580.0,Península
2023-01-15 16:55:00+00:00,13143.0,Península
2023-01-15 17:00:00+00:00,13247.0,Península
2023-01-15 17:05:00+00:00,13310.0,Península
2023-01-15 17:10:00+00:00,13206.0,Península
2023-01-15 17:15:00+00:00,13068.0,Península
2023-01-15 17:20:00+00:00,13095.0,Península
2023-01-15 17:25:00+00:00,13159.0,Península
2023-01-15 17:30:00+00:00,13231.0,Península
2023-01-15 17:35:00+00:00,13222.0,Península
2023-01-15 17:40:00+00:00,13341.0,Península
2023-01-15 17:45:00+00:00,13394.0,Península
2023-01-15 17:50:00+00:00,13407.0,Península
2023-01-15 17:55:00+00:00,13411.0,Península
2023-01-15 18:00:00+00:00,13440.0,Península
2023-01-15 18:05:00+00:00,13606.0,Península
2023-01-15 18:10:00+00:00,13589.0,Península
2023-01-15 18:15:00+00:00,13517.0,Península
2023-01-15 18:20:00+00:00,13413.0,Península
2023-01-15 18:25:00+00:00,13453.0,Península
2023-01-15 18:30:00+00:00,13527.0,Península
2023-01-15 18:35:00+00:00,13585.0,Península
2023-01-15 18:40:00+00:00,13631.0,Península
2023-01-15 18:45:00+00:00,13549.0,Península
2023-01-15 18:50:00+00:00,13422.0,Península
2023-01-15 18:55:00+00:00,13499.0,Península
2023-01-15 19:00:00+00:00,13532.0,Península
2023-01-15 19:05:00+00:00,13569.0,Península
2023-01-15 19:10:00+00:00,13641.0,Península
2023-01-15 19:15:00+00:00,13713.0,Península
2023-01-15 19:20:00+00:00,13706.0,Península
2023-01-15 19:25:00+00:00,13670.0,Península
2023-01-15 19:30:00+00:00,13716.0,Península
2023-01-15 19:35:00+00:00,13732.0,Península
2023-01-15 19:40:00+00:00,13854.0,Península
2023-01-15 19:45:00+00:00,13901.0,Península
2023-01-15 19:50:00+00:00,13937.0,Península
2023-01-15 19:55:00+00:00,13998.0,Península
2023-01-15 20:00:00+00:00,14090.0,Península
2023-01-15 20:05:00+00:00,14185.0,Península
2023-01-15 20:10:00+00:00,14154.0,Península
2023-01-15 20:15:00+00:00,14144.0,Península
2023-01-15 20:20:00+00:00,14289.0,Península
2023-01-15 20:25:00+00:00,14446.0,Península
2023-01-15 20:30:00+00:00,14524.0,Península
2023-01-15 20:35:00+00:00,14648.0,Península
2023-01-15 20:40:00+00:00,14701.0,Península
2023-01-15 20:45:00+00:00,14875.0,Península
2023-01-15 20:50:00+00:00,14796.0,Península
2023-01-15 20:55:00+00:00,14629.0,Península
2023-01-15 21:00:00+00:00,14765.0,Península
2023-01-15 21:05:00+00:00,15254.0,Península
2023-01-15 21:10:00+00:00,15485.0,Península
2023-01-15 21:15:00+00:00,15210.0,Península
2023-01-15 21:20:00+00:00,14965.0,Península
2023-01-15 21:25:00+00:00,15070.0,Península
2023-01-15 21:30:00+00:00,15179.0,Península
2023-01-15 21:35:00+00:00,15219.0,Península
2023-01-15 21:40:00+00:00,15209.0,Península
2023-01-15 21:45:00+00:00,15287.0,Península
2023-01-15 21:50:00+00:00,15171.0,Península
2023-01-15 21:55:00+00:00,15123.0,Península
2023-01-15 22:00:00+00:00,15096.0,Península
2023-01-15 22:05:00+00:00,15089.0,Península
2023-01-15 22:10:00+00:00,14825.0,Península
2023-01-15 22:15:00+00:00,14831.0,Península
2023-01-15 22:20:00+00:00,14869.0,Península
2023-01-15 22:25:00+00:00,14821.0,Península
2023-01-15 22:30:00+00:00,14893.0,Península
2023-01-15 22:35:00+00:00,14659.0,Península
2023-01-15 22:40:00+00:00,14573.0,Península
2023-01-15 22:45:00+00:00,14542.0,Península
2023-01-15 22:50:00+00:00,14634.0,Península
2023-01-15 22:55:00+00:00,14684.0,Península
2023-01-15 23:00:00+00:00,14784.0,Península
2023-01-15 23:05:00+00:00,14681.0,Península
2023-01-15 23:10:00+00:00,15086.0,Península
2023-01-15 23:15:00+00:00,15195.0,Península
2023-01-15 23:20:00+00:00,15255.0,Península
2023-01-15 23:25:00+00:00,15273.0,Península
2023-01-15 23:30:00+00:00,15313.0,Península
2023-01-15 23:35:00+00:00,15314.0,Península
2023-01-15 23:40:00+00:00,15169.0,Península
2023-01-15 23:45:00+00:00,15077.0,Península
2023-01-15 23:50:00+00:00,15039.0,Península
2023-01-15 23:55:00+00:00,15175.0,Península
2023-01-16 00:00:00+00:00,14970.0,Península
2023-01-16 00:05:00+00:00,15256.0,Península
2023-01-16 00:10:00+00:00,15252.0,Península
2023-01-16 00:15:00+00:00,15233.0,Península
2023-01-16 00:20:00+00:00,15131.0,Península
2023-01-16 00:25:00+00:00,15039.0,Península
2023-01-16 00:30:00+00:00,14929.0,Península
2023-01-16 00:35:00+00:00,14763.0,Península
2023-01-16 00:40:00+00:00,14828.0,Península
2023-01-16 00:45:00+00:00,14768.0,Península
2023-01-16 00:50:00+00:00,14389.0,Península
2023-01-16 00:55:00+00:00,14463.0,Península
2023-01-16 01:00:00+00:00,14478.0,Península
2023-01-16 01:05:00+00:00,14218.0,Península
2023-01-16 01:10:00+00:00,14226.0,Península
2023-01-16 01:15:00+00:00,14319.0,Península
2023-01-16 01:20:00+00:00,14180.0,Península
2023-01-16 01:25:00+00:00,14132.0,Península
2023-01-16 01:30:00+00:00,14068.0,Península
2023-01-16 01:35:00+00:00,14027.0,Península
2023-01-16 01:40:00+00:00,13946.0,Península
2023-01-16 01:45:00+00:00,13973.0,Península
2023-01-16 01:50:00+00:00,13966.0,Península
2023-01-16 01:55:00+00:00,14149.0,Península
2023-01-16 02:00:00+00:00,14123.0,Península
2023-01-16 02:05:00+00:00,14310.0,Península
2023-01-16 02:10:00+00:00,14342.0,Península
2023-01-16 02:15:00+00:00,14328.0,Península
2023-01-16 02:20:00+00:00,14408.0,Península
2023-01-16 02:25:00+00:00,14185.0,Península
2023-01-16 02:30:00+00:00,14276.0,Península
2023-01-16 02:35:00+00:00,14339.0,Península
2023-01-16 02:40:00+00:00,14274.0,Península
2023-01-16 02:45:00+00:00,14235.0,Península
2023-01-16 02:50:00+00:00,14438.0,Península
2023-01-16 02:55:00+00:00,14524.0,Península
2023-01-16 03:00:00+00:00,14535.0,Península
2023-01-16 03:05:00+00:00,14370.0,Península
2023-01-16 03:10:00+00:00,14231.0,Península
2023-01-16 03:15:00+00:00,14259.0,Península
2023-01-16 03:20:00+00:00,14271.0,Península
2023-01-16 03:25:00+00:00,14137.0,Península
2023-01-16 03:30:00+00:00,14250.0,Península
2023-01-16 03:35:00+00:00,14180.0,Península
2023-01-16 03:40:00+00:00,14195.0,Península
2023-01-16 03:45:00+00:00,14245.0,Península
2023-01-16 03:50:00+00:00,14191.0,Península
2023-01-16 03:55:00+00:00,14170.0,Península
2023-01-16 04:00:00+00:00,14107.0,Península
2023-01-16 04:05:00+00:00,14003.0,Península
2023-01-16 04:10:00+00:00,14063.0,Península
2023-01-16 04:15:00+00:00,14088.0,Península
2023-01-16 04:20:00+00:00,14000.0,Península
2023-01-16 04:25:00+00:00,14051.0,Península
2023-01-16 04:30:00+00:00,14141.0,Península
2023-01-16 04:35:00+00:00,14142.0,Península
2023-01-16 04:40:00+00:00,14139.0,Península
2023-01-16 04:45:00+00:00,14197.0,Península
2023-01-16 04:50:00+00:00,14264.0,Península
2023-01-16 04:55:00+00:00,14405.0,Península
2023-01-16 05:00:00+00:00,14341.0,Península
2023-01-16 05:05:00+00:00,14272.0,Península
2023-01-16 05:10:00+00:00,14636.0,Península
2023-01-16 05:15:00+00:00,15056.0,Península
2023-01-16 05:20:00+00:00,15131.0,Península
2023-01-16 05:25:00+00:00,15358.0,Península
2023-01-16 05:30:00+00:00,15653.0,Península
2023-01-16 05:35:00+00:00,16006.0,Península
2023-01-16 05:40:00+00:00,16485.0,Península
2023-01-16 05:45:00+00:00,16676.0,Península
2023-01-16 05:50:00+00:00,16653.0,Península
2023-01-16 05:55:00+00:00,16987.0,Península
2023-01-16 06:00:00+00:00,17143.0,Península
2023-01-16 06:05:00+00:00,17184.0,Península
2023-01-16 06:10:00+00:00,17295.0,Península
2023-01-16 06:15:00+00:00,17183.0,Península
2023-01-16 06:20:00+00:00,17248.0,Península
2023-01-16 06:25:00+00:00,17255.0,Península
2023-01-16 06:30:00+00:00,17245.0,Península
2023-01-16 06:35:00+00:00,17211.0,Península
2023-01-16 06:40:00+00:00,17308.0,Península
2023-01-16 06:45:00+00:00,17286.0,Península
2023-01-16 06:50:00+00:00,17207.0,Península
2023-01-16 06:55:00+00:00,17353.0,Península
2023-01-16 07:00:00+00:00,17754.0,Península
2023-01-16 07:05:00+00:00,18075.0,Península
2023-01-16 07:10:00+00:00,18243.0,Península
2023-01-16 07:15:00+00:00,18257.0,Península
2023-01-16 07:20:00+00:00,18319.0,Península
2023-01-16 07:25:00+00:00,18362.0,Península
2023-01-16 07:30:00+00:00,18364.0,Península
2023-01-16 07:35:00+00:00,18210.0,Península
2023-01-16 07:40:00+00:00,18225.0,Península
2023-01-16 07:45:00+00:00,18277.0,Península
2023-01-16 07:50:00+00:00,18301.0,Península
2023-01-16 07:55:00+00:00,18221.0,Península
2023-01-16 08:00:00+00:00,18218.0,Península
2023-01-16 08:05:00+00:00,18099.0,Península
2023-01-16 08:10:00+00:00,18124.0,Península
2023-01-16 08:15:00+00:00,18126.0,Península
2023-01-16 08:20:00+00:00,18021.0,Península
2023-01-16 08:25:00+00:00,18012.0,Península
2023-01-16 08:30:00+00:00,17993.0,Península
2023-01-16 08:35:00+00:00,18026.0,Península
2023-01-16 08:40:00+00:00,17992.0,Península
2023-01-16 08:45:00+00:00,17920.0,Península
2023-01-16 08:50:00+00:00,18067.0,Península
2023-01-16 08:55:00+00:00,18110.0,Península
2023-01-16 09:00:00+00:00,18254.0,Península
2023-01-16 09:05:00+00:00,18341.0,Península
2023-01-16 09:10:00+00:00,18333.0,Península
2023-01-16 09:15:00+00:00,18368.0,Península
2023-01-16 09:20:00+00:00,18441.0,Península
2023-01-16 09:25:00+00:00,18320.0,Península
2023-01-16 09:30:00+00:00,18243.0,Península
2023-01-16 09:35:00+00:00,18244.0,Península
2023-01-16 09:40:00+00:00,18254.0,Península
2023-01-16 09:45:00+00:00,18179.0,Península
2023-01-16 09:50:00+00:00,18150.0,Península
2023-01-16 09:55:00+00:00,18166.0,Península
2023-01-16 10:00:00+00:00,18224.0,Península
2023-01-16 10:05:00+00:00,18173.0,Península
2023-01-16 10:10:00+00:00,18217.0,Península
2023-01-16 10:15:00+00:00,18104.0,Península
2023-01-16 10:20:00+00:00,18161.0,Península
2023-01-16 10:25:00+00:00,18071.0,Península
2023-01-16 10:30:00+00:00,17993.0,Península
2023-01-16 10:35:00+00:00,18109.0,Península
2023-01-16 10:40:00+00:00,18075.0,Península
2023-01-16 10:45:00+00:00,18087.0,Península
2023-01-16 10:50:00+00:00,18115.0,Península
2023-01-16 10:55:00+00:00,18154.0,Península
2023-01-16 11:00:00+00:00,18205.0,Península
2023-01-16 11:05:00+00:00,18332.0,Península
2023-01-16 11:10:00+00:00,18387.0,Península
2023-01-16 11:15:00+00:00,18447.0,Península
2023-01-16 11:20:00+00:00,18414.0,Península
2023-01-16 11:25:00+00:00,18356.0,Península
2023-01-16 11:30:00+00:00,18331.0,Península
2023-01-16 11:35:00+00:00,18355.0,Península
2023-01-16 11:40:00+00:00,18374.0,Península
2023-01-16 11:45:00+00:00,18481.0,Península
2023-01-16 11:50:00+00:00,18483.0,Península
2023-01-16 11:55:00+00:00,18422.0,Península
2023-01-16 12:00:00+00:00,18473.0,Península
2023-01-16 12:05:00+00:00,18480.0,Península
2023-01-16 12:10:00+00:00,18336.0,Península
2023-01-16 12:15:00+00:00,18422.0,Península
2023-01-16 12:20:00+00:00,18449.0,Península
2023-01-16 12:25:00+00:00,18363.0,Península
2023-01-16 12:30:00+00:00,18366.0,Península
2023-01-16 12:35:00+00:00,18247.0,Península
2023-01-16 12:40:00+00:00,18183.0,Península
2023-01-16 12:45:00+00:00,18180.0,Península
2023-01-16 12:50:00+00:00,18074.0,Península
2023-01-16 12:55:00+00:00,17998.0,Península
2023-01-16 13:00:00+00:00,17940.0,Península
2023-01-16 13:05:00+00:00,17753.0,Península
2023-01-16 13:10:00+00:00,17711.0,Península
2023-01-16 13:15:00+00:00,17704.0,Península
2023-01-16 13:20:00+00:00,17529.0,Península
2023-01-16 13:25:00+00:00,17478.0,Península
2023-01-16 13:30:00+00:00,17521.0,Península
2023-01-16 13:35:00+00:00,17469.0,Península
2023-01-16 13:40:00+00:00,17375.0,Península
2023-01-16 13:45:00+00:00,17369.0,Península
2023-01-16 13:50:00+00:00,17366.0,Península
2023-01-16 13:55:00+00:00,17329.0,Península
2023-01-16 14:00:00+00:00,17380.0,Península
2023-01-16 14:05:00+00:00,17384.0,Península
2023-01-16 14:10:00+00:00,17299.0,Península
2023-01-16 14:15:00+00:00,17302.0,Península
2023-01-16 14:20:00+00:00,17350.0,Península
2023-01-16 14:25:00+00:00,17326.0,Península
2023-01-16 14:30:00+00:00,17381.0,Península
2023-01-16 14:35:00+00:00,17384.0,Península
2023-01-16 14:40:00+00:00,17274.0,Península
2023-01-16 14:45:00+00:00,17351.0,Península
2023-01-16 14:50:00+00:00,17389.0,Península
2023-01-16 14:55:00+00:00,17462.0,Península
2023-01-16 15:00:00+00:00,17252.0,Península
2023-01-16 15:05:00+00:00,17363.0,Península
2023-01-16 15:10:00+00:00,17305.0,Península
2023-01-16 15:15:00+00:00,17398.0,Península
2023-01-16 15:20:00+00:00,17352.0,Península
2023-01-16 15:25:00+00:00,17362.0,Península
2023-01-16 15:30:00+00:00,17331.0,Península
2023-01-16 15:35:00+00:00,17378.0,Península
2023-01-16 15:40:00+00:00,17597.0,Península
2023-01-16 15:45:00+00:00,17429.0,Península
2023-01-16 15:50:00+00:00,17354.0,Península
2023-01-16 15:55:00+00:00,17526.0,Península
2023-01-16 16:00:00+00:00,17336.0,Península
2023-01-16 16:05:00+00:00,17722.0,Península
2023-01-16 16:10:00+00:00,17756.0,Península
2023-01-16 16:15:00+00:00,17510.0,Península
2023-01-16 16:20:00+00:00,17674.0,Península
2023-01-16 16:25:00+00:00,17388.0,Península
2023-01-16 16:30:00+00:00,17403.0,Península
2023-01-16 16:35:00+00:00,17451.0,Península
2023-01-16 16:40:00+00:00,17438.0,Península
2023-01-16 16:45:00+00:00,17446.0,Península
2023-01-16 16:50:00+00:00,17390.0,Península
2023-01-16 16:55:00+00:00,17394.0,Península
2023-01-16 17:00:00+00:00,17374.0,Península
2023-01-16 17:05:00+00:00,17441.0,Península
2023-01-16 17:10:00+00:00,17338.0,Península
2023-01-16 17:15:00+00:00,17368.0,Península
2023-01-16 17:20:00+00:00,17370.0,Península
2023-01-16 17:25:00+00:00,17419.0,Península
2023-01-16 17:30:00+00:00,17423.0,Península
2023-01-16 17:35:00+00:00,17505.0,Península
2023-01-16 17:40:00+00:00,17471.0,Península
2023-01-16 17:45:00+00:00,17403.0,Península
2023-01-16 17:50:00+00:00,17401.0,Península
2023-01-16 17:55:00+00:00,17352.0,Península
2023-01-16 18:00:00+00:00,17609.0,Península
2023-01-16 18:05:00+00:00,17483.0,Península
2023-01-16 18:10:00+00:00,17412.0,Península
2023-01-16 18:15:00+00:00,17473.0,Península
2023-01-16 18:20:00+00:00,17435.0,Península
2023-01-16 18:25:00+00:00,17384.0,Península
2023-01-16 18:30:00+00:00,17433.0,Península
2023-01-16 18:35:00+00:00,17390.0,Península
2023-01-16 18:40:00+00:00,17330.0,Península
2023-01-16 18:45:00+00:00,17266.0,Península
2023-01-16 18:50:00+00:00,17227.0,Península
2023-01-16 18:55:00+00:00,17263.0,Península
2023-01-16 19:00:00+00:00,17249.0,Península
2023-01-16 19:05:00+00:00,17160.0,Península
2023-01-16 19:10:00+00:00,17158.0,Península
2023-01-16 19:15:00+00:00,17139.0,Península
2023-01-16 19:20:00+00:00,17048.0,Península
2023-01-16 19:25:00+00:00,16934.0,Península
2023-01-16 19:30:00+00:00,16877.0,Península
2023-01-16 19:35:00+00:00,16728.0,Península
2023-01-16 19:40:00+00:00,16803.0,Península
2023-01-16 19:45:00+00:00,16852.0,Península
2023-01-16 19:50:00+00:00,16991.0,Península
2023-01-16 19:55:00+00:00,16781.0,Península
2023-01-16 20:00:00+00:00,16775.0,Península
2023-01-16 20:05:00+00:00,16962.0,Península
2023-01-16 20:10:00+00:00,16808.0,Península
2023-01-16 20:15:00+00:00,16814.0,Península
2023-01-16 20:20:00+00:00,16837.0,Península
2023-01-16 20:25:00+00:00,16924.0,Península
2023-01-16 20:30:00+00:00,17014.0,Península
2023-01-16 20:35:00+00:00,17195.0,Península
2023-01-16 20:40:00+00:00,16927.0,Península
2023-01-16 20:45:00+00:00,16807.0,Península
2023-01-16 20:50:00+00:00,16747.0,Península
2023-01-16 20:55:00+00:00,16742.0,Península
2023-01-16 21:00:00+00:00,16756.0,Península
2023-01-16 21:05:00+00:00,16556.0,Península
2023-01-16 21:10:00+00:00,16510.0,Península
2023-01-16 21:15:00+00:00,16635.0,Península
2023-01-16 21:20:00+00:00,16737.0,Península
2023-01-16 21:25:00+00:00,16765.0,Península
2023-01-16 21:30:00+00:00,16741.0,Península
2023-01-16 21:35:00+00:00,16956.0,Península
2023-01-16 21:40:00+00:00,16962.0,Península
2023-01-16 21:45:00+00:00,16855.0,Península
2023-01-16 21:50:00+00:00,17080.0,Península
2023-01-16 21:55:00+00:00,16882.0,Península
2023-01-16 22:00:00+00:00,16891.0,Península
2023-01-16 22:05:00+00:00,16498.0,Península
2023-01-16 22:10:00+00:00,16283.0,Península
2023-01-16 22:15:00+00:00,16163.0,Península
2023-01-16 22:20:00+00:00,16141.0,Península
2023-01-16 22:25:00+00:00,15926.0,Península
2023-01-16 22:30:00+00:00,15885.0,Península
2023-01-16 22:35:00+00:00,15836.0,Península
2023-01-16 22:40:00+00:00,15711.0,Península
2023-01-16 22:45:00+00:00,15563.0,Península
2023-01-16 22:50:00+00:00,15433.0,Península
2023-01-16 22:55:00+00:00,15330.0,Península
2023-01-16 23:00:00+00:00,15235.0,Península
2023-01-16 23:05:00+00:00,15200.0,Península
2023-01-16 23:10:00+00:00,15369.0,Península
2023-01-16 23:15:00+00:00,15415.0,Península
2023-01-16 23:20:00+00:00,15561.0,Península
2023-01-16 23:25:00+00:00,15564.0,Península
2023-01-16 23:30:00+00:00,15552.0,Península
2023-01-16 23:35:00+00:00,15608.0,Península
2023-01-16 23:40:00+00:00,15461.0,Península
2023-01-16 23:45:00+00:00,15422.0,Península
2023-01-16 23:50:00+00:00,15348.0,Península
2023-01-16 23:55:00+00:00,14948.0,Península
2023-01-17 00:00:00+00:00,14551.0,Península
2023-01-17 00:05:00+00:00,14411.0,Península
2023-01-17 00:10:00+00:00,14149.0,Península
2023-01-17 00:15:00+00:00,14150.0,Península
2023-01-17 00:20:00+00:00,14115.0,Península
2023-01-17 00:25:00+00:00,14098.0,Península
2023-01-17 00:30:00+00:00,14079.0,Península
2023-01-17 00:35:00+00:00,14038.0,Península
2023-01-17 00:40:00+00:00,14118.0,Península
2023-01-17 00:45:00+00:00,14130.0,Península
2023-01-17 00:50:00+00:00,14188.0,Península
2023-01-17 00:55:00+00:00,14232.0,Península
2023-01-17 01:00:00+00:00,14083.0,Península
2023-01-17 01:05:00+00:00,14069.0,Península
2023-01-17 01:10:00+00:00,13889.0,Península
2023-01-17 01:15:00+00:00,13797.0,Península
2023-01-17 01:20:00+00:00,13927.0,Península
2023-01-17 01:25:00+00:00,13764.0,Península
2023-01-17 01:30:00+00:00,13717.0,Península
2023-01-17 01:35:00+00:00,13849.0,Península
2023-01-17 01:40:00+00:00,13874.0,Península
2023-01-17 01:45:00+00:00,13892.0,Península
2023-01-17 01:50:00+00:00,13924.0,Península
2023-01-17 01:55:00+00:00,13963.0,Península
2023-01-17 02:00:00+00:00,14125.0,Península
2023-01-17 02:05:00+00:00,14229.0,Península
2023-01-17 02:10:00+00:00,14387.0,Península
2023-01-17 02:15:00+00:00,14299.0,Península
2023-01-17 02:20:00+00:00,14511.0,Península
2023-01-17 02:25:00+00:00,14571.0,Península
2023-01-17 02:30:00+00:00,14681.0,Península
2023-01-17 02:35:00+00:00,14632.0,Península
2023-01-17 02:40:00+00:00,14643.0,Península
2023-01-17 02:45:00+00:00,14641.0,Península
2023-01-17 02:50:00+00:00,14660.0,Península
2023-01-17 02:55:00+00:00,14650.0,Península
2023-01-17 03:00:00+00:00,14635.0,Península
2023-01-17 03:05:00+00:00,14597.0,Península
2023-01-17 03:10:00+00:00,14651.0,Península
2023-01-17 03:15:00+00:00,14924.0,Península
2023-01-17 03:20:00+00:00,14667.0,Península
2023-01-17 03:25:00+00:00,14539.0,Península
2023-01-17 03:30:00+00:00,14499.0,Península
2023-01-17 03:35:00+00:00,14579.0,Península
2023-01-17 03:40:00+00:00,14601.0,Península
2023-01-17 03:45:00+00:00,14641.0,Península
2023-01-17 03:50:00+00:00,14518.0,Península
2023-01-17 03:55:00+00:00,14641.0,Península
2023-01-17 04:00:00+00:00,14510.0,Península
2023-01-17 04:05:00+00:00,14932.0,Península
2023-01-17 04:10:00+00:00,14908.0,Península
2023-01-17 04:15:00+00:00,14731.0,Península
2023-01-17 04:20:00+00:00,14674.0,Península
2023-01-17 04:25:00+00:00,14711.0,Península
2023-01-17 04:30:00+00:00,14694.0,Península
2023-01-17 04:35:00+00:00,14880.0,Península
2023-01-17 04:40:00+00:00,14990.0,Península
2023-01-17 04:45:00+00:00,15149.0,Península
2023-01-17 04:50:00+00:00,15017.0,Península
2023-01-17 04:55:00+00:00,15175.0,Península
2023-01-17 05:00:00+00:00,15153.0,Península
2023-01-17 05:05:00+00:00,15039.0,Península
2023-01-17 05:10:00+00:00,15139.0,Península
2023-01-17 05:15:00+00:00,15226.0,Península
2023-01-17 05:20:00+00:00,15486.0,Península
2023-01-17 05:25:00+00:00,15784.0,Península
2023-01-17 05:30:00+00:00,15840.0,Península
2023-01-17 05:35:00+00:00,16068.0,Península
2023-01-17 05:40:00+00:00,16292.0,Península
2023-01-17 05:45:00+00:00,16493.0,Península
2023-01-17 05:50:00+00:00,16870.0,Península
2023-01-17 05:55:00+00:00,16960.0,Península
2023-01-17 06:00:00+00:00,16989.0,Península
2023-01-17 06:05:00+00:00,17066.0,Península
2023-01-17 06:10:00+00:00,17224.0,Península
2023-01-17 06:15:00+00:00,17600.0,Península
2023-01-17 06:20:00+00:00,17465.0,Península
2023-01-17 06:25:00+00:00,17488.0,Península
2023-01-17 06:30:00+00:00,17466.0,Península
2023-01-17 06:35:00+00:00,17593.0,Península
2023-01-17 06:40:00+00:00,17593.0,Península
2023-01-17 06:45:00+00:00,17638.0,Península
2023-01-17 06:50:00+00:00,17503.0,Península
2023-01-17 06:55:00+00:00,17200.0,Península
2023-01-17 07:00:00+00:00,17265.0,Península
2023-01-17 07:05:00+00:00,16970.0,Península
2023-01-17 07:10:00+00:00,16999.0,Península
2023-01-17 07:15:00+00:00,17046.0,Península
2023-01-17 07:20:00+00:00,17080.0,Península
2023-01-17 07:25:00+00:00,17204.0,Península
2023-01-17 07:30:00+00:00,17350.0,Península
2023-01-17 07:35:00+00:00,17360.0,Península
2023-01-17 07:40:00+00:00,17532.0,Península
2023-01-17 07:45:00+00:00,17226.0,Península
2023-01-17 07:50:00+00:00,17139.0,Península
2023-01-17 07:55:00+00:00,17189.0,Península
2023-01-17 08:00:00+00:00,17271.0,Península
2023-01-17 08:05:00+00:00,17499.0,Península
2023-01-17 08:10:00+00:00,17334.0,Península
2023-01-17 08:15:00+00:00,17383.0,Península
2023-01-17 08:20:00+00:00,17391.0,Península
2023-01-17 08:25:00+00:00,17376.0,Península
2023-01-17 08:30:00+00:00,17404.0,Península
2023-01-17 08:35:00+00:00,17479.0,Península
2023-01-17 08:40:00+00:00,17534.0,Península
2023-01-17 08:45:00+00:00,17622.0,Península
2023-01-17 08:50:00+00:00,17554.0,Península
2023-01-17 08:55:00+00:00,17601.0,Península
2023-01-17 09:00:00+00:00,17475.0,Península
2023-01-17 09:05:00+00:00,17098.0,Península
2023-01-17 09:10:00+00:00,17103.0,Península
2023-01-17 09:15:00+00:00,17140.0,Península
2023-01-17 09:20:00+00:00,17157.0,Península
2023-01-17 09:25:00+00:00,17195.0,Península
2023-01-17 09:30:00+00:00,17290.0,Península
2023-01-17 09:35:00+00:00,17308.0,Península
2023-01-17 09:40:00+00:00,17348.0,Península
2023-01-17 09:45:00+00:00,17467.0,Península
2023-01-17 09:50:00+00:00,17447.0,Península
2023-01-17 09:55:00+00:00,17399.0,Península
2023-01-17 10:00:00+00:00,17469.0,Península
2023-01-17 10:05:00+00:00,17692.0,Península
2023-01-17 10:10:00+00:00,17627.0,Península
2023-01-17 10:15:00+00:00,17650.0,Península
2023-01-17 10:20:00+00:00,17723.0,Península
2023-01-17 10:25:00+00:00,17470.0,Península
2023-01-17 10:30:00+00:00,17599.0,Península
2023-01-17 10:35:00+00:00,17626.0,Península
2023-01-17 10:40:00+00:00,17689.0,Península
2023-01-17 10:45:00+00:00,17599.0,Península
2023-01-17 10:50:00+00:00,17403.0,Península
2023-01-17 10:55:00+00:00,17207.0,Península
2023-01-17 11:00:00+00:00,17218.0,Península
2023-01-17 11:05:00+00:00,17307.0,Península
2023-01-17 11:10:00+00:00,17194.0,Península
2023-01-17 11:15:00+00:00,17078.0,Península
2023-01-17 11:20:00+00:00,17217.0,Península
2023-01-17 11:25:00+00:00,17278.0,Península
2023-01-17 11:30:00+00:00,17192.0,Península
2023-01-17 11:35:00+00:00,17155.0,Península
2023-01-17 11:40:00+00:00,17008.0,Península
2023-01-17 11:45:00+00:00,17048.0,Península
2023-01-17 11:50:00+00:00,16754.0,Península
2023-01-17 11:55:00+00:00,16826.0,Península
2023-01-17 12:00:00+00:00,16892.0,Península
2023-01-17 12:05:00+00:00,17086.0,Península
2023-01-17 12:10:00+00:00,17046.0,Península
2023-01-17 12:15:00+00:00,17105.0,Península
2023-01-17 12:20:00+00:00,16873.0,Península
2023-01-17 12:25:00+00:00,16973.0,Península
2023-01-17 12:30:00+00:00,16941.0,Península
2023-01-17 12:35:00+00:00,16779.0,Península
2023-01-17 12:40:00+00:00,16799.0,Península
2023-01-17 12:45:00+00:00,16710.0,Península
2023-01-17 12:50:00+00:00,16676.0,Península
2023-01-17 12:55:00+00:00,16628.0,Península
2023-01-17 13:00:00+00:00,16478.0,Península
2023-01-17 13:05:00+00:00,16449.0,Península
2023-01-17 13:10:00+00:00,16292.0,Península
2023-01-17 13:15:00+00:00,16298.0,Península
2023-01-17 13:20:00+00:00,16476.0,Península
2023-01-17 13:25:00+00:00,16428.0,Península
2023-01-17 13:30:00+00:00,16656.0,Península
2023-01-17 13:35:00+00:00,16521.0,Península
2023-01-17 13:40:00+00:00,16493.0,Península
2023-01-17 13:45:00+00:00,16348.0,Península
2023-01-17 13:50:00+00:00,16138.0,Península
2023-01-17 13:55:00+00:00,16094.0,Península
2023-01-17 14:00:00+00:00,16045.0,Península
2023-01-17 14:05:00+00:00,16020.0,Península
2023-01-17 14:10:00+00:00,16047.0,Península
2023-01-17 14:15:00+00:00,16251.0,Península
2023-01-17 14:20:00+00:00,16438.0,Península
2023-01-17 14:25:00+00:00,16642.0,Península
2023-01-17 14:30:00+00:00,16470.0,Península
2023-01-17 14:35:00+00:00,16574.0,Península
2023-01-17 14:40:00+00:00,16628.0,Península
2023-01-17 14:45:00+00:00,16608.0,Península
2023-01-17 14:50:00+00:00,16749.0,Península
2023-01-17 14:55:00+00:00,16852.0,Península
2023-01-17 15:00:00+00:00,16839.0,Península
2023-01-17 15:05:00+00:00,16802.0,Península
2023-01-17 15:10:00+00:00,16984.0,Península
2023-01-17 15:15:00+00:00,16950.0,Península
2023-01-17 15:20:00+00:00,16925.0,Península
2023-01-17 15:25:00+00:00,16866.0,Península
2023-01-17 15:30:00+00:00,16864.0,Península
2023-01-17 15:35:00+00:00,16712.0,Península
2023-01-17 15:40:00+00:00,16908.0,Península
2023-01-17 15:45:00+00:00,17342.0,Península
2023-01-17 15:50:00+00:00,17105.0,Península
2023-01-17 15:55:00+00:00,16511.0,Península
2023-01-17 16:00:00+00:00,16604.0,Península
2023-01-17 16:05:00+00:00,17107.0,Península
2023-01-17 16:10:00+00:00,17411.0,Península
2023-01-17 16:15:00+00:00,17303.0,Península
2023-01-17 16:20:00+00:00,17257.0,Península
2023-01-17 16:25:00+00:00,17101.0,Península
2023-01-17 16:30:00+00:00,17015.0,Península
2023-01-17 16:35:00+00:00,16880.0,Península
2023-01-17 16:40:00+00:00,16853.0,Península
2023-01-17 16:45:00+00:00,16908.0,Península
2023-01-17 16:50:00+00:00,16837.0,Península
2023-01-17 16:55:00+00:00,16934.0,Península
2023-01-17 17:00:00+00:00,16988.0,Península
2023-01-17 17:05:00+00:00,17122.0,Península
2023-01-17 17:10:00+00:00,17008.0,Península
2023-01-17 17:15:00+00:00,17022.0,Península
2023-01-17 17:20:00+00:00,17154.0,Península
2023-01-17 17:25:00+00:00,17182.0,Península
2023-01-17 17:30:00+00:00,17118.0,Península
2023-01-17 17:35:00+00:00,17295.0,Península
2023-01-17 17:40:00+00:00,17361.0,Península
2023-01-17 17:45:00+00:00,17342.0,Península
2023-01-17 17:50:00+00:00,17232.0,Península
2023-01-17 17:55:00+00:00,17147.0,Península
2023-01-17 18:00:00+00:00,17164.0,Península
2023-01-17 18:05:00+00:00,17235.0,Península
2023-01-17 18:10:00+00:00,17370.0,Península
2023-01-17 18:15:00+00:00,17408.0,Península
2023-01-17 18:20:00+00:00,17364.0,Península
2023-01-17 18:25:00+00:00,17288.0,Península
2023-01-17 18:30:00+00:00,17212.0,Península
2023-01-17 18:35:00+00:00,17142.0,Península
2023-01-17 18:40:00+00:00,17121.0,Península
2023-01-17 18:45:00+00:00,16942.0,Península
2023-01-17 18:50:00+00:00,16868.0,Península
2023-01-17 18:55:00+00:00,16809.0,Península
2023-01-17 19:00:00+00:00,16882.0,Península
2023-01-17 19:05:00+00:00,16890.0,Península
2023-01-17 19:10:00+00:00,16951.0,Península
2023-01-17 19:15:00+00:00,16937.0,Península
2023-01-17 19:20:00+00:00,16974.0,Península
2023-01-17 19:25:00+00:00,16914.0,Península
2023-01-17 19:30:00+00:00,16893.0,Península
2023-01-17 19:35:00+00:00,16846.0,Península
2023-01-17 19:40:00+00:00,16808.0,Península
2023-01-17 19:45:00+00:00,16864.0,Península
2023-01-17 19:50:00+00:00,16964.0,Península
2023-01-17 19:55:00+00:00,17024.0,Península
2023-01-17 20:00:00+00:00,17058.0,Península
2023-01-17 20:05:00+00:00,17021.0,Península
2023-01-17 20:10:00+00:00,17057.0,Península
2023-01-17 20:15:00+00:00,16983.0,Península
2023-01-17 20:20:00+00:00,17026.0,Península
2023-01-17 20:25:00+00:00,16991.0,Península
2023-01-17 20:30:00+00:00,16918.0,Península
2023-01-17 20:35:00+00:00,16888.0,Península
2023-01-17 20:40:00+00:00,16863.0,Península
2023-01-17 20:45:00+00:00,16866.0,Península
2023-01-17 20:50:00+00:00,17044.0,Península
2023-01-17 20:55:00+00:00,16951.0,Península
2023-01-17 21:00:00+00:00,16887.0,Península
2023-01-17 21:05:00+00:00,17043.0,Península
2023-01-17 21:10:00+00:00,17066.0,Península
2023-01-17 21:15:00+00:00,16974.0,Península
2023-01-17 21:20:00+00:00,17138.0,Península
2023-01-17 21:25:00+00:00,17097.0,Península
2023-01-17 21:30:00+00:00,17008.0,Península
2023-01-17 21:35:00+00:00,17068.0,Península
2023-01-17 21:40:00+00:00,17040.0,Península
2023-01-17 21:45:00+00:00,16843.0,Península
2023-01-17 21:50:00+00:00,16788.0,Península
2023-01-17 21:55:00+00:00,16973.0,Península
2023-01-17 22:00:00+00:00,17098.0,Península
2023-01-17 22:05:00+00:00,17151.0,Península
2023-01-17 22:10:00+00:00,16969.0,Península
2023-01-17 22:15:00+00:00,16797.0,Península
2023-01-17 22:20:00+00:00,16813.0,Península
2023-01-17 22:25:00+00:00,16583.0,Península
2023-01-17 22:30:00+00:00,16462.0,Península
2023-01-17 22:35:00+00:00,16573.0,Península
2023-01-17 22:40:00+00:00,16428.0,Península
2023-01-17 22:45:00+00:00,16197.0,Península
2023-01-17 22:50:00+00:00,16236.0,Península
2023-01-17 22:55:00+00:00,16176.0,Península
2023-01-17 23:00:00+00:00,16148.0,Península
2023-01-17 23:05:00+00:00,16438.0,Península
2023-01-17 23:10:00+00:00,16680.0,Península
2023-01-17 23:15:00+00:00,16770.0,Península
2023-01-17 23:20:00+00:00,16935.0,Península
2023-01-17 23:25:00+00:00,17012.0,Península
2023-01-17 23:30:00+00:00,16827.0,Península
2023-01-17 23:35:00+00:00,16591.0,Península
2023-01-17 23:40:00+00:00,16487.0,Península
2023-01-17 23:45:00+00:00,16544.0,Península
2023-01-17 23:50:00+00:00,16531.0,Península
2023-01-17 23:55:00+00:00,16137.0,Península
2023-01-18 00:00:00+00:00,15973.0,Península
2023-01-18 00:05:00+00:00,15726.0,Península
2023-01-18 00:10:00+00:00,15711.0,Península
2023-01-18 00:15:00+00:00,15509.0,Península
2023-01-18 00:20:00+00:00,15464.0,Península
2023-01-18 00:25:00+00:00,15484.0,Península
2023-01-18 00:30:00+00:00,15323.0,Península
2023-01-18 00:35:00+00:00,15299.0,Península
2023-01-18 00:40:00+00:00,15313.0,Península
2023-01-18 00:45:00+00:00,14873.0,Península
2023-01-18 00:50:00+00:00,14754.0,Península
2023-01-18 00:55:00+00:00,14608.0,Península
2023-01-18 01:00:00+00:00,14708.0,Península
2023-01-18 01:05:00+00:00,14733.0,Península
2023-01-18 01:10:00+00:00,14558.0,Península
2023-01-18 01:15:00+00:00,14797.0,Península
2023-01-18 01:20:00+00:00,14897.0,Península
2023-01-18 01:25:00+00:00,14899.0,Península
2023-01-18 01:30:00+00:00,14892.0,Península
2023-01-18 01:35:00+00:00,14820.0,Península
2023-01-18 01:40:00+00:00,14892.0,Península
2023-01-18 01:45:00+00:00,14879.0,Península
2023-01-18 01:50:00+00:00,14667.0,Península
2023-01-18 01:55:00+00:00,14680.0,Península
2023-01-18 02:00:00+00:00,14733.0,Península
2023-01-18 02:05:00+00:00,14887.0,Península
2023-01-18 02:10:00+00:00,14865.0,Península
2023-01-18 02:15:00+00:00,14758.0,Península
2023-01-18 02:20:00+00:00,14892.0,Península
2023-01-18 02:25:00+00:00,14481.0,Península
2023-01-18 02:30:00+00:00,14430.0,Península
2023-01-18 02:35:00+00:00,14414.0,Península
2023-01-18 02:40:00+00:00,14378.0,Península
2023-01-18 02:45:00+00:00,14342.0,Península
2023-01-18 02:50:00+00:00,14166.0,Península
2023-01-18 02:55:00+00:00,14018.0,Península
2023-01-18 03:00:00+00:00,14034.0,Península
2023-01-18 03:05:00+00:00,14042.0,Península
2023-01-18 03:10:00+00:00,14081.0,Península
2023-01-18 03:15:00+00:00,13883.0,Península
2023-01-18 03:20:00+00:00,13980.0,Península
2023-01-18 03:25:00+00:00,13990.0,Península
2023-01-18 03:30:00+00:00,14069.0,Península
2023-01-18 03:35:00+00:00,13971.0,Península
2023-01-18 03:40:00+00:00,13925.0,Península
2023-01-18 03:45:00+00:00,13746.0,Península
2023-01-18 03:50:00+00:00,13725.0,Península
2023-01-18 03:55:00+00:00,13977.0,Península
2023-01-18 04:00:00+00:00,14008.0,Península
2023-01-18 04:05:00+00:00,13963.0,Península
2023-01-18 04:10:00+00:00,14098.0,Península
2023-01-18 04:15:00+00:00,14247.0,Península
2023-01-18 04:20:00+00:00,14126.0,Península
2023-01-18 04:25:00+00:00,14101.0,Península
2023-01-18 04:30:00+00:00,14268.0,Península
2023-01-18 04:35:00+00:00,14531.0,Península
2023-01-18 04:40:00+00:00,14504.0,Península
2023-01-18 04:45:00+00:00,14687.0,Península
2023-01-18 04:50:00+00:00,14567.0,Península
2023-01-18 04:55:00+00:00,14950.0,Península
2023-01-18 05:00:00+00:00,15047.0,Península
2023-01-18 05:05:00+00:00,14938.0,Península
2023-01-18 05:10:00+00:00,15077.0,Península
2023-01-18 05:15:00+00:00,15236.0,Península
2023-01-18 05:20:00+00:00,15134.0,Península
2023-01-18 05:25:00+00:00,15092.0,Península
2023-01-18 05:30:00+00:00,15236.0,Península
2023-01-18 05:35:00+00:00,15351.0,Península
2023-01-18 05:40:00+00:00,15407.0,Península
2023-01-18 05:45:00+00:00,15416.0,Península
2023-01-18 05:50:00+00:00,15317.0,Península
2023-01-18 05:55:00+00:00,15342.0,Península
2023-01-18 06:00:00+00:00,15512.0,Península
2023-01-18 06:05:00+00:00,15641.0,Península
2023-01-18 06:10:00+00:00,15857.0,Península
2023-01-18 06:15:00+00:00,16163.0,Península
2023-01-18 06:20:00+00:00,16353.0,Península
2023-01-18 06:25:00+00:00,16376.0,Península
2023-01-18 06:30:00+00:00,16361.0,Península
2023-01-18 06:35:00+00:00,16231.0,Península
2023-01-18 06:40:00+00:00,16010.0,Península
2023-01-18 06:45:00+00:00,15991.0,Península
2023-01-18 06:50:00+00:00,15929.0,Península
2023-01-18 06:55:00+00:00,15776.0,Península
2023-01-18 07:00:00+00:00,15646.0,Península
2023-01-18 07:05:00+00:00,15548.0,Península
2023-01-18 07:10:00+00:00,15458.0,Península
2023-01-18 07:15:00+00:00,15337.0,Península
2023-01-18 07:20:00+00:00,15295.0,Península
2023-01-18 07:25:00+00:00,15340.0,Península
2023-01-18 07:30:00+00:00,15337.0,Península
2023-01-18 07:35:00+00:00,15326.0,Península
2023-01-18 07:40:00+00:00,14824.0,Península
2023-01-18 07:45:00+00:00,14730.0,Península
2023-01-18 07:50:00+00:00,14706.0,Península
2023-01-18 07:55:00+00:00,14603.0,Península
2023-01-18 08:00:00+00:00,14616.0,Península
2023-01-18 08:05:00+00:00,14538.0,Península
2023-01-18 08:10:00+00:00,14412.0,Península
2023-01-18 08:15:00+00:00,14293.0,Península
2023-01-18 08:20:00+00:00,14193.0,Península
2023-01-18 08:25:00+00:00,14118.0,Península
2023-01-18 08:30:00+00:00,14060.0,Península
2023-01-18 08:35:00+00:00,14003.0,Península
2023-01-18 08:40:00+00:00,13967.0,Península
2023-01-18 08:45:00+00:00,13934.0,Península
2023-01-18 08:50:00+00:00,13887.0,Península
2023-01-18 08:55:00+00:00,13760.0,Península
2023-01-18 09:00:00+00:00,13685.0,Península
2023-01-18 09:05:00+00:00,13650.0,Península
2023-01-18 09:10:00+00:00,13630.0,Península
2023-01-18 09:15:00+00:00,13691.0,Península
2023-01-18 09:20:00+00:00,13567.0,Península
2023-01-18 09:25:00+00:00,13603.0,Península
2023-01-18 09:30:00+00:00,13471.0,Península
2023-01-18 09:35:00+00:00,13442.0,Península
2023-01-18 09:40:00+00:00,13237.0,Península
2023-01-18 09:45:00+00:00,13210.0,Península
2023-01-18 09:50:00+00:00,13268.0,Península
2023-01-18 09:55:00+00:00,13278.0,Península
2023-01-18 10:00:00+00:00,13277.0,Península
2023-01-18 10:05:00+00:00,13353.0,Península
2023-01-18 10:10:00+00:00,13383.0,Península
2023-01-18 10:15:00+00:00,13351.0,Península
2023-01-18 10:20:00+00:00,13383.0,Península
2023-01-18 10:25:00+00:00,13249.0,Península
2023-01-18 10:30:00+00:00,13556.0,Península
2023-01-18 10:35:00+00:00,13559.0,Península
2023-01-18 10:40:00+00:00,13513.0,Península
2023-01-18 10:45:00+00:00,13546.0,Península
2023-01-18 10:50:00+00:00,13604.0,Península
2023-01-18 10:55:00+00:00,13690.0,Península
2023-01-18 11:00:00+00:00,13761.0,Península
2023-01-18 11:05:00+00:00,13740.0,Península
2023-01-18 11:10:00+00:00,13765.0,Península
2023-01-18 11:15:00+00:00,13906.0,Península
2023-01-18 11:20:00+00:00,14019.0,Península
2023-01-18 11:25:00+00:00,14020.0,Península
2023-01-18 11:30:00+00:00,14033.0,Península
2023-01-18 11:35:00+00:00,14148.0,Península
2023-01-18 11:40:00+00:00,14242.0,Península
2023-01-18 11:45:00+00:00,14337.0,Península
2023-01-18 11:50:00+00:00,14280.0,Península
2023-01-18 11:55:00+00:00,14339.0,Península
2023-01-18 12:00:00+00:00,14430.0,Península
2023-01-18 12:05:00+00:00,14505.0,Península
2023-01-18 12:10:00+00:00,14652.0,Península
2023-01-18 12:15:00+00:00,14728.0,Península
2023-01-18 12:20:00+00:00,14858.0,Península
2023-01-18 12:25:00+00:00,14899.0,Península
2023-01-18 12:30:00+00:00,15042.0,Península
2023-01-18 12:35:00+00:00,15024.0,Península
2023-01-18 12:40:00+00:00,15085.0,Península
2023-01-18 12:45:00+00:00,15287.0,Península
2023-01-18 12:50:00+00:00,15339.0,Península
2023-01-18 12:55:00+00:00,15457.0,Península
2023-01-18 13:00:00+00:00,15341.0,Península
2023-01-18 13:05:00+00:00,15244.0,Península
2023-01-18 13:10:00+00:00,15022.0,Península
2023-01-18 13:15:00+00:00,15064.0,Península
2023-01-18 13:20:00+00:00,15323.0,Península
2023-01-18 13:25:00+00:00,15507.0,Península
2023-01-18 13:30:00+00:00,15407.0,Península
2023-01-18 13:35:00+00:00,15456.0,Península
2023-01-18 13:40:00+00:00,15230.0,Península
2023-01-18 13:45:00+00:00,15023.0,Península
2023-01-18 13:50:00+00:00,14960.0,Península
2023-01-18 13:55:00+00:00,14801.0,Península
2023-01-18 14:00:00+00:00,14736.0,Península
2023-01-18 14:05:00+00:00,14991.0,Península
2023-01-18 14:10:00+00:00,15205.0,Península
2023-01-18 14:15:00+00:00,15549.0,Península
2023-01-18 14:20:00+00:00,15728.0,Península
2023-01-18 14:25:00+00:00,15554.0,Península
2023-01-18 14:30:00+00:00,15391.0,Península
2023-01-18 14:35:00+00:00,15461.0,Península
2023-01-18 14:40:00+00:00,15541.0,Península
2023-01-18 14:45:00+00:00,15456.0,Península
2023-01-18 14:50:00+00:00,15551.0,Península
2023-01-18 14:55:00+00:00,15553.0,Península
2023-01-18 15:00:00+00:00,15662.0,Península
2023-01-18 15:05:00+00:00,15809.0,Península
2023-01-18 15:10:00+00:00,15895.0,Península
2023-01-18 15:15:00+00:00,15933.0,Península
2023-01-18 15:20:00+00:00,15520.0,Península
2023-01-18 15:25:00+00:00,15154.0,Península
2023-01-18 15:30:00+00:00,15037.0,Península
2023-01-18 15:35:00+00:00,15200.0,Península
2023-01-18 15:40:00+00:00,15056.0,Península
2023-01-18 15:45:00+00:00,15115.0,Península
2023-01-18 15:50:00+00:00,15382.0,Península
2023-01-18 15:55:00+00:00,15328.0,Península
2023-01-18 16:00:00+00:00,15364.0,Península
2023-01-18 16:05:00+00:00,15394.0,Península
2023-01-18 16:10:00+00:00,15443.0,Península
2023-01-18 16:15:00+00:00,15527.0,Península
2023-01-18 16:20:00+00:00,15530.0,Península
2023-01-18 16:25:00+00:00,15354.0,Península
2023-01-18 16:30:00+00:00,15252.0,Península
2023-01-18 16:35:00+00:00,15123.0,Península
2023-01-18 16:40:00+00:00,15335.0,Península
2023-01-18 16:45:00+00:00,15460.0,Península
2023-01-18 16:50:00+00:00,15426.0,Península
2023-01-18 16:55:00+00:00,15336.0,Península
2023-01-18 17:00:00+00:00,15229.0,Península
2023-01-18 17:05:00+00:00,15544.0,Península
2023-01-18 17:10:00+00:00,15481.0,Península
2023-01-18 17:15:00+00:00,15546.0,Península
2023-01-18 17:20:00+00:00,15439.0,Península
2023-01-18 17:25:00+00:00,15480.0,Península
2023-01-18 17:30:00+00:00,15373.0,Península
2023-01-18 17:35:00+00:00,15386.0,Península
2023-01-18 17:40:00+00:00,15311.0,Península
2023-01-18 17:45:00+00:00,15224.0,Península
2023-01-18 17:50:00+00:00,15313.0,Península
2023-01-18 17:55:00+00:00,15397.0,Península
2023-01-18 18:00:00+00:00,15577.0,Península
2023-01-18 18:05:00+00:00,15555.0,Península
2023-01-18 18:10:00+00:00,15540.0,Península
2023-01-18 18:15:00+00:00,15508.0,Península
2023-01-18 18:20:00+00:00,15548.0,Península
2023-01-18 18:25:00+00:00,15579.0,Península
2023-01-18 18:30:00+00:00,15601.0,Península
2023-01-18 18:35:00+00:00,15619.0,Península
2023-01-18 18:40:00+00:00,15697.0,Península
2023-01-18 18:45:00+00:00,15639.0,Península
2023-01-18 18:50:00+00:00,15620.0,Península
2023-01-18 18:55:00+00:00,15564.0,Península
2023-01-18 19:00:00+00:00,15645.0,Península
2023-01-18 19:05:00+00:00,15742.0,Península
2023-01-18 19:10:00+00:00,15867.0,Península
2023-01-18 19:15:00+00:00,15976.0,Península
2023-01-18 19:20:00+00:00,16015.0,Península
2023-01-18 19:25:00+00:00,16015.0,Península
2023-01-18 19:30:00+00:00,16006.0,Península
2023-01-18 19:35:00+00:00,15966.0,Península
2023-01-18 19:40:00+00:00,15950.0,Península
2023-01-18 19:45:00+00:00,15874.0,Península
2023-01-18 19:50:00+00:00,16000.0,Península
2023-01-18 19:55:00+00:00,15996.0,Península
2023-01-18 20:00:00+00:00,16069.0,Península
2023-01-18 20:05:00+00:00,16031.0,Península
2023-01-18 20:10:00+00:00,15938.0,Península
2023-01-18 20:15:00+00:00,15887.0,Península
2023-01-18 20:20:00+00:00,15832.0,Península
2023-01-18 20:25:00+00:00,15678.0,Península
2023-01-18 20:30:00+00:00,15536.0,Península
2023-01-18 20:35:00+00:00,15404.0,Península
2023-01-18 20:40:00+00:00,15133.0,Península
2023-01-18 20:45:00+00:00,15130.0,Península
2023-01-18 20:50:00+00:00,14991.0,Península
2023-01-18 20:55:00+00:00,14846.0,Península
2023-01-18 21:00:00+00:00,14678.0,Península
2023-01-18 21:05:00+00:00,14485.0,Península
2023-01-18 21:10:00+00:00,14491.0,Península
2023-01-18 21:15:00+00:00,14482.0,Península
2023-01-18 21:20:00+00:00,14354.0,Península
2023-01-18 21:25:00+00:00,14230.0,Península
2023-01-18 21:30:00+00:00,14136.0,Península
2023-01-18 21:35:00+00:00,14149.0,Península
2023-01-18 21:40:00+00:00,14160.0,Península
2023-01-18 21:45:00+00:00,14091.0,Península
2023-01-18 21:50:00+00:00,14027.0,Península
2023-01-18 21:55:00+00:00,13963.0,Península
2023-01-18 22:00:00+00:00,13918.0,Península
2023-01-18 22:05:00+00:00,13751.0,Península
2023-01-18 22:10:00+00:00,13701.0,Península
2023-01-18 22:15:00+00:00,13499.0,Península
2023-01-18 22:20:00+00:00,13420.0,Península
2023-01-18 22:25:00+00:00,13266.0,Península
2023-01-18 22:30:00+00:00,13193.0,Península
2023-01-18 22:35:00+00:00,13236.0,Península
2023-01-18 22:40:00+00:00,13214.0,Península
2023-01-18 22:45:00+00:00,13009.0,Península
2023-01-18 22:50:00+00:00,12918.0,Península
2023-01-18 22:55:00+00:00,12914.0,Península
2023-01-18 23:00:00+00:00,12876.0,Península
2023-01-18 23:05:00+00:00,13012.0,Península
2023-01-18 23:10:00+00:00,12933.0,Península
2023-01-18 23:15:00+00:00,12787.0,Península
2023-01-18 23:20:00+00:00,12718.0,Península
2023-01-18 23:25:00+00:00,12609.0,Península
2023-01-18 23:30:00+00:00,12473.0,Península
2023-01-18 23:35:00+00:00,12446.0,Península
2023-01-18 23:40:00+00:00,12348.0,Península
2023-01-18 23:45:00+00:00,12337.0,Península
2023-01-18 23:50:00+00:00,12354.0,Península
2023-01-18 23:55:00+00:00,12364.0,Península
2023-01-19 00:00:00+00:00,12433.0,Península
2023-01-19 00:05:00+00:00,12355.0,Península
2023-01-19 00:10:00+00:00,12492.0,Península
2023-01-19 00:15:00+00:00,12512.0,Península
2023-01-19 00:20:00+00:00,12699.0,Península
2023-01-19 00:25:00+00:00,12665.0,Península
2023-01-19 00:30:00+00:00,12665.0,Península
2023-01-19 00:35:00+00:00,12757.0,Península
2023-01-19 00:40:00+00:00,12857.0,Península
2023-01-19 00:45:00+00:00,12909.0,Península
2023-01-19 00:50:00+00:00,12938.0,Península
2023-01-19 00:55:00+00:00,12980.0,Península
2023-01-19 01:00:00+00:00,12787.0,Península
2023-01-19 01:05:00+00:00,12934.0,Península
2023-01-19 01:10:00+00:00,12898.0,Península
2023-01-19 01:15:00+00:00,12951.0,Península
2023-01-19 01:20:00+00:00,12932.0,Península
2023-01-19 01:25:00+00:00,12891.0,Península
2023-01-19 01:30:00+00:00,12923.0,Península
2023-01-19 01:35:00+00:00,12954.0,Península
2023-01-19 01:40:00+00:00,12970.0,Península
2023-01-19 01:45:00+00:00,13091.0,Península
2023-01-19 01:50:00+00:00,13110.0,Península
2023-01-19 01:55:00+00:00,13192.0,Península
2023-01-19 02:00:00+00:00,13220.0,Península
2023-01-19 02:05:00+00:00,13364.0,Península
2023-01-19 02:10:00+00:00,13387.0,Península
2023-01-19 02:15:00+00:00,13459.0,Península
2023-01-19 02:20:00+00:00,13378.0,Península
2023-01-19 02:25:00+00:00,13170.0,Península
2023-01-19 02:30:00+00:00,13067.0,Península
2023-01-19 02:35:00+00:00,12979.0,Península
2023-01-19 02:40:00+00:00,12921.0,Península
2023-01-19 02:45:00+00:00,12900.0,Península
2023-01-19 02:50:00+00:00,12945.0,Península
2023-01-19 02:55:00+00:00,13056.0,Península
2023-01-19 03:00:00+00:00,13178.0,Península
2023-01-19 03:05:00+00:00,13179.0,Península
2023-01-19 03:10:00+00:00,13153.0,Península
2023-01-19 03:15:00+00:00,13164.0,Península
2023-01-19 03:20:00+00:00,13254.0,Península
2023-01-19 03:25:00+00:00,13230.0,Península
2023-01-19 03:30:00+00:00,13231.0,Península
2023-01-19 03:35:00+00:00,13222.0,Península
2023-01-19 03:40:00+00:00,13202.0,Península
2023-01-19 03:45:00+00:00,13257.0,Península
2023-01-19 03:50:00+00:00,13271.0,Península
2023-01-19 03:55:00+00:00,13236.0,Península
2023-01-19 04:00:00+00:00,13186.0,Península
2023-01-19 04:05:00+00:00,13084.0,Península
2023-01-19 04:10:00+00:00,13146.0,Península
2023-01-19 04:15:00+00:00,13339.0,Península
2023-01-19 04:20:00+00:00,13327.0,Península
2023-01-19 04:25:00+00:00,13327.0,Península
2023-01-19 04:30:00+00:00,13321.0,Península
2023-01-19 04:35:00+00:00,13230.0,Península
2023-01-19 04:40:00+00:00,13112.0,Península
2023-01-19 04:45:00+00:00,13025.0,Península
2023-01-19 04:50:00+00:00,13127.0,Península
2023-01-19 04:55:00+00:00,13222.0,Península
2023-01-19 05:00:00+00:00,13265.0,Península
2023-01-19 05:05:00+00:00,13357.0,Península
2023-01-19 05:10:00+00:00,13390.0,Península
2023-01-19 05:15:00+00:00,13440.0,Península
2023-01-19 05:20:00+00:00,13444.0,Península
2023-01-19 05:25:00+00:00,13383.0,Península
2023-01-19 05:30:00+00:00,13353.0,Península
2023-01-19 05:35:00+00:00,13340.0,Península
2023-01-19 05:40:00+00:00,13356.0,Península
2023-01-19 05:45:00+00:00,13320.0,Península
2023-01-19 05:50:00+00:00,13302.0,Península
2023-01-19 05:55:00+00:00,13370.0,Península
2023-01-19 06:00:00+00:00,13310.0,Península
2023-01-19 06:05:00+00:00,13332.0,Península
2023-01-19 06:10:00+00:00,13337.0,Península
2023-01-19 06:15:00+00:00,13349.0,Península
2023-01-19 06:20:00+00:00,13402.0,Península
2023-01-19 06:25:00+00:00,13386.0,Península
2023-01-19 06:30:00+00:00,13401.0,Península
2023-01-19 06:35:00+00:00,13334.0,Península
2023-01-19 06:40:00+00:00,13312.0,Península
2023-01-19 06:45:00+00:00,13350.0,Península
2023-01-19 06:50:00+00:00,13285.0,Península
2023-01-19 06:55:00+00:00,13180.0,Península
2023-01-19 07:00:00+00:00,13148.0,Península
2023-01-19 07:05:00+00:00,13107.0,Península
2023-01-19 07:10:00+00:00,13056.0,Península
2023-01-19 07:15:00+00:00,12960.0,Península
2023-01-19 07:20:00+00:00,12941.0,Península
2023-01-19 07:25:00+00:00,12964.0,Península
2023-01-19 07:30:00+00:00,12961.0,Península
2023-01-19 07:35:00+00:00,12945.0,Península
2023-01-19 07:40:00+00:00,12975.0,Península
2023-01-19 07:45:00+00:00,13036.0,Península
2023-01-19 07:50:00+00:00,13106.0,Península
2023-01-19 07:55:00+00:00,13201.0,Península
2023-01-19 08:00:00+00:00,13238.0,Península
2023-01-19 08:05:00+00:00,13255.0,Península
2023-01-19 08:10:00+00:00,13255.0,Península
2023-01-19 08:15:00+00:00,13311.0,Península
2023-01-19 08:20:00+00:00,13345.0,Península
2023-01-19 08:25:00+00:00,13392.0,Península
2023-01-19 08:30:00+00:00,13463.0,Península
2023-01-19 08:35:00+00:00,13335.0,Península
2023-01-19 08:40:00+00:00,13250.0,Península
2023-01-19 08:45:00+00:00,13324.0,Península
2023-01-19 08:50:00+00:00,13275.0,Península
2023-01-19 08:55:00+00:00,13363.0,Península
2023-01-19 09:00:00+00:00,13386.0,Península
2023-01-19 09:05:00+00:00,13484.0,Península
2023-01-19 09:10:00+00:00,13246.0,Península
2023-01-19 09:15:00+00:00,13205.0,Península
2023-01-19 09:20:00+00:00,13370.0,Península
2023-01-19 09:25:00+00:00,13366.0,Península
2023-01-19 09:30:00+00:00,13269.0,Península
2023-01-19 09:35:00+00:00,13306.0,Península
2023-01-19 09:40:00+00:00,13359.0,Península
2023-01-19 09:45:00+00:00,13295.0,Península
2023-01-19 09:50:00+00:00,13418.0,Península
2023-01-19 09:55:00+00:00,13463.0,Península
2023-01-19 10:00:00+00:00,13552.0,Península
2023-01-19 10:05:00+00:00,13807.0,Península
2023-01-19 10:10:00+00:00,13906.0,Península
2023-01-19 10:15:00+00:00,14124.0,Península
2023-01-19 10:20:00+00:00,14156.0,Península
2023-01-19 10:25:00+00:00,14288.0,Península
2023-01-19 10:30:00+00:00,14340.0,Península
2023-01-19 10:35:00+00:00,14327.0,Península
2023-01-19 10:40:00+00:00,14421.0,Península
2023-01-19 10:45:00+00:00,14573.0,Península
2023-01-19 10:50:00+00:00,14670.0,Península
2023-01-19 10:55:00+00:00,14680.0,Península
2023-01-19 11:00:00+00:00,14854.0,Península
2023-01-19 11:05:00+00:00,14992.0,Península
2023-01-19 11:10:00+00:00,15247.0,Península
2023-01-19 11:15:00+00:00,15286.0,Península
2023-01-19 11:20:00+00:00,15350.0,Península
2023-01-19 11:25:00+00:00,15404.0,Península
2023-01-19 11:30:00+00:00,15482.0,Península
2023-01-19 11:35:00+00:00,15534.0,Península
2023-01-19 11:40:00+00:00,15686.0,Península
2023-01-19 11:45:00+00:00,15823.0,Península
2023-01-19 11:50:00+00:00,15927.0,Península
2023-01-19 11:55:00+00:00,15959.0,Península
2023-01-19 12:00:00+00:00,16049.0,Península
2023-01-19 12:05:00+00:00,16176.0,Península
2023-01-19 12:10:00+00:00,15806.0,Península
2023-01-19 12:15:00+00:00,15853.0,Península
2023-01-19 12:20:00+00:00,16013.0,Península
2023-01-19 12:25:00+00:00,16041.0,Península
2023-01-19 12:30:00+00:00,16125.0,Península
2023-01-19 12:35:00+00:00,16065.0,Península
2023-01-19 12:40:00+00:00,16057.0,Península
2023-01-19 12:45:00+00:00,16110.0,Península
2023-01-19 12:50:00+00:00,16060.0,Península
2023-01-19 12:55:00+00:00,16194.0,Península
2023-01-19 13:00:00+00:00,16258.0,Península
2023-01-19 13:05:00+00:00,16182.0,Península
2023-01-19 13:10:00+00:00,16267.0,Península
2023-01-19 13:15:00+00:00,16194.0,Península
2023-01-19 13:20:00+00:00,16277.0,Península
2023-01-19 13:25:00+00:00,16611.0,Península
2023-01-19 13:30:00+00:00,16828.0,Península
2023-01-19 13:35:00+00:00,16899.0,Península
2023-01-19 13:40:00+00:00,16954.0,Península
2023-01-19 13:45:00+00:00,17180.0,Península
2023-01-19 13:50:00+00:00,17219.0,Península
2023-01-19 13:55:00+00:00,17247.0,Península
2023-01-19 14:00:00+00:00,17319.0,Península
2023-01-19 14:05:00+00:00,17427.0,Península
2023-01-19 14:10:00+00:00,17422.0,Península
2023-01-19 14:15:00+00:00,17357.0,Península
2023-01-19 14:20:00+00:00,17361.0,Península
2023-01-19 14:25:00+00:00,17346.0,Península
2023-01-19 14:30:00+00:00,17359.0,Península
2023-01-19 14:35:00+00:00,17487.0,Península
2023-01-19 14:40:00+00:00,17558.0,Península
2023-01-19 14:45:00+00:00,17712.0,Península
2023-01-19 14:50:00+00:00,17668.0,Península
2023-01-19 14:55:00+00:00,17754.0,Península
2023-01-19 15:00:00+00:00,17713.0,Península
2023-01-19 15:05:00+00:00,17590.0,Península
2023-01-19 15:10:00+00:00,17546.0,Península
2023-01-19 15:15:00+00:00,17587.0,Península
2023-01-19 15:20:00+00:00,17709.0,Península
2023-01-19 15:25:00+00:00,17739.0,Península
2023-01-19 15:30:00+00:00,17777.0,Península
2023-01-19 15:35:00+00:00,17819.0,Península
2023-01-19 15:40:00+00:00,17913.0,Península
2023-01-19 15:45:00+00:00,17957.0,Península
2023-01-19 15:50:00+00:00,17862.0,Península
2023-01-19 15:55:00+00:00,17936.0,Península
2023-01-19 16:00:00+00:00,17967.0,Península
2023-01-19 16:05:00+00:00,17895.0,Península
2023-01-19 16:10:00+00:00,17856.0,Península
2023-01-19 16:15:00+00:00,17897.0,Península
2023-01-19 16:20:00+00:00,17909.0,Península
2023-01-19 16:25:00+00:00,17918.0,Península
2023-01-19 16:30:00+00:00,17850.0,Península
2023-01-19 16:35:00+00:00,17870.0,Península
2023-01-19 16:40:00+00:00,17877.0,Península
2023-01-19 16:45:00+00:00,17986.0,Península
2023-01-19 16:50:00+00:00,18113.0,Península
2023-01-19 16:55:00+00:00,18107.0,Península
2023-01-19 17:00:00+00:00,18024.0,Península
2023-01-19 17:05:00+00:00,17988.0,Península
2023-01-19 17:10:00+00:00,18128.0,Península
2023-01-19 17:15:00+00:00,18354.0,Península
2023-01-19 17:20:00+00:00,18431.0,Península
2023-01-19 17:25:00+00:00,18430.0,Península
2023-01-19 17:30:00+00:00,18430.0,Península
2023-01-19 17:35:00+00:00,18498.0,Península
2023-01-19 17:40:00+00:00,18425.0,Península
2023-01-19 17:45:00+00:00,18490.0,Península
2023-01-19 17:50:00+00:00,18466.0,Península
2023-01-19 17:55:00+00:00,18471.0,Península
2023-01-19 18:00:00+00:00,18435.0,Península
2023-01-19 18:05:00+00:00,18800.0,Península
2023-01-19 18:10:00+00:00,18898.0,Península
2023-01-19 18:15:00+00:00,18985.0,Península
2023-01-19 18:20:00+00:00,18998.0,Península
2023-01-19 18:25:00+00:00,18966.0,Península
2023-01-19 18:30:00+00:00,19043.0,Península
2023-01-19 18:35:00+00:00,19040.0,Península
2023-01-19 18:40:00+00:00,19034.0,Península
2023-01-19 18:45:00+00:00,19017.0,Península
2023-01-19 18:50:00+00:00,19070.0,Península
2023-01-19 18:55:00+00:00,19124.0,Península
2023-01-19 19:00:00+00:00,19023.0,Península
2023-01-19 19:05:00+00:00,18989.0,Península
2023-01-19 19:10:00+00:00,19031.0,Península
2023-01-19 19:15:00+00:00,18952.0,Península
2023-01-19 19:20:00+00:00,18851.0,Península
2023-01-19 19:25:00+00:00,18760.0,Península
2023-01-19 19:30:00+00:00,18679.0,Península
2023-01-19 19:35:00+00:00,18601.0,Península
2023-01-19 19:40:00+00:00,18616.0,Península
2023-01-19 19:45:00+00:00,18571.0,Península
2023-01-19 19:50:00+00:00,18495.0,Península
2023-01-19 19:55:00+00:00,18435.0,Península
2023-01-19 20:00:00+00:00,18338.0,Península
2023-01-19 20:05:00+00:00,18239.0,Península
2023-01-19 20:10:00+00:00,18213.0,Península
2023-01-19 20:15:00+00:00,18123.0,Península
2023-01-19 20:20:00+00:00,17991.0,Península
2023-01-19 20:25:00+00:00,17982.0,Península
2023-01-19 20:30:00+00:00,17800.0,Península
2023-01-19 20:35:00+00:00,17634.0,Península
2023-01-19 20:40:00+00:00,17574.0,Península
2023-01-19 20:45:00+00:00,17411.0,Península
2023-01-19 20:50:00+00:00,17470.0,Península
2023-01-19 20:55:00+00:00,17395.0,Península
2023-01-19 21:00:00+00:00,17534.0,Península
2023-01-19 21:05:00+00:00,17672.0,Península
2023-01-19 21:10:00+00:00,17611.0,Península
2023-01-19 21:15:00+00:00,17657.0,Península
2023-01-19 21:20:00+00:00,17678.0,Península
2023-01-19 21:25:00+00:00,17710.0,Península
2023-01-19 21:30:00+00:00,17638.0,Península
2023-01-19 21:35:00+00:00,17582.0,Península
2023-01-19 21:40:00+00:00,17390.0,Península
2023-01-19 21:45:00+00:00,17266.0,Península
2023-01-19 21:50:00+00:00,17150.0,Península
2023-01-19 21:55:00+00:00,17164.0,Península
2023-01-19 22:00:00+00:00,17057.0,Península
2023-01-19 22:05:00+00:00,17100.0,Península
2023-01-19 22:10:00+00:00,17073.0,Península
2023-01-19 22:15:00+00:00,17106.0,Península
2023-01-19 22:20:00+00:00,16908.0,Península
2023-01-19 22:25:00+00:00,16975.0,Península
2023-01-19 22:30:00+00:00,16901.0,Península
2023-01-19 22:35:00+00:00,16843.0,Península
2023-01-19 22:40:00+00:00,16664.0,Península
2023-01-19 22:45:00+00:00,16578.0,Península
2023-01-19 22:50:00+00:00,16383.0,Península
2023-01-19 22:55:00+00:00,16360.0,Península
2023-01-19 23:00:00+00:00,16404.0,Península
2023-01-19 23:05:00+00:00,16386.0,Península
2023-01-19 23:10:00+00:00,16528.0,Península
2023-01-19 23:15:00+00:00,16331.0,Península
2023-01-19 23:20:00+00:00,16353.0,Península
2023-01-19 23:25:00+00:00,16300.0,Península
2023-01-19 23:30:00+00:00,16250.0,Península
2023-01-19 23:35:00+00:00,16259.0,Península
2023-01-19 23:40:00+00:00,16291.0,Península
2023-01-19 23:45:00+00:00,16231.0,Península
2023-01-19 23:50:00+00:00,16179.0,Península
2023-01-19 23:55:00+00:00,16044.0,Península
2023-01-20 00:00:00+00:00,16185.0,Península
2023-01-20 00:05:00+00:00,16070.0,Península
2023-01-20 00:10:00+00:00,16060.0,Península
2023-01-20 00:15:00+00:00,15959.0,Península
2023-01-20 00:20:00+00:00,15980.0,Península
2023-01-20 00:25:00+00:00,15969.0,Península
2023-01-20 00:30:00+00:00,15967.0,Península
2023-01-20 00:35:00+00:00,15865.0,Península
2023-01-20 00:40:00+00:00,15719.0,Península
2023-01-20 00:45:00+00:00,15672.0,Península
2023-01-20 00:50:00+00:00,15577.0,Península
2023-01-20 00:55:00+00:00,15493.0,Península
2023-01-20 01:00:00+00:00,15478.0,Península
2023-01-20 01:05:00+00:00,15562.0,Península
2023-01-20 01:10:00+00:00,15538.0,Península
2023-01-20 01:15:00+00:00,15444.0,Península
2023-01-20 01:20:00+00:00,15429.0,Península
2023-01-20 01:25:00+00:00,15413.0,Península
2023-01-20 01:30:00+00:00,15384.0,Península
2023-01-20 01:35:00+00:00,15409.0,Península
2023-01-20 01:40:00+00:00,15386.0,Península
2023-01-20 01:45:00+00:00,15305.0,Península
2023-01-20 01:50:00+00:00,15185.0,Península
2023-01-20 01:55:00+00:00,15203.0,Península
2023-01-20 02:00:00+00:00,15131.0,Península
2023-01-20 02:05:00+00:00,15195.0,Península
2023-01-20 02:10:00+00:00,15140.0,Península
2023-01-20 02:15:00+00:00,15063.0,Península
2023-01-20 02:20:00+00:00,15072.0,Península
2023-01-20 02:25:00+00:00,15094.0,Península
2023-01-20 02:30:00+00:00,14993.0,Península
2023-01-20 02:35:00+00:00,14959.0,Península
2023-01-20 02:40:00+00:00,14946.0,Península
2023-01-20 02:45:00+00:00,14883.0,Península
2023-01-20 02:50:00+00:00,14835.0,Península
2023-01-20 02:55:00+00:00,14857.0,Península
2023-01-20 03:00:00+00:00,14809.0,Península
2023-01-20 03:05:00+00:00,14721.0,Península
2023-01-20 03:10:00+00:00,14635.0,Península
2023-01-20 03:15:00+00:00,14594.0,Península
2023-01-20 03:20:00+00:00,14610.0,Península
2023-01-20 03:25:00+00:00,14628.0,Península
2023-01-20 03:30:00+00:00,14641.0,Península
2023-01-20 03:35:00+00:00,14549.0,Península
2023-01-20 03:40:00+00:00,14503.0,Península
2023-01-20 03:45:00+00:00,14536.0,Península
2023-01-20 03:50:00+00:00,14534.0,Península
2023-01-20 03:55:00+00:00,14490.0,Península
2023-01-20 04:00:00+00:00,14382.0,Península
2023-01-20 04:05:00+00:00,14337.0,Península
2023-01-20 04:10:00+00:00,14272.0,Península
2023-01-20 04:15:00+00:00,14260.0,Península
2023-01-20 04:20:00+00:00,14178.0,Península
2023-01-20 04:25:00+00:00,14104.0,Península
2023-01-20 04:30:00+00:00,14082.0,Península
2023-01-20 04:35:00+00:00,14075.0,Península
2023-01-20 04:40:00+00:00,13985.0,Península
2023-01-20 04:45:00+00:00,13973.0,Península
2023-01-20 04:50:00+00:00,13918.0,Península
2023-01-20 04:55:00+00:00,13933.0,Península
2023-01-20 05:00:00+00:00,13958.0,Península
2023-01-20 05:05:00+00:00,13834.0,Península
2023-01-20 05:10:00+00:00,13819.0,Península
2023-01-20 05:15:00+00:00,13683.0,Península
2023-01-20 05:20:00+00:00,13773.0,Península
2023-01-20 05:25:00+00:00,13735.0,Península
2023-01-20 05:30:00+00:00,13680.0,Península
2023-01-20 05:35:00+00:00,13597.0,Península
2023-01-20 05:40:00+00:00,13505.0,Península
2023-01-20 05:45:00+00:00,13449.0,Península
2023-01-20 05:50:00+00:00,13374.0,Península
2023-01-20 05:55:00+00:00,13318.0,Península
2023-01-20 06:00:00+00:00,13319.0,Península
2023-01-20 06:05:00+00:00,13275.0,Península
2023-01-20 06:10:00+00:00,13290.0,Península
2023-01-20 06:15:00+00:00,13299.0,Península
2023-01-20 06:20:00+00:00,13141.0,Península
2023-01-20 06:25:00+00:00,13067.0,Península
2023-01-20 06:30:00+00:00,13039.0,Península
2023-01-20 06:35:00+00:00,12952.0,Península
2023-01-20 06:40:00+00:00,12853.0,Península
2023-01-20 06:45:00+00:00,12798.0,Península
2023-01-20 06:50:00+00:00,12648.0,Península
2023-01-20 06:55:00+00:00,12582.0,Península
2023-01-20 07:00:00+00:00,12551.0,Península
2023-01-20 07:05:00+00:00,12675.0,Península
2023-01-20 07:10:00+00:00,12705.0,Península
2023-01-20 07:15:00+00:00,12654.0,Península
2023-01-20 07:20:00+00:00,12520.0,Península
2023-01-20 07:25:00+00:00,12454.0,Península
2023-01-20 07:30:00+00:00,12370.0,Península
2023-01-20 07:35:00+00:00,12236.0,Península
2023-01-20 07:40:00+00:00,12101.0,Península
2023-01-20 07:45:00+00:00,12012.0,Península
2023-01-20 07:50:00+00:00,11969.0,Península
2023-01-20 07:55:00+00:00,11923.0,Península
2023-01-20 08:00:00+00:00,11828.0,Península
2023-01-20 08:05:00+00:00,11729.0,Península
2023-01-20 08:10:00+00:00,11798.0,Península
2023-01-20 08:15:00+00:00,11797.0,Península
2023-01-20 08:20:00+00:00,11755.0,Península
2023-01-20 08:25:00+00:00,11646.0,Península
2023-01-20 08:30:00+00:00,11616.0,Península
2023-01-20 08:35:00+00:00,11558.0,Península
2023-01-20 08:40:00+00:00,11339.0,Península
2023-01-20 08:45:00+00:00,11065.0,Península
2023-01-20 08:50:00+00:00,10996.0,Península
2023-01-20 08:55:00+00:00,10875.0,Península
2023-01-20 09:00:00+00:00,10751.0,Península
2023-01-20 09:05:00+00:00,10602.0,Península
2023-01-20 09:10:00+00:00,10488.0,Península
2023-01-20 09:15:00+00:00,10410.0,Península
2023-01-20 09:20:00+00:00,10397.0,Península
2023-01-20 09:25:00+00:00,10393.0,Península
2023-01-20 09:30:00+00:00,10338.0,Península
2023-01-20 09:35:00+00:00,10268.0,Península
2023-01-20 09:40:00+00:00,10299.0,Península
2023-01-20 09:45:00+00:00,10290.0,Península
2023-01-20 09:50:00+00:00,10298.0,Península
2023-01-20 09:55:00+00:00,10392.0,Península
2023-01-20 10:00:00+00:00,10349.0,Península
2023-01-20 10:05:00+00:00,10244.0,Península
2023-01-20 10:10:00+00:00,10269.0,Península
2023-01-20 10:15:00+00:00,10250.0,Península
2023-01-20 10:20:00+00:00,10262.0,Península
2023-01-20 10:25:00+00:00,10303.0,Península
2023-01-20 10:30:00+00:00,10269.0,Península
2023-01-20 10:35:00+00:00,10253.0,Península
2023-01-20 10:40:00+00:00,10215.0,Península
2023-01-20 10:45:00+00:00,10174.0,Península
2023-01-20 10:50:00+00:00,10148.0,Península
2023-01-20 10:55:00+00:00,10229.0,Península
2023-01-20 11:00:00+00:00,10172.0,Península
2023-01-20 11:05:00+00:00,10346.0,Península
2023-01-20 11:10:00+00:00,10366.0,Península
2023-01-20 11:15:00+00:00,10400.0,Península
2023-01-20 11:20:00+00:00,10422.0,Península
2023-01-20 11:25:00+00:00,10397.0,Península
2023-01-20 11:30:00+00:00,10260.0,Península
2023-01-20 11:35:00+00:00,10260.0,Península
2023-01-20 11:40:00+00:00,10240.0,Península
2023-01-20 11:45:00+00:00,10232.0,Península
2023-01-20 11:50:00+00:00,10215.0,Península
2023-01-20 11:55:00+00:00,10228.0,Península
2023-01-20 12:00:00+00:00,10220.0,Península
2023-01-20 12:05:00+00:00,10236.0,Península
2023-01-20 12:10:00+00:00,10196.0,Península
2023-01-20 12:15:00+00:00,10208.0,Península
2023-01-20 12:20:00+00:00,10087.0,Península
2023-01-20 12:25:00+00:00,10115.0,Península
2023-01-20 12:30:00+00:00,10003.0,Península
2023-01-20 12:35:00+00:00,9974.0,Península
2023-01-20 12:40:00+00:00,9975.0,Península
2023-01-20 12:45:00+00:00,9965.0,Península
2023-01-20 12:50:00+00:00,9924.0,Península
2023-01-20 12:55:00+00:00,9904.0,Península
2023-01-20 13:00:00+00:00,9845.0,Península
2023-01-20 13:05:00+00:00,9921.0,Península
2023-01-20 13:10:00+00:00,9941.0,Península
2023-01-20 13:15:00+00:00,9955.0,Península
2023-01-20 13:20:00+00:00,9955.0,Península
2023-01-20 13:25:00+00:00,9989.0,Península
2023-01-20 13:30:00+00:00,10017.0,Península
2023-01-20 13:35:00+00:00,9945.0,Península
2023-01-20 13:40:00+00:00,10056.0,Península
2023-01-20 13:45:00+00:00,10016.0,Península
2023-01-20 13:50:00+00:00,10053.0,Península
2023-01-20 13:55:00+00:00,9985.0,Península
2023-01-20 14:00:00+00:00,9996.0,Península
2023-01-20 14:05:00+00:00,9889.0,Península
2023-01-20 14:10:00+00:00,9853.0,Península
2023-01-20 14:15:00+00:00,9795.0,Península
2023-01-20 14:20:00+00:00,9829.0,Península
2023-01-20 14:25:00+00:00,9801.0,Península
2023-01-20 14:30:00+00:00,9788.0,Península
2023-01-20 14:35:00+00:00,9720.0,Península
2023-01-20 14:40:00+00:00,9645.0,Península
2023-01-20 14:45:00+00:00,9592.0,Península
2023-01-20 14:50:00+00:00,9526.0,Península
2023-01-20 14:55:00+00:00,9529.0,Península
2023-01-20 15:00:00+00:00,9523.0,Península
2023-01-20 15:05:00+00:00,9495.0,Península
2023-01-20 15:10:00+00:00,9436.0,Península
2023-01-20 15:15:00+00:00,9372.0,Península
2023-01-20 15:20:00+00:00,9318.0,Península
2023-01-20 15:25:00+00:00,9252.0,Península
2023-01-20 15:30:00+00:00,9114.0,Península
2023-01-20 15:35:00+00:00,9087.0,Península
2023-01-20 15:40:00+00:00,9006.0,Península
2023-01-20 15:45:00+00:00,8979.0,Península
2023-01-20 15:50:00+00:00,8981.0,Península
2023-01-20 15:55:00+00:00,8908.0,Península
2023-01-20 16:00:00+00:00,8795.0,Península
2023-01-20 16:05:00+00:00,8820.0,Península
2023-01-20 16:10:00+00:00,8816.0,Península
2023-01-20 16:15:00+00:00,8733.0,Península
2023-01-20 16:20:00+00:00,8712.0,Península
2023-01-20 16:25:00+00:00,8630.0,Península
2023-01-20 16:30:00+00:00,8573.0,Península
2023-01-20 16:35:00+00:00,8537.0,Península
2023-01-20 16:40:00+00:00,8456.0,Península
2023-01-20 16:45:00+00:00,8393.0,Península
2023-01-20 16:50:00+00:00,8353.0,Península
2023-01-20 16:55:00+00:00,8299.0,Península
2023-01-20 17:00:00+00:00,8231.0,Península
2023-01-20 17:05:00+00:00,8218.0,Península
2023-01-20 17:10:00+00:00,8212.0,Península
2023-01-20 17:15:00+00:00,8271.0,Península
2023-01-20 17:20:00+00:00,8310.0,Península
2023-01-20 17:25:00+00:00,8324.0,Península
2023-01-20 17:30:00+00:00,8356.0,Península
2023-01-20 17:35:00+00:00,8447.0,Península
2023-01-20 17:40:00+00:00,8449.0,Península
2023-01-20 17:45:00+00:00,8444.0,Península
2023-01-20 17:50:00+00:00,8384.0,Península
2023-01-20 17:55:00+00:00,8411.0,Península
2023-01-20 18:00:00+00:00,8466.0,Península
2023-01-20 18:05:00+00:00,8467.0,Península
2023-01-20 18:10:00+00:00,8491.0,Península
2023-01-20 18:15:00+00:00,8419.0,Península
2023-01-20 18:20:00+00:00,8394.0,Península
2023-01-20 18:25:00+00:00,8393.0,Península
2023-01-20 18:30:00+00:00,8441.0,Península
2023-01-20 18:35:00+00:00,8484.0,Península
2023-01-20 18:40:00+00:00,8473.0,Península
2023-01-20 18:45:00+00:00,8448.0,Península
2023-01-20 18:50:00+00:00,8453.0,Península
2023-01-20 18:55:00+00:00,8566.0,Península
2023-01-20 19:00:00+00:00,8530.0,Península
2023-01-20 19:05:00+00:00,8602.0,Península
2023-01-20 19:10:00+00:00,8696.0,Península
2023-01-20 19:15:00+00:00,8746.0,Península
2023-01-20 19:20:00+00:00,8832.0,Península
2023-01-20 19:25:00+00:00,8887.0,Península
2023-01-20 19:30:00+00:00,8949.0,Península
2023-01-20 19:35:00+00:00,9016.0,Península
2023-01-20 19:40:00+00:00,9067.0,Península
2023-01-20 19:45:00+00:00,9054.0,Península
2023-01-20 19:50:00+00:00,9054.0,Península
2023-01-20 19:55:00+00:00,9089.0,Península
2023-01-20 20:00:00+00:00,9145.0,Península
2023-01-20 20:05:00+00:00,9171.0,Península
2023-01-20 20:10:00+00:00,9190.0,Península
2023-01-20 20:15:00+00:00,9157.0,Península
2023-01-20 20:20:00+00:00,9145.0,Península
2023-01-20 20:25:00+00:00,9142.0,Península
2023-01-20 20:30:00+00:00,9141.0,Península
2023-01-20 20:35:00+00:00,9156.0,Península
2023-01-20 20:40:00+00:00,9179.0,Península
2023-01-20 20:45:00+00:00,9264.0,Península
2023-01-20 20:50:00+00:00,9346.0,Península
2023-01-20 20:55:00+00:00,9414.0,Península
2023-01-20 21:00:00+00:00,9406.0,Península
2023-01-20 21:05:00+00:00,9473.0,Península
2023-01-20 21:10:00+00:00,9554.0,Península
2023-01-20 21:15:00+00:00,9639.0,Península
2023-01-20 21:20:00+00:00,9704.0,Península
2023-01-20 21:25:00+00:00,9721.0,Península
2023-01-20 21:30:00+00:00,9687.0,Península
2023-01-20 21:35:00+00:00,9674.0,Península
2023-01-20 21:40:00+00:00,9688.0,Península
2023-01-20 21:45:00+00:00,9727.0,Península
2023-01-20 21:50:00+00:00,9794.0,Península
2023-01-20 21:55:00+00:00,9827.0,Península
2023-01-20 22:00:00+00:00,9813.0,Península
2023-01-20 22:05:00+00:00,9865.0,Península
2023-01-20 22:10:00+00:00,9895.0,Península
2023-01-20 22:15:00+00:00,9837.0,Península
2023-01-20 22:20:00+00:00,9838.0,Península
2023-01-20 22:25:00+00:00,9802.0,Península
2023-01-20 22:30:00+00:00,9730.0,Península
2023-01-20 22:35:00+00:00,9709.0,Península
2023-01-20 22:40:00+00:00,9684.0,Península
2023-01-20 22:45:00+00:00,9632.0,Península
2023-01-20 22:50:00+00:00,9592.0,Península
2023-01-20 22:55:00+00:00,9439.0,Península
2023-01-20 23:00:00+00:00,9442.0,Península
2023-01-20 23:05:00+00:00,9438.0,Península
2023-01-20 23:10:00+00:00,9425.0,Península
2023-01-20 23:15:00+00:00,9402.0,Península
2023-01-20 23:20:00+00:00,9342.0,Península
2023-01-20 23:25:00+00:00,9357.0,Península
2023-01-20 23:30:00+00:00,9344.0,Península
2023-01-20 23:35:00+00:00,9291.0,Península
2023-01-20 23:40:00+00:00,9271.0,Península
2023-01-20 23:45:00+00:00,9263.0,Península
2023-01-20 23:50:00+00:00,9285.0,Península
2023-01-20 23:55:00+00:00,9263.0,Península
2023-01-21 00:00:00+00:00,9226.0,Península
2023-01-21 00:05:00+00:00,9161.0,Península
2023-01-21 00:10:00+00:00,9213.0,Península
2023-01-21 00:15:00+00:00,9243.0,Península
2023-01-21 00:20:00+00:00,9258.0,Península
2023-01-21 00:25:00+00:00,9365.0,Península
2023-01-21 00:30:00+00:00,9419.0,Península
2023-01-21 00:35:00+00:00,9417.0,Península
2023-01-21 00:40:00+00:00,9467.0,Península
2023-01-21 00:45:00+00:00,9480.0,Península
2023-01-21 00:50:00+00:00,9588.0,Península
2023-01-21 00:55:00+00:00,9620.0,Península
2023-01-21 01:00:00+00:00,9570.0,Península
2023-01-21 01:05:00+00:00,9530.0,Península
2023-01-21 01:10:00+00:00,9514.0,Península
2023-01-21 01:15:00+00:00,9554.0,Península
2023-01-21 01:20:00+00:00,9565.0,Península
2023-01-21 01:25:00+00:00,9581.0,Península
2023-01-21 01:30:00+00:00,9581.0,Península
2023-01-21 01:35:00+00:00,9579.0,Península
2023-01-21 01:40:00+00:00,9530.0,Península
2023-01-21 01:45:00+00:00,9499.0,Península
2023-01-21 01:50:00+00:00,9449.0,Península
2023-01-21 01:55:00+00:00,9435.0,Península
2023-01-21 02:00:00+00:00,9367.0,Península
2023-01-21 02:05:00+00:00,9382.0,Península
2023-01-21 02:10:00+00:00,9408.0,Península
2023-01-21 02:15:00+00:00,9395.0,Península
2023-01-21 02:20:00+00:00,9409.0,Península
2023-01-21 02:25:00+00:00,9467.0,Península
2023-01-21 02:30:00+00:00,9495.0,Península
2023-01-21 02:35:00+00:00,9475.0,Península
2023-01-21 02:40:00+00:00,9495.0,Península
2023-01-21 02:45:00+00:00,9545.0,Península
2023-01-21 02:50:00+00:00,9598.0,Península
2023-01-21 02:55:00+00:00,9591.0,Península
2023-01-21 03:00:00+00:00,9620.0,Península
2023-01-21 03:05:00+00:00,9645.0,Península
2023-01-21 03:10:00+00:00,9647.0,Península
2023-01-21 03:15:00+00:00,9716.0,Península
2023-01-21 03:20:00+00:00,9757.0,Península
2023-01-21 03:25:00+00:00,9821.0,Península
2023-01-21 03:30:00+00:00,9853.0,Península
2023-01-21 03:35:00+00:00,9798.0,Península
2023-01-21 03:40:00+00:00,9829.0,Península
2023-01-21 03:45:00+00:00,9887.0,Península
2023-01-21 03:50:00+00:00,9923.0,Península
2023-01-21 03:55:00+00:00,9964.0,Península
2023-01-21 04:00:00+00:00,10010.0,Península
2023-01-21 04:05:00+00:00,10047.0,Península
2023-01-21 04:10:00+00:00,10086.0,Península
2023-01-21 04:15:00+00:00,10091.0,Península
2023-01-21 04:20:00+00:00,10177.0,Península
2023-01-21 04:25:00+00:00,10245.0,Península
2023-01-21 04:30:00+00:00,10304.0,Península
2023-01-21 04:35:00+00:00,10396.0,Península
2023-01-21 04:40:00+00:00,10404.0,Península
2023-01-21 04:45:00+00:00,10461.0,Península
2023-01-21 04:50:00+00:00,10571.0,Península
2023-01-21 04:55:00+00:00,10557.0,Península
2023-01-21 05:00:00+00:00,10623.0,Península
2023-01-21 05:05:00+00:00,10677.0,Península
2023-01-21 05:10:00+00:00,10731.0,Península
2023-01-21 05:15:00+00:00,10705.0,Península
2023-01-21 05:20:00+00:00,10671.0,Península
2023-01-21 05:25:00+00:00,10691.0,Península
2023-01-21 05:30:00+00:00,10684.0,Península
2023-01-21 05:35:00+00:00,10667.0,Península
2023-01-21 05:40:00+00:00,10725.0,Península
2023-01-21 05:45:00+00:00,10752.0,Península
2023-01-21 05:50:00+00:00,10671.0,Península
2023-01-21 05:55:00+00:00,10705.0,Península
2023-01-21 06:00:00+00:00,10413.0,Península
2023-01-21 06:05:00+00:00,10412.0,Península
2023-01-21 06:10:00+00:00,10410.0,Península
2023-01-21 06:15:00+00:00,10391.0,Península
2023-01-21 06:20:00+00:00,10593.0,Península
2023-01-21 06:25:00+00:00,10676.0,Península
2023-01-21 06:30:00+00:00,10689.0,Península
2023-01-21 06:35:00+00:00,10641.0,Península
2023-01-21 06:40:00+00:00,10636.0,Península
2023-01-21 06:45:00+00:00,10695.0,Península
2023-01-21 06:50:00+00:00,10740.0,Península
2023-01-21 06:55:00+00:00,10754.0,Península
2023-01-21 07:00:00+00:00,10774.0,Península
2023-01-21 07:05:00+00:00,10823.0,Península
2023-01-21 07:10:00+00:00,10930.0,Península
2023-01-21 07:15:00+00:00,10971.0,Península
2023-01-21 07:20:00+00:00,10993.0,Península
2023-01-21 07:25:00+00:00,11003.0,Península
2023-01-21 07:30:00+00:00,11027.0,Península
2023-01-21 07:35:00+00:00,11053.0,Península
2023-01-21 07:40:00+00:00,11046.0,Península
2023-01-21 07:45:00+00:00,11050.0,Península
2023-01-21 07:50:00+00:00,10885.0,Península
2023-01-21 07:55:00+00:00,10938.0,Península
2023-01-21 08:00:00+00:00,11011.0,Península
2023-01-21 08:05:00+00:00,10916.0,Península
2023-01-21 08:10:00+00:00,10876.0,Península
2023-01-21 08:15:00+00:00,10892.0,Península
2023-01-21 08:20:00+00:00,10899.0,Península
2023-01-21 08:25:00+00:00,10885.0,Península
2023-01-21 08:30:00+00:00,10839.0,Península
2023-01-21 08:35:00+00:00,10799.0,Península
2023-01-21 08:40:00+00:00,10801.0,Península
2023-01-21 08:45:00+00:00,10696.0,Península
2023-01-21 08:50:00+00:00,10627.0,Península
2023-01-21 08:55:00+00:00,10602.0,Península
2023-01-21 09:00:00+00:00,10573.0,Península
2023-01-21 09:05:00+00:00,10572.0,Península
2023-01-21 09:10:00+00:00,10512.0,Península
2023-01-21 09:15:00+00:00,10442.0,Península
2023-01-21 09:20:00+00:00,10451.0,Península
2023-01-21 09:25:00+00:00,10384.0,Península
2023-01-21 09:30:00+00:00,10375.0,Península
2023-01-21 09:35:00+00:00,10430.0,Península
2023-01-21 09:40:00+00:00,10451.0,Península
2023-01-21 09:45:00+00:00,10111.0,Península
2023-01-21 09:50:00+00:00,10092.0,Península
2023-01-21 09:55:00+00:00,10118.0,Península
2023-01-21 10:00:00+00:00,10219.0,Península
2023-01-21 10:05:00+00:00,10292.0,Península
2023-01-21 10:10:00+00:00,10389.0,Península
2023-01-21 10:15:00+00:00,10470.0,Península
2023-01-21 10:20:00+00:00,10445.0,Península
2023-01-21 10:25:00+00:00,10453.0,Península
2023-01-21 10:30:00+00:00,10436.0,Península
2023-01-21 10:35:00+00:00,10497.0,Península
2023-01-21 10:40:00+00:00,10238.0,Península
2023-01-21 10:45:00+00:00,10220.0,Península
2023-01-21 10:50:00+00:00,10187.0,Península
2023-01-21 10:55:00+00:00,9995.0,Península
2023-01-21 11:00:00+00:00,9765.0,Península
2023-01-21 11:05:00+00:00,9812.0,Península
2023-01-21 11:10:00+00:00,9855.0,Península
2023-01-21 11:15:00+00:00,9874.0,Península
2023-01-21 11:20:00+00:00,9971.0,Península
2023-01-21 11:25:00+00:00,9979.0,Península
2023-01-21 11:30:00+00:00,9929.0,Península
2023-01-21 11:35:00+00:00,9950.0,Península
2023-01-21 11:40:00+00:00,9957.0,Península
2023-01-21 11:45:00+00:00,9985.0,Península
2023-01-21 11:50:00+00:00,10006.0,Península
2023-01-21 11:55:00+00:00,9974.0,Península
2023-01-21 12:00:00+00:00,10040.0,Península
2023-01-21 12:05:00+00:00,10286.0,Península
2023-01-21 12:10:00+00:00,10450.0,Península
2023-01-21 12:15:00+00:00,10647.0,Península
2023-01-21 12:20:00+00:00,10662.0,Península
2023-01-21 12:25:00+00:00,10665.0,Península
2023-01-21 12:30:00+00:00,10702.0,Península
2023-01-21 12:35:00+00:00,10832.0,Península
2023-01-21 12:40:00+00:00,10859.0,Península
2023-01-21 12:45:00+00:00,10894.0,Península
2023-01-21 12:50:00+00:00,10892.0,Península
2023-01-21 12:55:00+00:00,10961.0,Península
2023-01-21 13:00:00+00:00,11124.0,Península
2023-01-21 13:05:00+00:00,11461.0,Península
2023-01-21 13:10:00+00:00,11616.0,Península
2023-01-21 13:15:00+00:00,11607.0,Península
2023-01-21 13:20:00+00:00,11723.0,Península
2023-01-21 13:25:00+00:00,11621.0,Península
2023-01-21 13:30:00+00:00,11601.0,Península
2023-01-21 13:35:00+00:00,11596.0,Península
2023-01-21 13:40:00+00:00,11618.0,Península
2023-01-21 13:45:00+00:00,11596.0,Península
2023-01-21 13:50:00+00:00,11659.0,Península
2023-01-21 13:55:00+00:00,11688.0,Península
2023-01-21 14:00:00+00:00,11771.0,Península
2023-01-21 14:05:00+00:00,11754.0,Península
2023-01-21 14:10:00+00:00,11816.0,Península
2023-01-21 14:15:00+00:00,11859.0,Península
2023-01-21 14:20:00+00:00,11871.0,Península
2023-01-21 14:25:00+00:00,11837.0,Península
2023-01-21 14:30:00+00:00,11902.0,Península
2023-01-21 14:35:00+00:00,11966.0,Península
2023-01-21 14:40:00+00:00,11923.0,Península
2023-01-21 14:45:00+00:00,11870.0,Península
2023-01-21 14:50:00+00:00,11859.0,Península
2023-01-21 14:55:00+00:00,11916.0,Península
2023-01-21 15:00:00+00:00,11844.0,Península
2023-01-21 15:05:00+00:00,11852.0,Península
2023-01-21 15:10:00+00:00,11703.0,Península
2023-01-21 15:15:00+00:00,11779.0,Península
2023-01-21 15:20:00+00:00,11622.0,Península
2023-01-21 15:25:00+00:00,11665.0,Península
2023-01-21 15:30:00+00:00,11633.0,Península
2023-01-21 15:35:00+00:00,11740.0,Península
2023-01-21 15:40:00+00:00,11767.0,Península
2023-01-21 15:45:00+00:00,11875.0,Península
2023-01-21 15:50:00+00:00,12189.0,Península
2023-01-21 15:55:00+00:00,12289.0,Península
2023-01-21 16:00:00+00:00,12312.0,Península
2023-01-21 16:05:00+00:00,12290.0,Península
2023-01-21 16:10:00+00:00,12318.0,Península
2023-01-21 16:15:00+00:00,12305.0,Península
2023-01-21 16:20:00+00:00,12257.0,Península
2023-01-21 16:25:00+00:00,12201.0,Península
2023-01-21 16:30:00+00:00,12377.0,Península
2023-01-21 16:35:00+00:00,12352.0,Península
2023-01-21 16:40:00+00:00,12258.0,Península
2023-01-21 16:45:00+00:00,12176.0,Península
2023-01-21 16:50:00+00:00,12126.0,Península
2023-01-21 16:55:00+00:00,12051.0,Península
2023-01-21 17:00:00+00:00,11970.0,Península
2023-01-21 17:05:00+00:00,12211.0,Península
2023-01-21 17:10:00+00:00,12282.0,Península
2023-01-21 17:15:00+00:00,12261.0,Península
2023-01-21 17:20:00+00:00,12331.0,Península
2023-01-21 17:25:00+00:00,12298.0,Península
2023-01-21 17:30:00+00:00,12327.0,Península
2023-01-21 17:35:00+00:00,12390.0,Península
2023-01-21 17:40:00+00:00,12423.0,Península
2023-01-21 17:45:00+00:00,12500.0,Península
2023-01-21 17:50:00+00:00,12531.0,Península
2023-01-21 17:55:00+00:00,12629.0,Península
2023-01-21 18:00:00+00:00,12679.0,Península
2023-01-21 18:05:00+00:00,12660.0,Península
2023-01-21 18:10:00+00:00,12712.0,Península
2023-01-21 18:15:00+00:00,12788.0,Península
2023-01-21 18:20:00+00:00,12908.0,Península
2023-01-21 18:25:00+00:00,12865.0,Península
2023-01-21 18:30:00+00:00,12944.0,Península
2023-01-21 18:35:00+00:00,12861.0,Península
2023-01-21 18:40:00+00:00,12810.0,Península
2023-01-21 18:45:00+00:00,12798.0,Península
2023-01-21 18:50:00+00:00,12748.0,Península
2023-01-21 18:55:00+00:00,12783.0,Península
2023-01-21 19:00:00+00:00,12856.0,Península
2023-01-21 19:05:00+00:00,12953.0,Península
2023-01-21 19:10:00+00:00,13070.0,Península
2023-01-21 19:15:00+00:00,13154.0,Península
2023-01-21 19:20:00+00:00,13158.0,Península
2023-01-21 19:25:00+00:00,13170.0,Península
2023-01-21 19:30:00+00:00,13183.0,Península
2023-01-21 19:35:00+00:00,13069.0,Península
2023-01-21 19:40:00+00:00,13056.0,Península
2023-01-21 19:45:00+00:00,12954.0,Península
2023-01-21 19:50:00+00:00,12971.0,Península
2023-01-21 19:55:00+00:00,13017.0,Península
2023-01-21 20:00:00+00:00,13049.0,Península
2023-01-21 20:05:00+00:00,13105.0,Península
2023-01-21 20:10:00+00:00,13086.0,Península
2023-01-21 20:15:00+00:00,13236.0,Península
2023-01-21 20:20:00+00:00,13340.0,Península
2023-01-21 20:25:00+00:00,13444.0,Península
2023-01-21 20:30:00+00:00,13484.0,Península
2023-01-21 20:35:00+00:00,13354.0,Península
2023-01-21 20:40:00+00:00,13392.0,Península
2023-01-21 20:45:00+00:00,13322.0,Península
2023-01-21 20:50:00+00:00,13353.0,Península
2023-01-21 20:55:00+00:00,13454.0,Península
2023-01-21 21:00:00+00:00,13519.0,Península
2023-01-21 21:05:00+00:00,13579.0,Península
2023-01-21 21:10:00+00:00,13647.0,Península
2023-01-21 21:15:00+00:00,13641.0,Península
2023-01-21 21:20:00+00:00,13640.0,Península
2023-01-21 21:25:00+00:00,13632.0,Península
2023-01-21 21:30:00+00:00,13692.0,Península
2023-01-21 21:35:00+00:00,13783.0,Península
2023-01-21 21:40:00+00:00,13927.0,Península
2023-01-21 21:45:00+00:00,14022.0,Península
2023-01-21 21:50:00+00:00,14141.0,Península
2023-01-21 21:55:00+00:00,14213.0,Península
2023-01-21 22:00:00+00:00,14208.0,Península
2023-01-21 22:05:00+00:00,14224.0,Península
2023-01-21 22:10:00+00:00,14250.0,Península
2023-01-21 22:15:00+00:00,14235.0,Península
2023-01-21 22:20:00+00:00,14271.0,Península
2023-01-21 22:25:00+00:00,14320.0,Península
2023-01-21 22:30:00+00:00,14395.0,Península
2023-01-21 22:35:00+00:00,14451.0,Península
2023-01-21 22:40:00+00:00,13952.0,Península
2023-01-21 22:45:00+00:00,13963.0,Península
2023-01-21 22:50:00+00:00,13959.0,Península
2023-01-21 22:55:00+00:00,13990.0,Península
2023-01-21 23:00:00+00:00,13948.0,Península
2023-01-21 23:05:00+00:00,14055.0,Península
2023-01-21 23:10:00+00:00,13987.0,Península
2023-01-21 23:15:00+00:00,14059.0,Península
2023-01-21 23:20:00+00:00,14099.0,Península
2023-01-21 23:25:00+00:00,14071.0,Península
2023-01-21 23:30:00+00:00,14058.0,Península
2023-01-21 23:35:00+00:00,13999.0,Península
2023-01-21 23:40:00+00:00,13976.0,Península
2023-01-21 23:45:00+00:00,13979.0,Península
2023-01-21 23:50:00+00:00,14069.0,Península
2023-01-21 23:55:00+00:00,13819.0,Península
2023-01-22 00:00:00+00:00,13847.0,Península
2023-01-22 00:05:00+00:00,13747.0,Península
2023-01-22 00:10:00+00:00,13711.0,Península
2023-01-22 00:15:00+00:00,13620.0,Península
2023-01-22 00:20:00+00:00,13664.0,Península
2023-01-22 00:25:00+00:00,13701.0,Península
2023-01-22 00:30:00+00:00,13760.0,Península
2023-01-22 00:35:00+00:00,13794.0,Península
2023-01-22 00:40:00+00:00,13824.0,Península
2023-01-22 00:45:00+00:00,13877.0,Península
2023-01-22 00:50:00+00:00,13930.0,Península
2023-01-22 00:55:00+00:00,13971.0,Península
2023-01-22 01:00:00+00:00,13938.0,Península
2023-01-22 01:05:00+00:00,14132.0,Península
2023-01-22 01:10:00+00:00,14128.0,Península
2023-01-22 01:15:00+00:00,14063.0,Península
2023-01-22 01:20:00+00:00,14001.0,Península
2023-01-22 01:25:00+00:00,13943.0,Península
2023-01-22 01:30:00+00:00,13906.0,Península
2023-01-22 01:35:00+00:00,13838.0,Península
2023-01-22 01:40:00+00:00,13766.0,Península
2023-01-22 01:45:00+00:00,13720.0,Península
2023-01-22 01:50:00+00:00,13747.0,Península
2023-01-22 01:55:00+00:00,13767.0,Península
2023-01-22 02:00:00+00:00,13653.0,Península
2023-01-22 02:05:00+00:00,13425.0,Península
2023-01-22 02:10:00+00:00,13531.0,Península
2023-01-22 02:15:00+00:00,13531.0,Península
2023-01-22 02:20:00+00:00,13485.0,Península
2023-01-22 02:25:00+00:00,13542.0,Península
2023-01-22 02:30:00+00:00,13500.0,Península
2023-01-22 02:35:00+00:00,13558.0,Península
2023-01-22 02:40:00+00:00,13519.0,Península
2023-01-22 02:45:00+00:00,13291.0,Península
2023-01-22 02:50:00+00:00,13310.0,Península
2023-01-22 02:55:00+00:00,13344.0,Península
2023-01-22 03:00:00+00:00,13300.0,Península
2023-01-22 03:05:00+00:00,13218.0,Península
2023-01-22 03:10:00+00:00,13268.0,Península
2023-01-22 03:15:00+00:00,13316.0,Península
2023-01-22 03:20:00+00:00,13401.0,Península
2023-01-22 03:25:00+00:00,13344.0,Península
2023-01-22 03:30:00+00:00,13338.0,Península
2023-01-22 03:35:00+00:00,13415.0,Península
2023-01-22 03:40:00+00:00,13460.0,Península
2023-01-22 03:45:00+00:00,13420.0,Península
2023-01-22 03:50:00+00:00,13445.0,Península
2023-01-22 03:55:00+00:00,13406.0,Península
2023-01-22 04:00:00+00:00,13398.0,Península
2023-01-22 04:05:00+00:00,13225.0,Península
2023-01-22 04:10:00+00:00,13192.0,Península
2023-01-22 04:15:00+00:00,13206.0,Península
2023-01-22 04:20:00+00:00,13197.0,Península
2023-01-22 04:25:00+00:00,13219.0,Península
2023-01-22 04:30:00+00:00,13269.0,Península
2023-01-22 04:35:00+00:00,13156.0,Península
2023-01-22 04:40:00+00:00,13153.0,Península
2023-01-22 04:45:00+00:00,13082.0,Península
2023-01-22 04:50:00+00:00,13078.0,Península
2023-01-22 04:55:00+00:00,13049.0,Península
2023-01-22 05:00:00+00:00,13200.0,Península
2023-01-22 05:05:00+00:00,13440.0,Península
2023-01-22 05:10:00+00:00,13461.0,Península
2023-01-22 05:15:00+00:00,13448.0,Península
2023-01-22 05:20:00+00:00,13438.0,Península
2023-01-22 05:25:00+00:00,13381.0,Península
2023-01-22 05:30:00+00:00,13139.0,Península
2023-01-22 05:35:00+00:00,13072.0,Península
2023-01-22 05:40:00+00:00,13074.0,Península
2023-01-22 05:45:00+00:00,13157.0,Península
2023-01-22 05:50:00+00:00,13266.0,Península
2023-01-22 05:55:00+00:00,13350.0,Península
2023-01-22 06:00:00+00:00,13017.0,Península
2023-01-22 06:05:00+00:00,12885.0,Península
2023-01-22 06:10:00+00:00,12978.0,Península
2023-01-22 06:15:00+00:00,12921.0,Península
2023-01-22 06:20:00+00:00,12852.0,Península
2023-01-22 06:25:00+00:00,12887.0,Península
2023-01-22 06:30:00+00:00,12846.0,Península
2023-01-22 06:35:00+00:00,12779.0,Península
2023-01-22 06:40:00+00:00,12656.0,Península
2023-01-22 06:45:00+00:00,12582.0,Península
2023-01-22 06:50:00+00:00,12585.0,Península
2023-01-22 06:55:00+00:00,12535.0,Península
2023-01-22 07:00:00+00:00,12708.0,Península
2023-01-22 07:05:00+00:00,12804.0,Península
2023-01-22 07:10:00+00:00,12778.0,Península
2023-01-22 07:15:00+00:00,12661.0,Península
2023-01-22 07:20:00+00:00,12726.0,Península
2023-01-22 07:25:00+00:00,12728.0,Península
2023-01-22 07:30:00+00:00,12707.0,Península
2023-01-22 07:35:00+00:00,12676.0,Península
2023-01-22 07:40:00+00:00,12633.0,Península
2023-01-22 07:45:00+00:00,12559.0,Península
2023-01-22 07:50:00+00:00,12518.0,Península
2023-01-22 07:55:00+00:00,12434.0,Península
2023-01-22 08:00:00+00:00,12527.0,Península
2023-01-22 08:05:00+00:00,12601.0,Península
2023-01-22 08:10:00+00:00,12531.0,Península
2023-01-22 08:15:00+00:00,12579.0,Península
2023-01-22 08:20:00+00:00,12536.0,Península
2023-01-22 08:25:00+00:00,12197.0,Península
2023-01-22 08:30:00+00:00,12077.0,Península
2023-01-22 08:35:00+00:00,11689.0,Península
2023-01-22 08:40:00+00:00,11131.0,Península
2023-01-22 08:45:00+00:00,10732.0,Península
2023-01-22 08:50:00+00:00,10702.0,Península
2023-01-22 08:55:00+00:00,10651.0,Península
2023-01-22 09:00:00+00:00,10609.0,Península
2023-01-22 09:05:00+00:00,10436.0,Península
2023-01-22 09:10:00+00:00,10432.0,Península
2023-01-22 09:15:00+00:00,10385.0,Península
2023-01-22 09:20:00+00:00,10378.0,Península
2023-01-22 09:25:00+00:00,10094.0,Península
2023-01-22 09:30:00+00:00,10068.0,Península
2023-01-22 09:35:00+00:00,9581.0,Península
2023-01-22 09:40:00+00:00,9414.0,Península
2023-01-22 09:45:00+00:00,9251.0,Península
2023-01-22 09:50:00+00:00,8977.0,Península
2023-01-22 09:55:00+00:00,8862.0,Península
2023-01-22 10:00:00+00:00,8881.0,Península
2023-01-22 10:05:00+00:00,9259.0,Península
2023-01-22 10:10:00+00:00,9427.0,Península
2023-01-22 10:15:00+00:00,9664.0,Península
2023-01-22 10:20:00+00:00,9542.0,Península
2023-01-22 10:25:00+00:00,9590.0,Península
2023-01-22 10:30:00+00:00,9456.0,Península
2023-01-22 10:35:00+00:00,9389.0,Península
2023-01-22 10:40:00+00:00,9218.0,Península
2023-01-22 10:45:00+00:00,9126.0,Península
2023-01-22 10:50:00+00:00,8755.0,Península
2023-01-22 10:55:00+00:00,8701.0,Península
2023-01-22 11:00:00+00:00,8681.0,Península
2023-01-22 11:05:00+00:00,8632.0,Península
2023-01-22 11:10:00+00:00,8578.0,Península
2023-01-22 11:15:00+00:00,8552.0,Península
2023-01-22 11:20:00+00:00,8557.0,Península
2023-01-22 11:25:00+00:00,8529.0,Península
2023-01-22 11:30:00+00:00,8503.0,Península
2023-01-22 11:35:00+00:00,8662.0,Península
2023-01-22 11:40:00+00:00,8890.0,Península
2023-01-22 11:45:00+00:00,8924.0,Península
2023-01-22 11:50:00+00:00,8917.0,Península
2023-01-22 11:55:00+00:00,8973.0,Península
2023-01-22 12:00:00+00:00,8954.0,Península
2023-01-22 12:05:00+00:00,8869.0,Península
2023-01-22 12:10:00+00:00,8830.0,Península
2023-01-22 12:15:00+00:00,8838.0,Península
2023-01-22 12:20:00+00:00,8738.0,Península
2023-01-22 12:25:00+00:00,8790.0,Península
2023-01-22 12:30:00+00:00,8846.0,Península
2023-01-22 12:35:00+00:00,8840.0,Península
2023-01-22 12:40:00+00:00,8785.0,Península
2023-01-22 12:45:00+00:00,8828.0,Península
2023-01-22 12:50:00+00:00,8753.0,Península
2023-01-22 12:55:00+00:00,8784.0,Península
2023-01-22 13:00:00+00:00,8847.0,Península
2023-01-22 13:05:00+00:00,8848.0,Península
2023-01-22 13:10:00+00:00,9141.0,Península
2023-01-22 13:15:00+00:00,9197.0,Península
2023-01-22 13:20:00+00:00,9207.0,Península
2023-01-22 13:25:00+00:00,9285.0,Península
2023-01-22 13:30:00+00:00,9341.0,Península
2023-01-22 13:35:00+00:00,9037.0,Península
2023-01-22 13:40:00+00:00,9093.0,Península
2023-01-22 13:45:00+00:00,9122.0,Península
2023-01-22 13:50:00+00:00,9136.0,Península
2023-01-22 13:55:00+00:00,9221.0,Península
2023-01-22 14:00:00+00:00,9327.0,Península
2023-01-22 14:05:00+00:00,9384.0,Península
2023-01-22 14:10:00+00:00,9358.0,Península
2023-01-22 14:15:00+00:00,9315.0,Península
2023-01-22 14:20:00+00:00,9406.0,Península
2023-01-22 14:25:00+00:00,9378.0,Península
2023-01-22 14:30:00+00:00,9459.0,Península
2023-01-22 14:35:00+00:00,9449.0,Península
2023-01-22 14:40:00+00:00,9420.0,Península
2023-01-22 14:45:00+00:00,9253.0,Península
2023-01-22 14:50:00+00:00,9276.0,Península
2023-01-22 14:55:00+00:00,9385.0,Península
2023-01-22 15:00:00+00:00,9390.0,Península
2023-01-22 15:05:00+00:00,9475.0,Península
2023-01-22 15:10:00+00:00,9445.0,Península
2023-01-22 15:15:00+00:00,9505.0,Península
2023-01-22 15:20:00+00:00,9658.0,Península
2023-01-22 15:25:00+00:00,9830.0,Península
2023-01-22 15:30:00+00:00,9865.0,Península
2023-01-22 15:35:00+00:00,9906.0,Península
2023-01-22 15:40:00+00:00,10007.0,Península
2023-01-22 15:45:00+00:00,10109.0,Península
2023-01-22 15:50:00+00:00,10457.0,Península
2023-01-22 15:55:00+00:00,10602.0,Península
2023-01-22 16:00:00+00:00,10601.0,Península
2023-01-22 16:05:00+00:00,10728.0,Península
2023-01-22 16:10:00+00:00,10905.0,Península
2023-01-22 16:15:00+00:00,10993.0,Península
2023-01-22 16:20:00+00:00,11147.0,Península
2023-01-22 16:25:00+00:00,11402.0,Península
2023-01-22 16:30:00+00:00,11471.0,Península
2023-01-22 16:35:00+00:00,11784.0,Península
2023-01-22 16:40:00+00:00,12087.0,Península
2023-01-22 16:45:00+00:00,12287.0,Península
2023-01-22 16:50:00+00:00,12241.0,Península
2023-01-22 16:55:00+00:00,12232.0,Península
2023-01-22 17:00:00+00:00,12218.0,Península
2023-01-22 17:05:00+00:00,12275.0,Península
2023-01-22 17:10:00+00:00,12324.0,Península
2023-01-22 17:15:00+00:00,12448.0,Península
2023-01-22 17:20:00+00:00,12627.0,Península
2023-01-22 17:25:00+00:00,12650.0,Península
2023-01-22 17:30:00+00:00,12716.0,Península
2023-01-22 17:35:00+00:00,12763.0,Península
2023-01-22 17:40:00+00:00,12911.0,Península
2023-01-22 17:45:00+00:00,12926.0,Península
2023-01-22 17:50:00+00:00,12929.0,Península
2023-01-22 17:55:00+00:00,12892.0,Península
2023-01-22 18:00:00+00:00,12975.0,Península
2023-01-22 18:05:00+00:00,13050.0,Península
2023-01-22 18:10:00+00:00,13102.0,Península
2023-01-22 18:15:00+00:00,13175.0,Península
2023-01-22 18:20:00+00:00,13262.0,Península
2023-01-22 18:25:00+00:00,13300.0,Península
2023-01-22 18:30:00+00:00,13475.0,Península
2023-01-22 18:35:00+00:00,13507.0,Península
2023-01-22 18:40:00+00:00,13476.0,Península
2023-01-22 18:45:00+00:00,13657.0,Península
2023-01-22 18:50:00+00:00,13736.0,Península
2023-01-22 18:55:00+00:00,13788.0,Península
2023-01-22 19:00:00+00:00,13796.0,Península
2023-01-22 19:05:00+00:00,13708.0,Península
2023-01-22 19:10:00+00:00,13768.0,Península
2023-01-22 19:15:00+00:00,13809.0,Península
2023-01-22 19:20:00+00:00,13775.0,Península
2023-01-22 19:25:00+00:00,13820.0,Península
2023-01-22 19:30:00+00:00,13687.0,Península
2023-01-22 19:35:00+00:00,13716.0,Península
2023-01-22 19:40:00+00:00,13700.0,Península
2023-01-22 19:45:00+00:00,13634.0,Península
2023-01-22 19:50:00+00:00,13629.0,Península
2023-01-22 19:55:00+00:00,13721.0,Península
2023-01-22 20:00:00+00:00,13765.0,Península
2023-01-22 20:05:00+00:00,13796.0,Península
2023-01-22 20:10:00+00:00,13762.0,Península
2023-01-22 20:15:00+00:00,13741.0,Península
2023-01-22 20:20:00+00:00,13637.0,Península
2023-01-22 20:25:00+00:00,13621.0,Península
2023-01-22 20:30:00+00:00,13656.0,Península
2023-01-22 20:35:00+00:00,13610.0,Península
2023-01-22 20:40:00+00:00,13708.0,Península
2023-01-22 20:45:00+00:00,13785.0,Península
2023-01-22 20:50:00+00:00,13797.0,Península
2023-01-22 20:55:00+00:00,13824.0,Península
2023-01-22 21:00:00+00:00,13871.0,Península
2023-01-22 21:05:00+00:00,13816.0,Península
2023-01-22 21:10:00+00:00,13823.0,Península
2023-01-22 21:15:00+00:00,13844.0,Península
2023-01-22 21:20:00+00:00,13816.0,Península
2023-01-22 21:25:00+00:00,13826.0,Península
2023-01-22 21:30:00+00:00,13826.0,Península
2023-01-22 21:35:00+00:00,13815.0,Península
2023-01-22 21:40:00+00:00,13838.0,Península
2023-01-22 21:45:00+00:00,13921.0,Península
2023-01-22 21:50:00+00:00,13961.0,Península
2023-01-22 21:55:00+00:00,13990.0,Península
2023-01-22 22:00:00+00:00,13997.0,Península
2023-01-22 22:05:00+00:00,13980.0,Península
2023-01-22 22:10:00+00:00,13930.0,Península
2023-01-22 22:15:00+00:00,13906.0,Península
2023-01-22 22:20:00+00:00,13872.0,Península
2023-01-22 22:25:00+00:00,13876.0,Península
2023-01-22 22:30:00+00:00,13931.0,Península
2023-01-22 22:35:00+00:00,13883.0,Península
2023-01-22 22:40:00+00:00,13843.0,Península
2023-01-22 22:45:00+00:00,13833.0,Península
2023-01-22 22:50:00+00:00,13833.0,Península
2023-01-22 22:55:00+00:00,13785.0,Península
2023-01-22 23:00:00+00:00,13737.0,Península
2023-01-22 23:05:00+00:00,13828.0,Península
2023-01-22 23:10:00+00:00,13912.0,Península
2023-01-22 23:15:00+00:00,13938.0,Península
2023-01-22 23:20:00+00:00,13916.0,Península
2023-01-22 23:25:00+00:00,13863.0,Península
2023-01-22 23:30:00+00:00,13884.0,Península
2023-01-22 23:35:00+00:00,13897.0,Península
2023-01-22 23:40:00+00:00,13857.0,Península
2023-01-22 23:45:00+00:00,13788.0,Península
2023-01-22 23:50:00+00:00,13835.0,Península
2023-01-22 23:55:00+00:00,13842.0,Península
2023-01-23 00:00:00+00:00,13851.0,Península
2023-01-23 00:05:00+00:00,13901.0,Península
2023-01-23 00:10:00+00:00,13989.0,Península
2023-01-23 00:15:00+00:00,14019.0,Península
2023-01-23 00:20:00+00:00,14135.0,Península
2023-01-23 00:25:00+00:00,14120.0,Península
2023-01-23 00:30:00+00:00,14117.0,Península
2023-01-23 00:35:00+00:00,14178.0,Península
2023-01-23 00:40:00+00:00,14140.0,Península
2023-01-23 00:45:00+00:00,14065.0,Península
2023-01-23 00:50:00+00:00,14112.0,Península
2023-01-23 00:55:00+00:00,14125.0,Península
2023-01-23 01:00:00+00:00,14134.0,Península
2023-01-23 01:05:00+00:00,14089.0,Península
2023-01-23 01:10:00+00:00,13486.0,Península
2023-01-23 01:15:00+00:00,13490.0,Península
2023-01-23 01:20:00+00:00,13436.0,Península
2023-01-23 01:25:00+00:00,13432.0,Península
2023-01-23 01:30:00+00:00,13179.0,Península
2023-01-23 01:35:00+00:00,13031.0,Península
2023-01-23 01:40:00+00:00,13020.0,Península
2023-01-23 01:45:00+00:00,13004.0,Península
2023-01-23 01:50:00+00:00,12861.0,Península
2023-01-23 01:55:00+00:00,12887.0,Península
2023-01-23 02:00:00+00:00,12821.0,Península
2023-01-23 02:05:00+00:00,12833.0,Península
2023-01-23 02:10:00+00:00,12782.0,Península
2023-01-23 02:15:00+00:00,12801.0,Península
2023-01-23 02:20:00+00:00,12739.0,Península
2023-01-23 02:25:00+00:00,12773.0,Península
2023-01-23 02:30:00+00:00,12772.0,Península
2023-01-23 02:35:00+00:00,12641.0,Península
2023-01-23 02:40:00+00:00,12753.0,Península
2023-01-23 02:45:00+00:00,12759.0,Península
2023-01-23 02:50:00+00:00,12825.0,Península
2023-01-23 02:55:00+00:00,12861.0,Península
2023-01-23 03:00:00+00:00,12682.0,Península
2023-01-23 03:05:00+00:00,12712.0,Península
2023-01-23 03:10:00+00:00,12733.0,Península
2023-01-23 03:15:00+00:00,12723.0,Península
2023-01-23 03:20:00+00:00,12731.0,Península
2023-01-23 03:25:00+00:00,12765.0,Península
2023-01-23 03:30:00+00:00,12645.0,Península
2023-01-23 03:35:00+00:00,12570.0,Península
2023-01-23 03:40:00+00:00,12535.0,Península
2023-01-23 03:45:00+00:00,12653.0,Península
2023-01-23 03:50:00+00:00,12660.0,Península
2023-01-23 03:55:00+00:00,12668.0,Península
2023-01-23 04:00:00+00:00,12533.0,Península
2023-01-23 04:05:00+00:00,12523.0,Península
2023-01-23 04:10:00+00:00,12490.0,Península
2023-01-23 04:15:00+00:00,12390.0,Península
2023-01-23 04:20:00+00:00,12362.0,Península
2023-01-23 04:25:00+00:00,12327.0,Península
2023-01-23 04:30:00+00:00,12831.0,Península
2023-01-23 04:35:00+00:00,12915.0,Península
2023-01-23 04:40:00+00:00,13048.0,Península
2023-01-23 04:45:00+00:00,13244.0,Península
2023-01-23 04:50:00+00:00,13389.0,Península
2023-01-23 04:55:00+00:00,13440.0,Península
2023-01-23 05:00:00+00:00,13373.0,Península
2023-01-23 05:05:00+00:00,13516.0,Península
2023-01-23 05:10:00+00:00,13537.0,Península
2023-01-23 05:15:00+00:00,13611.0,Península
2023-01-23 05:20:00+00:00,13645.0,Península
2023-01-23 05:25:00+00:00,13639.0,Península
2023-01-23 05:30:00+00:00,13647.0,Península
2023-01-23 05:35:00+00:00,13614.0,Península
2023-01-23 05:40:00+00:00,13743.0,Península
2023-01-23 05:45:00+00:00,13729.0,Península
2023-01-23 05:50:00+00:00,13753.0,Península
2023-01-23 05:55:00+00:00,13766.0,Península
2023-01-23 06:00:00+00:00,13755.0,Península
2023-01-23 06:05:00+00:00,13775.0,Península
2023-01-23 06:10:00+00:00,13905.0,Península
2023-01-23 06:15:00+00:00,13977.0,Península
2023-01-23 06:20:00+00:00,13987.0,Península
2023-01-23 06:25:00+00:00,14091.0,Península
2023-01-23 06:30:00+00:00,14138.0,Península
2023-01-23 06:35:00+00:00,14159.0,Península
2023-01-23 06:40:00+00:00,14089.0,Península
2023-01-23 06:45:00+00:00,14083.0,Península
2023-01-23 06:50:00+00:00,14071.0,Península
2023-01-23 06:55:00+00:00,14144.0,Península
2023-01-23 07:00:00+00:00,14094.0,Península
2023-01-23 07:05:00+00:00,14124.0,Península
2023-01-23 07:10:00+00:00,14115.0,Península
2023-01-23 07:15:00+00:00,14105.0,Península
2023-01-23 07:20:00+00:00,14084.0,Península
2023-01-23 07:25:00+00:00,14134.0,Península
2023-01-23 07:30:00+00:00,14071.0,Península
2023-01-23 07:35:00+00:00,14065.0,Península
2023-01-23 07:40:00+00:00,14026.0,Península
2023-01-23 07:45:00+00:00,14001.0,Península
2023-01-23 07:50:00+00:00,13991.0,Península
2023-01-23 07:55:00+00:00,13948.0,Península
2023-01-23 08:00:00+00:00,13855.0,Península
2023-01-23 08:05:00+00:00,13703.0,Península
2023-01-23 08:10:00+00:00,13660.0,Península
2023-01-23 08:15:00+00:00,13583.0,Península
2023-01-23 08:20:00+00:00,13470.0,Península
2023-01-23 08:25:00+00:00,13473.0,Península
2023-01-23 08:30:00+00:00,13361.0,Península
2023-01-23 08:35:00+00:00,13331.0,Península
2023-01-23 08:40:00+00:00,13251.0,Península
2023-01-23 08:45:00+00:00,13187.0,Península
2023-01-23 08:50:00+00:00,13147.0,Península
2023-01-23 08:55:00+00:00,13070.0,Península
2023-01-23 09:00:00+00:00,13048.0,Península
2023-01-23 09:05:00+00:00,13018.0,Península
2023-01-23 09:10:00+00:00,12959.0,Península
2023-01-23 09:15:00+00:00,12885.0,Península
2023-01-23 09:20:00+00:00,12986.0,Península
2023-01-23 09:25:00+00:00,13029.0,Península
2023-01-23 09:30:00+00:00,12962.0,Península
2023-01-23 09:35:00+00:00,13002.0,Península
2023-01-23 09:40:00+00:00,13015.0,Península
2023-01-23 09:45:00+00:00,12681.0,Península
2023-01-23 09:50:00+00:00,12162.0,Península
2023-01-23 09:55:00+00:00,12116.0,Península
2023-01-23 10:00:00+00:00,12091.0,Península
2023-01-23 10:05:00+00:00,12073.0,Península
2023-01-23 10:10:00+00:00,12517.0,Península
2023-01-23 10:15:00+00:00,12520.0,Península
2023-01-23 10:20:00+00:00,12464.0,Península
2023-01-23 10:25:00+00:00,12517.0,Península
2023-01-23 10:30:00+00:00,12558.0,Península
2023-01-23 10:35:00+00:00,12589.0,Península
2023-01-23 10:40:00+00:00,12470.0,Península
2023-01-23 10:45:00+00:00,12169.0,Península
2023-01-23 10:50:00+00:00,11932.0,Península
2023-01-23 10:55:00+00:00,11890.0,Península
2023-01-23 11:00:00+00:00,11685.0,Península
2023-01-23 11:05:00+00:00,11654.0,Península
2023-01-23 11:10:00+00:00,11488.0,Península
2023-01-23 11:15:00+00:00,11405.0,Península
2023-01-23 11:20:00+00:00,11312.0,Península
2023-01-23 11:25:00+00:00,11296.0,Península
2023-01-23 11:30:00+00:00,11252.0,Península
2023-01-23 11:35:00+00:00,11165.0,Península
2023-01-23 11:40:00+00:00,11102.0,Península
2023-01-23 11:45:00+00:00,11119.0,Península
2023-01-23 11:50:00+00:00,11020.0,Península
2023-01-23 11:55:00+00:00,11038.0,Península
2023-01-23 12:00:00+00:00,11248.0,Península
2023-01-23 12:05:00+00:00,11520.0,Península
2023-01-23 12:10:00+00:00,11741.0,Península
2023-01-23 12:15:00+00:00,12060.0,Península
2023-01-23 12:20:00+00:00,12111.0,Península
2023-01-23 12:25:00+00:00,12308.0,Península
2023-01-23 12:30:00+00:00,12368.0,Península
2023-01-23 12:35:00+00:00,12349.0,Península
2023-01-23 12:40:00+00:00,12302.0,Península
2023-01-23 12:45:00+00:00,12242.0,Península
2023-01-23 12:50:00+00:00,12237.0,Península
2023-01-23 12:55:00+00:00,12200.0,Península
2023-01-23 13:00:00+00:00,12240.0,Península
2023-01-23 13:05:00+00:00,12201.0,Península
2023-01-23 13:10:00+00:00,12206.0,Península
2023-01-23 13:15:00+00:00,12184.0,Península
2023-01-23 13:20:00+00:00,12181.0,Península
2023-01-23 13:25:00+00:00,12174.0,Península
2023-01-23 13:30:00+00:00,12171.0,Península
2023-01-23 13:35:00+00:00,12160.0,Península
2023-01-23 13:40:00+00:00,12178.0,Península
2023-01-23 13:45:00+00:00,12259.0,Península
2023-01-23 13:50:00+00:00,12169.0,Península
2023-01-23 13:55:00+00:00,12214.0,Península
2023-01-23 14:00:00+00:00,12105.0,Península
2023-01-23 14:05:00+00:00,12059.0,Península
2023-01-23 14:10:00+00:00,12110.0,Península
2023-01-23 14:15:00+00:00,11987.0,Península
2023-01-23 14:20:00+00:00,11915.0,Península
2023-01-23 14:25:00+00:00,11908.0,Península
2023-01-23 14:30:00+00:00,11835.0,Península
2023-01-23 14:35:00+00:00,11876.0,Península
2023-01-23 14:40:00+00:00,11854.0,Península
2023-01-23 14:45:00+00:00,11879.0,Península
2023-01-23 14:50:00+00:00,11886.0,Península
2023-01-23 14:55:00+00:00,11830.0,Península
2023-01-23 15:00:00+00:00,11532.0,Península
2023-01-23 15:05:00+00:00,11500.0,Península
2023-01-23 15:10:00+00:00,11376.0,Península
2023-01-23 15:15:00+00:00,11382.0,Península
2023-01-23 15:20:00+00:00,11404.0,Península
2023-01-23 15:25:00+00:00,11421.0,Península
2023-01-23 15:30:00+00:00,11423.0,Península
2023-01-23 15:35:00+00:00,11722.0,Península
2023-01-23 15:40:00+00:00,11799.0,Península
2023-01-23 15:45:00+00:00,11821.0,Península
2023-01-23 15:50:00+00:00,12111.0,Península
2023-01-23 15:55:00+00:00,12068.0,Península
2023-01-23 16:00:00+00:00,12087.0,Península
2023-01-23 16:05:00+00:00,11993.0,Península
2023-01-23 16:10:00+00:00,12043.0,Península
2023-01-23 16:15:00+00:00,12011.0,Península
2023-01-23 16:20:00+00:00,12015.0,Península
2023-01-23 16:25:00+00:00,12061.0,Península
2023-01-23 16:30:00+00:00,12139.0,Península
2023-01-23 16:35:00+00:00,12201.0,Península
2023-01-23 16:40:00+00:00,12683.0,Península
2023-01-23 16:45:00+00:00,12732.0,Península
2023-01-23 16:50:00+00:00,12895.0,Península
2023-01-23 16:55:00+00:00,13084.0,Península
2023-01-23 17:00:00+00:00,13277.0,Península
2023-01-23 17:05:00+00:00,13312.0,Península
2023-01-23 17:10:00+00:00,13329.0,Península
2023-01-23 17:15:00+00:00,13360.0,Península
2023-01-23 17:20:00+00:00,13432.0,Península
2023-01-23 17:25:00+00:00,13473.0,Península
2023-01-23 17:30:00+00:00,13512.0,Península
2023-01-23 17:35:00+00:00,13493.0,Península
2023-01-23 17:40:00+00:00,13417.0,Península
2023-01-23 17:45:00+00:00,13437.0,Península
2023-01-23 17:50:00+00:00,13474.0,Península
2023-01-23 17:55:00+00:00,13404.0,Península
2023-01-23 18:00:00+00:00,13476.0,Península
2023-01-23 18:05:00+00:00,13547.0,Península
2023-01-23 18:10:00+00:00,13619.0,Península
2023-01-23 18:15:00+00:00,13726.0,Península
2023-01-23 18:20:00+00:00,13635.0,Península
2023-01-23 18:25:00+00:00,13699.0,Península
2023-01-23 18:30:00+00:00,13709.0,Península
2023-01-23 18:35:00+00:00,13758.0,Península
2023-01-23 18:40:00+00:00,13842.0,Península
2023-01-23 18:45:00+00:00,13842.0,Península
2023-01-23 18:50:00+00:00,13924.0,Península
2023-01-23 18:55:00+00:00,13911.0,Península
2023-01-23 19:00:00+00:00,13816.0,Península
2023-01-23 19:05:00+00:00,13749.0,Península
2023-01-23 19:10:00+00:00,13672.0,Península
2023-01-23 19:15:00+00:00,13633.0,Península
2023-01-23 19:20:00+00:00,13524.0,Península
2023-01-23 19:25:00+00:00,13492.0,Península
2023-01-23 19:30:00+00:00,13452.0,Península
2023-01-23 19:35:00+00:00,13425.0,Península
2023-01-23 19:40:00+00:00,13344.0,Península
2023-01-23 19:45:00+00:00,13286.0,Península
2023-01-23 19:50:00+00:00,13100.0,Península
2023-01-23 19:55:00+00:00,12978.0,Península
2023-01-23 20:00:00+00:00,12980.0,Península
2023-01-23 20:05:00+00:00,12881.0,Península
2023-01-23 20:10:00+00:00,12759.0,Península
2023-01-23 20:15:00+00:00,12686.0,Península
2023-01-23 20:20:00+00:00,12681.0,Península
2023-01-23 20:25:00+00:00,12659.0,Península
2023-01-23 20:30:00+00:00,12599.0,Península
2023-01-23 20:35:00+00:00,12602.0,Península
2023-01-23 20:40:00+00:00,12565.0,Península
2023-01-23 20:45:00+00:00,12550.0,Península
2023-01-23 20:50:00+00:00,12558.0,Península
2023-01-23 20:55:00+00:00,12605.0,Península
2023-01-23 21:00:00+00:00,12591.0,Península
2023-01-23 21:05:00+00:00,12531.0,Península
2023-01-23 21:10:00+00:00,12486.0,Península
2023-01-23 21:15:00+00:00,12384.0,Península
2023-01-23 21:20:00+00:00,12365.0,Península
2023-01-23 21:25:00+00:00,12298.0,Península
2023-01-23 21:30:00+00:00,12315.0,Península
2023-01-23 21:35:00+00:00,12310.0,Península
2023-01-23 21:40:00+00:00,12336.0,Península
2023-01-23 21:45:00+00:00,12325.0,Península
2023-01-23 21:50:00+00:00,12296.0,Península
2023-01-23 21:55:00+00:00,12268.0,Península
2023-01-23 22:00:00+00:00,12311.0,Península
2023-01-23 22:05:00+00:00,12131.0,Península
2023-01-23 22:10:00+00:00,12153.0,Península
2023-01-23 22:15:00+00:00,12189.0,Península
2023-01-23 22:20:00+00:00,12235.0,Península
2023-01-23 22:25:00+00:00,12288.0,Península
2023-01-23 22:30:00+00:00,12333.0,Península
2023-01-23 22:35:00+00:00,12347.0,Península
2023-01-23 22:40:00+00:00,12353.0,Península
2023-01-23 22:45:00+00:00,12268.0,Península
2023-01-23 22:50:00+00:00,12231.0,Península
2023-01-23 22:55:00+00:00,12253.0,Península
2023-01-23 23:00:00+00:00,12203.0,Península
2023-01-23 23:05:00+00:00,12332.0,Península
2023-01-23 23:10:00+00:00,12367.0,Península
2023-01-23 23:15:00+00:00,12347.0,Península
2023-01-23 23:20:00+00:00,12345.0,Península
2023-01-23 23:25:00+00:00,12423.0,Península
2023-01-23 23:30:00+00:00,12327.0,Península
2023-01-23 23:35:00+00:00,12297.0,Península
2023-01-23 23:40:00+00:00,12267.0,Península
2023-01-23 23:45:00+00:00,12169.0,Península
2023-01-23 23:50:00+00:00,12054.0,Península
2023-01-23 23:55:00+00:00,12005.0,Península
2023-01-24 00:00:00+00:00,11967.0,Península
2023-01-24 00:05:00+00:00,11978.0,Península
2023-01-24 00:10:00+00:00,12009.0,Península
2023-01-24 00:15:00+00:00,12041.0,Península
2023-01-24 00:20:00+00:00,11974.0,Península
2023-01-24 00:25:00+00:00,12038.0,Península
2023-01-24 00:30:00+00:00,12074.0,Península
2023-01-24 00:35:00+00:00,11982.0,Península
2023-01-24 00:40:00+00:00,11989.0,Península
2023-01-24 00:45:00+00:00,12013.0,Península
2023-01-24 00:50:00+00:00,12103.0,Península
2023-01-24 00:55:00+00:00,12208.0,Península
2023-01-24 01:00:00+00:00,12221.0,Península
2023-01-24 01:05:00+00:00,12187.0,Península
2023-01-24 01:10:00+00:00,12177.0,Península
2023-01-24 01:15:00+00:00,12144.0,Península
2023-01-24 01:20:00+00:00,12173.0,Península
2023-01-24 01:25:00+00:00,12155.0,Península
2023-01-24 01:30:00+00:00,12132.0,Península
2023-01-24 01:35:00+00:00,12034.0,Península
2023-01-24 01:40:00+00:00,12054.0,Península
2023-01-24 01:45:00+00:00,12008.0,Península
2023-01-24 01:50:00+00:00,11948.0,Península
2023-01-24 01:55:00+00:00,11922.0,Península
2023-01-24 02:00:00+00:00,11940.0,Península
2023-01-24 02:05:00+00:00,11904.0,Península
2023-01-24 02:10:00+00:00,11963.0,Península
2023-01-24 02:15:00+00:00,12049.0,Península
2023-01-24 02:20:00+00:00,12136.0,Península
2023-01-24 02:25:00+00:00,12235.0,Península
2023-01-24 02:30:00+00:00,12285.0,Península
2023-01-24 02:35:00+00:00,12248.0,Península
2023-01-24 02:40:00+00:00,12178.0,Península
2023-01-24 02:45:00+00:00,12114.0,Península
2023-01-24 02:50:00+00:00,12031.0,Península
2023-01-24 02:55:00+00:00,11920.0,Península
2023-01-24 03:00:00+00:00,11898.0,Península
2023-01-24 03:05:00+00:00,12005.0,Península
2023-01-24 03:10:00+00:00,12005.0,Península
2023-01-24 03:15:00+00:00,11996.0,Península
2023-01-24 03:20:00+00:00,11931.0,Península
2023-01-24 03:25:00+00:00,11832.0,Península
2023-01-24 03:30:00+00:00,11822.0,Península
2023-01-24 03:35:00+00:00,11764.0,Península
2023-01-24 03:40:00+00:00,11752.0,Península
2023-01-24 03:45:00+00:00,11685.0,Península
2023-01-24 03:50:00+00:00,11746.0,Península
2023-01-24 03:55:00+00:00,11793.0,Península
2023-01-24 04:00:00+00:00,11755.0,Península
2023-01-24 04:05:00+00:00,11637.0,Península
2023-01-24 04:10:00+00:00,11568.0,Península
2023-01-24 04:15:00+00:00,11481.0,Península
2023-01-24 04:20:00+00:00,11410.0,Península
2023-01-24 04:25:00+00:00,11359.0,Península
2023-01-24 04:30:00+00:00,11258.0,Península
2023-01-24 04:35:00+00:00,11220.0,Península
2023-01-24 04:40:00+00:00,11179.0,Península
2023-01-24 04:45:00+00:00,11135.0,Península
2023-01-24 04:50:00+00:00,11093.0,Península
2023-01-24 04:55:00+00:00,11018.0,Península
2023-01-24 05:00:00+00:00,10915.0,Península
2023-01-24 05:05:00+00:00,10909.0,Península
2023-01-24 05:10:00+00:00,10809.0,Península
2023-01-24 05:15:00+00:00,10697.0,Península
2023-01-24 05:20:00+00:00,10677.0,Península
2023-01-24 05:25:00+00:00,10623.0,Península
2023-01-24 05:30:00+00:00,10552.0,Península
2023-01-24 05:35:00+00:00,10443.0,Península
2023-01-24 05:40:00+00:00,10341.0,Península
2023-01-24 05:45:00+00:00,10247.0,Península
2023-01-24 05:50:00+00:00,10231.0,Península
2023-01-24 05:55:00+00:00,10157.0,Península
2023-01-24 06:00:00+00:00,10126.0,Península
2023-01-24 06:05:00+00:00,10111.0,Península
2023-01-24 06:10:00+00:00,10122.0,Península
2023-01-24 06:15:00+00:00,10142.0,Península
2023-01-24 06:20:00+00:00,10133.0,Península
2023-01-24 06:25:00+00:00,10102.0,Península
2023-01-24 06:30:00+00:00,10028.0,Península
2023-01-24 06:35:00+00:00,10036.0,Península
2023-01-24 06:40:00+00:00,9948.0,Península
2023-01-24 06:45:00+00:00,9945.0,Península
2023-01-24 06:50:00+00:00,9954.0,Península
2023-01-24 06:55:00+00:00,9982.0,Península
2023-01-24 07:00:00+00:00,9944.0,Península
2023-01-24 07:05:00+00:00,9894.0,Península
2023-01-24 07:10:00+00:00,9864.0,Península
2023-01-24 07:15:00+00:00,9816.0,Península
2023-01-24 07:20:00+00:00,9807.0,Península
2023-01-24 07:25:00+00:00,9749.0,Península
2023-01-24 07:30:00+00:00,9774.0,Península
2023-01-24 07:35:00+00:00,9753.0,Península
2023-01-24 07:40:00+00:00,9713.0,Península
2023-01-24 07:45:00+00:00,9590.0,Península
2023-01-24 07:50:00+00:00,9522.0,Península
2023-01-24 07:55:00+00:00,9425.0,Península
2023-01-24 08:00:00+00:00,9351.0,Península
2023-01-24 08:05:00+00:00,9253.0,Península
2023-01-24 08:10:00+00:00,9132.0,Península
2023-01-24 08:15:00+00:00,9072.0,Península
2023-01-24 08:20:00+00:00,8966.0,Península
2023-01-24 08:25:00+00:00,8905.0,Península
2023-01-24 08:30:00+00:00,8898.0,Península
2023-01-24 08:35:00+00:00,8897.0,Península
2023-01-24 08:40:00+00:00,8804.0,Península
2023-01-24 08:45:00+00:00,8688.0,Península
2023-01-24 08:50:00+00:00,8617.0,Península
2023-01-24 08:55:00+00:00,8506.0,Península
2023-01-24 09:00:00+00:00,8470.0,Península
2023-01-24 09:05:00+00:00,8486.0,Península
2023-01-24 09:10:00+00:00,8444.0,Península
2023-01-24 09:15:00+00:00,8348.0,Península
2023-01-24 09:20:00+00:00,8301.0,Península
2023-01-24 09:25:00+00:00,8258.0,Península
2023-01-24 09:30:00+00:00,8206.0,Península
2023-01-24 09:35:00+00:00,8175.0,Península
2023-01-24 09:40:00+00:00,8185.0,Península
2023-01-24 09:45:00+00:00,8165.0,Península
2023-01-24 09:50:00+00:00,8184.0,Península
2023-01-24 09:55:00+00:00,8147.0,Península
2023-01-24 10:00:00+00:00,8100.0,Península
2023-01-24 10:05:00+00:00,8148.0,Península
2023-01-24 10:10:00+00:00,8111.0,Península
2023-01-24 10:15:00+00:00,8075.0,Península
2023-01-24 10:20:00+00:00,8070.0,Península
2023-01-24 10:25:00+00:00,8016.0,Península
2023-01-24 10:30:00+00:00,8019.0,Península
2023-01-24 10:35:00+00:00,8090.0,Península
2023-01-24 10:40:00+00:00,8189.0,Península
2023-01-24 10:45:00+00:00,8217.0,Península
2023-01-24 10:50:00+00:00,8242.0,Península
2023-01-24 10:55:00+00:00,8353.0,Península
2023-01-24 11:00:00+00:00,8408.0,Península
2023-01-24 11:05:00+00:00,8404.0,Península
2023-01-24 11:10:00+00:00,8393.0,Península
2023-01-24 11:15:00+00:00,8406.0,Península
2023-01-24 11:20:00+00:00,8373.0,Península
2023-01-24 11:25:00+00:00,8337.0,Península
2023-01-24 11:30:00+00:00,8371.0,Península
2023-01-24 11:35:00+00:00,8344.0,Península
2023-01-24 11:40:00+00:00,8435.0,Península
2023-01-24 11:45:00+00:00,8548.0,Península
2023-01-24 11:50:00+00:00,8546.0,Península
2023-01-24 11:55:00+00:00,8537.0,Península
2023-01-24 12:00:00+00:00,8457.0,Península
2023-01-24 12:05:00+00:00,8553.0,Península
2023-01-24 12:10:00+00:00,8514.0,Península
2023-01-24 12:15:00+00:00,8559.0,Península
2023-01-24 12:20:00+00:00,8603.0,Península
2023-01-24 12:25:00+00:00,8683.0,Península
2023-01-24 12:30:00+00:00,8752.0,Península
2023-01-24 12:35:00+00:00,8784.0,Península
2023-01-24 12:40:00+00:00,8927.0,Península
2023-01-24 12:45:00+00:00,9031.0,Península
2023-01-24 12:50:00+00:00,9037.0,Península
2023-01-24 12:55:00+00:00,9154.0,Península
2023-01-24 13:00:00+00:00,9116.0,Península
2023-01-24 13:05:00+00:00,9193.0,Península
2023-01-24 13:10:00+00:00,9195.0,Península
2023-01-24 13:15:00+00:00,9319.0,Península
2023-01-24 13:20:00+00:00,9322.0,Península
2023-01-24 13:25:00+00:00,9410.0,Península
2023-01-24 13:30:00+00:00,9458.0,Península
2023-01-24 13:35:00+00:00,9494.0,Península
2023-01-24 13:40:00+00:00,9486.0,Península
2023-01-24 13:45:00+00:00,9537.0,Península
2023-01-24 13:50:00+00:00,9693.0,Península
2023-01-24 13:55:00+00:00,9655.0,Península
2023-01-24 14:00:00+00:00,9668.0,Península
2023-01-24 14:05:00+00:00,9707.0,Península
2023-01-24 14:10:00+00:00,9717.0,Península
2023-01-24 14:15:00+00:00,9796.0,Península
2023-01-24 14:20:00+00:00,9841.0,Península
2023-01-24 14:25:00+00:00,9909.0,Península
2023-01-24 14:30:00+00:00,9963.0,Península
2023-01-24 14:35:00+00:00,9977.0,Península
2023-01-24 14:40:00+00:00,10021.0,Península
2023-01-24 14:45:00+00:00,10089.0,Península
2023-01-24 14:50:00+00:00,10132.0,Península
2023-01-24 14:55:00+00:00,10191.0,Península
2023-01-24 15:00:00+00:00,10190.0,Península
2023-01-24 15:05:00+00:00,10184.0,Península
2023-01-24 15:10:00+00:00,10085.0,Península
2023-01-24 15:15:00+00:00,10166.0,Península
2023-01-24 15:20:00+00:00,10190.0,Península
2023-01-24 15:25:00+00:00,10048.0,Península
2023-01-24 15:30:00+00:00,9955.0,Península
2023-01-24 15:35:00+00:00,9961.0,Península
2023-01-24 15:40:00+00:00,9882.0,Península
2023-01-24 15:45:00+00:00,9843.0,Península
2023-01-24 15:50:00+00:00,9785.0,Península
2023-01-24 15:55:00+00:00,9775.0,Península
2023-01-24 16:00:00+00:00,9726.0,Península
2023-01-24 16:05:00+00:00,9718.0,Península
2023-01-24 16:10:00+00:00,9612.0,Península
2023-01-24 16:15:00+00:00,9540.0,Península
2023-01-24 16:20:00+00:00,9422.0,Península
2023-01-24 16:25:00+00:00,9294.0,Península
2023-01-24 16:30:00+00:00,9139.0,Península
2023-01-24 16:35:00+00:00,9102.0,Península
2023-01-24 16:40:00+00:00,8986.0,Península
2023-01-24 16:45:00+00:00,8947.0,Península
2023-01-24 16:50:00+00:00,8916.0,Península
2023-01-24 16:55:00+00:00,8832.0,Península
2023-01-24 17:00:00+00:00,8756.0,Península
2023-01-24 17:05:00+00:00,8670.0,Península
2023-01-24 17:10:00+00:00,8622.0,Península
2023-01-24 17:15:00+00:00,8591.0,Península
2023-01-24 17:20:00+00:00,8612.0,Península
2023-01-24 17:25:00+00:00,8516.0,Península
2023-01-24 17:30:00+00:00,8523.0,Península
2023-01-24 17:35:00+00:00,8455.0,Península
2023-01-24 17:40:00+00:00,8361.0,Península
2023-01-24 17:45:00+00:00,8353.0,Península
2023-01-24 17:50:00+00:00,8341.0,Península
2023-01-24 17:55:00+00:00,8341.0,Península
2023-01-24 18:00:00+00:00,8352.0,Península
2023-01-24 18:05:00+00:00,8368.0,Península
2023-01-24 18:10:00+00:00,8386.0,Península
2023-01-24 18:15:00+00:00,8378.0,Península
2023-01-24 18:20:00+00:00,8503.0,Península
2023-01-24 18:25:00+00:00,8505.0,Península
2023-01-24 18:30:00+00:00,8429.0,Península
2023-01-24 18:35:00+00:00,8399.0,Península
2023-01-24 18:40:00+00:00,8397.0,Península
2023-01-24 18:45:00+00:00,8389.0,Península
2023-01-24 18:50:00+00:00,8343.0,Península
2023-01-24 18:55:00+00:00,8281.0,Península
2023-01-24 19:00:00+00:00,8257.0,Península
2023-01-24 19:05:00+00:00,8275.0,Península
2023-01-24 19:10:00+00:00,8257.0,Península
2023-01-24 19:15:00+00:00,8252.0,Península
2023-01-24 19:20:00+00:00,8364.0,Península
2023-01-24 19:25:00+00:00,8362.0,Península
2023-01-24 19:30:00+00:00,8406.0,Península
2023-01-24 19:35:00+00:00,8428.0,Península
2023-01-24 19:40:00+00:00,8493.0,Península
2023-01-24 19:45:00+00:00,8522.0,Península
2023-01-24 19:50:00+00:00,8559.0,Península
2023-01-24 19:55:00+00:00,8575.0,Península
2023-01-24 20:00:00+00:00,8587.0,Península
2023-01-24 20:05:00+00:00,8543.0,Península
2023-01-24 20:10:00+00:00,8471.0,Península
2023-01-24 20:15:00+00:00,8421.0,Península
2023-01-24 20:20:00+00:00,8391.0,Península
2023-01-24 20:25:00+00:00,8339.0,Península
2023-01-24 20:30:00+00:00,8295.0,Península
2023-01-24 20:35:00+00:00,8243.0,Península
2023-01-24 20:40:00+00:00,8274.0,Península
2023-01-24 20:45:00+00:00,8328.0,Península
2023-01-24 20:50:00+00:00,8343.0,Península
2023-01-24 20:55:00+00:00,8314.0,Península
2023-01-24 21:00:00+00:00,8205.0,Península
2023-01-24 21:05:00+00:00,8174.0,Península
2023-01-24 21:10:00+00:00,8216.0,Península
2023-01-24 21:15:00+00:00,8196.0,Península
2023-01-24 21:20:00+00:00,8184.0,Península
2023-01-24 21:25:00+00:00,8264.0,Península
2023-01-24 21:30:00+00:00,8257.0,Península
2023-01-24 21:35:00+00:00,8260.0,Península
2023-01-24 21:40:00+00:00,8228.0,Península
2023-01-24 21:45:00+00:00,8220.0,Península
2023-01-24 21:50:00+00:00,8188.0,Península
2023-01-24 21:55:00+00:00,8166.0,Península
2023-01-24 22:00:00+00:00,8141.0,Península
2023-01-24 22:05:00+00:00,8142.0,Península
2023-01-24 22:10:00+00:00,8137.0,Península
2023-01-24 22:15:00+00:00,8150.0,Península
2023-01-24 22:20:00+00:00,8191.0,Península
2023-01-24 22:25:00+00:00,8242.0,Península
2023-01-24 22:30:00+00:00,8223.0,Península
2023-01-24 22:35:00+00:00,8239.0,Península
2023-01-24 22:40:00+00:00,8215.0,Península
2023-01-24 22:45:00+00:00,8247.0,Península
2023-01-24 22:50:00+00:00,8276.0,Península
2023-01-24 22:55:00+00:00,8341.0,Península
2023-01-24 23:00:00+00:00,8362.0,Península
2023-01-24 23:05:00+00:00,8362.0,Península
2023-01-24 23:10:00+00:00,8285.0,Península
2023-01-24 23:15:00+00:00,8307.0,Península
2023-01-24 23:20:00+00:00,8178.0,Península
2023-01-24 23:25:00+00:00,8149.0,Península
2023-01-24 23:30:00+00:00,8174.0,Península
2023-01-24 23:35:00+00:00,8126.0,Península
2023-01-24 23:40:00+00:00,8123.0,Península
2023-01-24 23:45:00+00:00,8138.0,Península
2023-01-24 23:50:00+00:00,8053.0,Península
2023-01-24 23:55:00+00:00,7971.0,Península
2023-01-25 00:00:00+00:00,7935.0,Península
2023-01-25 00:05:00+00:00,8001.0,Península
2023-01-25 00:10:00+00:00,8033.0,Península
2023-01-25 00:15:00+00:00,8082.0,Península
2023-01-25 00:20:00+00:00,8079.0,Península
2023-01-25 00:25:00+00:00,8048.0,Península
2023-01-25 00:30:00+00:00,8002.0,Península
2023-01-25 00:35:00+00:00,7924.0,Península
2023-01-25 00:40:00+00:00,7834.0,Península
2023-01-25 00:45:00+00:00,7847.0,Península
2023-01-25 00:50:00+00:00,7875.0,Península
2023-01-25 00:55:00+00:00,7883.0,Península
2023-01-25 01:00:00+00:00,7931.0,Península
2023-01-25 01:05:00+00:00,7855.0,Península
2023-01-25 01:10:00+00:00,7885.0,Península
2023-01-25 01:15:00+00:00,7924.0,Península
2023-01-25 01:20:00+00:00,8000.0,Península
2023-01-25 01:25:00+00:00,7979.0,Península
2023-01-25 01:30:00+00:00,8013.0,Península
2023-01-25 01:35:00+00:00,8086.0,Península
2023-01-25 01:40:00+00:00,8062.0,Península
2023-01-25 01:45:00+00:00,7967.0,Península
2023-01-25 01:50:00+00:00,7966.0,Península
2023-01-25 01:55:00+00:00,7948.0,Península
2023-01-25 02:00:00+00:00,7892.0,Península
2023-01-25 02:05:00+00:00,7863.0,Península
2023-01-25 02:10:00+00:00,7913.0,Península
2023-01-25 02:15:00+00:00,7900.0,Península
2023-01-25 02:20:00+00:00,7876.0,Península
2023-01-25 02:25:00+00:00,7844.0,Península
2023-01-25 02:30:00+00:00,7792.0,Península
2023-01-25 02:35:00+00:00,7760.0,Península
2023-01-25 02:40:00+00:00,7731.0,Península
2023-01-25 02:45:00+00:00,7718.0,Península
2023-01-25 02:50:00+00:00,7671.0,Península
2023-01-25 02:55:00+00:00,7673.0,Península
2023-01-25 03:00:00+00:00,7686.0,Península
2023-01-25 03:05:00+00:00,7732.0,Península
2023-01-25 03:10:00+00:00,7739.0,Península
2023-01-25 03:15:00+00:00,7726.0,Península
2023-01-25 03:20:00+00:00,7705.0,Península
2023-01-25 03:25:00+00:00,7755.0,Península
2023-01-25 03:30:00+00:00,7695.0,Península
2023-01-25 03:35:00+00:00,7697.0,Península
2023-01-25 03:40:00+00:00,7710.0,Península
2023-01-25 03:45:00+00:00,7797.0,Península
2023-01-25 03:50:00+00:00,7835.0,Península
2023-01-25 03:55:00+00:00,7823.0,Península
2023-01-25 04:00:00+00:00,7788.0,Península
2023-01-25 04:05:00+00:00,7884.0,Península
2023-01-25 04:10:00+00:00,7980.0,Península
2023-01-25 04:15:00+00:00,8013.0,Península
2023-01-25 04:20:00+00:00,8036.0,Península
2023-01-25 04:25:00+00:00,8081.0,Península
2023-01-25 04:30:00+00:00,8113.0,Península
2023-01-25 04:35:00+00:00,8114.0,Península
2023-01-25 04:40:00+00:00,8087.0,Península
2023-01-25 04:45:00+00:00,8038.0,Península
2023-01-25 04:50:00+00:00,7978.0,Península
2023-01-25 04:55:00+00:00,7981.0,Península
2023-01-25 05:00:00+00:00,8051.0,Península
2023-01-25 05:05:00+00:00,8307.0,Península
2023-01-25 05:10:00+00:00,8305.0,Península
2023-01-25 05:15:00+00:00,8286.0,Península
2023-01-25 05:20:00+00:00,8333.0,Península
2023-01-25 05:25:00+00:00,8352.0,Península
2023-01-25 05:30:00+00:00,8394.0,Península
2023-01-25 05:35:00+00:00,8488.0,Península
2023-01-25 05:40:00+00:00,8616.0,Península
2023-01-25 05:45:00+00:00,8629.0,Península
2023-01-25 05:50:00+00:00,8611.0,Península
2023-01-25 05:55:00+00:00,8648.0,Península
2023-01-25 06:00:00+00:00,8612.0,Península
2023-01-25 06:05:00+00:00,8623.0,Península
2023-01-25 06:10:00+00:00,8650.0,Península
2023-01-25 06:15:00+00:00,8641.0,Península
2023-01-25 06:20:00+00:00,8618.0,Península
2023-01-25 06:25:00+00:00,8645.0,Península
2023-01-25 06:30:00+00:00,8645.0,Península
2023-01-25 06:35:00+00:00,8689.0,Península
2023-01-25 06:40:00+00:00,8735.0,Península
2023-01-25 06:45:00+00:00,8794.0,Península
2023-01-25 06:50:00+00:00,8873.0,Península
2023-01-25 06:55:00+00:00,8930.0,Península
2023-01-25 07:00:00+00:00,8981.0,Península
2023-01-25 07:05:00+00:00,8964.0,Península
2023-01-25 07:10:00+00:00,8972.0,Península
2023-01-25 07:15:00+00:00,8969.0,Península
2023-01-25 07:20:00+00:00,8917.0,Península
2023-01-25 07:25:00+00:00,8866.0,Península
2023-01-25 07:30:00+00:00,8780.0,Península
2023-01-25 07:35:00+00:00,8744.0,Península
2023-01-25 07:40:00+00:00,8715.0,Península
2023-01-25 07:45:00+00:00,8646.0,Península
2023-01-25 07:50:00+00:00,8634.0,Península
2023-01-25 07:55:00+00:00,8626.0,Península
2023-01-25 08:00:00+00:00,8529.0,Península
2023-01-25 08:05:00+00:00,8519.0,Península
2023-01-25 08:10:00+00:00,8469.0,Península
2023-01-25 08:15:00+00:00,8405.0,Península
2023-01-25 08:20:00+00:00,8273.0,Península
2023-01-25 08:25:00+00:00,8220.0,Península
2023-01-25 08:30:00+00:00,8200.0,Península
2023-01-25 08:35:00+00:00,8164.0,Península
2023-01-25 08:40:00+00:00,8102.0,Península
2023-01-25 08:45:00+00:00,7990.0,Península
2023-01-25 08:50:00+00:00,7891.0,Península
2023-01-25 08:55:00+00:00,7848.0,Península
2023-01-25 09:00:00+00:00,7837.0,Península
2023-01-25 09:05:00+00:00,7708.0,Península
2023-01-25 09:10:00+00:00,7675.0,Península
2023-01-25 09:15:00+00:00,7614.0,Península
2023-01-25 09:20:00+00:00,7599.0,Península
2023-01-25 09:25:00+00:00,7528.0,Península
2023-01-25 09:30:00+00:00,7547.0,Península
2023-01-25 09:35:00+00:00,7461.0,Península
2023-01-25 09:40:00+00:00,7433.0,Península
2023-01-25 09:45:00+00:00,7447.0,Península
2023-01-25 09:50:00+00:00,7433.0,Península
2023-01-25 09:55:00+00:00,7460.0,Península
2023-01-25 10:00:00+00:00,7495.0,Península
2023-01-25 10:05:00+00:00,7503.0,Península
2023-01-25 10:10:00+00:00,7498.0,Península
2023-01-25 10:15:00+00:00,7507.0,Península
2023-01-25 10:20:00+00:00,7567.0,Península
2023-01-25 10:25:00+00:00,7598.0,Península
2023-01-25 10:30:00+00:00,7672.0,Península
2023-01-25 10:35:00+00:00,7681.0,Península
2023-01-25 10:40:00+00:00,7825.0,Península
2023-01-25 10:45:00+00:00,7821.0,Península
2023-01-25 10:50:00+00:00,7834.0,Península
2023-01-25 10:55:00+00:00,7883.0,Península
2023-01-25 11:00:00+00:00,7903.0,Península
2023-01-25 11:05:00+00:00,7932.0,Península
2023-01-25 11:10:00+00:00,7882.0,Península
2023-01-25 11:15:00+00:00,7907.0,Península
2023-01-25 11:20:00+00:00,7991.0,Península
2023-01-25 11:25:00+00:00,8037.0,Península
2023-01-25 11:30:00+00:00,8067.0,Península
2023-01-25 11:35:00+00:00,8042.0,Península
2023-01-25 11:40:00+00:00,8082.0,Península
2023-01-25 11:45:00+00:00,8133.0,Península
2023-01-25 11:50:00+00:00,8138.0,Península
2023-01-25 11:55:00+00:00,8116.0,Península
2023-01-25 12:00:00+00:00,8075.0,Península
2023-01-25 12:05:00+00:00,7913.0,Península
2023-01-25 12:10:00+00:00,7890.0,Península
2023-01-25 12:15:00+00:00,7937.0,Península
2023-01-25 12:20:00+00:00,8001.0,Península
2023-01-25 12:25:00+00:00,8025.0,Península
2023-01-25 12:30:00+00:00,8010.0,Península
2023-01-25 12:35:00+00:00,8036.0,Península
2023-01-25 12:40:00+00:00,8009.0,Península
2023-01-25 12:45:00+00:00,8052.0,Península
2023-01-25 12:50:00+00:00,8045.0,Península
2023-01-25 12:55:00+00:00,8021.0,Península
2023-01-25 13:00:00+00:00,8007.0,Península
2023-01-25 13:05:00+00:00,8069.0,Península
2023-01-25 13:10:00+00:00,8030.0,Península
2023-01-25 13:15:00+00:00,8048.0,Península
2023-01-25 13:20:00+00:00,8042.0,Península
2023-01-25 13:25:00+00:00,7947.0,Península
2023-01-25 13:30:00+00:00,7948.0,Península
2023-01-25 13:35:00+00:00,7947.0,Península
2023-01-25 13:40:00+00:00,7998.0,Península
2023-01-25 13:45:00+00:00,8005.0,Península
2023-01-25 13:50:00+00:00,8026.0,Península
2023-01-25 13:55:00+00:00,8036.0,Península
2023-01-25 14:00:00+00:00,8095.0,Península
2023-01-25 14:05:00+00:00,8106.0,Península
2023-01-25 14:10:00+00:00,8198.0,Península
2023-01-25 14:15:00+00:00,8232.0,Península
2023-01-25 14:20:00+00:00,8311.0,Península
2023-01-25 14:25:00+00:00,8327.0,Península
2023-01-25 14:30:00+00:00,8381.0,Península
2023-01-25 14:35:00+00:00,8466.0,Península
2023-01-25 14:40:00+00:00,8542.0,Península
2023-01-25 14:45:00+00:00,8659.0,Península
2023-01-25 14:50:00+00:00,8612.0,Península
2023-01-25 14:55:00+00:00,8694.0,Península
2023-01-25 15:00:00+00:00,8847.0,Península
2023-01-25 15:05:00+00:00,9105.0,Península
2023-01-25 15:10:00+00:00,9163.0,Península
2023-01-25 15:15:00+00:00,9190.0,Península
2023-01-25 15:20:00+00:00,9159.0,Península
2023-01-25 15:25:00+00:00,9163.0,Península
2023-01-25 15:30:00+00:00,9108.0,Península
2023-01-25 15:35:00+00:00,9155.0,Península
2023-01-25 15:40:00+00:00,9195.0,Península
2023-01-25 15:45:00+00:00,9237.0,Península
2023-01-25 15:50:00+00:00,9206.0,Península
2023-01-25 15:55:00+00:00,9210.0,Península
2023-01-25 16:00:00+00:00,9241.0,Península
2023-01-25 16:05:00+00:00,9312.0,Península
2023-01-25 16:10:00+00:00,9311.0,Península
2023-01-25 16:15:00+00:00,9250.0,Península
2023-01-25 16:20:00+00:00,9251.0,Península
2023-01-25 16:25:00+00:00,9243.0,Península
2023-01-25 16:30:00+00:00,9326.0,Península
2023-01-25 16:35:00+00:00,9396.0,Península
2023-01-25 16:40:00+00:00,9419.0,Península
2023-01-25 16:45:00+00:00,9495.0,Península
2023-01-25 16:50:00+00:00,9478.0,Península
2023-01-25 16:55:00+00:00,9561.0,Península
2023-01-25 17:00:00+00:00,9624.0,Península
2023-01-25 17:05:00+00:00,9716.0,Península
2023-01-25 17:10:00+00:00,9758.0,Península
2023-01-25 17:15:00+00:00,9810.0,Península
2023-01-25 17:20:00+00:00,9932.0,Península
2023-01-25 17:25:00+00:00,9987.0,Península
2023-01-25 17:30:00+00:00,9974.0,Península
2023-01-25 17:35:00+00:00,10081.0,Península
2023-01-25 17:40:00+00:00,10213.0,Península
2023-01-25 17:45:00+00:00,10241.0,Península
2023-01-25 17:50:00+00:00,10319.0,Península
2023-01-25 17:55:00+00:00,10394.0,Península
2023-01-25 18:00:00+00:00,10516.0,Península
2023-01-25 18:05:00+00:00,10675.0,Península
2023-01-25 18:10:00+00:00,10762.0,Península
2023-01-25 18:15:00+00:00,10811.0,Península
2023-01-25 18:20:00+00:00,10847.0,Península
2023-01-25 18:25:00+00:00,10912.0,Península
2023-01-25 18:30:00+00:00,10948.0,Península
2023-01-25 18:35:00+00:00,11077.0,Península
2023-01-25 18:40:00+00:00,11200.0,Península
2023-01-25 18:45:00+00:00,11384.0,Península
2023-01-25 18:50:00+00:00,11528.0,Península
2023-01-25 18:55:00+00:00,11698.0,Península
2023-01-25 19:00:00+00:00,11818.0,Península
2023-01-25 19:05:00+00:00,11937.0,Península
2023-01-25 19:10:00+00:00,12106.0,Península
2023-01-25 19:15:00+00:00,12212.0,Península
2023-01-25 19:20:00+00:00,12369.0,Península
2023-01-25 19:25:00+00:00,12382.0,Península
2023-01-25 19:30:00+00:00,12403.0,Península
2023-01-25 19:35:00+00:00,12412.0,Península
2023-01-25 19:40:00+00:00,12439.0,Península
2023-01-25 19:45:00+00:00,12517.0,Península
2023-01-25 19:50:00+00:00,12520.0,Península
2023-01-25 19:55:00+00:00,12630.0,Península
2023-01-25 20:00:00+00:00,12660.0,Península
2023-01-25 20:05:00+00:00,12616.0,Península
2023-01-25 20:10:00+00:00,12537.0,Península
2023-01-25 20:15:00+00:00,12552.0,Península
2023-01-25 20:20:00+00:00,12634.0,Península
2023-01-25 20:25:00+00:00,12640.0,Península
2023-01-25 20:30:00+00:00,12633.0,Península
2023-01-25 20:35:00+00:00,12633.0,Península
2023-01-25 20:40:00+00:00,12576.0,Península
2023-01-25 20:45:00+00:00,12517.0,Península
2023-01-25 20:50:00+00:00,12517.0,Península
2023-01-25 20:55:00+00:00,12380.0,Península
2023-01-25 21:00:00+00:00,12288.0,Península
2023-01-25 21:05:00+00:00,12256.0,Península
2023-01-25 21:10:00+00:00,12256.0,Península
2023-01-25 21:15:00+00:00,12368.0,Península
2023-01-25 21:20:00+00:00,12402.0,Península
2023-01-25 21:25:00+00:00,12450.0,Península
2023-01-25 21:30:00+00:00,12467.0,Península
2023-01-25 21:35:00+00:00,12525.0,Península
2023-01-25 21:40:00+00:00,12523.0,Península
2023-01-25 21:45:00+00:00,12596.0,Península
2023-01-25 21:50:00+00:00,12704.0,Península
2023-01-25 21:55:00+00:00,12671.0,Península
2023-01-25 22:00:00+00:00,12698.0,Península
2023-01-25 22:05:00+00:00,12690.0,Península
2023-01-25 22:10:00+00:00,12679.0,Península
2023-01-25 22:15:00+00:00,12626.0,Península
2023-01-25 22:20:00+00:00,12619.0,Península
2023-01-25 22:25:00+00:00,12678.0,Península
2023-01-25 22:30:00+00:00,12748.0,Península
2023-01-25 22:35:00+00:00,12759.0,Península
2023-01-25 22:40:00+00:00,12762.0,Península
2023-01-25 22:45:00+00:00,12693.0,Península
2023-01-25 22:50:00+00:00,12623.0,Península
2023-01-25 22:55:00+00:00,12602.0,Península
2023-01-25 23:00:00+00:00,12563.0,Península
2023-01-25 23:05:00+00:00,12399.0,Península
2023-01-25 23:10:00+00:00,12301.0,Península
2023-01-25 23:15:00+00:00,12322.0,Península
2023-01-25 23:20:00+00:00,12310.0,Península
2023-01-25 23:25:00+00:00,12256.0,Península
2023-01-25 23:30:00+00:00,12266.0,Península
2023-01-25 23:35:00+00:00,12168.0,Península
2023-01-25 23:40:00+00:00,12210.0,Península
2023-01-25 23:45:00+00:00,12109.0,Península
2023-01-25 23:50:00+00:00,12077.0,Península
2023-01-25 23:55:00+00:00,12063.0,Península
2023-01-26 00:00:00+00:00,12032.0,Península
2023-01-26 00:05:00+00:00,12124.0,Península
2023-01-26 00:10:00+00:00,12179.0,Península
2023-01-26 00:15:00+00:00,12173.0,Península
2023-01-26 00:20:00+00:00,12123.0,Península
2023-01-26 00:25:00+00:00,12141.0,Península
2023-01-26 00:30:00+00:00,12121.0,Península
2023-01-26 00:35:00+00:00,12082.0,Península
2023-01-26 00:40:00+00:00,12111.0,Península
2023-01-26 00:45:00+00:00,12099.0,Península
2023-01-26 00:50:00+00:00,12062.0,Península
2023-01-26 00:55:00+00:00,12088.0,Península
2023-01-26 01:00:00+00:00,12109.0,Península
2023-01-26 01:05:00+00:00,12116.0,Península
2023-01-26 01:10:00+00:00,12155.0,Península
2023-01-26 01:15:00+00:00,12200.0,Península
2023-01-26 01:20:00+00:00,12109.0,Península
2023-01-26 01:25:00+00:00,12128.0,Península
2023-01-26 01:30:00+00:00,12087.0,Península
2023-01-26 01:35:00+00:00,12007.0,Península
2023-01-26 01:40:00+00:00,11899.0,Península
2023-01-26 01:45:00+00:00,11897.0,Península
2023-01-26 01:50:00+00:00,11913.0,Península
2023-01-26 01:55:00+00:00,11894.0,Península
2023-01-26 02:00:00+00:00,11874.0,Península
2023-01-26 02:05:00+00:00,11910.0,Península
2023-01-26 02:10:00+00:00,11814.0,Península
2023-01-26 02:15:00+00:00,11727.0,Península
2023-01-26 02:20:00+00:00,11733.0,Península
2023-01-26 02:25:00+00:00,11798.0,Península
2023-01-26 02:30:00+00:00,11819.0,Península
2023-01-26 02:35:00+00:00,11906.0,Península
2023-01-26 02:40:00+00:00,12006.0,Península
2023-01-26 02:45:00+00:00,12071.0,Península
2023-01-26 02:50:00+00:00,12128.0,Península
2023-01-26 02:55:00+00:00,12143.0,Península
2023-01-26 03:00:00+00:00,12171.0,Península
2023-01-26 03:05:00+00:00,12204.0,Península
2023-01-26 03:10:00+00:00,12279.0,Península
2023-01-26 03:15:00+00:00,12355.0,Península
2023-01-26 03:20:00+00:00,12390.0,Península
2023-01-26 03:25:00+00:00,12401.0,Península
2023-01-26 03:30:00+00:00,12464.0,Península
2023-01-26 03:35:00+00:00,12476.0,Península
2023-01-26 03:40:00+00:00,12575.0,Península
2023-01-26 03:45:00+00:00,12662.0,Península
2023-01-26 03:50:00+00:00,12678.0,Península
2023-01-26 03:55:00+00:00,12755.0,Península
2023-01-26 04:00:00+00:00,12719.0,Península
2023-01-26 04:05:00+00:00,12730.0,Península
2023-01-26 04:10:00+00:00,12725.0,Península
2023-01-26 04:15:00+00:00,12682.0,Península
2023-01-26 04:20:00+00:00,12664.0,Península
2023-01-26 04:25:00+00:00,12672.0,Península
2023-01-26 04:30:00+00:00,12682.0,Península
2023-01-26 04:35:00+00:00,12706.0,Península
2023-01-26 04:40:00+00:00,12724.0,Península
2023-01-26 04:45:00+00:00,12741.0,Península
2023-01-26 04:50:00+00:00,12726.0,Península
2023-01-26 04:55:00+00:00,12650.0,Península
2023-01-26 05:00:00+00:00,12618.0,Península
2023-01-26 05:05:00+00:00,12613.0,Península
2023-01-26 05:10:00+00:00,12554.0,Península
2023-01-26 05:15:00+00:00,12469.0,Península
2023-01-26 05:20:00+00:00,12406.0,Península
2023-01-26 05:25:00+00:00,12355.0,Península
2023-01-26 05:30:00+00:00,12365.0,Península
2023-01-26 05:35:00+00:00,12376.0,Península
2023-01-26 05:40:00+00:00,12356.0,Península
2023-01-26 05:45:00+00:00,12267.0,Península
2023-01-26 05:50:00+00:00,12139.0,Península
2023-01-26 05:55:00+00:00,12096.0,Península
2023-01-26 06:00:00+00:00,12106.0,Península
2023-01-26 06:05:00+00:00,12118.0,Península
2023-01-26 06:10:00+00:00,12142.0,Península
2023-01-26 06:15:00+00:00,12198.0,Península
2023-01-26 06:20:00+00:00,12198.0,Península
2023-01-26 06:25:00+00:00,12310.0,Península
2023-01-26 06:30:00+00:00,12345.0,Península
2023-01-26 06:35:00+00:00,12338.0,Península
2023-01-26 06:40:00+00:00,12307.0,Península
2023-01-26 06:45:00+00:00,12310.0,Península
2023-01-26 06:50:00+00:00,12223.0,Península
2023-01-26 06:55:00+00:00,12237.0,Península
2023-01-26 07:00:00+00:00,12231.0,Península
2023-01-26 07:05:00+00:00,12211.0,Península
2023-01-26 07:10:00+00:00,12216.0,Península
2023-01-26 07:15:00+00:00,12253.0,Península
2023-01-26 07:20:00+00:00,12183.0,Península
2023-01-26 07:25:00+00:00,12150.0,Península
2023-01-26 07:30:00+00:00,12077.0,Península
2023-01-26 07:35:00+00:00,12058.0,Península
2023-01-26 07:40:00+00:00,11973.0,Península
2023-01-26 07:45:00+00:00,11922.0,Península
2023-01-26 07:50:00+00:00,11833.0,Península
2023-01-26 07:55:00+00:00,11794.0,Península
2023-01-26 08:00:00+00:00,11764.0,Península
2023-01-26 08:05:00+00:00,11753.0,Península
2023-01-26 08:10:00+00:00,11618.0,Península
2023-01-26 08:15:00+00:00,11613.0,Península
2023-01-26 08:20:00+00:00,11564.0,Península
2023-01-26 08:25:00+00:00,11563.0,Península
2023-01-26 08:30:00+00:00,11545.0,Península
2023-01-26 08:35:00+00:00,11503.0,Península
2023-01-26 08:40:00+00:00,11496.0,Península
2023-01-26 08:45:00+00:00,11486.0,Península
2023-01-26 08:50:00+00:00,11539.0,Península
2023-01-26 08:55:00+00:00,11527.0,Península
2023-01-26 09:00:00+00:00,11451.0,Península
2023-01-26 09:05:00+00:00,11509.0,Península
2023-01-26 09:10:00+00:00,11549.0,Península
2023-01-26 09:15:00+00:00,11573.0,Península
2023-01-26 09:20:00+00:00,11584.0,Península
2023-01-26 09:25:00+00:00,11633.0,Península
2023-01-26 09:30:00+00:00,11663.0,Península
2023-01-26 09:35:00+00:00,11824.0,Península
2023-01-26 09:40:00+00:00,11948.0,Península
2023-01-26 09:45:00+00:00,11977.0,Península
2023-01-26 09:50:00+00:00,12015.0,Península
2023-01-26 09:55:00+00:00,12007.0,Península
2023-01-26 10:00:00+00:00,12014.0,Península
2023-01-26 10:05:00+00:00,11961.0,Península
2023-01-26 10:10:00+00:00,11897.0,Península
2023-01-26 10:15:00+00:00,11985.0,Península
2023-01-26 10:20:00+00:00,12007.0,Península
2023-01-26 10:25:00+00:00,11989.0,Península
2023-01-26 10:30:00+00:00,11975.0,Península
2023-01-26 10:35:00+00:00,11956.0,Península
2023-01-26 10:40:00+00:00,11978.0,Península
2023-01-26 10:45:00+00:00,12044.0,Península
2023-01-26 10:50:00+00:00,12122.0,Península
2023-01-26 10:55:00+00:00,12128.0,Península
2023-01-26 11:00:00+00:00,12207.0,Península
2023-01-26 11:05:00+00:00,12244.0,Península
2023-01-26 11:10:00+00:00,12191.0,Península
2023-01-26 11:15:00+00:00,12196.0,Península
2023-01-26 11:20:00+00:00,12193.0,Península
2023-01-26 11:25:00+00:00,12259.0,Península
2023-01-26 11:30:00+00:00,12315.0,Península
2023-01-26 11:35:00+00:00,12376.0,Península
2023-01-26 11:40:00+00:00,12380.0,Península
2023-01-26 11:45:00+00:00,12531.0,Península
2023-01-26 11:50:00+00:00,12616.0,Península
2023-01-26 11:55:00+00:00,12704.0,Península
2023-01-26 12:00:00+00:00,12789.0,Península
2023-01-26 12:05:00+00:00,12763.0,Península
2023-01-26 12:10:00+00:00,12826.0,Península
2023-01-26 12:15:00+00:00,12878.0,Península
2023-01-26 12:20:00+00:00,13021.0,Península
2023-01-26 12:25:00+00:00,13056.0,Península
2023-01-26 12:30:00+00:00,13051.0,Península
2023-01-26 12:35:00+00:00,13116.0,Península
2023-01-26 12:40:00+00:00,13188.0,Península
2023-01-26 12:45:00+00:00,13210.0,Península
2023-01-26 12:50:00+00:00,13301.0,Península
2023-01-26 12:55:00+00:00,13241.0,Península
2023-01-26 13:00:00+00:00,13325.0,Península
2023-01-26 13:05:00+00:00,13436.0,Península
2023-01-26 13:10:00+00:00,13514.0,Península
2023-01-26 13:15:00+00:00,13536.0,Península
2023-01-26 13:20:00+00:00,13650.0,Península
2023-01-26 13:25:00+00:00,13735.0,Península
2023-01-26 13:30:00+00:00,13801.0,Península
2023-01-26 13:35:00+00:00,13855.0,Península
2023-01-26 13:40:00+00:00,13945.0,Península
2023-01-26 13:45:00+00:00,14009.0,Península
2023-01-26 13:50:00+00:00,13984.0,Península
2023-01-26 13:55:00+00:00,14013.0,Península
2023-01-26 14:00:00+00:00,14002.0,Península
2023-01-26 14:05:00+00:00,14075.0,Península
2023-01-26 14:10:00+00:00,14017.0,Península
2023-01-26 14:15:00+00:00,14058.0,Península
2023-01-26 14:20:00+00:00,14078.0,Península
2023-01-26 14:25:00+00:00,14130.0,Península
2023-01-26 14:30:00+00:00,14085.0,Península
2023-01-26 14:35:00+00:00,14025.0,Península
2023-01-26 14:40:00+00:00,14025.0,Península
2023-01-26 14:45:00+00:00,13972.0,Península
2023-01-26 14:50:00+00:00,13919.0,Península
2023-01-26 14:55:00+00:00,13880.0,Península
2023-01-26 15:00:00+00:00,13766.0,Península
2023-01-26 15:05:00+00:00,13733.0,Península
2023-01-26 15:10:00+00:00,13698.0,Península
2023-01-26 15:15:00+00:00,13660.0,Península
2023-01-26 15:20:00+00:00,13606.0,Península
2023-01-26 15:25:00+00:00,13630.0,Península
2023-01-26 15:30:00+00:00,13587.0,Península
2023-01-26 15:35:00+00:00,13649.0,Península
2023-01-26 15:40:00+00:00,13572.0,Península
2023-01-26 15:45:00+00:00,13564.0,Península
2023-01-26 15:50:00+00:00,13648.0,Península
2023-01-26 15:55:00+00:00,13712.0,Península
2023-01-26 16:00:00+00:00,13778.0,Península
2023-01-26 16:05:00+00:00,13895.0,Península
2023-01-26 16:10:00+00:00,13933.0,Península
2023-01-26 16:15:00+00:00,13909.0,Península
2023-01-26 16:20:00+00:00,13882.0,Península
2023-01-26 16:25:00+00:00,13865.0,Península
2023-01-26 16:30:00+00:00,13776.0,Península
2023-01-26 16:35:00+00:00,13770.0,Península
2023-01-26 16:40:00+00:00,13705.0,Península
2023-01-26 16:45:00+00:00,13651.0,Península
2023-01-26 16:50:00+00:00,13647.0,Península
2023-01-26 16:55:00+00:00,13716.0,Península
2023-01-26 17:00:00+00:00,13748.0,Península
2023-01-26 17:05:00+00:00,13835.0,Península
2023-01-26 17:10:00+00:00,13707.0,Península
2023-01-26 17:15:00+00:00,13524.0,Península
2023-01-26 17:20:00+00:00,13514.0,Península
2023-01-26 17:25:00+00:00,13480.0,Península
2023-01-26 17:30:00+00:00,13429.0,Península
2023-01-26 17:35:00+00:00,13545.0,Península
2023-01-26 17:40:00+00:00,13549.0,Península
2023-01-26 17:45:00+00:00,13617.0,Península
2023-01-26 17:50:00+00:00,13571.0,Península
2023-01-26 17:55:00+00:00,13697.0,Península
2023-01-26 18:00:00+00:00,13787.0,Península
2023-01-26 18:05:00+00:00,13783.0,Península
2023-01-26 18:10:00+00:00,13813.0,Península
2023-01-26 18:15:00+00:00,13882.0,Península
2023-01-26 18:20:00+00:00,13935.0,Península
2023-01-26 18:25:00+00:00,13941.0,Península
2023-01-26 18:30:00+00:00,13906.0,Península
2023-01-26 18:35:00+00:00,14029.0,Península
2023-01-26 18:40:00+00:00,14118.0,Península
2023-01-26 18:45:00+00:00,14167.0,Península
2023-01-26 18:50:00+00:00,14168.0,Península
2023-01-26 18:55:00+00:00,14216.0,Península
2023-01-26 19:00:00+00:00,14273.0,Península
2023-01-26 19:05:00+00:00,14308.0,Península
2023-01-26 19:10:00+00:00,14311.0,Península
2023-01-26 19:15:00+00:00,14301.0,Península
2023-01-26 19:20:00+00:00,14340.0,Península
2023-01-26 19:25:00+00:00,14374.0,Península
2023-01-26 19:30:00+00:00,14337.0,Península
2023-01-26 19:35:00+00:00,14391.0,Península
2023-01-26 19:40:00+00:00,14432.0,Península
2023-01-26 19:45:00+00:00,14466.0,Península
2023-01-26 19:50:00+00:00,14462.0,Península
2023-01-26 19:55:00+00:00,14480.0,Península
2023-01-26 20:00:00+00:00,14516.0,Península
2023-01-26 20:05:00+00:00,14651.0,Península
2023-01-26 20:10:00+00:00,14617.0,Península
2023-01-26 20:15:00+00:00,14684.0,Península
2023-01-26 20:20:00+00:00,14677.0,Península
2023-01-26 20:25:00+00:00,14588.0,Península
2023-01-26 20:30:00+00:00,14484.0,Península
2023-01-26 20:35:00+00:00,14451.0,Península
2023-01-26 20:40:00+00:00,14443.0,Península
2023-01-26 20:45:00+00:00,14472.0,Península
2023-01-26 20:50:00+00:00,14497.0,Península
2023-01-26 20:55:00+00:00,14454.0,Península
2023-01-26 21:00:00+00:00,14431.0,Península
2023-01-26 21:05:00+00:00,14414.0,Península
2023-01-26 21:10:00+00:00,14432.0,Península
2023-01-26 21:15:00+00:00,14369.0,Península
2023-01-26 21:20:00+00:00,14379.0,Península
2023-01-26 21:25:00+00:00,14415.0,Península
2023-01-26 21:30:00+00:00,14384.0,Península
2023-01-26 21:35:00+00:00,14399.0,Península
2023-01-26 21:40:00+00:00,14438.0,Península
2023-01-26 21:45:00+00:00,14371.0,Península
2023-01-26 21:50:00+00:00,14283.0,Península
2023-01-26 21:55:00+00:00,14196.0,Península
2023-01-26 22:00:00+00:00,14126.0,Península
2023-01-26 22:05:00+00:00,14097.0,Península
2023-01-26 22:10:00+00:00,14052.0,Península
2023-01-26 22:15:00+00:00,13938.0,Península
2023-01-26 22:20:00+00:00,13955.0,Península
2023-01-26 22:25:00+00:00,14025.0,Península
2023-01-26 22:30:00+00:00,14092.0,Península
2023-01-26 22:35:00+00:00,14086.0,Península
2023-01-26 22:40:00+00:00,13985.0,Península
2023-01-26 22:45:00+00:00,13931.0,Península
2023-01-26 22:50:00+00:00,13873.0,Península
2023-01-26 22:55:00+00:00,13818.0,Península
2023-01-26 23:00:00+00:00,13784.0,Península
2023-01-26 23:05:00+00:00,13759.0,Península
2023-01-26 23:10:00+00:00,13834.0,Península
2023-01-26 23:15:00+00:00,13872.0,Península
2023-01-26 23:20:00+00:00,13858.0,Península
2023-01-26 23:25:00+00:00,13851.0,Península
2023-01-26 23:30:00+00:00,13847.0,Península
2023-01-26 23:35:00+00:00,13879.0,Península
2023-01-26 23:40:00+00:00,13900.0,Península
2023-01-26 23:45:00+00:00,13894.0,Península
2023-01-26 23:50:00+00:00,13918.0,Península
2023-01-26 23:55:00+00:00,13925.0,Península
2023-01-27 00:00:00+00:00,13900.0,Península
2023-01-27 00:05:00+00:00,13883.0,Península
2023-01-27 00:10:00+00:00,13766.0,Península
2023-01-27 00:15:00+00:00,13791.0,Península
2023-01-27 00:20:00+00:00,13785.0,Península
2023-01-27 00:25:00+00:00,13780.0,Península
2023-01-27 00:30:00+00:00,13801.0,Península
2023-01-27 00:35:00+00:00,13813.0,Península
2023-01-27 00:40:00+00:00,13747.0,Península
2023-01-27 00:45:00+00:00,13735.0,Península
2023-01-27 00:50:00+00:00,13720.0,Península
2023-01-27 00:55:00+00:00,13757.0,Península
2023-01-27 01:00:00+00:00,13796.0,Península
2023-01-27 01:05:00+00:00,13850.0,Península
2023-01-27 01:10:00+00:00,13813.0,Península
2023-01-27 01:15:00+00:00,13789.0,Península
2023-01-27 01:20:00+00:00,13639.0,Península
2023-01-27 01:25:00+00:00,13639.0,Península
2023-01-27 01:30:00+00:00,13573.0,Península
2023-01-27 01:35:00+00:00,13548.0,Península
2023-01-27 01:40:00+00:00,13499.0,Península
2023-01-27 01:45:00+00:00,13509.0,Península
2023-01-27 01:50:00+00:00,13564.0,Península
2023-01-27 01:55:00+00:00,13626.0,Península
2023-01-27 02:00:00+00:00,13610.0,Península
2023-01-27 02:05:00+00:00,13643.0,Península
2023-01-27 02:10:00+00:00,13481.0,Península
2023-01-27 02:15:00+00:00,13480.0,Península
2023-01-27 02:20:00+00:00,13452.0,Península
2023-01-27 02:25:00+00:00,13385.0,Península
2023-01-27 02:30:00+00:00,13309.0,Península
2023-01-27 02:35:00+00:00,13265.0,Península
2023-01-27 02:40:00+00:00,13266.0,Península
2023-01-27 02:45:00+00:00,13206.0,Península
2023-01-27 02:50:00+00:00,13222.0,Península
2023-01-27 02:55:00+00:00,13116.0,Península
2023-01-27 03:00:00+00:00,13125.0,Península
2023-01-27 03:05:00+00:00,13085.0,Península
2023-01-27 03:10:00+00:00,13037.0,Península
2023-01-27 03:15:00+00:00,12967.0,Península
2023-01-27 03:20:00+00:00,12913.0,Península
2023-01-27 03:25:00+00:00,12870.0,Península
2023-01-27 03:30:00+00:00,12827.0,Península
2023-01-27 03:35:00+00:00,12837.0,Península
2023-01-27 03:40:00+00:00,12719.0,Península
2023-01-27 03:45:00+00:00,12767.0,Península
2023-01-27 03:50:00+00:00,12723.0,Península
2023-01-27 03:55:00+00:00,12733.0,Península
2023-01-27 04:00:00+00:00,12677.0,Península
2023-01-27 04:05:00+00:00,12774.0,Península
2023-01-27 04:10:00+00:00,12860.0,Península
2023-01-27 04:15:00+00:00,12934.0,Península
2023-01-27 04:20:00+00:00,12958.0,Península
2023-01-27 04:25:00+00:00,13007.0,Península
2023-01-27 04:30:00+00:00,12954.0,Península
2023-01-27 04:35:00+00:00,12926.0,Península
2023-01-27 04:40:00+00:00,12938.0,Península
2023-01-27 04:45:00+00:00,13053.0,Península
2023-01-27 04:50:00+00:00,13038.0,Península
2023-01-27 04:55:00+00:00,13081.0,Península
2023-01-27 05:00:00+00:00,12993.0,Península
2023-01-27 05:05:00+00:00,13068.0,Península
2023-01-27 05:10:00+00:00,13167.0,Península
2023-01-27 05:15:00+00:00,13269.0,Península
2023-01-27 05:20:00+00:00,13231.0,Península
2023-01-27 05:25:00+00:00,13226.0,Península
2023-01-27 05:30:00+00:00,13329.0,Península
2023-01-27 05:35:00+00:00,13396.0,Península
2023-01-27 05:40:00+00:00,13419.0,Península
2023-01-27 05:45:00+00:00,13325.0,Península
2023-01-27 05:50:00+00:00,13238.0,Península
2023-01-27 05:55:00+00:00,13266.0,Península
2023-01-27 06:00:00+00:00,13265.0,Península
2023-01-27 06:05:00+00:00,13184.0,Península
2023-01-27 06:10:00+00:00,13206.0,Península
2023-01-27 06:15:00+00:00,13333.0,Península
2023-01-27 06:20:00+00:00,13270.0,Península
2023-01-27 06:25:00+00:00,13224.0,Península
2023-01-27 06:30:00+00:00,13215.0,Península
2023-01-27 06:35:00+00:00,13151.0,Península
2023-01-27 06:40:00+00:00,13312.0,Península
2023-01-27 06:45:00+00:00,13350.0,Península
2023-01-27 06:50:00+00:00,13402.0,Península
2023-01-27 06:55:00+00:00,13413.0,Península
2023-01-27 07:00:00+00:00,13432.0,Península
2023-01-27 07:05:00+00:00,13593.0,Península
2023-01-27 07:10:00+00:00,13537.0,Península
2023-01-27 07:15:00+00:00,13473.0,Península
2023-01-27 07:20:00+00:00,13521.0,Península
2023-01-27 07:25:00+00:00,13615.0,Península
2023-01-27 07:30:00+00:00,13645.0,Península
2023-01-27 07:35:00+00:00,13587.0,Península
2023-01-27 07:40:00+00:00,13624.0,Península
2023-01-27 07:45:00+00:00,13502.0,Península
2023-01-27 07:50:00+00:00,13488.0,Península
2023-01-27 07:55:00+00:00,13595.0,Península
2023-01-27 08:00:00+00:00,13586.0,Península
2023-01-27 08:05:00+00:00,13580.0,Península
2023-01-27 08:10:00+00:00,13560.0,Península
2023-01-27 08:15:00+00:00,13456.0,Península
2023-01-27 08:20:00+00:00,13417.0,Península
2023-01-27 08:25:00+00:00,13334.0,Península
2023-01-27 08:30:00+00:00,13319.0,Península
2023-01-27 08:35:00+00:00,13290.0,Península
2023-01-27 08:40:00+00:00,13209.0,Península
2023-01-27 08:45:00+00:00,13220.0,Península
2023-01-27 08:50:00+00:00,13321.0,Península
2023-01-27 08:55:00+00:00,13405.0,Península
2023-01-27 09:00:00+00:00,13437.0,Península
2023-01-27 09:05:00+00:00,13493.0,Península
2023-01-27 09:10:00+00:00,13516.0,Península
2023-01-27 09:15:00+00:00,13559.0,Península
2023-01-27 09:20:00+00:00,13492.0,Península
2023-01-27 09:25:00+00:00,13547.0,Península
2023-01-27 09:30:00+00:00,13545.0,Península
2023-01-27 09:35:00+00:00,13476.0,Península
2023-01-27 09:40:00+00:00,13544.0,Península
2023-01-27 09:45:00+00:00,13455.0,Península
2023-01-27 09:50:00+00:00,13491.0,Península
2023-01-27 09:55:00+00:00,13507.0,Península
2023-01-27 10:00:00+00:00,13501.0,Península
2023-01-27 10:05:00+00:00,13389.0,Península
2023-01-27 10:10:00+00:00,13477.0,Península
2023-01-27 10:15:00+00:00,13570.0,Península
2023-01-27 10:20:00+00:00,13655.0,Península
2023-01-27 10:25:00+00:00,13719.0,Península
2023-01-27 10:30:00+00:00,13732.0,Península
2023-01-27 10:35:00+00:00,13707.0,Península
2023-01-27 10:40:00+00:00,13756.0,Península
2023-01-27 10:45:00+00:00,13796.0,Península
2023-01-27 10:50:00+00:00,13845.0,Península
2023-01-27 10:55:00+00:00,13939.0,Península
2023-01-27 11:00:00+00:00,13952.0,Península
2023-01-27 11:05:00+00:00,13875.0,Península
2023-01-27 11:10:00+00:00,13925.0,Península
2023-01-27 11:15:00+00:00,13978.0,Península
2023-01-27 11:20:00+00:00,13931.0,Península
2023-01-27 11:25:00+00:00,13929.0,Península
2023-01-27 11:30:00+00:00,14029.0,Península
2023-01-27 11:35:00+00:00,14111.0,Península
2023-01-27 11:40:00+00:00,14278.0,Península
2023-01-27 11:45:00+00:00,14402.0,Península
2023-01-27 11:50:00+00:00,14299.0,Península
2023-01-27 11:55:00+00:00,14379.0,Península
2023-01-27 12:00:00+00:00,14418.0,Península
2023-01-27 12:05:00+00:00,14323.0,Península
2023-01-27 12:10:00+00:00,14343.0,Península
2023-01-27 12:15:00+00:00,14349.0,Península
2023-01-27 12:20:00+00:00,14444.0,Península
2023-01-27 12:25:00+00:00,14475.0,Península
2023-01-27 12:30:00+00:00,14495.0,Península
2023-01-27 12:35:00+00:00,14379.0,Península
2023-01-27 12:40:00+00:00,14487.0,Península
2023-01-27 12:45:00+00:00,14383.0,Península
2023-01-27 12:50:00+00:00,14483.0,Península
2023-01-27 12:55:00+00:00,14526.0,Península
2023-01-27 13:00:00+00:00,14583.0,Península
2023-01-27 13:05:00+00:00,14643.0,Península
2023-01-27 13:10:00+00:00,14643.0,Península
2023-01-27 13:15:00+00:00,14652.0,Península
2023-01-27 13:20:00+00:00,14755.0,Península
2023-01-27 13:25:00+00:00,14836.0,Península
2023-01-27 13:30:00+00:00,14892.0,Península
2023-01-27 13:35:00+00:00,14940.0,Península
2023-01-27 13:40:00+00:00,14993.0,Península
2023-01-27 13:45:00+00:00,15068.0,Península
2023-01-27 13:50:00+00:00,15092.0,Península
2023-01-27 13:55:00+00:00,15005.0,Península
2023-01-27 14:00:00+00:00,15024.0,Península
2023-01-27 14:05:00+00:00,14954.0,Península
2023-01-27 14:10:00+00:00,14939.0,Península
2023-01-27 14:15:00+00:00,14925.0,Península
2023-01-27 14:20:00+00:00,15031.0,Península
2023-01-27 14:25:00+00:00,15068.0,Península
2023-01-27 14:30:00+00:00,15067.0,Península
2023-01-27 14:35:00+00:00,15041.0,Península
2023-01-27 14:40:00+00:00,14956.0,Península
2023-01-27 14:45:00+00:00,15131.0,Península
2023-01-27 14:50:00+00:00,15233.0,Península
2023-01-27 14:55:00+00:00,15290.0,Península
2023-01-27 15:00:00+00:00,15248.0,Península
2023-01-27 15:05:00+00:00,15261.0,Península
2023-01-27 15:10:00+00:00,15267.0,Península
2023-01-27 15:15:00+00:00,15282.0,Península
2023-01-27 15:20:00+00:00,15265.0,Península
2023-01-27 15:25:00+00:00,15269.0,Península
2023-01-27 15:30:00+00:00,15257.0,Península
2023-01-27 15:35:00+00:00,15278.0,Península
2023-01-27 15:40:00+00:00,15337.0,Península
2023-01-27 15:45:00+00:00,15366.0,Península
2023-01-27 15:50:00+00:00,15340.0,Península
2023-01-27 15:55:00+00:00,15441.0,Península
2023-01-27 16:00:00+00:00,15269.0,Península
2023-01-27 16:05:00+00:00,15244.0,Península
2023-01-27 16:10:00+00:00,15213.0,Península
2023-01-27 16:15:00+00:00,15273.0,Península
2023-01-27 16:20:00+00:00,15265.0,Península
2023-01-27 16:25:00+00:00,15335.0,Península
2023-01-27 16:30:00+00:00,15425.0,Península
2023-01-27 16:35:00+00:00,15451.0,Península
2023-01-27 16:40:00+00:00,15464.0,Península
2023-01-27 16:45:00+00:00,15403.0,Península
2023-01-27 16:50:00+00:00,15376.0,Península
2023-01-27 16:55:00+00:00,15438.0,Península
2023-01-27 17:00:00+00:00,15347.0,Península
2023-01-27 17:05:00+00:00,15321.0,Península
2023-01-27 17:10:00+00:00,15304.0,Península
2023-01-27 17:15:00+00:00,15273.0,Península
2023-01-27 17:20:00+00:00,15206.0,Península
2023-01-27 17:25:00+00:00,15208.0,Península
2023-01-27 17:30:00+00:00,15155.0,Península
2023-01-27 17:35:00+00:00,15075.0,Península
2023-01-27 17:40:00+00:00,15047.0,Península
2023-01-27 17:45:00+00:00,14966.0,Península
2023-01-27 17:50:00+00:00,14997.0,Península
2023-01-27 17:55:00+00:00,15022.0,Península
2023-01-27 18:00:00+00:00,15019.0,Península
2023-01-27 18:05:00+00:00,14892.0,Península
2023-01-27 18:10:00+00:00,14831.0,Península
2023-01-27 18:15:00+00:00,14733.0,Península
2023-01-27 18:20:00+00:00,14790.0,Península
2023-01-27 18:25:00+00:00,14685.0,Península
2023-01-27 18:30:00+00:00,14725.0,Península
2023-01-27 18:35:00+00:00,14691.0,Península
2023-01-27 18:40:00+00:00,14606.0,Península
2023-01-27 18:45:00+00:00,14490.0,Península
2023-01-27 18:50:00+00:00,14408.0,Península
2023-01-27 18:55:00+00:00,14298.0,Península
2023-01-27 19:00:00+00:00,14280.0,Península
2023-01-27 19:05:00+00:00,14139.0,Península
2023-01-27 19:10:00+00:00,14163.0,Península
2023-01-27 19:15:00+00:00,14158.0,Península
2023-01-27 19:20:00+00:00,14148.0,Península
2023-01-27 19:25:00+00:00,14175.0,Península
2023-01-27 19:30:00+00:00,14247.0,Península
2023-01-27 19:35:00+00:00,14287.0,Península
2023-01-27 19:40:00+00:00,14261.0,Península
2023-01-27 19:45:00+00:00,14229.0,Península
2023-01-27 19:50:00+00:00,14223.0,Península
2023-01-27 19:55:00+00:00,14278.0,Península
2023-01-27 20:00:00+00:00,14313.0,Península
2023-01-27 20:05:00+00:00,14446.0,Península
2023-01-27 20:10:00+00:00,14434.0,Península
2023-01-27 20:15:00+00:00,14468.0,Península
2023-01-27 20:20:00+00:00,14543.0,Península
2023-01-27 20:25:00+00:00,14635.0,Península
2023-01-27 20:30:00+00:00,14636.0,Península
2023-01-27 20:35:00+00:00,14633.0,Península
2023-01-27 20:40:00+00:00,14689.0,Península
2023-01-27 20:45:00+00:00,14814.0,Península
2023-01-27 20:50:00+00:00,14901.0,Península
2023-01-27 20:55:00+00:00,14834.0,Península
2023-01-27 21:00:00+00:00,14711.0,Península
2023-01-27 21:05:00+00:00,14631.0,Península
2023-01-27 21:10:00+00:00,14603.0,Península
2023-01-27 21:15:00+00:00,14568.0,Península
2023-01-27 21:20:00+00:00,14508.0,Península
2023-01-27 21:25:00+00:00,14392.0,Península
2023-01-27 21:30:00+00:00,14271.0,Península
2023-01-27 21:35:00+00:00,14167.0,Península
2023-01-27 21:40:00+00:00,13998.0,Península
2023-01-27 21:45:00+00:00,13870.0,Península
2023-01-27 21:50:00+00:00,13924.0,Península
2023-01-27 21:55:00+00:00,13828.0,Península
2023-01-27 22:00:00+00:00,13728.0,Península
2023-01-27 22:05:00+00:00,13580.0,Península
2023-01-27 22:10:00+00:00,13479.0,Península
2023-01-27 22:15:00+00:00,13410.0,Península
2023-01-27 22:20:00+00:00,13268.0,Península
2023-01-27 22:25:00+00:00,13181.0,Península
2023-01-27 22:30:00+00:00,13117.0,Península
2023-01-27 22:35:00+00:00,13116.0,Península
2023-01-27 22:40:00+00:00,13053.0,Península
2023-01-27 22:45:00+00:00,12980.0,Península
2023-01-27 22:50:00+00:00,12930.0,Península
2023-01-27 22:55:00+00:00,12938.0,Península
2023-01-27 23:00:00+00:00,12943.0,Península
2023-01-27 23:05:00+00:00,12961.0,Península
2023-01-27 23:10:00+00:00,12963.0,Península
2023-01-27 23:15:00+00:00,12952.0,Península
2023-01-27 23:20:00+00:00,13069.0,Península
2023-01-27 23:25:00+00:00,13065.0,Península
2023-01-27 23:30:00+00:00,13093.0,Península
2023-01-27 23:35:00+00:00,13141.0,Península
2023-01-27 23:40:00+00:00,13149.0,Península
2023-01-27 23:45:00+00:00,13102.0,Península
2023-01-27 23:50:00+00:00,13050.0,Península
2023-01-27 23:55:00+00:00,12992.0,Península
2023-01-28 00:00:00+00:00,12930.0,Península
2023-01-28 00:05:00+00:00,12865.0,Península
2023-01-28 00:10:00+00:00,12827.0,Península
2023-01-28 00:15:00+00:00,12664.0,Península
2023-01-28 00:20:00+00:00,12654.0,Península
2023-01-28 00:25:00+00:00,12586.0,Península
2023-01-28 00:30:00+00:00,12582.0,Península
2023-01-28 00:35:00+00:00,12556.0,Península
2023-01-28 00:40:00+00:00,12521.0,Península
2023-01-28 00:45:00+00:00,12445.0,Península
2023-01-28 00:50:00+00:00,12487.0,Península
2023-01-28 00:55:00+00:00,12461.0,Península
2023-01-28 01:00:00+00:00,12485.0,Península
2023-01-28 01:05:00+00:00,12665.0,Península
2023-01-28 01:10:00+00:00,12709.0,Península
2023-01-28 01:15:00+00:00,12678.0,Península
2023-01-28 01:20:00+00:00,12634.0,Península
2023-01-28 01:25:00+00:00,12597.0,Península
2023-01-28 01:30:00+00:00,12590.0,Península
2023-01-28 01:35:00+00:00,12540.0,Península
2023-01-28 01:40:00+00:00,12551.0,Península
2023-01-28 01:45:00+00:00,12537.0,Península
2023-01-28 01:50:00+00:00,12563.0,Península
2023-01-28 01:55:00+00:00,12488.0,Península
2023-01-28 02:00:00+00:00,12406.0,Península
2023-01-28 02:05:00+00:00,12345.0,Península
2023-01-28 02:10:00+00:00,12261.0,Península
2023-01-28 02:15:00+00:00,12239.0,Península
2023-01-28 02:20:00+00:00,12262.0,Península
2023-01-28 02:25:00+00:00,12207.0,Península
2023-01-28 02:30:00+00:00,12214.0,Península
2023-01-28 02:35:00+00:00,12185.0,Península
2023-01-28 02:40:00+00:00,12149.0,Península
2023-01-28 02:45:00+00:00,12066.0,Península
2023-01-28 02:50:00+00:00,11931.0,Península
2023-01-28 02:55:00+00:00,11953.0,Península
2023-01-28 03:00:00+00:00,11932.0,Península
2023-01-28 03:05:00+00:00,11918.0,Península
2023-01-28 03:10:00+00:00,11871.0,Península
2023-01-28 03:15:00+00:00,11846.0,Península
2023-01-28 03:20:00+00:00,11834.0,Península
2023-01-28 03:25:00+00:00,11860.0,Península
2023-01-28 03:30:00+00:00,11848.0,Península
2023-01-28 03:35:00+00:00,11804.0,Península
2023-01-28 03:40:00+00:00,11757.0,Península
2023-01-28 03:45:00+00:00,11686.0,Península
2023-01-28 03:50:00+00:00,11659.0,Península
2023-01-28 03:55:00+00:00,11667.0,Península
2023-01-28 04:00:00+00:00,11608.0,Península
2023-01-28 04:05:00+00:00,11574.0,Península
2023-01-28 04:10:00+00:00,11526.0,Península
2023-01-28 04:15:00+00:00,11457.0,Península
2023-01-28 04:20:00+00:00,11458.0,Península
2023-01-28 04:25:00+00:00,11446.0,Península
2023-01-28 04:30:00+00:00,11439.0,Península
2023-01-28 04:35:00+00:00,11505.0,Península
2023-01-28 04:40:00+00:00,11599.0,Península
2023-01-28 04:45:00+00:00,11645.0,Península
2023-01-28 04:50:00+00:00,11680.0,Península
2023-01-28 04:55:00+00:00,11683.0,Península
2023-01-28 05:00:00+00:00,11682.0,Península
2023-01-28 05:05:00+00:00,11688.0,Península
2023-01-28 05:10:00+00:00,11660.0,Península
2023-01-28 05:15:00+00:00,11774.0,Península
2023-01-28 05:20:00+00:00,11806.0,Península
2023-01-28 05:25:00+00:00,11750.0,Península
2023-01-28 05:30:00+00:00,11808.0,Península
2023-01-28 05:35:00+00:00,11825.0,Península
2023-01-28 05:40:00+00:00,11818.0,Península
2023-01-28 05:45:00+00:00,11745.0,Península
2023-01-28 05:50:00+00:00,11809.0,Península
2023-01-28 05:55:00+00:00,11916.0,Península
2023-01-28 06:00:00+00:00,11963.0,Península
2023-01-28 06:05:00+00:00,11971.0,Península
2023-01-28 06:10:00+00:00,11903.0,Península
2023-01-28 06:15:00+00:00,11910.0,Península
2023-01-28 06:20:00+00:00,11922.0,Península
2023-01-28 06:25:00+00:00,12012.0,Península
2023-01-28 06:30:00+00:00,12092.0,Península
2023-01-28 06:35:00+00:00,12119.0,Península
2023-01-28 06:40:00+00:00,12174.0,Península
2023-01-28 06:45:00+00:00,12191.0,Península
2023-01-28 06:50:00+00:00,12154.0,Península
2023-01-28 06:55:00+00:00,12128.0,Península
2023-01-28 07:00:00+00:00,12068.0,Península
2023-01-28 07:05:00+00:00,12065.0,Península
2023-01-28 07:10:00+00:00,12099.0,Península
2023-01-28 07:15:00+00:00,12103.0,Península
2023-01-28 07:20:00+00:00,12140.0,Península
2023-01-28 07:25:00+00:00,12145.0,Península
2023-01-28 07:30:00+00:00,12173.0,Península
2023-01-28 07:35:00+00:00,12210.0,Península
2023-01-28 07:40:00+00:00,12294.0,Península
2023-01-28 07:45:00+00:00,12391.0,Península
2023-01-28 07:50:00+00:00,12396.0,Península
2023-01-28 07:55:00+00:00,12380.0,Península
2023-01-28 08:00:00+00:00,12437.0,Península
2023-01-28 08:05:00+00:00,12395.0,Península
2023-01-28 08:10:00+00:00,12463.0,Península
2023-01-28 08:15:00+00:00,12462.0,Península
2023-01-28 08:20:00+00:00,12466.0,Península
2023-01-28 08:25:00+00:00,12486.0,Península
2023-01-28 08:30:00+00:00,12373.0,Península
2023-01-28 08:35:00+00:00,12306.0,Península
2023-01-28 08:40:00+00:00,12275.0,Península
2023-01-28 08:45:00+00:00,12182.0,Península
2023-01-28 08:50:00+00:00,12107.0,Península
2023-01-28 08:55:00+00:00,11965.0,Península
2023-01-28 09:00:00+00:00,11941.0,Península
2023-01-28 09:05:00+00:00,11936.0,Península
2023-01-28 09:10:00+00:00,11954.0,Península
2023-01-28 09:15:00+00:00,12006.0,Península
2023-01-28 09:20:00+00:00,12052.0,Península
2023-01-28 09:25:00+00:00,12070.0,Península
2023-01-28 09:30:00+00:00,12015.0,Península
2023-01-28 09:35:00+00:00,12020.0,Península
2023-01-28 09:40:00+00:00,12086.0,Península
2023-01-28 09:45:00+00:00,12110.0,Península
2023-01-28 09:50:00+00:00,12058.0,Península
2023-01-28 09:55:00+00:00,12053.0,Península
2023-01-28 10:00:00+00:00,12144.0,Península
2023-01-28 10:05:00+00:00,12235.0,Península
2023-01-28 10:10:00+00:00,12269.0,Península
2023-01-28 10:15:00+00:00,12308.0,Península
2023-01-28 10:20:00+00:00,12374.0,Península
2023-01-28 10:25:00+00:00,12333.0,Península
2023-01-28 10:30:00+00:00,12352.0,Península
2023-01-28 10:35:00+00:00,12323.0,Península
2023-01-28 10:40:00+00:00,12374.0,Península
2023-01-28 10:45:00+00:00,12500.0,Península
2023-01-28 10:50:00+00:00,12490.0,Península
2023-01-28 10:55:00+00:00,12166.0,Península
2023-01-28 11:00:00+00:00,12255.0,Península
2023-01-28 11:05:00+00:00,12329.0,Península
2023-01-28 11:10:00+00:00,12367.0,Península
2023-01-28 11:15:00+00:00,12499.0,Península
2023-01-28 11:20:00+00:00,12668.0,Península
2023-01-28 11:25:00+00:00,12696.0,Península
2023-01-28 11:30:00+00:00,12727.0,Península
2023-01-28 11:35:00+00:00,12470.0,Península
2023-01-28 11:40:00+00:00,12560.0,Península
2023-01-28 11:45:00+00:00,12661.0,Península
2023-01-28 11:50:00+00:00,12682.0,Península
2023-01-28 11:55:00+00:00,12606.0,Península
2023-01-28 12:00:00+00:00,12543.0,Península
2023-01-28 12:05:00+00:00,12664.0,Península
2023-01-28 12:10:00+00:00,12678.0,Península
2023-01-28 12:15:00+00:00,12877.0,Península
2023-01-28 12:20:00+00:00,12970.0,Península
2023-01-28 12:25:00+00:00,13113.0,Península
2023-01-28 12:30:00+00:00,13064.0,Península
2023-01-28 12:35:00+00:00,13122.0,Península
2023-01-28 12:40:00+00:00,13059.0,Península
2023-01-28 12:45:00+00:00,13190.0,Península
2023-01-28 12:50:00+00:00,13166.0,Península
2023-01-28 12:55:00+00:00,13126.0,Península
2023-01-28 13:00:00+00:00,13207.0,Península
2023-01-28 13:05:00+00:00,13069.0,Península
2023-01-28 13:10:00+00:00,13057.0,Península
2023-01-28 13:15:00+00:00,13024.0,Península
2023-01-28 13:20:00+00:00,13058.0,Península
2023-01-28 13:25:00+00:00,12985.0,Península
2023-01-28 13:30:00+00:00,13071.0,Península
2023-01-28 13:35:00+00:00,13050.0,Península
2023-01-28 13:40:00+00:00,12971.0,Península
2023-01-28 13:45:00+00:00,12949.0,Península
2023-01-28 13:50:00+00:00,13028.0,Península
2023-01-28 13:55:00+00:00,13003.0,Península
2023-01-28 14:00:00+00:00,13086.0,Península
2023-01-28 14:05:00+00:00,13119.0,Península
2023-01-28 14:10:00+00:00,13154.0,Península
2023-01-28 14:15:00+00:00,13114.0,Península
2023-01-28 14:20:00+00:00,13305.0,Península
2023-01-28 14:25:00+00:00,13259.0,Península
2023-01-28 14:30:00+00:00,13381.0,Península
2023-01-28 14:35:00+00:00,13367.0,Península
2023-01-28 14:40:00+00:00,13431.0,Península
2023-01-28 14:45:00+00:00,13318.0,Península
2023-01-28 14:50:00+00:00,13316.0,Península
2023-01-28 14:55:00+00:00,13199.0,Península
2023-01-28 15:00:00+00:00,13257.0,Península
2023-01-28 15:05:00+00:00,13302.0,Península
2023-01-28 15:10:00+00:00,13249.0,Península
2023-01-28 15:15:00+00:00,13300.0,Península
2023-01-28 15:20:00+00:00,13151.0,Península
2023-01-28 15:25:00+00:00,13062.0,Península
2023-01-28 15:30:00+00:00,13096.0,Península
2023-01-28 15:35:00+00:00,13110.0,Península
2023-01-28 15:40:00+00:00,13131.0,Península
2023-01-28 15:45:00+00:00,13174.0,Península
2023-01-28 15:50:00+00:00,13228.0,Península
2023-01-28 15:55:00+00:00,13368.0,Península
2023-01-28 16:00:00+00:00,13309.0,Península
2023-01-28 16:05:00+00:00,13262.0,Península
2023-01-28 16:10:00+00:00,13274.0,Península
2023-01-28 16:15:00+00:00,13269.0,Península
2023-01-28 16:20:00+00:00,13183.0,Península
2023-01-28 16:25:00+00:00,13136.0,Península
2023-01-28 16:30:00+00:00,13089.0,Península
2023-01-28 16:35:00+00:00,13045.0,Península
2023-01-28 16:40:00+00:00,13029.0,Península
2023-01-28 16:45:00+00:00,12955.0,Península
2023-01-28 16:50:00+00:00,12842.0,Península
2023-01-28 16:55:00+00:00,12769.0,Península
2023-01-28 17:00:00+00:00,12642.0,Península
2023-01-28 17:05:00+00:00,12644.0,Península
2023-01-28 17:10:00+00:00,12595.0,Península
2023-01-28 17:15:00+00:00,12651.0,Península
2023-01-28 17:20:00+00:00,12700.0,Península
2023-01-28 17:25:00+00:00,12698.0,Península
2023-01-28 17:30:00+00:00,12701.0,Península
2023-01-28 17:35:00+00:00,12720.0,Península
2023-01-28 17:40:00+00:00,12700.0,Península
2023-01-28 17:45:00+00:00,12660.0,Península
2023-01-28 17:50:00+00:00,12623.0,Península
2023-01-28 17:55:00+00:00,12590.0,Península
2023-01-28 18:00:00+00:00,12605.0,Península
2023-01-28 18:05:00+00:00,12648.0,Península
2023-01-28 18:10:00+00:00,12709.0,Península
2023-01-28 18:15:00+00:00,12700.0,Península
2023-01-28 18:20:00+00:00,12726.0,Península
2023-01-28 18:25:00+00:00,12736.0,Península
2023-01-28 18:30:00+00:00,12791.0,Península
2023-01-28 18:35:00+00:00,12845.0,Península
2023-01-28 18:40:00+00:00,12908.0,Península
2023-01-28 18:45:00+00:00,12922.0,Península
2023-01-28 18:50:00+00:00,12911.0,Península
2023-01-28 18:55:00+00:00,12914.0,Península
2023-01-28 19:00:00+00:00,12929.0,Península
2023-01-28 19:05:00+00:00,12978.0,Península
2023-01-28 19:10:00+00:00,13005.0,Península
2023-01-28 19:15:00+00:00,13019.0,Península
2023-01-28 19:20:00+00:00,13029.0,Península
2023-01-28 19:25:00+00:00,13051.0,Península
2023-01-28 19:30:00+00:00,13008.0,Península
2023-01-28 19:35:00+00:00,12994.0,Península
2023-01-28 19:40:00+00:00,12957.0,Península
2023-01-28 19:45:00+00:00,12928.0,Península
2023-01-28 19:50:00+00:00,12857.0,Península
2023-01-28 19:55:00+00:00,12785.0,Península
2023-01-28 20:00:00+00:00,12813.0,Península
2023-01-28 20:05:00+00:00,12771.0,Península
2023-01-28 20:10:00+00:00,12685.0,Península
2023-01-28 20:15:00+00:00,12622.0,Península
2023-01-28 20:20:00+00:00,12561.0,Península
2023-01-28 20:25:00+00:00,12506.0,Península
2023-01-28 20:30:00+00:00,12582.0,Península
2023-01-28 20:35:00+00:00,12625.0,Península
2023-01-28 20:40:00+00:00,12642.0,Península
2023-01-28 20:45:00+00:00,12670.0,Península
2023-01-28 20:50:00+00:00,12588.0,Península
2023-01-28 20:55:00+00:00,12568.0,Península
2023-01-28 21:00:00+00:00,12537.0,Península
2023-01-28 21:05:00+00:00,12570.0,Península
2023-01-28 21:10:00+00:00,12531.0,Península
2023-01-28 21:15:00+00:00,12466.0,Península
2023-01-28 21:20:00+00:00,12415.0,Península
2023-01-28 21:25:00+00:00,12401.0,Península
2023-01-28 21:30:00+00:00,12378.0,Península
2023-01-28 21:35:00+00:00,12228.0,Península
2023-01-28 21:40:00+00:00,12253.0,Península
2023-01-28 21:45:00+00:00,12200.0,Península
2023-01-28 21:50:00+00:00,12276.0,Península
2023-01-28 21:55:00+00:00,12274.0,Península
2023-01-28 22:00:00+00:00,12266.0,Península
2023-01-28 22:05:00+00:00,12228.0,Península
2023-01-28 22:10:00+00:00,12236.0,Península
2023-01-28 22:15:00+00:00,12144.0,Península
2023-01-28 22:20:00+00:00,12161.0,Península
2023-01-28 22:25:00+00:00,12237.0,Península
2023-01-28 22:30:00+00:00,12242.0,Península
2023-01-28 22:35:00+00:00,12238.0,Península
2023-01-28 22:40:00+00:00,12283.0,Península
2023-01-28 22:45:00+00:00,12261.0,Península
2023-01-28 22:50:00+00:00,12229.0,Península
2023-01-28 22:55:00+00:00,12238.0,Península
2023-01-28 23:00:00+00:00,12185.0,Península
2023-01-28 23:05:00+00:00,12139.0,Península
2023-01-28 23:10:00+00:00,12097.0,Península
2023-01-28 23:15:00+00:00,12002.0,Península
2023-01-28 23:20:00+00:00,11899.0,Península
2023-01-28 23:25:00+00:00,11885.0,Península
2023-01-28 23:30:00+00:00,11871.0,Península
2023-01-28 23:35:00+00:00,11783.0,Península
2023-01-28 23:40:00+00:00,11697.0,Península
2023-01-28 23:45:00+00:00,11665.0,Península
2023-01-28 23:50:00+00:00,11624.0,Península
2023-01-28 23:55:00+00:00,11653.0,Península
2023-01-29 00:00:00+00:00,11629.0,Península
2023-01-29 00:05:00+00:00,11515.0,Península
2023-01-29 00:10:00+00:00,11499.0,Península
2023-01-29 00:15:00+00:00,11433.0,Península
2023-01-29 00:20:00+00:00,11428.0,Península
2023-01-29 00:25:00+00:00,11357.0,Península
2023-01-29 00:30:00+00:00,11259.0,Península
2023-01-29 00:35:00+00:00,11180.0,Península
2023-01-29 00:40:00+00:00,11081.0,Península
2023-01-29 00:45:00+00:00,11063.0,Península
2023-01-29 00:50:00+00:00,11188.0,Península
2023-01-29 00:55:00+00:00,11181.0,Península
2023-01-29 01:00:00+00:00,11067.0,Península
2023-01-29 01:05:00+00:00,11076.0,Península
2023-01-29 01:10:00+00:00,11072.0,Península
2023-01-29 01:15:00+00:00,11041.0,Península
2023-01-29 01:20:00+00:00,11054.0,Península
2023-01-29 01:25:00+00:00,11061.0,Península
2023-01-29 01:30:00+00:00,11050.0,Península
2023-01-29 01:35:00+00:00,11031.0,Península
2023-01-29 01:40:00+00:00,11048.0,Península
2023-01-29 01:45:00+00:00,10976.0,Península
2023-01-29 01:50:00+00:00,10978.0,Península
2023-01-29 01:55:00+00:00,10975.0,Península
2023-01-29 02:00:00+00:00,10989.0,Península
2023-01-29 02:05:00+00:00,11035.0,Península
2023-01-29 02:10:00+00:00,10998.0,Península
2023-01-29 02:15:00+00:00,10942.0,Península
2023-01-29 02:20:00+00:00,10889.0,Península
2023-01-29 02:25:00+00:00,10761.0,Península
2023-01-29 02:30:00+00:00,10721.0,Península
2023-01-29 02:35:00+00:00,10721.0,Península
2023-01-29 02:40:00+00:00,10679.0,Península
2023-01-29 02:45:00+00:00,10666.0,Península
2023-01-29 02:50:00+00:00,10562.0,Península
2023-01-29 02:55:00+00:00,10467.0,Península
2023-01-29 03:00:00+00:00,10481.0,Península
2023-01-29 03:05:00+00:00,10443.0,Península
2023-01-29 03:10:00+00:00,10477.0,Península
2023-01-29 03:15:00+00:00,10434.0,Península
2023-01-29 03:20:00+00:00,10411.0,Península
2023-01-29 03:25:00+00:00,10467.0,Península
2023-01-29 03:30:00+00:00,10441.0,Península
2023-01-29 03:35:00+00:00,10471.0,Península
2023-01-29 03:40:00+00:00,10540.0,Península
2023-01-29 03:45:00+00:00,10540.0,Península
2023-01-29 03:50:00+00:00,10562.0,Península
2023-01-29 03:55:00+00:00,10599.0,Península
2023-01-29 04:00:00+00:00,10645.0,Península
2023-01-29 04:05:00+00:00,10557.0,Península
2023-01-29 04:10:00+00:00,10666.0,Península
2023-01-29 04:15:00+00:00,10693.0,Península
2023-01-29 04:20:00+00:00,10777.0,Península
2023-01-29 04:25:00+00:00,10800.0,Península
2023-01-29 04:30:00+00:00,10870.0,Península
2023-01-29 04:35:00+00:00,10910.0,Península
2023-01-29 04:40:00+00:00,10973.0,Península
2023-01-29 04:45:00+00:00,11067.0,Península
2023-01-29 04:50:00+00:00,11133.0,Península
2023-01-29 04:55:00+00:00,11148.0,Península
2023-01-29 05:00:00+00:00,11162.0,Península
2023-01-29 05:05:00+00:00,11178.0,Península
2023-01-29 05:10:00+00:00,11182.0,Península
2023-01-29 05:15:00+00:00,11144.0,Península
2023-01-29 05:20:00+00:00,11174.0,Península
2023-01-29 05:25:00+00:00,11201.0,Península
2023-01-29 05:30:00+00:00,11202.0,Península
2023-01-29 05:35:00+00:00,11210.0,Península
2023-01-29 05:40:00+00:00,11165.0,Península
2023-01-29 05:45:00+00:00,11224.0,Península
2023-01-29 05:50:00+00:00,11205.0,Península
2023-01-29 05:55:00+00:00,11203.0,Península
2023-01-29 06:00:00+00:00,11151.0,Península
2023-01-29 06:05:00+00:00,11118.0,Península
2023-01-29 06:10:00+00:00,11075.0,Península
2023-01-29 06:15:00+00:00,11030.0,Península
2023-01-29 06:20:00+00:00,11097.0,Península
2023-01-29 06:25:00+00:00,11182.0,Península
2023-01-29 06:30:00+00:00,11236.0,Península
2023-01-29 06:35:00+00:00,11167.0,Península
2023-01-29 06:40:00+00:00,11138.0,Península
2023-01-29 06:45:00+00:00,11097.0,Península
2023-01-29 06:50:00+00:00,11050.0,Península
2023-01-29 06:55:00+00:00,11013.0,Península
2023-01-29 07:00:00+00:00,11003.0,Península
2023-01-29 07:05:00+00:00,10945.0,Península
2023-01-29 07:10:00+00:00,10920.0,Península
2023-01-29 07:15:00+00:00,10879.0,Península
2023-01-29 07:20:00+00:00,10911.0,Península
2023-01-29 07:25:00+00:00,10908.0,Península
2023-01-29 07:30:00+00:00,10871.0,Península
2023-01-29 07:35:00+00:00,10861.0,Península
2023-01-29 07:40:00+00:00,10892.0,Península
2023-01-29 07:45:00+00:00,10887.0,Península
2023-01-29 07:50:00+00:00,10894.0,Península
2023-01-29 07:55:00+00:00,10857.0,Península
2023-01-29 08:00:00+00:00,10792.0,Península
2023-01-29 08:05:00+00:00,10568.0,Península
2023-01-29 08:10:00+00:00,10546.0,Península
2023-01-29 08:15:00+00:00,10448.0,Península
2023-01-29 08:20:00+00:00,10426.0,Península
2023-01-29 08:25:00+00:00,10343.0,Península
2023-01-29 08:30:00+00:00,10279.0,Península
2023-01-29 08:35:00+00:00,10269.0,Península
2023-01-29 08:40:00+00:00,10202.0,Península
2023-01-29 08:45:00+00:00,10130.0,Península
2023-01-29 08:50:00+00:00,9693.0,Península
2023-01-29 08:55:00+00:00,9580.0,Península
2023-01-29 09:00:00+00:00,9539.0,Península
2023-01-29 09:05:00+00:00,9738.0,Península
2023-01-29 09:10:00+00:00,9735.0,Península
2023-01-29 09:15:00+00:00,9688.0,Península
2023-01-29 09:20:00+00:00,9688.0,Península
2023-01-29 09:25:00+00:00,9659.0,Península
2023-01-29 09:30:00+00:00,9666.0,Península
2023-01-29 09:35:00+00:00,9361.0,Península
2023-01-29 09:40:00+00:00,9271.0,Península
2023-01-29 09:45:00+00:00,9130.0,Península
2023-01-29 09:50:00+00:00,8772.0,Península
2023-01-29 09:55:00+00:00,8758.0,Península
2023-01-29 10:00:00+00:00,8725.0,Península
2023-01-29 10:05:00+00:00,8930.0,Península
2023-01-29 10:10:00+00:00,9338.0,Península
2023-01-29 10:15:00+00:00,9408.0,Península
2023-01-29 10:20:00+00:00,9423.0,Península
2023-01-29 10:25:00+00:00,9405.0,Península
2023-01-29 10:30:00+00:00,9305.0,Península
2023-01-29 10:35:00+00:00,9330.0,Península
2023-01-29 10:40:00+00:00,9275.0,Península
2023-01-29 10:45:00+00:00,9225.0,Península
2023-01-29 10:50:00+00:00,9195.0,Península
2023-01-29 10:55:00+00:00,8684.0,Península
2023-01-29 11:00:00+00:00,8567.0,Península
2023-01-29 11:05:00+00:00,8632.0,Península
2023-01-29 11:10:00+00:00,8635.0,Península
2023-01-29 11:15:00+00:00,8671.0,Península
2023-01-29 11:20:00+00:00,8594.0,Península
2023-01-29 11:25:00+00:00,8628.0,Península
2023-01-29 11:30:00+00:00,8562.0,Península
2023-01-29 11:35:00+00:00,8483.0,Península
2023-01-29 11:40:00+00:00,8490.0,Península
2023-01-29 11:45:00+00:00,8600.0,Península
2023-01-29 11:50:00+00:00,8849.0,Península
2023-01-29 11:55:00+00:00,8926.0,Península
2023-01-29 12:00:00+00:00,8852.0,Península
2023-01-29 12:05:00+00:00,8854.0,Península
2023-01-29 12:10:00+00:00,8738.0,Península
2023-01-29 12:15:00+00:00,8768.0,Península
2023-01-29 12:20:00+00:00,8749.0,Península
2023-01-29 12:25:00+00:00,8753.0,Península
2023-01-29 12:30:00+00:00,8679.0,Península
2023-01-29 12:35:00+00:00,8698.0,Península
2023-01-29 12:40:00+00:00,8648.0,Península
2023-01-29 12:45:00+00:00,8562.0,Península
2023-01-29 12:50:00+00:00,8552.0,Península
2023-01-29 12:55:00+00:00,8523.0,Península
2023-01-29 13:00:00+00:00,8437.0,Península
2023-01-29 13:05:00+00:00,8354.0,Península
2023-01-29 13:10:00+00:00,8313.0,Península
2023-01-29 13:15:00+00:00,8271.0,Península
2023-01-29 13:20:00+00:00,8304.0,Península
2023-01-29 13:25:00+00:00,8235.0,Península
2023-01-29 13:30:00+00:00,8276.0,Península
2023-01-29 13:35:00+00:00,8221.0,Península
2023-01-29 13:40:00+00:00,8182.0,Península
2023-01-29 13:45:00+00:00,8098.0,Península
2023-01-29 13:50:00+00:00,8102.0,Península
2023-01-29 13:55:00+00:00,8162.0,Península
2023-01-29 14:00:00+00:00,8231.0,Península
2023-01-29 14:05:00+00:00,8300.0,Península
2023-01-29 14:10:00+00:00,8258.0,Península
2023-01-29 14:15:00+00:00,8263.0,Península
2023-01-29 14:20:00+00:00,8270.0,Península
2023-01-29 14:25:00+00:00,8215.0,Península
2023-01-29 14:30:00+00:00,8254.0,Península
2023-01-29 14:35:00+00:00,8220.0,Península
2023-01-29 14:40:00+00:00,8312.0,Península
2023-01-29 14:45:00+00:00,8273.0,Península
2023-01-29 14:50:00+00:00,8341.0,Península
2023-01-29 14:55:00+00:00,8340.0,Península
2023-01-29 15:00:00+00:00,8326.0,Península
2023-01-29 15:05:00+00:00,8316.0,Península
2023-01-29 15:10:00+00:00,8256.0,Península
2023-01-29 15:15:00+00:00,8384.0,Península
2023-01-29 15:20:00+00:00,8387.0,Península
2023-01-29 15:25:00+00:00,8323.0,Península
2023-01-29 15:30:00+00:00,8313.0,Península
2023-01-29 15:35:00+00:00,8328.0,Península
2023-01-29 15:40:00+00:00,8421.0,Península
2023-01-29 15:45:00+00:00,8328.0,Península
2023-01-29 15:50:00+00:00,8256.0,Península
2023-01-29 15:55:00+00:00,8331.0,Península
2023-01-29 16:00:00+00:00,8270.0,Península
2023-01-29 16:05:00+00:00,8245.0,Península
2023-01-29 16:10:00+00:00,8229.0,Península
2023-01-29 16:15:00+00:00,8221.0,Península
2023-01-29 16:20:00+00:00,8263.0,Península
2023-01-29 16:25:00+00:00,8275.0,Península
2023-01-29 16:30:00+00:00,8313.0,Península
2023-01-29 16:35:00+00:00,8285.0,Península
2023-01-29 16:40:00+00:00,8139.0,Península
2023-01-29 16:45:00+00:00,8100.0,Península
2023-01-29 16:50:00+00:00,8079.0,Península
2023-01-29 16:55:00+00:00,8035.0,Península
2023-01-29 17:00:00+00:00,7994.0,Península
2023-01-29 17:05:00+00:00,8035.0,Península
2023-01-29 17:10:00+00:00,8038.0,Península
2023-01-29 17:15:00+00:00,7989.0,Península
2023-01-29 17:20:00+00:00,7977.0,Península
2023-01-29 17:25:00+00:00,8034.0,Península
2023-01-29 17:30:00+00:00,8107.0,Península
2023-01-29 17:35:00+00:00,8182.0,Península
2023-01-29 17:40:00+00:00,8284.0,Península
2023-01-29 17:45:00+00:00,8316.0,Península
2023-01-29 17:50:00+00:00,8345.0,Península
2023-01-29 17:55:00+00:00,8392.0,Península
2023-01-29 18:00:00+00:00,8428.0,Península
2023-01-29 18:05:00+00:00,8494.0,Península
2023-01-29 18:10:00+00:00,8553.0,Península
2023-01-29 18:15:00+00:00,8634.0,Península
2023-01-29 18:20:00+00:00,8785.0,Península
2023-01-29 18:25:00+00:00,8878.0,Península
2023-01-29 18:30:00+00:00,8921.0,Península
2023-01-29 18:35:00+00:00,9027.0,Península
2023-01-29 18:40:00+00:00,9135.0,Península
2023-01-29 18:45:00+00:00,9133.0,Península
2023-01-29 18:50:00+00:00,9077.0,Península
2023-01-29 18:55:00+00:00,9093.0,Península
2023-01-29 19:00:00+00:00,9067.0,Península
2023-01-29 19:05:00+00:00,9136.0,Península
2023-01-29 19:10:00+00:00,9127.0,Península
2023-01-29 19:15:00+00:00,9070.0,Península
2023-01-29 19:20:00+00:00,9074.0,Península
2023-01-29 19:25:00+00:00,9075.0,Península
2023-01-29 19:30:00+00:00,9047.0,Península
2023-01-29 19:35:00+00:00,9060.0,Península
2023-01-29 19:40:00+00:00,8956.0,Península
2023-01-29 19:45:00+00:00,8982.0,Península
2023-01-29 19:50:00+00:00,8966.0,Península
2023-01-29 19:55:00+00:00,8933.0,Península
2023-01-29 20:00:00+00:00,8816.0,Península
2023-01-29 20:05:00+00:00,8785.0,Península
2023-01-29 20:10:00+00:00,8662.0,Península
2023-01-29 20:15:00+00:00,8635.0,Península
2023-01-29 20:20:00+00:00,8645.0,Península
2023-01-29 20:25:00+00:00,8654.0,Península
2023-01-29 20:30:00+00:00,8671.0,Península
2023-01-29 20:35:00+00:00,8635.0,Península
2023-01-29 20:40:00+00:00,8603.0,Península
2023-01-29 20:45:00+00:00,8573.0,Península
2023-01-29 20:50:00+00:00,8503.0,Península
2023-01-29 20:55:00+00:00,8438.0,Península
2023-01-29 21:00:00+00:00,8425.0,Península
2023-01-29 21:05:00+00:00,8404.0,Península
2023-01-29 21:10:00+00:00,8467.0,Península
2023-01-29 21:15:00+00:00,8473.0,Península
2023-01-29 21:20:00+00:00,8437.0,Península
2023-01-29 21:25:00+00:00,8396.0,Península
2023-01-29 21:30:00+00:00,8450.0,Península
2023-01-29 21:35:00+00:00,8438.0,Península
2023-01-29 21:40:00+00:00,8442.0,Península
2023-01-29 21:45:00+00:00,8481.0,Península
2023-01-29 21:50:00+00:00,8370.0,Península
2023-01-29 21:55:00+00:00,8295.0,Península
2023-01-29 22:00:00+00:00,8235.0,Península
2023-01-29 22:05:00+00:00,8178.0,Península
2023-01-29 22:10:00+00:00,8093.0,Península
2023-01-29 22:15:00+00:00,7990.0,Península
2023-01-29 22:20:00+00:00,7962.0,Península
2023-01-29 22:25:00+00:00,7916.0,Península
2023-01-29 22:30:00+00:00,7848.0,Península
2023-01-29 22:35:00+00:00,7807.0,Península
2023-01-29 22:40:00+00:00,7645.0,Península
2023-01-29 22:45:00+00:00,7599.0,Península
2023-01-29 22:50:00+00:00,7595.0,Península
2023-01-29 22:55:00+00:00,7523.0,Península
2023-01-29 23:00:00+00:00,7592.0,Península
2023-01-29 23:05:00+00:00,7496.0,Península
2023-01-29 23:10:00+00:00,7435.0,Península
2023-01-29 23:15:00+00:00,7339.0,Península
2023-01-29 23:20:00+00:00,7305.0,Península
2023-01-29 23:25:00+00:00,7277.0,Península
2023-01-29 23:30:00+00:00,7310.0,Península
2023-01-29 23:35:00+00:00,7418.0,Península
2023-01-29 23:40:00+00:00,7457.0,Península
2023-01-29 23:45:00+00:00,7493.0,Península
2023-01-29 23:50:00+00:00,7451.0,Península
2023-01-29 23:55:00+00:00,7444.0,Península
2023-01-30 00:00:00+00:00,7334.0,Península
2023-01-30 00:05:00+00:00,7278.0,Península
2023-01-30 00:10:00+00:00,7237.0,Península
2023-01-30 00:15:00+00:00,7143.0,Península
2023-01-30 00:20:00+00:00,7046.0,Península
2023-01-30 00:25:00+00:00,6953.0,Península
2023-01-30 00:30:00+00:00,6845.0,Península
2023-01-30 00:35:00+00:00,6804.0,Península
2023-01-30 00:40:00+00:00,6769.0,Península
2023-01-30 00:45:00+00:00,6723.0,Península
2023-01-30 00:50:00+00:00,6695.0,Península
2023-01-30 00:55:00+00:00,6646.0,Península
2023-01-30 01:00:00+00:00,6629.0,Península
2023-01-30 01:05:00+00:00,6613.0,Península
2023-01-30 01:10:00+00:00,6569.0,Península
2023-01-30 01:15:00+00:00,6553.0,Península
2023-01-30 01:20:00+00:00,6508.0,Península
2023-01-30 01:25:00+00:00,6485.0,Península
2023-01-30 01:30:00+00:00,6486.0,Península
2023-01-30 01:35:00+00:00,6527.0,Península
2023-01-30 01:40:00+00:00,6534.0,Península
2023-01-30 01:45:00+00:00,6546.0,Península
2023-01-30 01:50:00+00:00,6538.0,Península
2023-01-30 01:55:00+00:00,6539.0,Península
2023-01-30 02:00:00+00:00,6583.0,Península
2023-01-30 02:05:00+00:00,6616.0,Península
2023-01-30 02:10:00+00:00,6626.0,Península
2023-01-30 02:15:00+00:00,6650.0,Península
2023-01-30 02:20:00+00:00,6677.0,Península
2023-01-30 02:25:00+00:00,6727.0,Península
2023-01-30 02:30:00+00:00,6712.0,Península
2023-01-30 02:35:00+00:00,6703.0,Península
2023-01-30 02:40:00+00:00,6687.0,Península
2023-01-30 02:45:00+00:00,6655.0,Península
2023-01-30 02:50:00+00:00,6705.0,Península
2023-01-30 02:55:00+00:00,6675.0,Península
2023-01-30 03:00:00+00:00,6604.0,Península
2023-01-30 03:05:00+00:00,6532.0,Península
2023-01-30 03:10:00+00:00,6488.0,Península
2023-01-30 03:15:00+00:00,6458.0,Península
2023-01-30 03:20:00+00:00,6418.0,Península
2023-01-30 03:25:00+00:00,6317.0,Península
2023-01-30 03:30:00+00:00,6267.0,Península
2023-01-30 03:35:00+00:00,6253.0,Península
2023-01-30 03:40:00+00:00,6178.0,Península
2023-01-30 03:45:00+00:00,6093.0,Península
2023-01-30 03:50:00+00:00,6020.0,Península
2023-01-30 03:55:00+00:00,5990.0,Península
2023-01-30 04:00:00+00:00,5999.0,Península
2023-01-30 04:05:00+00:00,5969.0,Península
2023-01-30 04:10:00+00:00,5964.0,Península
2023-01-30 04:15:00+00:00,5898.0,Península
2023-01-30 04:20:00+00:00,5929.0,Península
2023-01-30 04:25:00+00:00,5963.0,Península
2023-01-30 04:30:00+00:00,5981.0,Península
2023-01-30 04:35:00+00:00,5988.0,Península
2023-01-30 04:40:00+00:00,6033.0,Península
2023-01-30 04:45:00+00:00,6047.0,Península
2023-01-30 04:50:00+00:00,6095.0,Península
2023-01-30 04:55:00+00:00,6152.0,Península
2023-01-30 05:00:00+00:00,6172.0,Península
2023-01-30 05:05:00+00:00,6167.0,Península
2023-01-30 05:10:00+00:00,6184.0,Península
2023-01-30 05:15:00+00:00,6209.0,Península
2023-01-30 05:20:00+00:00,6220.0,Península
2023-01-30 05:25:00+00:00,6214.0,Península
2023-01-30 05:30:00+00:00,6225.0,Península
2023-01-30 05:35:00+00:00,6238.0,Península
2023-01-30 05:40:00+00:00,6365.0,Península
2023-01-30 05:45:00+00:00,6383.0,Península
2023-01-30 05:50:00+00:00,6409.0,Península
2023-01-30 05:55:00+00:00,6371.0,Península
2023-01-30 06:00:00+00:00,6390.0,Península
2023-01-30 06:05:00+00:00,6401.0,Península
2023-01-30 06:10:00+00:00,6351.0,Península
2023-01-30 06:15:00+00:00,6312.0,Península
2023-01-30 06:20:00+00:00,6300.0,Península
2023-01-30 06:25:00+00:00,6263.0,Península
2023-01-30 06:30:00+00:00,6258.0,Península
2023-01-30 06:35:00+00:00,6261.0,Península
2023-01-30 06:40:00+00:00,6291.0,Península
2023-01-30 06:45:00+00:00,6341.0,Península
2023-01-30 06:50:00+00:00,6329.0,Península
2023-01-30 06:55:00+00:00,6340.0,Península
2023-01-30 07:00:00+00:00,6360.0,Península
2023-01-30 07:05:00+00:00,6363.0,Península
2023-01-30 07:10:00+00:00,6389.0,Península
2023-01-30 07:15:00+00:00,6364.0,Península
2023-01-30 07:20:00+00:00,6340.0,Península
2023-01-30 07:25:00+00:00,6246.0,Península
2023-01-30 07:30:00+00:00,6197.0,Península
2023-01-30 07:35:00+00:00,6153.0,Península
2023-01-30 07:40:00+00:00,6084.0,Península
2023-01-30 07:45:00+00:00,6032.0,Península
2023-01-30 07:50:00+00:00,5973.0,Península
2023-01-30 07:55:00+00:00,5900.0,Península
2023-01-30 08:00:00+00:00,5835.0,Península
2023-01-30 08:05:00+00:00,5803.0,Península
2023-01-30 08:10:00+00:00,5770.0,Península
2023-01-30 08:15:00+00:00,5707.0,Península
2023-01-30 08:20:00+00:00,5696.0,Península
2023-01-30 08:25:00+00:00,5669.0,Península
2023-01-30 08:30:00+00:00,5631.0,Península
2023-01-30 08:35:00+00:00,5558.0,Península
2023-01-30 08:40:00+00:00,5527.0,Península
2023-01-30 08:45:00+00:00,5434.0,Península
2023-01-30 08:50:00+00:00,5370.0,Península
2023-01-30 08:55:00+00:00,5297.0,Península
2023-01-30 09:00:00+00:00,5307.0,Península
2023-01-30 09:05:00+00:00,5202.0,Península
2023-01-30 09:10:00+00:00,5168.0,Península
2023-01-30 09:15:00+00:00,5061.0,Península
2023-01-30 09:20:00+00:00,5087.0,Península
2023-01-30 09:25:00+00:00,5116.0,Península
2023-01-30 09:30:00+00:00,5100.0,Península
2023-01-30 09:35:00+00:00,5109.0,Península
2023-01-30 09:40:00+00:00,5072.0,Península
2023-01-30 09:45:00+00:00,5084.0,Península
2023-01-30 09:50:00+00:00,5092.0,Península
2023-01-30 09:55:00+00:00,5124.0,Península
2023-01-30 10:00:00+00:00,5277.0,Península
2023-01-30 10:05:00+00:00,5348.0,Península
2023-01-30 10:10:00+00:00,5393.0,Península
2023-01-30 10:15:00+00:00,5385.0,Península
2023-01-30 10:20:00+00:00,5413.0,Península
2023-01-30 10:25:00+00:00,5438.0,Península
2023-01-30 10:30:00+00:00,5455.0,Península
2023-01-30 10:35:00+00:00,5547.0,Península
2023-01-30 10:40:00+00:00,5593.0,Península
2023-01-30 10:45:00+00:00,5610.0,Península
2023-01-30 10:50:00+00:00,5606.0,Península
2023-01-30 10:55:00+00:00,5602.0,Península
2023-01-30 11:00:00+00:00,5639.0,Península
2023-01-30 11:05:00+00:00,5663.0,Península
2023-01-30 11:10:00+00:00,5616.0,Península
2023-01-30 11:15:00+00:00,5706.0,Península
2023-01-30 11:20:00+00:00,5701.0,Península
2023-01-30 11:25:00+00:00,5642.0,Península
2023-01-30 11:30:00+00:00,5728.0,Península
2023-01-30 11:35:00+00:00,5754.0,Península
2023-01-30 11:40:00+00:00,5708.0,Península
2023-01-30 11:45:00+00:00,5649.0,Península
2023-01-30 11:50:00+00:00,5598.0,Península
2023-01-30 11:55:00+00:00,5527.0,Península
2023-01-30 12:00:00+00:00,5520.0,Península
2023-01-30 12:05:00+00:00,5555.0,Península
2023-01-30 12:10:00+00:00,5492.0,Península
2023-01-30 12:15:00+00:00,5433.0,Península
2023-01-30 12:20:00+00:00,5414.0,Península
2023-01-30 12:25:00+00:00,5427.0,Península
2023-01-30 12:30:00+00:00,5410.0,Península
2023-01-30 12:35:00+00:00,5433.0,Península
2023-01-30 12:40:00+00:00,5384.0,Península
2023-01-30 12:45:00+00:00,5338.0,Península
2023-01-30 12:50:00+00:00,5390.0,Península
2023-01-30 12:55:00+00:00,5344.0,Península
2023-01-30 13:00:00+00:00,5426.0,Península
2023-01-30 13:05:00+00:00,5415.0,Península
2023-01-30 13:10:00+00:00,5395.0,Península
2023-01-30 13:15:00+00:00,5353.0,Península
2023-01-30 13:20:00+00:00,5350.0,Península
2023-01-30 13:25:00+00:00,5463.0,Península
2023-01-30 13:30:00+00:00,5485.0,Península
2023-01-30 13:35:00+00:00,5479.0,Península
2023-01-30 13:40:00+00:00,5468.0,Península
2023-01-30 13:45:00+00:00,5505.0,Península
2023-01-30 13:50:00+00:00,5465.0,Península
2023-01-30 13:55:00+00:00,5502.0,Península
2023-01-30 14:00:00+00:00,5548.0,Península
2023-01-30 14:05:00+00:00,5635.0,Península
2023-01-30 14:10:00+00:00,5662.0,Península
2023-01-30 14:15:00+00:00,5703.0,Península
2023-01-30 14:20:00+00:00,5769.0,Península
2023-01-30 14:25:00+00:00,5777.0,Península
2023-01-30 14:30:00+00:00,5898.0,Península
2023-01-30 14:35:00+00:00,5882.0,Península
2023-01-30 14:40:00+00:00,5895.0,Península
2023-01-30 14:45:00+00:00,5919.0,Península
2023-01-30 14:50:00+00:00,5991.0,Península
2023-01-30 14:55:00+00:00,6064.0,Península
2023-01-30 15:00:00+00:00,6106.0,Península
2023-01-30 15:05:00+00:00,6114.0,Península
2023-01-30 15:10:00+00:00,6123.0,Península
2023-01-30 15:15:00+00:00,6192.0,Península
2023-01-30 15:20:00+00:00,6195.0,Península
2023-01-30 15:25:00+00:00,6226.0,Península
2023-01-30 15:30:00+00:00,6235.0,Península
2023-01-30 15:35:00+00:00,6209.0,Península
2023-01-30 15:40:00+00:00,6189.0,Península
2023-01-30 15:45:00+00:00,6241.0,Península
2023-01-30 15:50:00+00:00,6205.0,Península
2023-01-30 15:55:00+00:00,6121.0,Península
2023-01-30 16:00:00+00:00,6067.0,Península
2023-01-30 16:05:00+00:00,6042.0,Península
2023-01-30 16:10:00+00:00,6004.0,Península
2023-01-30 16:15:00+00:00,5995.0,Península
2023-01-30 16:20:00+00:00,5999.0,Península
2023-01-30 16:25:00+00:00,6091.0,Península
2023-01-30 16:30:00+00:00,6061.0,Península
2023-01-30 16:35:00+00:00,6091.0,Península
2023-01-30 16:40:00+00:00,6052.0,Península
2023-01-30 16:45:00+00:00,6017.0,Península
2023-01-30 16:50:00+00:00,6044.0,Península
2023-01-30 16:55:00+00:00,6043.0,Península
2023-01-30 17:00:00+00:00,5994.0,Península
2023-01-30 17:05:00+00:00,6104.0,Península
2023-01-30 17:10:00+00:00,6176.0,Península
2023-01-30 17:15:00+00:00,6225.0,Península
2023-01-30 17:20:00+00:00,6309.0,Península
2023-01-30 17:25:00+00:00,6327.0,Península
2023-01-30 17:30:00+00:00,6411.0,Península
2023-01-30 17:35:00+00:00,6504.0,Península
2023-01-30 17:40:00+00:00,6616.0,Península
2023-01-30 17:45:00+00:00,6761.0,Península
2023-01-30 17:50:00+00:00,6897.0,Península
2023-01-30 17:55:00+00:00,6952.0,Península
2023-01-30 18:00:00+00:00,7071.0,Península
2023-01-30 18:05:00+00:00,7099.0,Península
2023-01-30 18:10:00+00:00,7171.0,Península
2023-01-30 18:15:00+00:00,7234.0,Península
2023-01-30 18:20:00+00:00,7262.0,Península
2023-01-30 18:25:00+00:00,7358.0,Península
2023-01-30 18:30:00+00:00,7434.0,Península
2023-01-30 18:35:00+00:00,7483.0,Península
2023-01-30 18:40:00+00:00,7555.0,Península
2023-01-30 18:45:00+00:00,7654.0,Península
2023-01-30 18:50:00+00:00,7665.0,Península
2023-01-30 18:55:00+00:00,7676.0,Península
2023-01-30 19:00:00+00:00,7745.0,Península
2023-01-30 19:05:00+00:00,7777.0,Península
2023-01-30 19:10:00+00:00,7749.0,Península
2023-01-30 19:15:00+00:00,7730.0,Península
2023-01-30 19:20:00+00:00,7758.0,Península
2023-01-30 19:25:00+00:00,7819.0,Península
2023-01-30 19:30:00+00:00,7897.0,Península
2023-01-30 19:35:00+00:00,7961.0,Península
2023-01-30 19:40:00+00:00,7958.0,Península
2023-01-30 19:45:00+00:00,7956.0,Península
2023-01-30 19:50:00+00:00,7830.0,Península
2023-01-30 19:55:00+00:00,7842.0,Península
2023-01-30 20:00:00+00:00,7773.0,Península
2023-01-30 20:05:00+00:00,7791.0,Península
2023-01-30 20:10:00+00:00,7782.0,Península
2023-01-30 20:15:00+00:00,7787.0,Península
2023-01-30 20:20:00+00:00,7770.0,Península
2023-01-30 20:25:00+00:00,7756.0,Península
2023-01-30 20:30:00+00:00,7749.0,Península
2023-01-30 20:35:00+00:00,7755.0,Península
2023-01-30 20:40:00+00:00,7776.0,Península
2023-01-30 20:45:00+00:00,7809.0,Península
2023-01-30 20:50:00+00:00,7863.0,Península
2023-01-30 20:55:00+00:00,7926.0,Península
2023-01-30 21:00:00+00:00,7964.0,Península
2023-01-30 21:05:00+00:00,8031.0,Península
2023-01-30 21:10:00+00:00,8066.0,Península
2023-01-30 21:15:00+00:00,8138.0,Península
2023-01-30 21:20:00+00:00,8197.0,Península
2023-01-30 21:25:00+00:00,8251.0,Península
2023-01-30 21:30:00+00:00,8284.0,Península
2023-01-30 21:35:00+00:00,8345.0,Península
2023-01-30 21:40:00+00:00,8411.0,Península
2023-01-30 21:45:00+00:00,8374.0,Península
2023-01-30 21:50:00+00:00,8401.0,Península
2023-01-30 21:55:00+00:00,8449.0,Península
2023-01-30 22:00:00+00:00,8446.0,Península
2023-01-30 22:05:00+00:00,8431.0,Península
2023-01-30 22:10:00+00:00,8434.0,Península
2023-01-30 22:15:00+00:00,8472.0,Península
2023-01-30 22:20:00+00:00,8523.0,Península
2023-01-30 22:25:00+00:00,8570.0,Península
2023-01-30 22:30:00+00:00,8626.0,Península
2023-01-30 22:35:00+00:00,8661.0,Península
2023-01-30 22:40:00+00:00,8685.0,Península
2023-01-30 22:45:00+00:00,8731.0,Península
2023-01-30 22:50:00+00:00,8815.0,Península
2023-01-30 22:55:00+00:00,8875.0,Península
2023-01-30 23:00:00+00:00,8955.0,Península
2023-01-30 23:05:00+00:00,8981.0,Península
2023-01-30 23:10:00+00:00,8971.0,Península
2023-01-30 23:15:00+00:00,9044.0,Península
2023-01-30 23:20:00+00:00,9126.0,Península
2023-01-30 23:25:00+00:00,9146.0,Península
2023-01-30 23:30:00+00:00,9172.0,Península
2023-01-30 23:35:00+00:00,9153.0,Península
2023-01-30 23:40:00+00:00,9141.0,Península
2023-01-30 23:45:00+00:00,9155.0,Península
2023-01-30 23:50:00+00:00,9220.0,Península
2023-01-30 23:55:00+00:00,9314.0,Península
2023-01-31 00:00:00+00:00,9426.0,Península
2023-01-31 00:05:00+00:00,9425.0,Península
2023-01-31 00:10:00+00:00,9392.0,Península
2023-01-31 00:15:00+00:00,9481.0,Península
2023-01-31 00:20:00+00:00,9477.0,Península
2023-01-31 00:25:00+00:00,9474.0,Península
2023-01-31 00:30:00+00:00,9497.0,Península
2023-01-31 00:35:00+00:00,9510.0,Península
2023-01-31 00:40:00+00:00,9518.0,Península
2023-01-31 00:45:00+00:00,9430.0,Península
2023-01-31 00:50:00+00:00,9335.0,Península
2023-01-31 00:55:00+00:00,9329.0,Península
2023-01-31 01:00:00+00:00,9302.0,Península
2023-01-31 01:05:00+00:00,9300.0,Península
2023-01-31 01:10:00+00:00,9302.0,Península
2023-01-31 01:15:00+00:00,9283.0,Península
2023-01-31 01:20:00+00:00,9309.0,Península
2023-01-31 01:25:00+00:00,9305.0,Península
2023-01-31 01:30:00+00:00,9303.0,Península
2023-01-31 01:35:00+00:00,9356.0,Península
2023-01-31 01:40:00+00:00,9395.0,Península
2023-01-31 01:45:00+00:00,9421.0,Península
2023-01-31 01:50:00+00:00,9477.0,Península
2023-01-31 01:55:00+00:00,9530.0,Península
2023-01-31 02:00:00+00:00,9545.0,Península
2023-01-31 02:05:00+00:00,9600.0,Península
2023-01-31 02:10:00+00:00,9614.0,Península
2023-01-31 02:15:00+00:00,9601.0,Península
2023-01-31 02:20:00+00:00,9629.0,Península
2023-01-31 02:25:00+00:00,9687.0,Península
2023-01-31 02:30:00+00:00,9662.0,Península
2023-01-31 02:35:00+00:00,9654.0,Península
2023-01-31 02:40:00+00:00,9669.0,Península
2023-01-31 02:45:00+00:00,9691.0,Península
2023-01-31 02:50:00+00:00,9673.0,Península
2023-01-31 02:55:00+00:00,9644.0,Península
2023-01-31 03:00:00+00:00,9670.0,Península
2023-01-31 03:05:00+00:00,9589.0,Península
2023-01-31 03:10:00+00:00,9554.0,Península
2023-01-31 03:15:00+00:00,9534.0,Península
2023-01-31 03:20:00+00:00,9515.0,Península
2023-01-31 03:25:00+00:00,9513.0,Península
2023-01-31 03:30:00+00:00,9557.0,Península
2023-01-31 03:35:00+00:00,9585.0,Península
2023-01-31 03:40:00+00:00,9683.0,Península
2023-01-31 03:45:00+00:00,9716.0,Península
2023-01-31 03:50:00+00:00,9717.0,Península
2023-01-31 03:55:00+00:00,9712.0,Península
2023-01-31 04:00:00+00:00,9780.0,Península
2023-01-31 04:05:00+00:00,9777.0,Península
2023-01-31 04:10:00+00:00,9855.0,Península
2023-01-31 04:15:00+00:00,9880.0,Península
2023-01-31 04:20:00+00:00,9940.0,Península
2023-01-31 04:25:00+00:00,9973.0,Península
2023-01-31 04:30:00+00:00,9998.0,Península
2023-01-31 04:35:00+00:00,9978.0,Península
2023-01-31 04:40:00+00:00,9956.0,Península
2023-01-31 04:45:00+00:00,9992.0,Península
2023-01-31 04:50:00+00:00,9933.0,Península
2023-01-31 04:55:00+00:00,9947.0,Península
2023-01-31 05:00:00+00:00,9969.0,Península
2023-01-31 05:05:00+00:00,10024.0,Península
2023-01-31 05:10:00+00:00,10043.0,Península
2023-01-31 05:15:00+00:00,10021.0,Península
2023-01-31 05:20:00+00:00,10031.0,Península
2023-01-31 05:25:00+00:00,10068.0,Península
2023-01-31 05:30:00+00:00,10113.0,Península
2023-01-31 05:35:00+00:00,10157.0,Península
2023-01-31 05:40:00+00:00,10157.0,Península
2023-01-31 05:45:00+00:00,10192.0,Península
2023-01-31 05:50:00+00:00,10220.0,Península
2023-01-31 05:55:00+00:00,10279.0,Península
2023-01-31 06:00:00+00:00,10294.0,Península
2023-01-31 06:05:00+00:00,10304.0,Península
2023-01-31 06:10:00+00:00,10372.0,Península
2023-01-31 06:15:00+00:00,10422.0,Península
2023-01-31 06:20:00+00:00,10412.0,Península
2023-01-31 06:25:00+00:00,10414.0,Península
2023-01-31 06:30:00+00:00,10405.0,Península
2023-01-31 06:35:00+00:00,10413.0,Península
2023-01-31 06:40:00+00:00,10389.0,Península
2023-01-31 06:45:00+00:00,10407.0,Península
2023-01-31 06:50:00+00:00,10435.0,Península
2023-01-31 06:55:00+00:00,10407.0,Península
2023-01-31 07:00:00+00:00,10431.0,Península
2023-01-31 07:05:00+00:00,10434.0,Península
2023-01-31 07:10:00+00:00,10417.0,Península
2023-01-31 07:15:00+00:00,10379.0,Península
2023-01-31 07:20:00+00:00,10325.0,Península
2023-01-31 07:25:00+00:00,10379.0,Península
2023-01-31 07:30:00+00:00,10274.0,Península
2023-01-31 07:35:00+00:00,10246.0,Península
2023-01-31 07:40:00+00:00,10166.0,Península
2023-01-31 07:45:00+00:00,10155.0,Península
2023-01-31 07:50:00+00:00,10153.0,Península
2023-01-31 07:55:00+00:00,10090.0,Península
2023-01-31 08:00:00+00:00,10090.0,Península
2023-01-31 08:05:00+00:00,10044.0,Península
2023-01-31 08:10:00+00:00,9993.0,Península
2023-01-31 08:15:00+00:00,9981.0,Península
2023-01-31 08:20:00+00:00,9908.0,Península
2023-01-31 08:25:00+00:00,9839.0,Península
2023-01-31 08:30:00+00:00,9779.0,Península
2023-01-31 08:35:00+00:00,9746.0,Península
2023-01-31 08:40:00+00:00,9634.0,Península
2023-01-31 08:45:00+00:00,9524.0,Península
2023-01-31 08:50:00+00:00,9433.0,Península
2023-01-31 08:55:00+00:00,9271.0,Península
2023-01-31 09:00:00+00:00,9163.0,Península
2023-01-31 09:05:00+00:00,9100.0,Península
2023-01-31 09:10:00+00:00,9042.0,Península
2023-01-31 09:15:00+00:00,8984.0,Península
2023-01-31 09:20:00+00:00,8991.0,Península
2023-01-31 09:25:00+00:00,8975.0,Península
2023-01-31 09:30:00+00:00,8867.0,Península
2023-01-31 09:35:00+00:00,8833.0,Península
2023-01-31 09:40:00+00:00,8783.0,Península
2023-01-31 09:45:00+00:00,8775.0,Península
2023-01-31 09:50:00+00:00,8773.0,Península
2023-01-31 09:55:00+00:00,8731.0,Península
2023-01-31 10:00:00+00:00,8740.0,Península
2023-01-31 10:05:00+00:00,8624.0,Península
2023-01-31 10:10:00+00:00,8626.0,Península
2023-01-31 10:15:00+00:00,8589.0,Península
2023-01-31 10:20:00+00:00,8509.0,Península
2023-01-31 10:25:00+00:00,8504.0,Península
2023-01-31 10:30:00+00:00,8418.0,Península
2023-01-31 10:35:00+00:00,8385.0,Península
2023-01-31 10:40:00+00:00,8318.0,Península
2023-01-31 10:45:00+00:00,8287.0,Península
2023-01-31 10:50:00+00:00,8216.0,Península
2023-01-31 10:55:00+00:00,8152.0,Península
2023-01-31 11:00:00+00:00,8131.0,Península
2023-01-31 11:05:00+00:00,8096.0,Península
2023-01-31 11:10:00+00:00,8059.0,Península
2023-01-31 11:15:00+00:00,8065.0,Península
2023-01-31 11:20:00+00:00,8011.0,Península
2023-01-31 11:25:00+00:00,7985.0,Península
2023-01-31 11:30:00+00:00,7966.0,Península
2023-01-31 11:35:00+00:00,7995.0,Península
2023-01-31 11:40:00+00:00,7947.0,Península
2023-01-31 11:45:00+00:00,7883.0,Península
2023-01-31 11:50:00+00:00,7855.0,Península
2023-01-31 11:55:00+00:00,7819.0,Península
2023-01-31 12:00:00+00:00,7813.0,Península
2023-01-31 12:05:00+00:00,7676.0,Península
2023-01-31 12:10:00+00:00,7555.0,Península
2023-01-31 12:15:00+00:00,7518.0,Península
2023-01-31 12:20:00+00:00,7331.0,Península
2023-01-31 12:25:00+00:00,7341.0,Península
2023-01-31 12:30:00+00:00,7285.0,Península
2023-01-31 12:35:00+00:00,7277.0,Península
2023-01-31 12:40:00+00:00,7270.0,Península
2023-01-31 12:45:00+00:00,7236.0,Península
2023-01-31 12:50:00+00:00,7215.0,Península
2023-01-31 12:55:00+00:00,7177.0,Península
2023-01-31 13:00:00+00:00,7252.0,Península
2023-01-31 13:05:00+00:00,7216.0,Península
2023-01-31 13:10:00+00:00,7169.0,Península
2023-01-31 13:15:00+00:00,7134.0,Península
2023-01-31 13:20:00+00:00,7103.0,Península
2023-01-31 13:25:00+00:00,7070.0,Península
2023-01-31 13:30:00+00:00,7049.0,Península
2023-01-31 13:35:00+00:00,7040.0,Península
2023-01-31 13:40:00+00:00,6971.0,Península
2023-01-31 13:45:00+00:00,6967.0,Península
2023-01-31 13:50:00+00:00,6956.0,Península
2023-01-31 13:55:00+00:00,6960.0,Península
2023-01-31 14:00:00+00:00,6947.0,Península
2023-01-31 14:05:00+00:00,6958.0,Península
2023-01-31 14:10:00+00:00,6964.0,Península
2023-01-31 14:15:00+00:00,6842.0,Península
2023-01-31 14:20:00+00:00,6871.0,Península
2023-01-31 14:25:00+00:00,6841.0,Península
2023-01-31 14:30:00+00:00,6870.0,Península
2023-01-31 14:35:00+00:00,6898.0,Península
2023-01-31 14:40:00+00:00,6838.0,Península
2023-01-31 14:45:00+00:00,6801.0,Península
2023-01-31 14:50:00+00:00,6881.0,Península
2023-01-31 14:55:00+00:00,6880.0,Península
2023-01-31 15:00:00+00:00,6905.0,Península
2023-01-31 15:05:00+00:00,6933.0,Península
2023-01-31 15:10:00+00:00,6929.0,Península
2023-01-31 15:15:00+00:00,6974.0,Península
2023-01-31 15:20:00+00:00,6991.0,Península
2023-01-31 15:25:00+00:00,7019.0,Península
2023-01-31 15:30:00+00:00,7077.0,Península
2023-01-31 15:35:00+00:00,7014.0,Península
2023-01-31 15:40:00+00:00,7035.0,Península
2023-01-31 15:45:00+00:00,7030.0,Península
2023-01-31 15:50:00+00:00,7054.0,Península
2023-01-31 15:55:00+00:00,7064.0,Península
2023-01-31 16:00:00+00:00,7070.0,Península
2023-01-31 16:05:00+00:00,7056.0,Península
2023-01-31 16:10:00+00:00,7038.0,Península
2023-01-31 16:15:00+00:00,7043.0,Península
2023-01-31 16:20:00+00:00,7012.0,Península
2023-01-31 16:25:00+00:00,7068.0,Península
2023-01-31 16:30:00+00:00,7143.0,Península
2023-01-31 16:35:00+00:00,7134.0,Península
2023-01-31 16:40:00+00:00,7120.0,Península
2023-01-31 16:45:00+00:00,7171.0,Península
2023-01-31 16:50:00+00:00,7156.0,Península
2023-01-31 16:55:00+00:00,7227.0,Península
2023-01-31 17:00:00+00:00,7254.0,Península
2023-01-31 17:05:00+00:00,7383.0,Península
2023-01-31 17:10:00+00:00,7459.0,Península
2023-01-31 17:15:00+00:00,7562.0,Península
2023-01-31 17:20:00+00:00,7635.0,Península
2023-01-31 17:25:00+00:00,7710.0,Península
2023-01-31 17:30:00+00:00,7837.0,Península
2023-01-31 17:35:00+00:00,7942.0,Península
2023-01-31 17:40:00+00:00,7963.0,Península
2023-01-31 17:45:00+00:00,8041.0,Península
2023-01-31 17:50:00+00:00,8105.0,Península
2023-01-31 17:55:00+00:00,8223.0,Península
2023-01-31 18:00:00+00:00,8288.0,Península
2023-01-31 18:05:00+00:00,8349.0,Península
2023-01-31 18:10:00+00:00,8478.0,Península
2023-01-31 18:15:00+00:00,8599.0,Península
2023-01-31 18:20:00+00:00,8704.0,Península
2023-01-31 18:25:00+00:00,8791.0,Península
2023-01-31 18:30:00+00:00,8872.0,Península
2023-01-31 18:35:00+00:00,8923.0,Península
2023-01-31 18:40:00+00:00,8935.0,Península
2023-01-31 18:45:00+00:00,8981.0,Península
2023-01-31 18:50:00+00:00,8961.0,Península
2023-01-31 18:55:00+00:00,8949.0,Península
2023-01-31 19:00:00+00:00,8949.0,Península
2023-01-31 19:05:00+00:00,8635.0,Península
2023-01-31 19:10:00+00:00,8595.0,Península
2023-01-31 19:15:00+00:00,8633.0,Península
2023-01-31 19:20:00+00:00,8665.0,Península
2023-01-31 19:25:00+00:00,8681.0,Península
2023-01-31 19:30:00+00:00,8721.0,Península
2023-01-31 19:35:00+00:00,8723.0,Península
2023-01-31 19:40:00+00:00,8764.0,Península
2023-01-31 19:45:00+00:00,8770.0,Península
2023-01-31 19:50:00+00:00,8783.0,Península
2023-01-31 19:55:00+00:00,8784.0,Península
2023-01-31 20:00:00+00:00,8798.0,Península
2023-01-31 20:05:00+00:00,8778.0,Península
2023-01-31 20:10:00+00:00,8737.0,Península
2023-01-31 20:15:00+00:00,8693.0,Península
2023-01-31 20:20:00+00:00,8614.0,Península
2023-01-31 20:25:00+00:00,8538.0,Península
2023-01-31 20:30:00+00:00,8488.0,Península
2023-01-31 20:35:00+00:00,8437.0,Península
2023-01-31 20:40:00+00:00,8470.0,Península
2023-01-31 20:45:00+00:00,8461.0,Península
2023-01-31 20:50:00+00:00,8469.0,Península
2023-01-31 20:55:00+00:00,8466.0,Península
2023-01-31 21:00:00+00:00,8509.0,Península
2023-01-31 21:05:00+00:00,8560.0,Península
2023-01-31 21:10:00+00:00,8593.0,Península
2023-01-31 21:15:00+00:00,8564.0,Península
2023-01-31 21:20:00+00:00,8609.0,Península
2023-01-31 21:25:00+00:00,8590.0,Península
2023-01-31 21:30:00+00:00,8594.0,Península
2023-01-31 21:35:00+00:00,8533.0,Península
2023-01-31 21:40:00+00:00,8569.0,Península
2023-01-31 21:45:00+00:00,8552.0,Península
2023-01-31 21:50:00+00:00,8596.0,Península
2023-01-31 21:55:00+00:00,8575.0,Península
2023-01-31 22:00:00+00:00,8619.0,Península
2023-01-31 22:05:00+00:00,8757.0,Península
2023-01-31 22:10:00+00:00,8807.0,Península
2023-01-31 22:15:00+00:00,8833.0,Península
2023-01-31 22:20:00+00:00,8882.0,Península
2023-01-31 22:25:00+00:00,8886.0,Península
2023-01-31 22:30:00+00:00,8903.0,Península
2023-01-31 22:35:00+00:00,8951.0,Península
2023-01-31 22:40:00+00:00,8943.0,Península
2023-01-31 22:45:00+00:00,8965.0,Península
2023-01-31 22:50:00+00:00,8970.0,Península
2023-01-31 22:55:00+00:00,8922.0,Península
