fecha,irradiancia_wm2,H_sun,temp_2m,WS10m,Int
2020-01-01 00:10:00+00:00,0.0,0.0,4.82,1.59,0.0
2020-01-01 01:10:00+00:00,0.0,0.0,4.75,1.52,0.0
2020-01-01 02:10:00+00:00,0.0,0.0,4.72,1.52,0.0
2020-01-01 03:10:00+00:00,0.0,0.0,4.31,1.38,0.0
2020-01-01 04:10:00+00:00,0.0,0.0,3.97,1.1,0.0
2020-01-01 05:10:00+00:00,0.0,0.0,3.78,1.1,0.0
2020-01-01 06:10:00+00:00,0.0,0.0,3.66,1.03,0.0
2020-01-01 07:10:00+00:00,0.0,0.0,3.34,0.83,0.0
2020-01-01 08:10:00+00:00,100.01,7.54,3.84,0.76,0.0
2020-01-01 09:10:00+00:00,257.01,16.16,4.82,0.76,0.0
2020-01-01 10:10:00+00:00,390.01,22.95,9.77,0.83,0.0
2020-01-01 11:10:00+00:00,466.01,27.29,10.97,0.14,0.0
2020-01-01 12:10:00+00:00,495.01,28.64,12.12,0.41,0.0
2020-01-01 13:10:00+00:00,456.01,26.79,12.72,0.83,0.0
2020-01-01 14:10:00+00:00,369.01,22.03,13.44,1.03,0.0
2020-01-01 15:10:00+00:00,232.01,14.91,12.9,1.31,0.0
2020-01-01 16:10:00+00:00,76.01,6.05,12.73,1.52,0.0
2020-01-01 17:10:00+00:00,0.0,0.0,9.56,1.72,0.0
2020-01-01 18:10:00+00:00,0.0,0.0,8.12,1.17,0.0
2020-01-01 19:10:00+00:00,0.0,0.0,6.92,0.41,0.0
2020-01-01 20:10:00+00:00,0.0,0.0,5.9,0.28,0.0
2020-01-01 21:10:00+00:00,0.0,0.0,5.95,0.55,0.0
2020-01-01 22:10:00+00:00,0.0,0.0,4.96,1.1,0.0
2020-01-01 23:10:00+00:00,0.0,0.0,4.45,1.03,0.0
2020-01-02 00:10:00+00:00,0.0,0.0,4.78,1.1,0.0
2020-01-02 01:10:00+00:00,0.0,0.0,4.52,0.97,0.0
2020-01-02 02:10:00+00:00,0.0,0.0,4.52,1.03,0.0
2020-01-02 03:10:00+00:00,0.0,0.0,4.65,0.9,0.0
2020-01-02 04:10:00+00:00,0.0,0.0,4.77,0.83,0.0
2020-01-02 05:10:00+00:00,0.0,0.0,4.62,0.9,0.0
2020-01-02 06:10:00+00:00,0.0,0.0,4.91,0.97,0.0
2020-01-02 07:10:00+00:00,0.0,0.0,4.81,0.9,0.0
2020-01-02 08:10:00+00:00,59.0,7.54,5.41,1.1,0.0
2020-01-02 09:10:00+00:00,133.0,16.18,5.94,0.97,0.0
2020-01-02 10:10:00+00:00,191.0,22.99,8.74,1.1,0.0
2020-01-02 11:10:00+00:00,279.0,27.35,9.9,1.59,0.0
2020-01-02 12:10:00+00:00,285.0,28.72,10.88,1.79,0.0
2020-01-02 13:10:00+00:00,276.0,26.9,11.55,1.93,0.0
2020-01-02 14:10:00+00:00,186.0,22.15,11.99,2.14,0.0
2020-01-02 15:10:00+00:00,187.0,15.04,11.6,2.14,0.0
2020-01-02 16:10:00+00:00,77.01,6.19,11.28,2.07,0.0
2020-01-02 17:10:00+00:00,0.0,0.0,8.77,2.14,0.0
2020-01-02 18:10:00+00:00,0.0,0.0,7.05,2.0,0.0
2020-01-02 19:10:00+00:00,0.0,0.0,5.56,1.79,0.0
2020-01-02 20:10:00+00:00,0.0,0.0,4.96,1.93,0.0
2020-01-02 21:10:00+00:00,0.0,0.0,5.36,1.79,0.0
2020-01-02 22:10:00+00:00,0.0,0.0,4.69,1.59,0.0
2020-01-02 23:10:00+00:00,0.0,0.0,4.48,1.52,0.0
2020-01-03 00:10:00+00:00,0.0,0.0,4.13,1.86,0.0
2020-01-03 01:10:00+00:00,0.0,0.0,3.73,1.17,0.0
2020-01-03 02:10:00+00:00,0.0,0.0,3.08,0.9,0.0
2020-01-03 03:10:00+00:00,0.0,0.0,2.98,0.83,0.0
2020-01-03 04:10:00+00:00,0.0,0.0,2.97,0.97,0.0
2020-01-03 05:10:00+00:00,0.0,0.0,2.94,1.1,0.0
2020-01-03 06:10:00+00:00,0.0,0.0,2.91,1.17,0.0
2020-01-03 07:10:00+00:00,0.0,0.0,2.84,1.24,0.0
2020-01-03 08:10:00+00:00,97.01,7.54,3.83,1.59,0.0
2020-01-03 09:10:00+00:00,255.01,16.2,5.52,1.79,0.0
2020-01-03 10:10:00+00:00,386.01,23.03,10.96,1.38,0.0
2020-01-03 11:10:00+00:00,467.01,27.42,13.0,1.03,0.0
2020-01-03 12:10:00+00:00,490.01,28.82,14.49,0.76,0.0
2020-01-03 13:10:00+00:00,456.01,27.02,15.53,0.55,0.0
2020-01-03 14:10:00+00:00,362.01,22.28,16.13,0.21,0.0
2020-01-03 15:10:00+00:00,197.01,15.18,15.15,0.21,0.0
2020-01-03 16:10:00+00:00,77.01,6.32,14.68,0.62,0.0
2020-01-03 17:10:00+00:00,0.0,0.0,12.61,1.24,0.0
2020-01-03 18:10:00+00:00,0.0,0.0,9.57,1.72,0.0
2020-01-03 19:10:00+00:00,0.0,0.0,8.34,2.0,0.0
2020-01-03 20:10:00+00:00,0.0,0.0,7.78,1.86,0.0
2020-01-03 21:10:00+00:00,0.0,0.0,7.41,1.79,0.0
2020-01-03 22:10:00+00:00,0.0,0.0,6.9,1.79,0.0
2020-01-03 23:10:00+00:00,0.0,0.0,6.57,1.24,0.0
2020-01-04 00:10:00+00:00,0.0,0.0,6.25,1.31,0.0
2020-01-04 01:10:00+00:00,0.0,0.0,6.12,1.38,0.0
2020-01-04 02:10:00+00:00,0.0,0.0,5.52,1.52,0.0
2020-01-04 03:10:00+00:00,0.0,0.0,5.02,1.52,0.0
2020-01-04 04:10:00+00:00,0.0,0.0,5.03,1.59,0.0
2020-01-04 05:10:00+00:00,0.0,0.0,4.95,1.38,0.0
2020-01-04 06:10:00+00:00,0.0,0.0,4.65,1.52,0.0
2020-01-04 07:10:00+00:00,0.0,0.0,4.51,1.52,0.0
2020-01-04 08:10:00+00:00,99.01,7.54,4.72,1.59,0.0
2020-01-04 09:10:00+00:00,253.01,16.22,6.63,1.31,0.0
2020-01-04 10:10:00+00:00,382.01,23.08,10.48,0.76,0.0
2020-01-04 11:10:00+00:00,465.01,27.5,12.03,0.34,0.0
2020-01-04 12:10:00+00:00,488.01,28.92,12.91,1.1,0.0
2020-01-04 13:10:00+00:00,458.01,27.14,13.42,1.24,0.0
2020-01-04 14:10:00+00:00,366.01,22.42,13.64,1.24,0.0
2020-01-04 15:10:00+00:00,235.01,15.32,12.91,1.38,0.0
2020-01-04 16:10:00+00:00,79.01,6.47,12.61,2.21,0.0
2020-01-04 17:10:00+00:00,0.0,0.0,10.52,1.24,0.0
2020-01-04 18:10:00+00:00,0.0,0.0,9.35,1.31,0.0
2020-01-04 19:10:00+00:00,0.0,0.0,8.28,1.52,0.0
2020-01-04 20:10:00+00:00,0.0,0.0,6.47,1.72,0.0
2020-01-04 21:10:00+00:00,0.0,0.0,5.59,1.59,0.0
2020-01-04 22:10:00+00:00,0.0,0.0,5.43,1.93,0.0
2020-01-04 23:10:00+00:00,0.0,0.0,4.8,1.38,0.0
2020-01-05 00:10:00+00:00,0.0,0.0,4.61,1.31,0.0
2020-01-05 01:10:00+00:00,0.0,0.0,4.23,1.31,0.0
2020-01-05 02:10:00+00:00,0.0,0.0,3.63,1.38,0.0
2020-01-05 03:10:00+00:00,0.0,0.0,3.23,1.38,0.0
2020-01-05 04:10:00+00:00,0.0,0.0,3.21,1.31,0.0
2020-01-05 05:10:00+00:00,0.0,0.0,3.28,1.24,0.0
2020-01-05 06:10:00+00:00,0.0,0.0,3.79,1.1,0.0
2020-01-05 07:10:00+00:00,0.0,0.0,4.84,1.03,0.0
2020-01-05 08:10:00+00:00,102.01,7.55,4.93,0.97,0.0
2020-01-05 09:10:00+00:00,259.01,16.25,6.47,1.1,0.0
2020-01-05 10:10:00+00:00,391.01,23.14,11.82,0.55,0.0
2020-01-05 11:10:00+00:00,476.01,27.58,13.19,0.21,0.0
2020-01-05 12:10:00+00:00,505.02,29.03,14.36,0.76,0.0
2020-01-05 13:10:00+00:00,467.01,27.27,14.97,1.1,0.0
2020-01-05 14:10:00+00:00,380.01,22.56,15.58,1.24,0.0
2020-01-05 15:10:00+00:00,246.01,15.46,15.19,1.1,0.0
2020-01-05 16:10:00+00:00,88.01,6.61,14.84,0.97,0.0
2020-01-05 17:10:00+00:00,0.0,0.0,11.39,1.79,0.0
2020-01-05 18:10:00+00:00,0.0,0.0,9.11,1.38,0.0
2020-01-05 19:10:00+00:00,0.0,0.0,7.52,0.76,0.0
2020-01-05 20:10:00+00:00,0.0,0.0,6.05,1.03,0.0
2020-01-05 21:10:00+00:00,0.0,0.0,6.07,1.31,0.0
2020-01-05 22:10:00+00:00,0.0,0.0,4.74,1.79,0.0
2020-01-05 23:10:00+00:00,0.0,0.0,4.22,1.31,0.0
2020-01-06 00:10:00+00:00,0.0,0.0,4.13,1.1,0.0
2020-01-06 01:10:00+00:00,0.0,0.0,4.1,1.17,0.0
2020-01-06 02:10:00+00:00,0.0,0.0,4.11,1.38,0.0
2020-01-06 03:10:00+00:00,0.0,0.0,3.96,1.52,0.0
2020-01-06 04:10:00+00:00,0.0,0.0,3.58,1.52,0.0
2020-01-06 05:10:00+00:00,0.0,0.0,3.39,1.59,0.0
2020-01-06 06:10:00+00:00,0.0,0.0,3.53,1.38,0.0
2020-01-06 07:10:00+00:00,0.0,0.0,3.58,1.31,0.0
2020-01-06 08:10:00+00:00,101.01,7.57,4.19,2.28,0.0
2020-01-06 09:10:00+00:00,248.01,16.29,5.98,1.59,0.0
2020-01-06 10:10:00+00:00,389.01,23.21,10.2,1.03,0.0
2020-01-06 11:10:00+00:00,469.01,27.68,12.07,0.34,0.0
2020-01-06 12:10:00+00:00,498.01,29.15,13.45,0.62,0.0
2020-01-06 13:10:00+00:00,469.01,27.41,14.22,0.83,0.0
2020-01-06 14:10:00+00:00,382.01,22.7,14.64,0.97,0.0
2020-01-06 15:10:00+00:00,249.01,15.61,14.05,1.17,0.0
2020-01-06 16:10:00+00:00,89.01,6.77,13.73,1.24,0.0
2020-01-06 17:10:00+00:00,0.0,0.0,10.67,1.66,0.0
2020-01-06 18:10:00+00:00,0.0,0.0,9.25,1.52,0.0
2020-01-06 19:10:00+00:00,0.0,0.0,7.19,1.1,0.0
2020-01-06 20:10:00+00:00,0.0,0.0,6.51,0.9,0.0
2020-01-06 21:10:00+00:00,0.0,0.0,6.02,0.69,0.0
2020-01-06 22:10:00+00:00,0.0,0.0,4.86,1.17,0.0
2020-01-06 23:10:00+00:00,0.0,0.0,4.65,0.97,0.0
2020-01-07 00:10:00+00:00,0.0,0.0,4.74,1.93,0.0
2020-01-07 01:10:00+00:00,0.0,0.0,4.5,1.72,0.0
2020-01-07 02:10:00+00:00,0.0,0.0,4.34,1.52,0.0
2020-01-07 03:10:00+00:00,0.0,0.0,4.5,1.38,0.0
2020-01-07 04:10:00+00:00,0.0,0.0,4.25,1.1,0.0
2020-01-07 05:10:00+00:00,0.0,0.0,4.01,1.17,0.0
2020-01-07 06:10:00+00:00,0.0,0.0,3.92,1.31,0.0
2020-01-07 07:10:00+00:00,0.0,0.0,3.81,1.03,0.0
2020-01-07 08:10:00+00:00,98.01,7.6,4.59,0.83,0.0
2020-01-07 09:10:00+00:00,225.01,16.34,5.84,0.28,0.0
2020-01-07 10:10:00+00:00,385.01,23.28,10.94,0.62,0.0
2020-01-07 11:10:00+00:00,467.01,27.77,12.26,0.97,0.0
2020-01-07 12:10:00+00:00,496.01,29.27,13.31,1.31,0.0
2020-01-07 13:10:00+00:00,464.01,27.55,13.69,1.59,0.0
2020-01-07 14:10:00+00:00,377.01,22.86,14.4,2.28,0.0
2020-01-07 15:10:00+00:00,244.01,15.77,14.05,1.52,0.0
2020-01-07 16:10:00+00:00,88.01,6.92,13.8,2.07,0.0
2020-01-07 17:10:00+00:00,0.0,0.0,10.19,2.34,0.0
2020-01-07 18:10:00+00:00,0.0,0.0,8.11,2.14,0.0
2020-01-07 19:10:00+00:00,0.0,0.0,7.82,1.72,0.0
2020-01-07 20:10:00+00:00,0.0,0.0,6.53,2.48,0.0
2020-01-07 21:10:00+00:00,0.0,0.0,5.97,1.52,0.0
2020-01-07 22:10:00+00:00,0.0,0.0,5.28,1.93,0.0
2020-01-07 23:10:00+00:00,0.0,0.0,5.06,1.93,0.0
2020-01-08 00:10:00+00:00,0.0,0.0,4.65,1.31,0.0
2020-01-08 01:10:00+00:00,0.0,0.0,4.16,1.24,0.0
2020-01-08 02:10:00+00:00,0.0,0.0,3.76,1.38,0.0
2020-01-08 03:10:00+00:00,0.0,0.0,3.44,1.38,0.0
2020-01-08 04:10:00+00:00,0.0,0.0,3.13,1.24,0.0
2020-01-08 05:10:00+00:00,0.0,0.0,3.22,1.24,0.0
2020-01-08 06:10:00+00:00,0.0,0.0,5.44,1.31,0.0
2020-01-08 07:10:00+00:00,0.0,0.0,5.48,1.38,0.0
2020-01-08 08:10:00+00:00,99.01,7.63,5.28,1.66,0.0
2020-01-08 09:10:00+00:00,254.01,16.39,6.86,1.72,0.0
2020-01-08 10:10:00+00:00,383.01,23.36,11.72,1.59,0.0
2020-01-08 11:10:00+00:00,455.01,27.88,12.55,2.0,0.0
2020-01-08 12:10:00+00:00,476.01,29.4,13.47,2.14,0.0
2020-01-08 13:10:00+00:00,361.01,27.7,13.8,2.07,0.0
2020-01-08 14:10:00+00:00,363.01,23.02,13.96,1.86,0.0
2020-01-08 15:10:00+00:00,238.01,15.93,13.48,1.59,0.0
2020-01-08 16:10:00+00:00,89.01,7.08,13.23,1.24,0.0
2020-01-08 17:10:00+00:00,0.0,0.0,10.87,1.38,0.0
2020-01-08 18:10:00+00:00,0.0,0.0,9.32,1.59,0.0
2020-01-08 19:10:00+00:00,0.0,0.0,8.19,1.52,0.0
2020-01-08 20:10:00+00:00,0.0,0.0,7.01,1.59,0.0
2020-01-08 21:10:00+00:00,0.0,0.0,7.37,1.59,0.0
2020-01-08 22:10:00+00:00,0.0,0.0,6.19,1.24,0.0
2020-01-08 23:10:00+00:00,0.0,0.0,6.23,1.31,0.0
2020-01-09 00:10:00+00:00,0.0,0.0,6.0,1.59,0.0
2020-01-09 01:10:00+00:00,0.0,0.0,6.11,1.79,0.0
2020-01-09 02:10:00+00:00,0.0,0.0,6.07,1.93,0.0
2020-01-09 03:10:00+00:00,0.0,0.0,6.2,2.07,0.0
2020-01-09 04:10:00+00:00,0.0,0.0,6.47,2.21,0.0
2020-01-09 05:10:00+00:00,0.0,0.0,6.58,2.0,0.0
2020-01-09 06:10:00+00:00,0.0,0.0,6.7,1.86,0.0
2020-01-09 07:10:00+00:00,0.0,0.0,6.51,1.86,0.0
2020-01-09 08:10:00+00:00,102.01,7.66,6.84,1.93,0.0
2020-01-09 09:10:00+00:00,259.01,16.45,7.13,1.52,0.0
2020-01-09 10:10:00+00:00,388.01,23.44,10.57,0.28,0.0
2020-01-09 11:10:00+00:00,477.01,27.99,11.86,0.9,0.0
2020-01-09 12:10:00+00:00,510.01,29.54,12.97,0.76,0.0
2020-01-09 13:10:00+00:00,473.01,27.85,13.67,1.72,0.0
2020-01-09 14:10:00+00:00,386.01,23.18,14.03,1.66,0.0
2020-01-09 15:10:00+00:00,253.01,16.1,13.57,1.72,0.0
2020-01-09 16:10:00+00:00,96.01,7.25,13.23,2.14,0.0
2020-01-09 17:10:00+00:00,0.0,0.0,10.88,1.79,0.0
2020-01-09 18:10:00+00:00,0.0,0.0,8.9,2.0,0.0
2020-01-09 19:10:00+00:00,0.0,0.0,7.58,1.72,0.0
2020-01-09 20:10:00+00:00,0.0,0.0,7.58,1.79,0.0
2020-01-09 21:10:00+00:00,0.0,0.0,7.41,2.0,0.0
2020-01-09 22:10:00+00:00,0.0,0.0,6.98,1.86,0.0
2020-01-09 23:10:00+00:00,0.0,0.0,6.7,1.59,0.0
2020-01-10 00:10:00+00:00,0.0,0.0,6.27,1.59,0.0
2020-01-10 01:10:00+00:00,0.0,0.0,5.84,1.52,0.0
2020-01-10 02:10:00+00:00,0.0,0.0,5.42,1.66,0.0
2020-01-10 03:10:00+00:00,0.0,0.0,5.17,1.72,0.0
2020-01-10 04:10:00+00:00,0.0,0.0,5.45,1.79,0.0
2020-01-10 05:10:00+00:00,0.0,0.0,5.84,2.0,0.0
2020-01-10 06:10:00+00:00,0.0,0.0,6.25,2.14,0.0
2020-01-10 07:10:00+00:00,0.0,0.0,6.44,2.48,0.0
2020-01-10 08:10:00+00:00,99.01,7.71,7.75,3.1,0.0
2020-01-10 09:10:00+00:00,182.0,16.52,8.82,3.31,0.0
2020-01-10 10:10:00+00:00,68.0,23.53,10.8,2.55,0.0
2020-01-10 11:10:00+00:00,233.0,28.12,12.05,2.76,0.0
2020-01-10 12:10:00+00:00,425.01,29.69,12.44,3.17,0.0
2020-01-10 13:10:00+00:00,399.01,28.02,13.18,3.93,0.0
2020-01-10 14:10:00+00:00,383.01,23.35,13.34,4.55,0.0
2020-01-10 15:10:00+00:00,212.01,16.27,12.25,4.48,0.0
2020-01-10 16:10:00+00:00,93.01,7.42,11.88,4.0,0.0
2020-01-10 17:10:00+00:00,0.0,0.0,10.75,4.14,0.0
2020-01-10 18:10:00+00:00,0.0,0.0,9.84,5.45,0.0
2020-01-10 19:10:00+00:00,0.0,0.0,9.64,5.79,0.0
2020-01-10 20:10:00+00:00,0.0,0.0,9.49,6.14,0.0
2020-01-10 21:10:00+00:00,0.0,0.0,9.57,5.59,0.0
2020-01-10 22:10:00+00:00,0.0,0.0,9.03,3.38,0.0
2020-01-10 23:10:00+00:00,0.0,0.0,9.17,2.9,0.0
2020-01-11 00:10:00+00:00,0.0,0.0,8.99,2.28,0.0
2020-01-11 01:10:00+00:00,0.0,0.0,8.17,1.86,0.0
2020-01-11 02:10:00+00:00,0.0,0.0,7.63,1.59,0.0
2020-01-11 03:10:00+00:00,0.0,0.0,7.31,2.21,0.0
2020-01-11 04:10:00+00:00,0.0,0.0,6.8,2.34,0.0
2020-01-11 05:10:00+00:00,0.0,0.0,6.13,2.21,0.0
2020-01-11 06:10:00+00:00,0.0,0.0,5.8,2.21,0.0
2020-01-11 07:10:00+00:00,0.0,0.0,5.29,2.28,0.0
2020-01-11 08:10:00+00:00,107.01,7.76,5.67,2.55,0.0
2020-01-11 09:10:00+00:00,266.01,16.59,6.77,2.76,0.0
2020-01-11 10:10:00+00:00,397.01,23.63,10.6,2.41,0.0
2020-01-11 11:10:00+00:00,487.01,28.24,11.79,2.48,0.0
2020-01-11 12:10:00+00:00,519.02,29.84,12.76,2.69,0.0
2020-01-11 13:10:00+00:00,483.01,28.19,13.26,2.55,0.0
2020-01-11 14:10:00+00:00,389.01,23.53,13.45,2.07,0.0
2020-01-11 15:10:00+00:00,266.01,16.45,12.93,1.79,0.0
2020-01-11 16:10:00+00:00,104.01,7.59,12.6,1.66,0.0
2020-01-11 17:10:00+00:00,0.0,0.0,10.83,2.76,0.0
2020-01-11 18:10:00+00:00,0.0,0.0,8.63,1.17,0.0
2020-01-11 19:10:00+00:00,0.0,0.0,7.92,0.48,0.0
2020-01-11 20:10:00+00:00,0.0,0.0,5.8,1.03,0.0
2020-01-11 21:10:00+00:00,0.0,0.0,4.52,1.52,0.0
2020-01-11 22:10:00+00:00,0.0,0.0,3.82,2.0,0.0
2020-01-11 23:10:00+00:00,0.0,0.0,3.73,1.86,0.0
2020-01-12 00:10:00+00:00,0.0,0.0,3.51,1.59,0.0
2020-01-12 01:10:00+00:00,0.0,0.0,3.24,1.38,0.0
2020-01-12 02:10:00+00:00,0.0,0.0,2.81,1.38,0.0
2020-01-12 03:10:00+00:00,0.0,0.0,2.24,2.0,0.0
2020-01-12 04:10:00+00:00,0.0,0.0,1.98,1.52,0.0
2020-01-12 05:10:00+00:00,0.0,0.0,1.65,1.59,0.0
2020-01-12 06:10:00+00:00,0.0,0.0,1.45,1.72,0.0
2020-01-12 07:10:00+00:00,0.0,0.0,1.03,1.93,0.0
2020-01-12 08:10:00+00:00,110.01,7.81,2.46,2.07,0.0
2020-01-12 09:10:00+00:00,273.01,16.67,4.82,2.34,0.0
2020-01-12 10:10:00+00:00,405.01,23.74,10.75,1.31,0.0
2020-01-12 11:10:00+00:00,497.01,28.38,12.39,1.72,0.0
2020-01-12 12:10:00+00:00,524.02,30.0,13.17,1.93,0.0
2020-01-12 13:10:00+00:00,494.01,28.36,13.48,1.86,0.0
2020-01-12 14:10:00+00:00,406.01,23.71,13.55,2.07,0.0
2020-01-12 15:10:00+00:00,273.01,16.63,13.07,2.07,0.0
2020-01-12 16:10:00+00:00,109.01,7.77,12.73,1.59,0.0
2020-01-12 17:10:00+00:00,0.0,0.0,10.71,1.24,0.0
2020-01-12 18:10:00+00:00,0.0,0.0,7.81,1.38,0.0
2020-01-12 19:10:00+00:00,0.0,0.0,6.73,1.31,0.0
2020-01-12 20:10:00+00:00,0.0,0.0,6.24,0.41,0.0
2020-01-12 21:10:00+00:00,0.0,0.0,4.96,0.69,0.0
2020-01-12 22:10:00+00:00,0.0,0.0,3.63,1.24,0.0
2020-01-12 23:10:00+00:00,0.0,0.0,3.48,1.38,0.0
2020-01-13 00:10:00+00:00,0.0,0.0,3.51,1.31,0.0
2020-01-13 01:10:00+00:00,0.0,0.0,3.21,2.0,0.0
2020-01-13 02:10:00+00:00,0.0,0.0,2.69,1.38,0.0
2020-01-13 03:10:00+00:00,0.0,0.0,2.44,2.14,0.0
2020-01-13 04:10:00+00:00,0.0,0.0,2.27,2.0,0.0
2020-01-13 05:10:00+00:00,0.0,0.0,1.54,1.31,0.0
2020-01-13 06:10:00+00:00,0.0,0.0,1.19,1.24,0.0
2020-01-13 07:10:00+00:00,0.0,0.0,0.67,1.38,0.0
2020-01-13 08:10:00+00:00,112.01,7.87,2.04,1.38,0.0
2020-01-13 09:10:00+00:00,276.01,16.75,4.13,1.93,0.0
2020-01-13 10:10:00+00:00,409.01,23.85,9.74,2.0,0.0
2020-01-13 11:10:00+00:00,499.01,28.52,11.66,2.69,0.0
2020-01-13 12:10:00+00:00,527.01,30.17,13.01,2.83,0.0
2020-01-13 13:10:00+00:00,494.01,28.54,13.42,2.9,0.0
2020-01-13 14:10:00+00:00,350.01,23.9,13.95,3.1,0.0
2020-01-13 15:10:00+00:00,261.01,16.82,13.6,2.97,0.0
2020-01-13 16:10:00+00:00,110.01,7.95,13.55,2.14,0.0
2020-01-13 17:10:00+00:00,0.0,0.0,10.75,2.55,0.0
2020-01-13 18:10:00+00:00,0.0,0.0,8.76,2.76,0.0
2020-01-13 19:10:00+00:00,0.0,0.0,7.29,2.76,0.0
2020-01-13 20:10:00+00:00,0.0,0.0,6.42,2.69,0.0
2020-01-13 21:10:00+00:00,0.0,0.0,6.3,2.34,0.0
2020-01-13 22:10:00+00:00,0.0,0.0,5.34,2.28,0.0
2020-01-13 23:10:00+00:00,0.0,0.0,5.05,2.21,0.0
2020-01-14 00:10:00+00:00,0.0,0.0,4.54,2.14,0.0
2020-01-14 01:10:00+00:00,0.0,0.0,4.27,2.07,0.0
2020-01-14 02:10:00+00:00,0.0,0.0,3.78,2.14,0.0
2020-01-14 03:10:00+00:00,0.0,0.0,3.16,2.21,0.0
2020-01-14 04:10:00+00:00,0.0,0.0,3.5,2.34,0.0
2020-01-14 05:10:00+00:00,0.0,0.0,3.51,2.41,0.0
2020-01-14 06:10:00+00:00,0.0,0.0,2.76,2.34,0.0
2020-01-14 07:10:00+00:00,0.0,0.0,2.66,2.34,0.0
2020-01-14 08:10:00+00:00,114.01,7.94,3.55,2.55,0.0
2020-01-14 09:10:00+00:00,280.01,16.85,5.58,2.76,0.0
2020-01-14 10:10:00+00:00,415.01,23.97,10.82,1.79,0.0
2020-01-14 11:10:00+00:00,503.01,28.67,12.78,1.31,0.0
2020-01-14 12:10:00+00:00,531.01,30.34,14.07,2.0,0.0
2020-01-14 13:10:00+00:00,501.01,28.73,14.84,1.93,0.0
2020-01-14 14:10:00+00:00,418.01,24.09,15.22,2.28,0.0
2020-01-14 15:10:00+00:00,279.01,17.01,14.44,2.41,0.0
2020-01-14 16:10:00+00:00,118.01,8.13,13.9,2.07,0.0
2020-01-14 17:10:00+00:00,0.0,0.0,10.29,2.48,0.0
2020-01-14 18:10:00+00:00,0.0,0.0,7.8,2.55,0.0
2020-01-14 19:10:00+00:00,0.0,0.0,6.32,2.28,0.0
2020-01-14 20:10:00+00:00,0.0,0.0,5.56,2.07,0.0
2020-01-14 21:10:00+00:00,0.0,0.0,5.52,2.07,0.0
2020-01-14 22:10:00+00:00,0.0,0.0,5.5,1.72,0.0
2020-01-14 23:10:00+00:00,0.0,0.0,5.19,1.66,0.0
2020-01-15 00:10:00+00:00,0.0,0.0,4.61,1.66,0.0
2020-01-15 01:10:00+00:00,0.0,0.0,4.19,1.66,0.0
2020-01-15 02:10:00+00:00,0.0,0.0,3.99,1.72,0.0
2020-01-15 03:10:00+00:00,0.0,0.0,3.19,1.79,0.0
2020-01-15 04:10:00+00:00,0.0,0.0,3.24,1.86,0.0
2020-01-15 05:10:00+00:00,0.0,0.0,3.32,2.0,0.0
2020-01-15 06:10:00+00:00,0.0,0.0,3.37,2.07,0.0
2020-01-15 07:10:00+00:00,0.0,0.0,3.18,2.14,0.0
2020-01-15 08:10:00+00:00,102.01,8.02,3.93,2.34,0.0
2020-01-15 09:10:00+00:00,184.0,16.94,5.67,2.62,0.0
2020-01-15 10:10:00+00:00,403.01,24.1,10.38,1.66,0.0
2020-01-15 11:10:00+00:00,449.01,28.82,12.89,1.59,0.0
2020-01-15 12:10:00+00:00,423.01,30.52,14.46,1.38,0.0
2020-01-15 13:10:00+00:00,434.01,28.93,15.39,1.66,0.0
2020-01-15 14:10:00+00:00,301.0,24.29,16.27,2.0,0.0
2020-01-15 15:10:00+00:00,256.01,17.2,16.29,2.07,0.0
2020-01-15 16:10:00+00:00,117.01,8.32,15.99,1.52,0.0
2020-01-15 17:10:00+00:00,0.0,0.0,12.21,2.28,0.0
2020-01-15 18:10:00+00:00,0.0,0.0,10.02,2.41,0.0
2020-01-15 19:10:00+00:00,0.0,0.0,8.76,2.07,0.0
2020-01-15 20:10:00+00:00,0.0,0.0,8.07,1.93,0.0
2020-01-15 21:10:00+00:00,0.0,0.0,7.58,1.66,0.0
2020-01-15 22:10:00+00:00,0.0,0.0,6.82,1.59,0.0
2020-01-15 23:10:00+00:00,0.0,0.0,6.45,1.66,0.0
2020-01-16 00:10:00+00:00,0.0,0.0,6.1,1.79,0.0
2020-01-16 01:10:00+00:00,0.0,0.0,5.95,1.86,0.0
2020-01-16 02:10:00+00:00,0.0,0.0,5.54,2.0,0.0
2020-01-16 03:10:00+00:00,0.0,0.0,5.34,2.0,0.0
2020-01-16 04:10:00+00:00,0.0,0.0,5.32,1.93,0.0
2020-01-16 05:10:00+00:00,0.0,0.0,5.14,1.86,0.0
2020-01-16 06:10:00+00:00,0.0,0.0,5.22,1.72,0.0
2020-01-16 07:10:00+00:00,0.0,0.0,4.54,1.38,0.0
2020-01-16 08:10:00+00:00,111.01,8.1,5.72,1.24,0.0
2020-01-16 09:10:00+00:00,271.01,17.05,7.67,1.1,0.0
2020-01-16 10:10:00+00:00,401.01,24.23,13.83,0.69,0.0
2020-01-16 11:10:00+00:00,489.01,28.99,15.11,1.03,0.0
2020-01-16 12:10:00+00:00,520.01,30.71,15.64,1.66,0.0
2020-01-16 13:10:00+00:00,491.01,29.13,16.2,1.86,0.0
2020-01-16 14:10:00+00:00,408.01,24.49,16.61,2.0,0.0
2020-01-16 15:10:00+00:00,277.01,17.4,16.13,2.14,0.0
2020-01-16 16:10:00+00:00,118.01,8.51,15.82,2.07,0.0
2020-01-16 17:10:00+00:00,0.0,0.0,12.77,2.48,0.0
2020-01-16 18:10:00+00:00,0.0,0.0,10.64,2.28,0.0
2020-01-16 19:10:00+00:00,0.0,0.0,9.03,2.0,0.0
2020-01-16 20:10:00+00:00,0.0,0.0,7.83,2.21,0.0
2020-01-16 21:10:00+00:00,0.0,0.0,7.39,2.28,0.0
2020-01-16 22:10:00+00:00,0.0,0.0,6.74,2.07,0.0
2020-01-16 23:10:00+00:00,0.0,0.0,6.56,2.0,0.0
2020-01-17 00:10:00+00:00,0.0,0.0,6.16,1.86,0.0
2020-01-17 01:10:00+00:00,0.0,0.0,6.07,2.0,0.0
2020-01-17 02:10:00+00:00,0.0,0.0,5.96,2.0,0.0
2020-01-17 03:10:00+00:00,0.0,0.0,5.82,2.07,0.0
2020-01-17 04:10:00+00:00,0.0,0.0,5.64,2.21,0.0
2020-01-17 05:10:00+00:00,0.0,0.0,6.08,2.28,0.0
2020-01-17 06:10:00+00:00,0.0,0.0,6.3,2.21,0.0
2020-01-17 07:10:00+00:00,0.0,0.0,6.2,2.21,0.0
2020-01-17 08:10:00+00:00,108.01,8.18,7.81,2.41,0.0
2020-01-17 09:10:00+00:00,264.01,17.16,10.05,3.17,0.0
2020-01-17 10:10:00+00:00,396.01,24.37,14.61,3.45,0.0
2020-01-17 11:10:00+00:00,500.01,29.16,15.79,4.62,0.0
2020-01-17 12:10:00+00:00,522.01,30.9,16.63,5.17,0.0
2020-01-17 13:10:00+00:00,483.01,29.33,17.01,5.24,0.0
2020-01-17 14:10:00+00:00,332.01,24.7,17.49,4.9,0.0
2020-01-17 15:10:00+00:00,216.0,17.6,16.89,4.83,0.0
2020-01-17 16:10:00+00:00,54.0,8.71,16.8,3.59,0.0
2020-01-17 17:10:00+00:00,0.0,0.0,14.91,2.55,0.0
2020-01-17 18:10:00+00:00,0.0,0.0,13.26,2.14,0.0
2020-01-17 19:10:00+00:00,0.0,0.0,11.82,2.21,0.0
2020-01-17 20:10:00+00:00,0.0,0.0,10.83,2.28,0.0
2020-01-17 21:10:00+00:00,0.0,0.0,10.5,2.28,0.0
2020-01-17 22:10:00+00:00,0.0,0.0,9.61,2.07,0.0
2020-01-17 23:10:00+00:00,0.0,0.0,9.02,2.07,0.0
2020-01-18 00:10:00+00:00,0.0,0.0,8.96,2.14,0.0
2020-01-18 01:10:00+00:00,0.0,0.0,8.62,1.79,0.0
2020-01-18 02:10:00+00:00,0.0,0.0,8.0,1.59,0.0
2020-01-18 03:10:00+00:00,0.0,0.0,7.41,1.66,0.0
2020-01-18 04:10:00+00:00,0.0,0.0,7.15,1.38,0.0
2020-01-18 05:10:00+00:00,0.0,0.0,7.74,0.83,0.0
2020-01-18 06:10:00+00:00,0.0,0.0,8.7,0.62,0.0
2020-01-18 07:10:00+00:00,0.0,0.0,9.01,0.76,0.0
2020-01-18 08:10:00+00:00,55.0,8.27,8.77,0.97,0.0
2020-01-18 09:10:00+00:00,62.0,17.28,8.89,1.24,0.0
2020-01-18 10:10:00+00:00,82.0,24.52,9.97,0.9,0.0
2020-01-18 11:10:00+00:00,125.0,29.33,11.08,0.69,0.0
2020-01-18 12:10:00+00:00,183.0,31.1,11.96,2.14,0.0
2020-01-18 13:10:00+00:00,337.0,29.55,13.42,2.83,0.0
2020-01-18 14:10:00+00:00,337.01,24.92,14.02,3.52,0.0
2020-01-18 15:10:00+00:00,260.01,17.81,14.37,3.72,0.0
2020-01-18 16:10:00+00:00,90.0,8.91,14.22,3.31,0.0
2020-01-18 17:10:00+00:00,0.0,0.0,12.59,2.21,0.0
2020-01-18 18:10:00+00:00,0.0,0.0,11.04,2.21,0.0
2020-01-18 19:10:00+00:00,0.0,0.0,9.87,2.14,0.0
2020-01-18 20:10:00+00:00,0.0,0.0,9.33,2.21,0.0
2020-01-18 21:10:00+00:00,0.0,0.0,8.59,1.93,0.0
2020-01-18 22:10:00+00:00,0.0,0.0,8.2,1.03,0.0
2020-01-18 23:10:00+00:00,0.0,0.0,8.08,1.03,0.0
2020-01-19 00:10:00+00:00,0.0,0.0,7.81,0.9,0.0
2020-01-19 01:10:00+00:00,0.0,0.0,7.02,0.97,0.0
2020-01-19 02:10:00+00:00,0.0,0.0,7.07,1.24,0.0
2020-01-19 03:10:00+00:00,0.0,0.0,7.24,1.72,0.0
2020-01-19 04:10:00+00:00,0.0,0.0,8.29,2.14,0.0
2020-01-19 05:10:00+00:00,0.0,0.0,8.91,2.48,0.0
2020-01-19 06:10:00+00:00,0.0,0.0,8.41,2.28,0.0
2020-01-19 07:10:00+00:00,0.0,0.0,7.86,2.41,0.0
2020-01-19 08:10:00+00:00,117.01,8.37,8.3,3.17,0.0
2020-01-19 09:10:00+00:00,133.0,17.4,8.67,4.14,0.0
2020-01-19 10:10:00+00:00,202.0,24.67,9.0,4.41,0.0
2020-01-19 11:10:00+00:00,165.0,29.52,8.55,5.66,0.0
2020-01-19 12:10:00+00:00,92.0,31.31,8.55,5.03,0.0
2020-01-19 13:10:00+00:00,183.0,29.77,8.88,5.03,0.0
2020-01-19 14:10:00+00:00,192.0,25.14,8.57,6.55,0.0
2020-01-19 15:10:00+00:00,247.01,18.02,6.96,6.62,0.0
2020-01-19 16:10:00+00:00,59.0,9.11,6.04,7.93,0.0
2020-01-19 17:10:00+00:00,0.0,0.0,5.67,9.1,0.0
2020-01-19 18:10:00+00:00,0.0,0.0,6.02,9.86,0.0
2020-01-19 19:10:00+00:00,0.0,0.0,6.16,10.0,0.0
2020-01-19 20:10:00+00:00,0.0,0.0,6.26,10.28,0.0
2020-01-19 21:10:00+00:00,0.0,0.0,6.19,10.55,0.0
2020-01-19 22:10:00+00:00,0.0,0.0,6.05,8.97,0.0
2020-01-19 23:10:00+00:00,0.0,0.0,6.11,9.38,0.0
2020-01-20 00:10:00+00:00,0.0,0.0,5.79,10.41,0.0
2020-01-20 01:10:00+00:00,0.0,0.0,5.17,10.97,0.0
2020-01-20 02:10:00+00:00,0.0,0.0,4.8,11.24,0.0
2020-01-20 03:10:00+00:00,0.0,0.0,4.4,11.38,0.0
2020-01-20 04:10:00+00:00,0.0,0.0,4.19,11.52,0.0
2020-01-20 05:10:00+00:00,0.0,0.0,4.57,11.66,0.0
2020-01-20 06:10:00+00:00,0.0,0.0,5.29,11.1,0.0
2020-01-20 07:10:00+00:00,0.0,0.0,5.65,10.21,0.0
2020-01-20 08:10:00+00:00,58.0,8.48,5.93,8.97,0.0
2020-01-20 09:10:00+00:00,62.0,17.53,5.73,7.79,0.0
2020-01-20 10:10:00+00:00,198.0,24.83,6.74,6.28,0.0
2020-01-20 11:10:00+00:00,405.01,29.71,7.39,5.45,0.0
2020-01-20 12:10:00+00:00,299.0,31.52,8.5,4.83,0.0
2020-01-20 13:10:00+00:00,354.0,29.99,9.11,4.21,0.0
2020-01-20 14:10:00+00:00,324.01,25.36,8.87,4.76,0.0
2020-01-20 15:10:00+00:00,152.0,18.24,8.23,5.17,0.0
2020-01-20 16:10:00+00:00,71.0,9.31,7.91,5.45,0.0
2020-01-20 17:10:00+00:00,0.0,0.0,7.58,4.62,0.0
2020-01-20 18:10:00+00:00,0.0,0.0,7.66,4.07,0.0
2020-01-20 19:10:00+00:00,0.0,0.0,7.47,3.59,0.0
2020-01-20 20:10:00+00:00,0.0,0.0,7.32,3.24,0.0
2020-01-20 21:10:00+00:00,0.0,0.0,7.21,3.03,0.0
2020-01-20 22:10:00+00:00,0.0,0.0,7.52,3.52,0.0
2020-01-20 23:10:00+00:00,0.0,0.0,7.27,3.86,0.0
2020-01-21 00:10:00+00:00,0.0,0.0,6.9,4.34,0.0
2020-01-21 01:10:00+00:00,0.0,0.0,7.17,4.69,0.0
2020-01-21 02:10:00+00:00,0.0,0.0,7.67,4.83,0.0
2020-01-21 03:10:00+00:00,0.0,0.0,7.65,4.48,0.0
2020-01-21 04:10:00+00:00,0.0,0.0,7.75,4.55,0.0
2020-01-21 05:10:00+00:00,0.0,0.0,7.78,4.62,0.0
2020-01-21 06:10:00+00:00,0.0,0.0,7.82,5.24,0.0
2020-01-21 07:10:00+00:00,0.0,0.0,8.41,5.52,0.0
2020-01-21 08:10:00+00:00,20.0,8.59,8.16,5.52,0.0
2020-01-21 09:10:00+00:00,136.0,17.67,8.17,4.9,0.0
2020-01-21 10:10:00+00:00,245.0,25.0,9.14,2.28,0.0
2020-01-21 11:10:00+00:00,246.0,29.9,9.58,2.0,0.0
2020-01-21 12:10:00+00:00,400.01,31.74,9.79,2.14,0.0
2020-01-21 13:10:00+00:00,421.01,30.22,10.57,2.41,0.0
2020-01-21 14:10:00+00:00,358.01,25.59,10.6,2.83,0.0
2020-01-21 15:10:00+00:00,248.01,18.46,9.72,2.97,0.0
2020-01-21 16:10:00+00:00,67.0,9.52,9.46,2.97,0.0
2020-01-21 17:10:00+00:00,0.0,0.0,8.32,2.55,0.0
2020-01-21 18:10:00+00:00,0.0,0.0,7.9,2.0,0.0
2020-01-21 19:10:00+00:00,0.0,0.0,7.4,1.79,0.0
2020-01-21 20:10:00+00:00,0.0,0.0,7.25,1.38,0.0
2020-01-21 21:10:00+00:00,0.0,0.0,7.42,0.62,0.0
2020-01-21 22:10:00+00:00,0.0,0.0,7.85,0.21,0.0
2020-01-21 23:10:00+00:00,0.0,0.0,7.46,0.97,0.0
2020-01-22 00:10:00+00:00,0.0,0.0,7.23,1.59,0.0
2020-01-22 01:10:00+00:00,0.0,0.0,7.26,1.59,0.0
2020-01-22 02:10:00+00:00,0.0,0.0,7.34,1.59,0.0
2020-01-22 03:10:00+00:00,0.0,0.0,6.87,1.79,0.0
2020-01-22 04:10:00+00:00,0.0,0.0,6.7,2.0,0.0
2020-01-22 05:10:00+00:00,0.0,0.0,6.49,1.86,0.0
2020-01-22 06:10:00+00:00,0.0,0.0,6.69,2.0,0.0
2020-01-22 07:10:00+00:00,0.0,0.0,6.84,2.0,0.0
2020-01-22 08:10:00+00:00,115.01,8.71,7.72,2.21,0.0
2020-01-22 09:10:00+00:00,267.01,17.81,8.53,2.34,0.0
2020-01-22 10:10:00+00:00,380.01,25.17,11.07,2.9,0.0
2020-01-22 11:10:00+00:00,467.01,30.1,12.1,3.38,0.0
2020-01-22 12:10:00+00:00,485.01,31.96,12.33,3.45,0.0
2020-01-22 13:10:00+00:00,453.01,30.45,12.71,3.17,0.0
2020-01-22 14:10:00+00:00,378.01,25.82,12.73,2.69,0.0
2020-01-22 15:10:00+00:00,268.01,18.68,11.96,2.62,0.0
2020-01-22 16:10:00+00:00,110.0,9.73,11.6,2.62,0.0
2020-01-22 17:10:00+00:00,0.0,0.0,10.83,2.0,0.0
2020-01-22 18:10:00+00:00,0.0,0.0,9.73,2.07,0.0
2020-01-22 19:10:00+00:00,0.0,0.0,8.43,2.28,0.0
2020-01-22 20:10:00+00:00,0.0,0.0,7.97,2.28,0.0
2020-01-22 21:10:00+00:00,0.0,0.0,7.49,1.93,0.0
2020-01-22 22:10:00+00:00,0.0,0.0,7.25,1.31,0.0
2020-01-22 23:10:00+00:00,0.0,0.0,7.05,1.24,0.0
2020-01-23 00:10:00+00:00,0.0,0.0,7.1,1.24,0.0
2020-01-23 01:10:00+00:00,0.0,0.0,6.56,1.38,0.0
2020-01-23 02:10:00+00:00,0.0,0.0,6.13,1.52,0.0
2020-01-23 03:10:00+00:00,0.0,0.0,5.88,1.1,0.0
2020-01-23 04:10:00+00:00,0.0,0.0,5.55,1.03,0.0
2020-01-23 05:10:00+00:00,0.0,0.0,5.14,0.83,0.0
2020-01-23 06:10:00+00:00,0.0,0.0,5.28,0.83,0.0
2020-01-23 07:10:00+00:00,0.0,0.0,5.53,0.48,0.0
2020-01-23 08:10:00+00:00,106.0,8.83,6.93,0.14,0.0
2020-01-23 09:10:00+00:00,27.0,17.96,8.31,1.31,0.0
2020-01-23 10:10:00+00:00,103.0,25.35,10.87,2.34,0.0
2020-01-23 11:10:00+00:00,207.0,30.31,11.82,2.76,0.0
2020-01-23 12:10:00+00:00,418.01,32.19,12.23,3.03,0.0
2020-01-23 13:10:00+00:00,456.01,30.69,12.5,3.1,0.0
2020-01-23 14:10:00+00:00,335.01,26.06,12.78,3.17,0.0
2020-01-23 15:10:00+00:00,224.0,18.91,12.02,3.1,0.0
2020-01-23 16:10:00+00:00,137.01,9.94,11.65,2.76,0.0
2020-01-23 17:10:00+00:00,0.0,0.0,10.49,1.86,0.0
2020-01-23 18:10:00+00:00,0.0,0.0,9.42,1.52,0.0
2020-01-23 19:10:00+00:00,0.0,0.0,8.73,1.59,0.0
2020-01-23 20:10:00+00:00,0.0,0.0,8.58,1.79,0.0
2020-01-23 21:10:00+00:00,0.0,0.0,8.66,2.0,0.0
2020-01-23 22:10:00+00:00,0.0,0.0,7.97,2.07,0.0
2020-01-23 23:10:00+00:00,0.0,0.0,7.7,2.07,0.0
2020-01-24 00:10:00+00:00,0.0,0.0,7.52,1.93,0.0
2020-01-24 01:10:00+00:00,0.0,0.0,7.36,1.86,0.0
2020-01-24 02:10:00+00:00,0.0,0.0,7.0,1.93,0.0
2020-01-24 03:10:00+00:00,0.0,0.0,7.28,1.93,0.0
2020-01-24 04:10:00+00:00,0.0,0.0,7.07,2.14,0.0
2020-01-24 05:10:00+00:00,0.0,0.0,6.89,2.07,0.0
2020-01-24 06:10:00+00:00,0.0,0.0,7.05,2.14,0.0
2020-01-24 07:10:00+00:00,0.0,0.0,7.26,2.07,0.0
2020-01-24 08:10:00+00:00,82.0,8.96,8.09,2.41,0.0
2020-01-24 09:10:00+00:00,146.0,18.12,8.38,2.69,0.0
2020-01-24 10:10:00+00:00,151.0,25.54,10.89,2.76,0.0
2020-01-24 11:10:00+00:00,229.0,30.53,12.01,2.76,0.0
2020-01-24 12:10:00+00:00,116.0,32.43,12.67,2.48,0.0
2020-01-24 13:10:00+00:00,468.01,30.94,13.14,2.41,0.0
2020-01-24 14:10:00+00:00,390.01,26.3,13.34,2.48,0.0
2020-01-24 15:10:00+00:00,203.0,19.14,12.84,2.76,0.0
2020-01-24 16:10:00+00:00,118.0,10.16,12.35,2.76,0.0
2020-01-24 17:10:00+00:00,0.0,0.0,11.63,1.86,0.0
2020-01-24 18:10:00+00:00,0.0,0.0,10.95,1.52,0.0
2020-01-24 19:10:00+00:00,0.0,0.0,10.4,1.52,0.0
2020-01-24 20:10:00+00:00,0.0,0.0,10.06,1.59,0.0
2020-01-24 21:10:00+00:00,0.0,0.0,10.11,1.52,0.0
2020-01-24 22:10:00+00:00,0.0,0.0,8.9,1.52,0.0
2020-01-24 23:10:00+00:00,0.0,0.0,8.89,1.38,0.0
2020-01-25 00:10:00+00:00,0.0,0.0,8.84,1.31,0.0
2020-01-25 01:10:00+00:00,0.0,0.0,8.56,1.59,0.0
2020-01-25 02:10:00+00:00,0.0,0.0,8.61,1.31,0.0
2020-01-25 03:10:00+00:00,0.0,0.0,8.71,1.66,0.0
2020-01-25 04:10:00+00:00,0.0,0.0,8.61,1.72,0.0
2020-01-25 05:10:00+00:00,0.0,0.0,8.43,1.66,0.0
2020-01-25 06:10:00+00:00,0.0,0.0,8.6,2.69,0.0
2020-01-25 07:10:00+00:00,0.0,0.0,8.51,1.79,0.0
2020-01-25 08:10:00+00:00,87.0,9.09,8.94,2.21,0.0
2020-01-25 09:10:00+00:00,106.0,18.28,9.45,2.14,0.0
2020-01-25 10:10:00+00:00,100.0,25.73,11.69,1.72,0.0
2020-01-25 11:10:00+00:00,60.0,30.75,12.62,1.72,0.0
2020-01-25 12:10:00+00:00,346.0,32.67,13.09,2.07,0.0
2020-01-25 13:10:00+00:00,299.0,31.19,13.71,1.72,0.0
2020-01-25 14:10:00+00:00,282.0,26.55,13.32,1.59,0.0
2020-01-25 15:10:00+00:00,156.0,19.37,12.81,1.31,0.0
2020-01-25 16:10:00+00:00,101.0,10.38,12.58,0.83,0.0
2020-01-25 17:10:00+00:00,0.0,0.0,11.43,1.1,0.0
2020-01-25 18:10:00+00:00,0.0,0.0,10.76,0.55,0.0
2020-01-25 19:10:00+00:00,0.0,0.0,10.6,0.69,0.0
2020-01-25 20:10:00+00:00,0.0,0.0,10.24,0.76,0.0
2020-01-25 21:10:00+00:00,0.0,0.0,9.94,0.76,0.0
2020-01-25 22:10:00+00:00,0.0,0.0,7.89,1.24,0.0
2020-01-25 23:10:00+00:00,0.0,0.0,7.77,1.17,0.0
2020-01-26 00:10:00+00:00,0.0,0.0,8.22,1.17,0.0
2020-01-26 01:10:00+00:00,0.0,0.0,8.17,1.24,0.0
2020-01-26 02:10:00+00:00,0.0,0.0,7.77,0.97,0.0
2020-01-26 03:10:00+00:00,0.0,0.0,7.5,1.17,0.0
2020-01-26 04:10:00+00:00,0.0,0.0,7.08,1.59,0.0
2020-01-26 05:10:00+00:00,0.0,0.0,6.79,2.0,0.0
2020-01-26 06:10:00+00:00,0.0,0.0,6.39,2.14,0.0
2020-01-26 07:10:00+00:00,0.0,0.0,6.49,2.34,0.0
2020-01-26 08:10:00+00:00,132.01,9.23,7.32,2.76,0.0
2020-01-26 09:10:00+00:00,297.01,18.44,8.79,2.9,0.0
2020-01-26 10:10:00+00:00,432.01,25.93,12.15,2.28,0.0
2020-01-26 11:10:00+00:00,526.01,30.98,13.63,3.31,0.0
2020-01-26 12:10:00+00:00,554.01,32.92,14.7,3.79,0.0
2020-01-26 13:10:00+00:00,505.01,31.45,15.29,3.86,0.0
2020-01-26 14:10:00+00:00,432.01,26.8,15.61,3.66,0.0
2020-01-26 15:10:00+00:00,320.01,19.61,14.96,3.38,0.0
2020-01-26 16:10:00+00:00,156.01,10.6,14.6,2.83,0.0
2020-01-26 17:10:00+00:00,0.0,0.0,12.86,2.34,0.0
2020-01-26 18:10:00+00:00,0.0,0.0,11.08,2.48,0.0
2020-01-26 19:10:00+00:00,0.0,0.0,10.07,2.76,0.0
2020-01-26 20:10:00+00:00,0.0,0.0,9.21,2.48,0.0
2020-01-26 21:10:00+00:00,0.0,0.0,8.63,2.41,0.0
2020-01-26 22:10:00+00:00,0.0,0.0,7.52,2.07,0.0
2020-01-26 23:10:00+00:00,0.0,0.0,7.18,2.21,0.0
2020-01-27 00:10:00+00:00,0.0,0.0,6.62,2.28,0.0
2020-01-27 01:10:00+00:00,0.0,0.0,6.62,2.28,0.0
2020-01-27 02:10:00+00:00,0.0,0.0,6.28,2.28,0.0
2020-01-27 03:10:00+00:00,0.0,0.0,5.45,2.14,0.0
2020-01-27 04:10:00+00:00,0.0,0.0,5.24,2.21,0.0
2020-01-27 05:10:00+00:00,0.0,0.0,4.82,2.28,0.0
2020-01-27 06:10:00+00:00,0.0,0.0,4.58,2.34,0.0
2020-01-27 07:10:00+00:00,0.0,0.0,4.44,2.21,0.0
2020-01-27 08:10:00+00:00,134.01,9.38,5.47,2.55,0.0
2020-01-27 09:10:00+00:00,304.01,18.62,7.39,2.62,0.0
2020-01-27 10:10:00+00:00,445.01,26.13,11.41,2.55,0.0
2020-01-27 11:10:00+00:00,539.01,31.21,13.05,2.9,0.0
2020-01-27 12:10:00+00:00,570.01,33.18,14.06,3.38,0.0
2020-01-27 13:10:00+00:00,538.01,31.71,14.77,4.07,0.0
2020-01-27 14:10:00+00:00,459.01,27.05,15.07,4.14,0.0
2020-01-27 15:10:00+00:00,299.01,19.85,14.43,4.07,0.0
2020-01-27 16:10:00+00:00,159.01,10.82,14.22,3.31,0.0
2020-01-27 17:10:00+00:00,0.0,0.0,12.15,2.21,0.0
2020-01-27 18:10:00+00:00,0.0,0.0,9.97,2.41,0.0
2020-01-27 19:10:00+00:00,0.0,0.0,9.24,2.28,0.0
2020-01-27 20:10:00+00:00,0.0,0.0,8.89,2.28,0.0
2020-01-27 21:10:00+00:00,0.0,0.0,8.6,2.28,0.0
2020-01-27 22:10:00+00:00,0.0,0.0,8.54,2.34,0.0
2020-01-27 23:10:00+00:00,0.0,0.0,8.55,2.34,0.0
2020-01-28 00:10:00+00:00,0.0,0.0,8.39,2.28,0.0
2020-01-28 01:10:00+00:00,0.0,0.0,8.31,2.48,0.0
2020-01-28 02:10:00+00:00,0.0,0.0,8.35,2.76,0.0
2020-01-28 03:10:00+00:00,0.0,0.0,8.53,3.03,0.0
2020-01-28 04:10:00+00:00,0.0,0.0,8.78,3.1,0.0
2020-01-28 05:10:00+00:00,0.0,0.0,9.06,3.03,0.0
2020-01-28 06:10:00+00:00,0.0,0.0,9.39,3.03,0.0
2020-01-28 07:10:00+00:00,0.0,0.0,9.44,3.17,0.0
2020-01-28 08:10:00+00:00,78.0,9.53,10.54,3.72,0.0
2020-01-28 09:10:00+00:00,147.0,18.8,11.5,4.07,0.0
2020-01-28 10:10:00+00:00,100.0,26.34,14.39,4.28,0.0
2020-01-28 11:10:00+00:00,213.0,31.45,15.22,4.41,0.0
2020-01-28 12:10:00+00:00,497.01,33.44,16.24,4.34,0.0
2020-01-28 13:10:00+00:00,434.01,31.97,16.78,4.9,0.0
2020-01-28 14:10:00+00:00,296.0,27.31,16.99,5.1,0.0
2020-01-28 15:10:00+00:00,226.0,20.09,16.81,4.76,0.0
2020-01-28 16:10:00+00:00,135.0,11.05,16.33,3.79,0.0
2020-01-28 17:10:00+00:00,0.0,0.0,15.11,3.03,0.0
2020-01-28 18:10:00+00:00,0.0,0.0,14.19,2.48,0.0
2020-01-28 19:10:00+00:00,0.0,0.0,13.72,2.41,0.0
2020-01-28 20:10:00+00:00,0.0,0.0,13.21,2.83,0.0
2020-01-28 21:10:00+00:00,0.0,0.0,12.77,3.17,0.0
2020-01-28 22:10:00+00:00,0.0,0.0,13.31,3.52,0.0
2020-01-28 23:10:00+00:00,0.0,0.0,12.94,3.66,0.0
2020-01-29 00:10:00+00:00,0.0,0.0,12.34,3.52,0.0
2020-01-29 01:10:00+00:00,0.0,0.0,11.83,2.76,0.0
2020-01-29 02:10:00+00:00,0.0,0.0,11.25,2.62,0.0
2020-01-29 03:10:00+00:00,0.0,0.0,10.85,2.41,0.0
2020-01-29 04:10:00+00:00,0.0,0.0,10.74,2.34,0.0
2020-01-29 05:10:00+00:00,0.0,0.0,10.51,2.34,0.0
2020-01-29 06:10:00+00:00,0.0,0.0,10.55,2.48,0.0
2020-01-29 07:10:00+00:00,0.0,0.0,10.78,2.48,0.0
2020-01-29 08:10:00+00:00,125.0,9.69,11.89,2.9,0.0
2020-01-29 09:10:00+00:00,287.01,18.98,12.91,3.38,0.0
2020-01-29 10:10:00+00:00,356.01,26.56,15.71,3.24,0.0
2020-01-29 11:10:00+00:00,471.01,31.69,16.8,2.9,0.0
2020-01-29 12:10:00+00:00,538.01,33.7,17.84,2.9,0.0
2020-01-29 13:10:00+00:00,531.01,32.24,18.42,2.69,0.0
2020-01-29 14:10:00+00:00,459.01,27.57,18.5,2.41,0.0
2020-01-29 15:10:00+00:00,306.01,20.34,18.03,2.55,0.0
2020-01-29 16:10:00+00:00,151.01,11.28,18.19,2.28,0.0
2020-01-29 17:10:00+00:00,0.0,0.0,15.75,2.21,0.0
2020-01-29 18:10:00+00:00,0.0,0.0,14.13,2.41,0.0
2020-01-29 19:10:00+00:00,0.0,0.0,13.67,2.14,0.0
2020-01-29 20:10:00+00:00,0.0,0.0,12.94,2.0,0.0
2020-01-29 21:10:00+00:00,0.0,0.0,12.66,1.93,0.0
2020-01-29 22:10:00+00:00,0.0,0.0,12.08,2.07,0.0
2020-01-29 23:10:00+00:00,0.0,0.0,11.89,2.34,0.0
2020-01-30 00:10:00+00:00,0.0,0.0,11.44,2.41,0.0
2020-01-30 01:10:00+00:00,0.0,0.0,10.95,2.34,0.0
2020-01-30 02:10:00+00:00,0.0,0.0,10.68,2.41,0.0
2020-01-30 03:10:00+00:00,0.0,0.0,10.33,2.55,0.0
2020-01-30 04:10:00+00:00,0.0,0.0,10.3,2.76,0.0
2020-01-30 05:10:00+00:00,0.0,0.0,10.26,2.69,0.0
2020-01-30 06:10:00+00:00,0.0,0.0,10.07,2.55,0.0
2020-01-30 07:10:00+00:00,0.0,0.0,10.12,2.55,0.0
2020-01-30 08:10:00+00:00,140.01,9.85,10.99,2.62,0.0
2020-01-30 09:10:00+00:00,294.01,19.17,12.02,2.97,0.0
2020-01-30 10:10:00+00:00,453.01,26.78,15.66,2.69,0.0
2020-01-30 11:10:00+00:00,553.01,31.95,17.21,2.97,0.0
2020-01-30 12:10:00+00:00,567.01,33.97,18.28,3.17,0.0
2020-01-30 13:10:00+00:00,569.01,32.52,18.95,3.17,0.0
2020-01-30 14:10:00+00:00,479.01,27.83,19.22,3.52,0.0
2020-01-30 15:10:00+00:00,331.01,20.58,18.36,3.38,0.0
2020-01-30 16:10:00+00:00,171.01,11.5,18.01,2.48,0.0
2020-01-30 17:10:00+00:00,0.0,0.0,15.78,2.34,0.0
2020-01-30 18:10:00+00:00,0.0,0.0,14.6,2.48,0.0
2020-01-30 19:10:00+00:00,0.0,0.0,14.17,2.14,0.0
2020-01-30 20:10:00+00:00,0.0,0.0,14.23,2.69,0.0
2020-01-30 21:10:00+00:00,0.0,0.0,13.74,3.1,0.0
2020-01-30 22:10:00+00:00,0.0,0.0,13.31,2.9,0.0
2020-01-30 23:10:00+00:00,0.0,0.0,12.8,3.31,0.0
2020-01-31 00:10:00+00:00,0.0,0.0,12.47,3.72,0.0
2020-01-31 01:10:00+00:00,0.0,0.0,12.2,3.93,0.0
2020-01-31 02:10:00+00:00,0.0,0.0,11.87,3.79,0.0
2020-01-31 03:10:00+00:00,0.0,0.0,11.8,3.72,0.0
2020-01-31 04:10:00+00:00,0.0,0.0,11.5,3.79,0.0
2020-01-31 05:10:00+00:00,0.0,0.0,11.4,3.93,0.0
2020-01-31 06:10:00+00:00,0.0,0.0,11.82,3.86,0.0
2020-01-31 07:10:00+00:00,0.0,0.0,11.71,3.59,0.0
2020-01-31 08:10:00+00:00,144.01,10.02,12.39,3.79,0.0
2020-01-31 09:10:00+00:00,312.01,19.37,13.3,3.72,0.0
2020-01-31 10:10:00+00:00,452.01,27.0,16.29,3.52,0.0
2020-01-31 11:10:00+00:00,549.01,32.2,17.73,3.72,0.0
2020-01-31 12:10:00+00:00,581.01,34.25,18.5,4.34,0.0
2020-01-31 13:10:00+00:00,559.01,32.8,18.91,4.0,0.0
2020-01-31 14:10:00+00:00,476.01,28.1,19.05,3.66,0.0
2020-01-31 15:10:00+00:00,342.01,20.83,18.74,3.45,0.0
2020-01-31 16:10:00+00:00,174.01,11.74,18.38,2.97,0.0
2020-01-31 17:10:00+00:00,0.0,0.0,16.96,2.0,0.0
2020-01-31 18:10:00+00:00,0.0,0.0,14.71,2.41,0.0
2020-01-31 19:10:00+00:00,0.0,0.0,14.09,2.28,0.0
2020-01-31 20:10:00+00:00,0.0,0.0,13.44,2.21,0.0
2020-01-31 21:10:00+00:00,0.0,0.0,13.27,2.28,0.0
2020-01-31 22:10:00+00:00,0.0,0.0,11.82,2.0,0.0
2020-01-31 23:10:00+00:00,0.0,0.0,11.67,2.28,0.0
2020-02-01 00:10:00+00:00,0.0,0.0,11.38,2.34,0.0
2020-02-01 01:10:00+00:00,0.0,0.0,11.23,2.28,0.0
2020-02-01 02:10:00+00:00,0.0,0.0,10.95,2.34,0.0
2020-02-01 03:10:00+00:00,0.0,0.0,11.23,2.55,0.0
2020-02-01 04:10:00+00:00,0.0,0.0,11.03,2.34,0.0
2020-02-01 05:10:00+00:00,0.0,0.0,11.08,2.34,0.0
2020-02-01 06:10:00+00:00,0.0,0.0,11.39,2.28,0.0
2020-02-01 07:10:00+00:00,0.0,0.0,11.86,2.48,0.0
2020-02-01 08:10:00+00:00,116.0,10.19,13.12,2.97,0.0
2020-02-01 09:10:00+00:00,188.0,19.57,14.07,3.38,0.0
2020-02-01 10:10:00+00:00,442.01,27.24,17.49,3.03,0.0
2020-02-01 11:10:00+00:00,532.01,32.46,18.61,4.14,0.0
2020-02-01 12:10:00+00:00,573.01,34.53,19.89,5.1,0.0
2020-02-01 13:10:00+00:00,536.01,33.08,20.65,5.45,0.0
2020-02-01 14:10:00+00:00,469.01,28.37,21.04,5.38,0.0
2020-02-01 15:10:00+00:00,336.01,21.09,20.68,4.41,0.0
2020-02-01 16:10:00+00:00,170.01,11.97,20.47,3.24,0.0
2020-02-01 17:10:00+00:00,0.0,0.0,18.56,2.41,0.0
2020-02-01 18:10:00+00:00,0.0,0.0,16.49,2.62,0.0
2020-02-01 19:10:00+00:00,0.0,0.0,15.69,2.48,0.0
2020-02-01 20:10:00+00:00,0.0,0.0,14.84,2.41,0.0
2020-02-01 21:10:00+00:00,0.0,0.0,14.25,2.34,0.0
2020-02-01 22:10:00+00:00,0.0,0.0,13.2,2.48,0.0
2020-02-01 23:10:00+00:00,0.0,0.0,12.93,2.34,0.0
2020-02-02 00:10:00+00:00,0.0,0.0,12.59,2.48,0.0
2020-02-02 01:10:00+00:00,0.0,0.0,12.35,2.48,0.0
2020-02-02 02:10:00+00:00,0.0,0.0,12.27,2.28,0.0
2020-02-02 03:10:00+00:00,0.0,0.0,11.83,2.21,0.0
2020-02-02 04:10:00+00:00,0.0,0.0,11.67,2.07,0.0
2020-02-02 05:10:00+00:00,0.0,0.0,11.39,2.07,0.0
2020-02-02 06:10:00+00:00,0.0,0.0,11.51,2.07,0.0
2020-02-02 07:10:00+00:00,0.0,0.0,11.59,2.14,0.0
2020-02-02 08:10:00+00:00,135.0,10.37,12.86,2.55,0.0
2020-02-02 09:10:00+00:00,265.01,19.78,14.69,2.55,0.0
2020-02-02 10:10:00+00:00,415.01,27.48,17.7,1.03,0.0
2020-02-02 11:10:00+00:00,501.01,32.73,19.31,1.1,0.0
2020-02-02 12:10:00+00:00,556.01,34.82,20.31,1.72,0.0
2020-02-02 13:10:00+00:00,565.01,33.37,20.8,1.38,0.0
2020-02-02 14:10:00+00:00,396.01,28.65,21.24,1.86,0.0
2020-02-02 15:10:00+00:00,333.01,21.34,20.82,1.66,0.0
2020-02-02 16:10:00+00:00,179.01,12.2,21.05,1.24,0.0
2020-02-02 17:10:00+00:00,0.0,0.0,19.88,1.1,0.0
2020-02-02 18:10:00+00:00,0.0,0.0,17.32,1.59,0.0
2020-02-02 19:10:00+00:00,0.0,0.0,15.02,1.52,0.0
2020-02-02 20:10:00+00:00,0.0,0.0,14.07,1.38,0.0
2020-02-02 21:10:00+00:00,0.0,0.0,13.56,1.66,0.0
2020-02-02 22:10:00+00:00,0.0,0.0,12.42,2.07,0.0
2020-02-02 23:10:00+00:00,0.0,0.0,12.24,2.0,0.0
2020-02-03 00:10:00+00:00,0.0,0.0,12.0,2.14,0.0
2020-02-03 01:10:00+00:00,0.0,0.0,11.83,2.0,0.0
2020-02-03 02:10:00+00:00,0.0,0.0,11.19,1.86,0.0
2020-02-03 03:10:00+00:00,0.0,0.0,10.95,1.79,0.0
2020-02-03 04:10:00+00:00,0.0,0.0,11.0,1.79,0.0
2020-02-03 05:10:00+00:00,0.0,0.0,10.86,1.72,0.0
2020-02-03 06:10:00+00:00,0.0,0.0,10.69,1.72,0.0
2020-02-03 07:10:00+00:00,0.0,0.0,10.21,1.72,0.0
2020-02-03 08:10:00+00:00,153.01,10.56,12.55,1.59,0.0
2020-02-03 09:10:00+00:00,324.01,19.99,14.79,1.59,0.0
2020-02-03 10:10:00+00:00,469.01,27.72,20.58,0.69,0.0
2020-02-03 11:10:00+00:00,562.01,33.0,21.7,0.21,0.0
2020-02-03 12:10:00+00:00,599.01,35.11,21.94,0.69,0.0
2020-02-03 13:10:00+00:00,577.01,33.66,21.42,0.9,0.0
2020-02-03 14:10:00+00:00,496.01,28.93,22.25,1.17,0.0
2020-02-03 15:10:00+00:00,355.01,21.6,21.59,1.38,0.0
2020-02-03 16:10:00+00:00,186.01,12.44,21.39,1.1,0.0
2020-02-03 17:10:00+00:00,0.0,0.0,19.18,1.24,0.0
2020-02-03 18:10:00+00:00,0.0,0.0,16.96,0.69,0.0
2020-02-03 19:10:00+00:00,0.0,0.0,13.9,1.52,0.0
2020-02-03 20:10:00+00:00,0.0,0.0,12.99,2.28,0.0
2020-02-03 21:10:00+00:00,0.0,0.0,13.48,2.14,0.0
2020-02-03 22:10:00+00:00,0.0,0.0,12.82,2.21,0.0
2020-02-03 23:10:00+00:00,0.0,0.0,12.42,2.14,0.0
2020-02-04 00:10:00+00:00,0.0,0.0,12.35,2.21,0.0
2020-02-04 01:10:00+00:00,0.0,0.0,12.16,2.28,0.0
2020-02-04 02:10:00+00:00,0.0,0.0,12.2,2.41,0.0
2020-02-04 03:10:00+00:00,0.0,0.0,12.26,2.55,0.0
2020-02-04 04:10:00+00:00,0.0,0.0,12.0,2.76,0.0
2020-02-04 05:10:00+00:00,0.0,0.0,11.76,2.97,0.0
2020-02-04 06:10:00+00:00,0.0,0.0,12.0,3.31,0.0
2020-02-04 07:10:00+00:00,0.0,0.0,11.69,3.66,0.0
2020-02-04 08:10:00+00:00,159.01,10.75,13.98,3.86,0.0
2020-02-04 09:10:00+00:00,334.01,20.21,16.05,4.0,0.0
2020-02-04 10:10:00+00:00,479.01,27.97,20.57,2.62,0.0
2020-02-04 11:10:00+00:00,576.01,33.28,22.4,2.0,0.0
2020-02-04 12:10:00+00:00,613.01,35.4,23.97,2.0,0.0
2020-02-04 13:10:00+00:00,584.01,33.96,24.77,2.34,0.0
2020-02-04 14:10:00+00:00,506.01,29.21,24.81,2.34,0.0
2020-02-04 15:10:00+00:00,366.01,21.86,23.85,2.48,0.0
2020-02-04 16:10:00+00:00,194.01,12.67,23.47,2.07,0.0
2020-02-04 17:10:00+00:00,0.0,0.0,21.25,2.28,0.0
2020-02-04 18:10:00+00:00,0.0,0.0,18.92,2.55,0.0
2020-02-04 19:10:00+00:00,0.0,0.0,18.19,2.97,0.0
2020-02-04 20:10:00+00:00,0.0,0.0,15.7,2.76,0.0
2020-02-04 21:10:00+00:00,0.0,0.0,14.57,2.69,0.0
2020-02-04 22:10:00+00:00,0.0,0.0,13.66,1.52,0.0
2020-02-04 23:10:00+00:00,0.0,0.0,12.73,1.31,0.0
2020-02-05 00:10:00+00:00,0.0,0.0,12.68,1.38,0.0
2020-02-05 01:10:00+00:00,0.0,0.0,12.13,1.79,0.0
2020-02-05 02:10:00+00:00,0.0,0.0,10.77,2.0,0.0
2020-02-05 03:10:00+00:00,0.0,0.0,10.15,2.28,0.0
2020-02-05 04:10:00+00:00,0.0,0.0,9.69,2.34,0.0
2020-02-05 05:10:00+00:00,0.0,0.0,9.8,2.28,0.0
2020-02-05 06:10:00+00:00,0.0,0.0,9.8,2.21,0.0
2020-02-05 07:10:00+00:00,0.0,0.0,10.0,2.21,0.0
2020-02-05 08:10:00+00:00,61.0,10.94,10.01,1.72,0.0
2020-02-05 09:10:00+00:00,119.0,20.43,10.06,2.14,0.0
2020-02-05 10:10:00+00:00,199.0,28.22,11.92,1.17,0.0
2020-02-05 11:10:00+00:00,332.0,33.57,12.92,1.52,0.0
2020-02-05 12:10:00+00:00,385.0,35.71,13.31,2.0,0.0
2020-02-05 13:10:00+00:00,394.0,34.26,13.49,2.48,0.0
2020-02-05 14:10:00+00:00,239.0,29.49,13.29,2.76,0.0
2020-02-05 15:10:00+00:00,243.0,22.12,12.82,2.76,0.0
2020-02-05 16:10:00+00:00,74.0,12.91,12.39,2.83,0.0
2020-02-05 17:10:00+00:00,8.0,2.5,11.48,2.48,0.0
2020-02-05 18:10:00+00:00,0.0,0.0,10.47,1.79,0.0
2020-02-05 19:10:00+00:00,0.0,0.0,9.69,1.1,0.0
2020-02-05 20:10:00+00:00,0.0,0.0,8.7,0.83,0.0
2020-02-05 21:10:00+00:00,0.0,0.0,8.21,0.62,0.0
2020-02-05 22:10:00+00:00,0.0,0.0,8.03,0.62,0.0
2020-02-05 23:10:00+00:00,0.0,0.0,8.18,0.55,0.0
2020-02-06 00:10:00+00:00,0.0,0.0,7.86,0.41,0.0
2020-02-06 01:10:00+00:00,0.0,0.0,7.62,0.34,0.0
2020-02-06 02:10:00+00:00,0.0,0.0,6.72,0.48,0.0
2020-02-06 03:10:00+00:00,0.0,0.0,5.58,0.28,0.0
2020-02-06 04:10:00+00:00,0.0,0.0,5.67,0.55,0.0
2020-02-06 05:10:00+00:00,0.0,0.0,5.17,0.28,0.0
2020-02-06 06:10:00+00:00,0.0,0.0,4.71,0.14,0.0
2020-02-06 07:10:00+00:00,0.0,0.0,4.64,0.14,0.0
2020-02-06 08:10:00+00:00,118.0,11.14,6.45,0.28,0.0
2020-02-06 09:10:00+00:00,220.0,20.66,8.17,0.83,0.0
2020-02-06 10:10:00+00:00,382.01,28.48,11.0,1.24,0.0
2020-02-06 11:10:00+00:00,530.01,33.85,12.32,1.66,0.0
2020-02-06 12:10:00+00:00,532.01,36.01,12.9,1.79,0.0
2020-02-06 13:10:00+00:00,576.01,34.56,13.27,2.0,0.0
2020-02-06 14:10:00+00:00,503.01,29.78,13.5,2.28,0.0
2020-02-06 15:10:00+00:00,366.01,22.38,13.01,2.48,0.0
2020-02-06 16:10:00+00:00,199.01,13.15,12.72,2.34,0.0
2020-02-06 17:10:00+00:00,13.64,2.72,11.19,1.79,0.0
2020-02-06 18:10:00+00:00,0.0,0.0,9.25,1.86,0.0
2020-02-06 19:10:00+00:00,0.0,0.0,8.53,1.93,0.0
2020-02-06 20:10:00+00:00,0.0,0.0,8.69,1.72,0.0
2020-02-06 21:10:00+00:00,0.0,0.0,8.26,0.97,0.0
2020-02-06 22:10:00+00:00,0.0,0.0,7.42,0.34,0.0
2020-02-06 23:10:00+00:00,0.0,0.0,6.57,0.69,0.0
2020-02-07 00:10:00+00:00,0.0,0.0,5.97,0.55,0.0
2020-02-07 01:10:00+00:00,0.0,0.0,5.98,0.69,0.0
2020-02-07 02:10:00+00:00,0.0,0.0,5.95,0.76,0.0
2020-02-07 03:10:00+00:00,0.0,0.0,5.95,0.9,0.0
2020-02-07 04:10:00+00:00,0.0,0.0,5.96,0.97,0.0
2020-02-07 05:10:00+00:00,0.0,0.0,5.63,1.03,0.0
2020-02-07 06:10:00+00:00,0.0,0.0,5.42,0.97,0.0
2020-02-07 07:10:00+00:00,0.0,0.0,5.59,1.1,0.0
2020-02-07 08:10:00+00:00,91.0,11.35,6.92,1.38,0.0
2020-02-07 09:10:00+00:00,195.0,20.89,8.18,1.1,0.0
2020-02-07 10:10:00+00:00,350.0,28.75,10.61,0.48,0.0
2020-02-07 11:10:00+00:00,430.01,34.15,11.73,0.55,0.0
2020-02-07 12:10:00+00:00,341.0,36.32,12.42,0.14,0.0
2020-02-07 13:10:00+00:00,451.01,34.87,13.03,0.41,0.0
2020-02-07 14:10:00+00:00,351.0,30.07,13.55,0.97,0.0
2020-02-07 15:10:00+00:00,345.01,22.65,13.68,1.24,0.0
2020-02-07 16:10:00+00:00,146.0,13.39,13.44,1.52,0.0
2020-02-07 17:10:00+00:00,14.64,2.94,12.05,1.93,0.0
2020-02-07 18:10:00+00:00,0.0,0.0,10.26,1.66,0.0
2020-02-07 19:10:00+00:00,0.0,0.0,8.81,1.86,0.0
2020-02-07 20:10:00+00:00,0.0,0.0,8.59,1.66,0.0
2020-02-07 21:10:00+00:00,0.0,0.0,7.53,1.52,0.0
2020-02-07 22:10:00+00:00,0.0,0.0,7.23,1.66,0.0
2020-02-07 23:10:00+00:00,0.0,0.0,6.94,1.59,0.0
2020-02-08 00:10:00+00:00,0.0,0.0,6.92,1.59,0.0
2020-02-08 01:10:00+00:00,0.0,0.0,6.49,1.52,0.0
2020-02-08 02:10:00+00:00,0.0,0.0,5.62,1.38,0.0
2020-02-08 03:10:00+00:00,0.0,0.0,5.13,1.24,0.0
2020-02-08 04:10:00+00:00,0.0,0.0,4.92,1.17,0.0
2020-02-08 05:10:00+00:00,0.0,0.0,4.87,1.66,0.0
2020-02-08 06:10:00+00:00,0.0,0.0,4.87,1.66,0.0
2020-02-08 07:10:00+00:00,0.0,0.0,5.18,1.59,0.0
2020-02-08 08:10:00+00:00,136.0,11.56,7.13,1.79,0.0
2020-02-08 09:10:00+00:00,326.01,21.13,9.16,1.59,0.0
2020-02-08 10:10:00+00:00,471.01,29.02,13.78,1.1,0.0
2020-02-08 11:10:00+00:00,562.01,34.45,15.39,1.17,0.0
2020-02-08 12:10:00+00:00,585.01,36.64,16.22,1.52,0.0
2020-02-08 13:10:00+00:00,581.01,35.18,16.81,2.0,0.0
2020-02-08 14:10:00+00:00,426.01,30.36,17.0,2.07,0.0
2020-02-08 15:10:00+00:00,319.01,22.91,16.64,1.72,0.0
2020-02-08 16:10:00+00:00,137.0,13.63,16.17,1.66,0.0
2020-02-08 17:10:00+00:00,12.0,3.16,14.48,1.31,0.0
2020-02-08 18:10:00+00:00,0.0,0.0,13.12,2.07,0.0
2020-02-08 19:10:00+00:00,0.0,0.0,12.27,2.07,0.0
2020-02-08 20:10:00+00:00,0.0,0.0,11.46,2.0,0.0
2020-02-08 21:10:00+00:00,0.0,0.0,10.57,1.59,0.0
2020-02-08 22:10:00+00:00,0.0,0.0,10.9,1.52,0.0
2020-02-08 23:10:00+00:00,0.0,0.0,11.06,1.72,0.0
2020-02-09 00:10:00+00:00,0.0,0.0,10.44,1.66,0.0
2020-02-09 01:10:00+00:00,0.0,0.0,10.08,1.38,0.0
2020-02-09 02:10:00+00:00,0.0,0.0,9.76,1.59,0.0
2020-02-09 03:10:00+00:00,0.0,0.0,8.84,1.79,0.0
2020-02-09 04:10:00+00:00,0.0,0.0,9.02,2.0,0.0
2020-02-09 05:10:00+00:00,0.0,0.0,8.92,2.21,0.0
2020-02-09 06:10:00+00:00,0.0,0.0,8.48,1.72,0.0
2020-02-09 07:10:00+00:00,0.0,0.0,7.92,1.79,0.0
2020-02-09 08:10:00+00:00,156.0,11.78,9.02,1.79,0.0
2020-02-09 09:10:00+00:00,331.01,21.37,10.86,1.17,0.0
2020-02-09 10:10:00+00:00,472.01,29.29,13.98,0.76,0.0
2020-02-09 11:10:00+00:00,566.01,34.75,15.07,0.55,0.0
2020-02-09 12:10:00+00:00,613.01,36.95,16.09,1.38,0.0
2020-02-09 13:10:00+00:00,585.01,35.5,16.55,1.93,0.0
2020-02-09 14:10:00+00:00,506.01,30.65,16.78,2.62,0.0
2020-02-09 15:10:00+00:00,371.01,23.18,15.96,2.9,0.0
2020-02-09 16:10:00+00:00,200.01,13.88,15.32,2.9,0.0
2020-02-09 17:10:00+00:00,17.61,3.38,13.94,2.28,0.0
2020-02-09 18:10:00+00:00,0.0,0.0,11.86,1.93,0.0
2020-02-09 19:10:00+00:00,0.0,0.0,11.64,1.86,0.0
2020-02-09 20:10:00+00:00,0.0,0.0,10.74,1.79,0.0
2020-02-09 21:10:00+00:00,0.0,0.0,9.77,1.93,0.0
2020-02-09 22:10:00+00:00,0.0,0.0,9.01,1.79,0.0
2020-02-09 23:10:00+00:00,0.0,0.0,8.63,1.79,0.0
2020-02-10 00:10:00+00:00,0.0,0.0,8.37,1.93,0.0
2020-02-10 01:10:00+00:00,0.0,0.0,7.98,2.14,0.0
2020-02-10 02:10:00+00:00,0.0,0.0,7.86,2.28,0.0
2020-02-10 03:10:00+00:00,0.0,0.0,8.05,2.41,0.0
2020-02-10 04:10:00+00:00,0.0,0.0,7.98,2.41,0.0
2020-02-10 05:10:00+00:00,0.0,0.0,7.81,2.48,0.0
2020-02-10 06:10:00+00:00,0.0,0.0,7.85,2.48,0.0
2020-02-10 07:10:00+00:00,0.0,0.0,7.63,2.34,0.0
2020-02-10 08:10:00+00:00,172.01,12.0,10.08,2.83,0.0
2020-02-10 09:10:00+00:00,342.01,21.62,11.85,2.76,0.0
2020-02-10 10:10:00+00:00,491.01,29.57,15.95,2.83,0.0
2020-02-10 11:10:00+00:00,579.01,35.06,17.63,3.31,0.0
2020-02-10 12:10:00+00:00,620.01,37.28,19.19,3.45,0.0
2020-02-10 13:10:00+00:00,598.01,35.81,20.4,3.59,0.0
2020-02-10 14:10:00+00:00,510.01,30.95,21.19,3.79,0.0
2020-02-10 15:10:00+00:00,376.01,23.45,20.97,3.66,0.0
2020-02-10 16:10:00+00:00,203.01,14.12,20.83,3.24,0.0
2020-02-10 17:10:00+00:00,20.39,3.6,18.82,2.34,0.0
2020-02-10 18:10:00+00:00,0.0,0.0,16.03,2.55,0.0
2020-02-10 19:10:00+00:00,0.0,0.0,14.93,2.41,0.0
2020-02-10 20:10:00+00:00,0.0,0.0,14.37,2.21,0.0
2020-02-10 21:10:00+00:00,0.0,0.0,14.13,2.21,0.0
2020-02-10 22:10:00+00:00,0.0,0.0,12.94,2.41,0.0
2020-02-10 23:10:00+00:00,0.0,0.0,12.6,2.76,0.0
2020-02-11 00:10:00+00:00,0.0,0.0,12.64,2.97,0.0
2020-02-11 01:10:00+00:00,0.0,0.0,12.57,2.76,0.0
2020-02-11 02:10:00+00:00,0.0,0.0,12.27,2.69,0.0
2020-02-11 03:10:00+00:00,0.0,0.0,12.28,2.76,0.0
2020-02-11 04:10:00+00:00,0.0,0.0,12.09,2.62,0.0
2020-02-11 05:10:00+00:00,0.0,0.0,11.8,2.62,0.0
2020-02-11 06:10:00+00:00,0.0,0.0,11.77,2.62,0.0
2020-02-11 07:10:00+00:00,0.0,0.0,11.78,2.55,0.0
2020-02-11 08:10:00+00:00,110.0,12.23,13.13,2.9,0.0
2020-02-11 09:10:00+00:00,341.01,21.88,15.17,2.55,0.0
2020-02-11 10:10:00+00:00,491.01,29.86,19.17,2.07,0.0
2020-02-11 11:10:00+00:00,587.01,35.37,20.59,1.86,0.0
2020-02-11 12:10:00+00:00,611.01,37.6,20.89,1.31,0.0
2020-02-11 13:10:00+00:00,600.01,36.14,21.61,0.55,0.0
2020-02-11 14:10:00+00:00,515.01,31.25,22.52,0.41,0.0
2020-02-11 15:10:00+00:00,367.01,23.72,21.96,0.55,0.0
2020-02-11 16:10:00+00:00,182.0,14.36,21.73,0.69,0.0
2020-02-11 17:10:00+00:00,19.62,3.82,19.15,0.83,0.0
2020-02-11 18:10:00+00:00,0.0,0.0,16.45,0.83,0.0
2020-02-11 19:10:00+00:00,0.0,0.0,15.24,1.38,0.0
2020-02-11 20:10:00+00:00,0.0,0.0,14.36,1.79,0.0
2020-02-11 21:10:00+00:00,0.0,0.0,14.15,1.79,0.0
2020-02-11 22:10:00+00:00,0.0,0.0,12.94,1.66,0.0
2020-02-11 23:10:00+00:00,0.0,0.0,12.52,1.86,0.0
2020-02-12 00:10:00+00:00,0.0,0.0,12.01,1.93,0.0
2020-02-12 01:10:00+00:00,0.0,0.0,11.63,1.79,0.0
2020-02-12 02:10:00+00:00,0.0,0.0,11.47,1.79,0.0
2020-02-12 03:10:00+00:00,0.0,0.0,10.57,1.79,0.0
2020-02-12 04:10:00+00:00,0.0,0.0,10.35,1.79,0.0
2020-02-12 05:10:00+00:00,0.0,0.0,10.27,1.72,0.0
2020-02-12 06:10:00+00:00,0.0,0.0,10.28,1.52,0.0
2020-02-12 07:10:00+00:00,0.0,0.0,10.36,1.52,0.0
2020-02-12 08:10:00+00:00,104.0,12.46,11.31,2.14,0.0
2020-02-12 09:10:00+00:00,288.0,22.13,12.4,1.72,0.0
2020-02-12 10:10:00+00:00,458.01,30.14,15.39,2.07,0.0
2020-02-12 11:10:00+00:00,532.01,35.69,16.58,2.97,0.0
2020-02-12 12:10:00+00:00,555.01,37.93,17.03,3.45,0.0
2020-02-12 13:10:00+00:00,575.01,36.46,16.91,3.45,0.0
2020-02-12 14:10:00+00:00,508.01,31.55,16.28,3.24,0.0
2020-02-12 15:10:00+00:00,356.01,23.99,15.46,2.97,0.0
2020-02-12 16:10:00+00:00,158.0,14.6,15.04,2.41,0.0
2020-02-12 17:10:00+00:00,23.36,4.05,14.13,1.93,0.0
2020-02-12 18:10:00+00:00,0.0,0.0,13.5,1.31,0.0
2020-02-12 19:10:00+00:00,0.0,0.0,12.75,1.17,0.0
2020-02-12 20:10:00+00:00,0.0,0.0,12.51,1.1,0.0
2020-02-12 21:10:00+00:00,0.0,0.0,12.27,1.03,0.0
2020-02-12 22:10:00+00:00,0.0,0.0,11.84,0.9,0.0
2020-02-12 23:10:00+00:00,0.0,0.0,11.46,1.03,0.0
2020-02-13 00:10:00+00:00,0.0,0.0,11.11,0.9,0.0
2020-02-13 01:10:00+00:00,0.0,0.0,11.09,0.97,0.0
2020-02-13 02:10:00+00:00,0.0,0.0,10.82,0.9,0.0
2020-02-13 03:10:00+00:00,0.0,0.0,10.68,0.83,0.0
2020-02-13 04:10:00+00:00,0.0,0.0,10.47,0.76,0.0
2020-02-13 05:10:00+00:00,0.0,0.0,10.04,0.83,0.0
2020-02-13 06:10:00+00:00,0.0,0.0,9.92,1.1,0.0
2020-02-13 07:10:00+00:00,0.0,0.0,9.86,1.17,0.0
2020-02-13 08:10:00+00:00,126.0,12.69,10.63,1.59,0.0
2020-02-13 09:10:00+00:00,324.01,22.4,11.37,1.59,0.0
2020-02-13 10:10:00+00:00,470.01,30.44,14.71,2.28,0.0
2020-02-13 11:10:00+00:00,583.01,36.01,16.85,2.97,0.0
2020-02-13 12:10:00+00:00,583.01,38.27,17.66,2.97,0.0
2020-02-13 13:10:00+00:00,576.01,36.79,18.28,2.69,0.0
2020-02-13 14:10:00+00:00,513.01,31.85,18.71,2.69,0.0
2020-02-13 15:10:00+00:00,381.01,24.26,18.63,2.76,0.0
2020-02-13 16:10:00+00:00,211.01,14.85,18.72,2.83,0.0
2020-02-13 17:10:00+00:00,26.9,4.27,17.27,1.72,0.0
2020-02-13 18:10:00+00:00,0.0,0.0,15.11,2.21,0.0
2020-02-13 19:10:00+00:00,0.0,0.0,12.98,2.28,0.0
2020-02-13 20:10:00+00:00,0.0,0.0,12.6,2.41,0.0
2020-02-13 21:10:00+00:00,0.0,0.0,12.36,2.41,0.0
2020-02-13 22:10:00+00:00,0.0,0.0,11.09,2.62,0.0
2020-02-13 23:10:00+00:00,0.0,0.0,10.72,2.76,0.0
2020-02-14 00:10:00+00:00,0.0,0.0,10.6,2.69,0.0
2020-02-14 01:10:00+00:00,0.0,0.0,10.29,2.48,0.0
2020-02-14 02:10:00+00:00,0.0,0.0,10.04,2.28,0.0
2020-02-14 03:10:00+00:00,0.0,0.0,9.44,2.14,0.0
2020-02-14 04:10:00+00:00,0.0,0.0,9.16,1.86,0.0
2020-02-14 05:10:00+00:00,0.0,0.0,8.71,1.72,0.0
2020-02-14 06:10:00+00:00,0.0,0.0,8.55,1.52,0.0
2020-02-14 07:10:00+00:00,0.0,0.0,8.43,1.38,0.0
2020-02-14 08:10:00+00:00,189.01,12.93,10.41,1.38,0.0
2020-02-14 09:10:00+00:00,365.01,22.66,12.67,0.9,0.0
2020-02-14 10:10:00+00:00,510.01,30.74,16.64,1.1,0.0
2020-02-14 11:10:00+00:00,611.01,36.33,17.45,1.59,0.0
2020-02-14 12:10:00+00:00,652.01,38.61,17.99,1.59,0.0
2020-02-14 13:10:00+00:00,624.01,37.12,18.35,1.72,0.0
2020-02-14 14:10:00+00:00,535.01,32.16,18.53,1.93,0.0
2020-02-14 15:10:00+00:00,399.01,24.53,18.02,2.07,0.0
2020-02-14 16:10:00+00:00,223.01,15.09,17.44,2.14,0.0
2020-02-14 17:10:00+00:00,30.41,4.49,15.8,1.72,0.0
2020-02-14 18:10:00+00:00,0.0,0.0,13.91,1.52,0.0
2020-02-14 19:10:00+00:00,0.0,0.0,12.93,0.62,0.0
2020-02-14 20:10:00+00:00,0.0,0.0,12.04,0.34,0.0
2020-02-14 21:10:00+00:00,0.0,0.0,11.17,0.62,0.0
2020-02-14 22:10:00+00:00,0.0,0.0,9.53,1.31,0.0
2020-02-14 23:10:00+00:00,0.0,0.0,8.94,1.38,0.0
2020-02-15 00:10:00+00:00,0.0,0.0,8.61,1.24,0.0
2020-02-15 01:10:00+00:00,0.0,0.0,8.44,1.17,0.0
2020-02-15 02:10:00+00:00,0.0,0.0,7.78,1.03,0.0
2020-02-15 03:10:00+00:00,0.0,0.0,7.12,0.69,0.0
2020-02-15 04:10:00+00:00,0.0,0.0,7.1,0.41,0.0
2020-02-15 05:10:00+00:00,0.0,0.0,7.56,0.69,0.0
2020-02-15 06:10:00+00:00,0.0,0.0,7.8,0.69,0.0
2020-02-15 07:10:00+00:00,0.0,0.0,7.51,0.69,0.0
2020-02-15 08:10:00+00:00,193.01,13.17,9.54,0.55,0.0
2020-02-15 09:10:00+00:00,371.01,22.94,10.66,0.21,0.0
2020-02-15 10:10:00+00:00,514.01,31.04,14.48,0.48,0.0
2020-02-15 11:10:00+00:00,608.01,36.66,16.23,1.31,0.0
2020-02-15 12:10:00+00:00,646.01,38.95,17.07,1.86,0.0
2020-02-15 13:10:00+00:00,624.01,37.45,17.33,2.07,0.0
2020-02-15 14:10:00+00:00,533.01,32.46,17.8,2.07,0.0
2020-02-15 15:10:00+00:00,401.01,24.81,17.38,1.79,0.0
2020-02-15 16:10:00+00:00,224.01,15.34,16.69,2.48,0.0
2020-02-15 17:10:00+00:00,31.59,4.71,15.13,2.55,0.0
2020-02-15 18:10:00+00:00,0.0,0.0,13.4,1.59,0.0
2020-02-15 19:10:00+00:00,0.0,0.0,11.87,1.24,0.0
2020-02-15 20:10:00+00:00,0.0,0.0,10.78,1.52,0.0
2020-02-15 21:10:00+00:00,0.0,0.0,10.2,1.72,0.0
2020-02-15 22:10:00+00:00,0.0,0.0,9.69,1.72,0.0
2020-02-15 23:10:00+00:00,0.0,0.0,9.63,1.66,0.0
2020-02-16 00:10:00+00:00,0.0,0.0,9.32,1.59,0.0
2020-02-16 01:10:00+00:00,0.0,0.0,9.17,1.52,0.0
2020-02-16 02:10:00+00:00,0.0,0.0,8.55,1.38,0.0
2020-02-16 03:10:00+00:00,0.0,0.0,7.96,1.31,0.0
2020-02-16 04:10:00+00:00,0.0,0.0,7.69,1.17,0.0
2020-02-16 05:10:00+00:00,0.0,0.0,8.13,1.31,0.0
2020-02-16 06:10:00+00:00,0.0,0.0,8.11,1.66,0.0
2020-02-16 07:10:00+00:00,5.0,2.6,7.99,1.79,0.0
2020-02-16 08:10:00+00:00,118.0,13.42,10.52,1.72,0.0
2020-02-16 09:10:00+00:00,266.0,23.21,10.95,1.31,0.0
2020-02-16 10:10:00+00:00,291.0,31.34,14.31,0.97,0.0
2020-02-16 11:10:00+00:00,566.01,37.0,15.98,1.38,0.0
2020-02-16 12:10:00+00:00,629.01,39.3,17.57,1.79,0.0
2020-02-16 13:10:00+00:00,612.01,37.78,18.49,2.14,0.0
2020-02-16 14:10:00+00:00,528.01,32.77,19.2,2.62,0.0
2020-02-16 15:10:00+00:00,401.01,25.08,18.29,2.9,0.0
2020-02-16 16:10:00+00:00,225.01,15.58,17.41,2.9,0.0
2020-02-16 17:10:00+00:00,43.25,4.93,15.67,2.34,0.0
2020-02-16 18:10:00+00:00,0.0,0.0,13.16,1.59,0.0
2020-02-16 19:10:00+00:00,0.0,0.0,12.47,1.52,0.0
2020-02-16 20:10:00+00:00,0.0,0.0,11.93,1.52,0.0
2020-02-16 21:10:00+00:00,0.0,0.0,11.0,1.86,0.0
2020-02-16 22:10:00+00:00,0.0,0.0,10.34,1.59,0.0
2020-02-16 23:10:00+00:00,0.0,0.0,10.08,1.52,0.0
2020-02-17 00:10:00+00:00,0.0,0.0,9.71,1.52,0.0
2020-02-17 01:10:00+00:00,0.0,0.0,9.49,1.52,0.0
2020-02-17 02:10:00+00:00,0.0,0.0,9.07,1.79,0.0
2020-02-17 03:10:00+00:00,0.0,0.0,8.79,1.38,0.0
2020-02-17 04:10:00+00:00,0.0,0.0,8.52,2.0,0.0
2020-02-17 05:10:00+00:00,0.0,0.0,8.38,1.52,0.0
2020-02-17 06:10:00+00:00,0.0,0.0,8.4,1.79,0.0
2020-02-17 07:10:00+00:00,8.0,2.83,7.94,1.79,0.0
2020-02-17 08:10:00+00:00,128.0,13.68,9.93,2.21,0.0
2020-02-17 09:10:00+00:00,264.0,23.49,11.8,1.79,0.0
2020-02-17 10:10:00+00:00,484.01,31.66,16.07,2.0,0.0
2020-02-17 11:10:00+00:00,598.01,37.33,18.83,2.21,0.0
2020-02-17 12:10:00+00:00,577.01,39.64,19.83,2.0,0.0
2020-02-17 13:10:00+00:00,617.01,38.12,20.7,1.79,0.0
2020-02-17 14:10:00+00:00,549.01,33.08,20.71,1.79,0.0
2020-02-17 15:10:00+00:00,416.01,25.35,20.07,1.72,0.0
2020-02-17 16:10:00+00:00,242.01,15.83,20.39,1.1,0.0
2020-02-17 17:10:00+00:00,50.7,5.16,18.02,0.62,0.0
2020-02-17 18:10:00+00:00,0.0,0.0,15.44,1.31,0.0
2020-02-17 19:10:00+00:00,0.0,0.0,14.45,2.14,0.0
2020-02-17 20:10:00+00:00,0.0,0.0,14.55,2.14,0.0
2020-02-17 21:10:00+00:00,0.0,0.0,14.51,1.93,0.0
2020-02-17 22:10:00+00:00,0.0,0.0,12.95,2.0,0.0
2020-02-17 23:10:00+00:00,0.0,0.0,12.81,2.34,0.0
2020-02-18 00:10:00+00:00,0.0,0.0,12.54,2.62,0.0
2020-02-18 01:10:00+00:00,0.0,0.0,12.45,2.9,0.0
2020-02-18 02:10:00+00:00,0.0,0.0,12.04,3.66,0.0
2020-02-18 03:10:00+00:00,0.0,0.0,11.96,4.0,0.0
2020-02-18 04:10:00+00:00,0.0,0.0,11.57,3.59,0.0
2020-02-18 05:10:00+00:00,0.0,0.0,11.42,3.24,0.0
2020-02-18 06:10:00+00:00,0.0,0.0,11.17,2.69,0.0
2020-02-18 07:10:00+00:00,4.0,3.07,11.14,2.28,0.0
2020-02-18 08:10:00+00:00,56.0,13.93,11.54,2.69,0.0
2020-02-18 09:10:00+00:00,93.0,23.77,11.48,3.17,0.0
2020-02-18 10:10:00+00:00,115.0,31.97,12.09,2.97,0.0
2020-02-18 11:10:00+00:00,156.0,37.68,12.32,2.76,0.0
2020-02-18 12:10:00+00:00,86.0,40.0,12.45,3.03,0.0
2020-02-18 13:10:00+00:00,117.0,38.46,12.71,3.03,0.0
2020-02-18 14:10:00+00:00,96.0,33.39,12.52,2.9,0.0
2020-02-18 15:10:00+00:00,90.0,25.63,12.36,2.9,0.0
2020-02-18 16:10:00+00:00,53.0,16.07,12.48,2.62,0.0
2020-02-18 17:10:00+00:00,11.0,5.38,11.81,2.28,0.0
2020-02-18 18:10:00+00:00,0.0,0.0,11.37,1.79,0.0
2020-02-18 19:10:00+00:00,0.0,0.0,11.19,1.38,0.0
2020-02-18 20:10:00+00:00,0.0,0.0,11.01,1.59,0.0
2020-02-18 21:10:00+00:00,0.0,0.0,10.84,1.72,0.0
2020-02-18 22:10:00+00:00,0.0,0.0,10.35,1.52,0.0
2020-02-18 23:10:00+00:00,0.0,0.0,10.3,1.24,0.0
2020-02-19 00:10:00+00:00,0.0,0.0,10.35,1.1,0.0
2020-02-19 01:10:00+00:00,0.0,0.0,10.28,1.03,0.0
2020-02-19 02:10:00+00:00,0.0,0.0,10.1,0.97,0.0
2020-02-19 03:10:00+00:00,0.0,0.0,10.01,0.9,0.0
2020-02-19 04:10:00+00:00,0.0,0.0,9.94,0.97,0.0
2020-02-19 05:10:00+00:00,0.0,0.0,9.94,1.17,0.0
2020-02-19 06:10:00+00:00,0.0,0.0,9.82,1.1,0.0
2020-02-19 07:10:00+00:00,13.84,3.31,9.69,0.97,0.0
2020-02-19 08:10:00+00:00,163.0,14.19,10.75,0.34,0.0
2020-02-19 09:10:00+00:00,371.01,24.06,11.25,0.28,0.0
2020-02-19 10:10:00+00:00,441.01,32.29,13.16,0.48,0.0
2020-02-19 11:10:00+00:00,471.01,38.02,14.03,0.9,0.0
2020-02-19 12:10:00+00:00,295.0,40.35,14.57,2.55,0.0
2020-02-19 13:10:00+00:00,315.0,38.8,14.67,2.14,0.0
2020-02-19 14:10:00+00:00,374.0,33.7,14.69,2.9,0.0
2020-02-19 15:10:00+00:00,360.01,25.9,14.36,3.1,0.0
2020-02-19 16:10:00+00:00,239.01,16.31,13.63,2.97,0.0
2020-02-19 17:10:00+00:00,54.27,5.6,12.38,2.76,0.0
2020-02-19 18:10:00+00:00,0.0,0.0,11.4,1.93,0.0
2020-02-19 19:10:00+00:00,0.0,0.0,10.43,1.31,0.0
2020-02-19 20:10:00+00:00,0.0,0.0,9.52,0.97,0.0
2020-02-19 21:10:00+00:00,0.0,0.0,8.96,1.17,0.0
2020-02-19 22:10:00+00:00,0.0,0.0,8.17,0.9,0.0
2020-02-19 23:10:00+00:00,0.0,0.0,7.51,1.38,0.0
2020-02-20 00:10:00+00:00,0.0,0.0,7.36,1.59,0.0
2020-02-20 01:10:00+00:00,0.0,0.0,6.93,1.59,0.0
2020-02-20 02:10:00+00:00,0.0,0.0,7.11,1.66,0.0
2020-02-20 03:10:00+00:00,0.0,0.0,6.43,1.52,0.0
2020-02-20 04:10:00+00:00,0.0,0.0,6.42,1.52,0.0
2020-02-20 05:10:00+00:00,0.0,0.0,5.71,1.24,0.0
2020-02-20 06:10:00+00:00,0.0,0.0,5.72,1.24,0.0
2020-02-20 07:10:00+00:00,22.12,3.55,5.75,1.38,0.0
2020-02-20 08:10:00+00:00,220.01,14.46,7.73,1.17,0.0
2020-02-20 09:10:00+00:00,408.01,24.35,9.27,0.34,0.0
2020-02-20 10:10:00+00:00,554.01,32.61,13.18,0.28,0.0
2020-02-20 11:10:00+00:00,654.01,38.37,14.46,1.24,0.0
2020-02-20 12:10:00+00:00,697.01,40.71,15.18,1.86,0.0
2020-02-20 13:10:00+00:00,671.01,39.15,15.61,2.21,0.0
2020-02-20 14:10:00+00:00,579.01,34.01,15.86,2.48,0.0
2020-02-20 15:10:00+00:00,441.01,26.18,15.64,2.48,0.0
2020-02-20 16:10:00+00:00,260.01,16.56,15.2,2.41,0.0
2020-02-20 17:10:00+00:00,70.0,5.82,13.77,2.21,0.0
2020-02-20 18:10:00+00:00,0.0,0.0,11.54,2.28,0.0
2020-02-20 19:10:00+00:00,0.0,0.0,11.09,1.17,0.0
2020-02-20 20:10:00+00:00,0.0,0.0,10.29,0.21,0.0
2020-02-20 21:10:00+00:00,0.0,0.0,9.18,0.69,0.0
2020-02-20 22:10:00+00:00,0.0,0.0,6.79,1.66,0.0
2020-02-20 23:10:00+00:00,0.0,0.0,6.82,1.93,0.0
2020-02-21 00:10:00+00:00,0.0,0.0,6.35,1.24,0.0
2020-02-21 01:10:00+00:00,0.0,0.0,5.79,1.03,0.0
2020-02-21 02:10:00+00:00,0.0,0.0,5.27,0.97,0.0
2020-02-21 03:10:00+00:00,0.0,0.0,4.88,1.72,0.0
2020-02-21 04:10:00+00:00,0.0,0.0,5.16,2.28,0.0
2020-02-21 05:10:00+00:00,0.0,0.0,5.3,2.34,0.0
2020-02-21 06:10:00+00:00,0.0,0.0,5.27,2.48,0.0
2020-02-21 07:10:00+00:00,13.0,3.8,5.35,2.34,0.0
2020-02-21 08:10:00+00:00,164.0,14.73,7.31,2.28,0.0
2020-02-21 09:10:00+00:00,309.0,24.65,8.19,1.72,0.0
2020-02-21 10:10:00+00:00,463.01,32.94,13.11,0.97,0.0
2020-02-21 11:10:00+00:00,645.01,38.72,14.82,1.38,0.0
2020-02-21 12:10:00+00:00,694.01,41.07,15.58,2.0,0.0
2020-02-21 13:10:00+00:00,675.01,39.49,15.96,2.14,0.0
2020-02-21 14:10:00+00:00,583.01,34.32,16.29,2.0,0.0
2020-02-21 15:10:00+00:00,431.01,26.45,15.86,2.14,0.0
2020-02-21 16:10:00+00:00,254.01,16.8,15.37,2.14,0.0
2020-02-21 17:10:00+00:00,71.0,6.04,14.05,1.79,0.0
2020-02-21 18:10:00+00:00,0.0,0.0,12.28,1.59,0.0
2020-02-21 19:10:00+00:00,0.0,0.0,11.62,0.97,0.0
2020-02-21 20:10:00+00:00,0.0,0.0,10.1,0.41,0.0
2020-02-21 21:10:00+00:00,0.0,0.0,9.37,0.9,0.0
2020-02-21 22:10:00+00:00,0.0,0.0,6.43,1.52,0.0
2020-02-21 23:10:00+00:00,0.0,0.0,5.89,1.52,0.0
2020-02-22 00:10:00+00:00,0.0,0.0,5.82,1.31,0.0
2020-02-22 01:10:00+00:00,0.0,0.0,5.76,1.03,0.0
2020-02-22 02:10:00+00:00,0.0,0.0,5.24,0.97,0.0
2020-02-22 03:10:00+00:00,0.0,0.0,4.61,1.03,0.0
2020-02-22 04:10:00+00:00,0.0,0.0,4.48,1.03,0.0
2020-02-22 05:10:00+00:00,0.0,0.0,4.06,1.03,0.0
2020-02-22 06:10:00+00:00,0.0,0.0,4.36,0.97,0.0
2020-02-22 07:10:00+00:00,27.6,4.06,5.5,0.83,0.0
2020-02-22 08:10:00+00:00,231.01,15.0,8.2,0.97,0.0
2020-02-22 09:10:00+00:00,419.01,24.95,10.19,0.41,0.0
2020-02-22 10:10:00+00:00,572.01,33.26,14.68,0.76,0.0
2020-02-22 11:10:00+00:00,674.01,39.08,16.34,0.83,0.0
2020-02-22 12:10:00+00:00,709.01,41.44,17.71,1.31,0.0
2020-02-22 13:10:00+00:00,683.01,39.84,18.31,1.59,0.0
2020-02-22 14:10:00+00:00,593.01,34.63,18.66,1.93,0.0
2020-02-22 15:10:00+00:00,455.01,26.73,18.05,2.21,0.0
2020-02-22 16:10:00+00:00,272.01,17.04,17.43,2.28,0.0
2020-02-22 17:10:00+00:00,78.0,6.26,15.67,1.66,0.0
2020-02-22 18:10:00+00:00,0.0,0.0,13.8,1.31,0.0
2020-02-22 19:10:00+00:00,0.0,0.0,13.05,0.28,0.0
2020-02-22 20:10:00+00:00,0.0,0.0,11.16,0.9,0.0
2020-02-22 21:10:00+00:00,0.0,0.0,9.41,1.24,0.0
2020-02-22 22:10:00+00:00,0.0,0.0,7.64,1.31,0.0
2020-02-22 23:10:00+00:00,0.0,0.0,7.14,1.17,0.0
2020-02-23 00:10:00+00:00,0.0,0.0,6.6,1.38,0.0
2020-02-23 01:10:00+00:00,0.0,0.0,6.71,1.31,0.0
2020-02-23 02:10:00+00:00,0.0,0.0,5.9,1.24,0.0
2020-02-23 03:10:00+00:00,0.0,0.0,5.13,0.97,0.0
2020-02-23 04:10:00+00:00,0.0,0.0,5.11,1.17,0.0
2020-02-23 05:10:00+00:00,0.0,0.0,4.82,1.1,0.0
2020-02-23 06:10:00+00:00,0.0,0.0,4.91,1.24,0.0
2020-02-23 07:10:00+00:00,41.05,4.31,4.86,1.31,0.0
2020-02-23 08:10:00+00:00,240.01,15.28,8.07,1.66,0.0
2020-02-23 09:10:00+00:00,428.01,25.25,10.33,1.03,0.0
2020-02-23 10:10:00+00:00,580.01,33.6,15.35,1.31,0.0
2020-02-23 11:10:00+00:00,681.01,39.44,17.4,1.59,0.0
2020-02-23 12:10:00+00:00,728.01,41.8,18.5,1.59,0.0
2020-02-23 13:10:00+00:00,701.01,40.19,19.13,1.72,0.0
2020-02-23 14:10:00+00:00,603.01,34.95,19.6,1.93,0.0
2020-02-23 15:10:00+00:00,461.01,27.0,18.84,2.41,0.0
2020-02-23 16:10:00+00:00,281.01,17.29,17.85,2.48,0.0
2020-02-23 17:10:00+00:00,81.0,6.48,16.28,1.93,0.0
2020-02-23 18:10:00+00:00,0.0,0.0,13.06,1.72,0.0
2020-02-23 19:10:00+00:00,0.0,0.0,11.34,1.52,0.0
2020-02-23 20:10:00+00:00,0.0,0.0,9.38,1.86,0.0
2020-02-23 21:10:00+00:00,0.0,0.0,8.62,2.28,0.0
2020-02-23 22:10:00+00:00,0.0,0.0,7.44,2.14,0.0
2020-02-23 23:10:00+00:00,0.0,0.0,7.23,2.0,0.0
2020-02-24 00:10:00+00:00,0.0,0.0,7.1,1.86,0.0
2020-02-24 01:10:00+00:00,0.0,0.0,6.67,1.86,0.0
2020-02-24 02:10:00+00:00,0.0,0.0,6.43,1.79,0.0
2020-02-24 03:10:00+00:00,0.0,0.0,5.71,1.66,0.0
2020-02-24 04:10:00+00:00,0.0,0.0,5.54,1.52,0.0
2020-02-24 05:10:00+00:00,0.0,0.0,5.65,1.38,0.0
2020-02-24 06:10:00+00:00,0.0,0.0,7.03,1.17,0.0
2020-02-24 07:10:00+00:00,44.61,4.57,8.08,1.1,0.0
2020-02-24 08:10:00+00:00,246.01,15.56,10.46,0.97,0.0
2020-02-24 09:10:00+00:00,435.01,25.55,12.29,0.76,0.0
2020-02-24 10:10:00+00:00,587.01,33.93,17.32,1.24,0.0
2020-02-24 11:10:00+00:00,689.01,39.8,18.71,2.0,0.0
2020-02-24 12:10:00+00:00,724.01,42.17,19.77,2.07,0.0
2020-02-24 13:10:00+00:00,701.01,40.54,20.32,2.07,0.0
2020-02-24 14:10:00+00:00,607.01,35.26,20.8,2.55,0.0
2020-02-24 15:10:00+00:00,467.01,27.28,20.55,2.9,0.0
2020-02-24 16:10:00+00:00,282.01,17.53,20.02,2.97,0.0
2020-02-24 17:10:00+00:00,84.0,6.69,17.94,2.21,0.0
2020-02-24 18:10:00+00:00,0.0,0.0,14.3,2.21,0.0
2020-02-24 19:10:00+00:00,0.0,0.0,13.0,1.93,0.0
2020-02-24 20:10:00+00:00,0.0,0.0,11.73,2.14,0.0
2020-02-24 21:10:00+00:00,0.0,0.0,11.2,2.34,0.0
2020-02-24 22:10:00+00:00,0.0,0.0,9.75,2.55,0.0
2020-02-24 23:10:00+00:00,0.0,0.0,9.31,2.21,0.0
2020-02-25 00:10:00+00:00,0.0,0.0,9.57,2.28,0.0
2020-02-25 01:10:00+00:00,0.0,0.0,9.68,2.34,0.0
2020-02-25 02:10:00+00:00,0.0,0.0,9.59,2.55,0.0
2020-02-25 03:10:00+00:00,0.0,0.0,9.8,2.69,0.0
2020-02-25 04:10:00+00:00,0.0,0.0,9.93,2.69,0.0
2020-02-25 05:10:00+00:00,0.0,0.0,9.48,2.69,0.0
2020-02-25 06:10:00+00:00,0.0,0.0,9.93,2.97,0.0
2020-02-25 07:10:00+00:00,48.11,4.84,10.29,3.17,0.0
2020-02-25 08:10:00+00:00,215.0,15.84,13.82,3.66,0.0
2020-02-25 09:10:00+00:00,415.01,25.86,14.86,4.0,0.0
2020-02-25 10:10:00+00:00,584.01,34.27,18.78,4.69,0.0
2020-02-25 11:10:00+00:00,677.01,40.16,21.11,4.48,0.0
2020-02-25 12:10:00+00:00,715.01,42.54,22.81,4.48,0.0
2020-02-25 13:10:00+00:00,567.01,40.89,23.54,4.41,0.0
2020-02-25 14:10:00+00:00,610.01,35.57,24.14,4.83,0.0
2020-02-25 15:10:00+00:00,468.01,27.55,23.55,4.48,0.0
2020-02-25 16:10:00+00:00,251.0,17.77,23.08,4.0,0.0
2020-02-25 17:10:00+00:00,48.0,6.91,21.88,3.31,0.0
2020-02-25 18:10:00+00:00,0.0,0.0,20.03,3.24,0.0
2020-02-25 19:10:00+00:00,0.0,0.0,19.15,2.34,0.0
2020-02-25 20:10:00+00:00,0.0,0.0,17.71,2.62,0.0
2020-02-25 21:10:00+00:00,0.0,0.0,17.09,3.52,0.0
2020-02-25 22:10:00+00:00,0.0,0.0,15.43,4.14,0.0
2020-02-25 23:10:00+00:00,0.0,0.0,14.75,4.07,0.0
2020-02-26 00:10:00+00:00,0.0,0.0,14.45,4.0,0.0
2020-02-26 01:10:00+00:00,0.0,0.0,13.66,3.93,0.0
2020-02-26 02:10:00+00:00,0.0,0.0,12.92,3.93,0.0
2020-02-26 03:10:00+00:00,0.0,0.0,12.49,3.72,0.0
2020-02-26 04:10:00+00:00,0.0,0.0,12.05,4.0,0.0
2020-02-26 05:10:00+00:00,0.0,0.0,11.59,4.14,0.0
2020-02-26 06:10:00+00:00,0.0,0.0,11.25,4.14,0.0
2020-02-26 07:10:00+00:00,44.41,5.11,10.89,3.93,0.0
2020-02-26 08:10:00+00:00,229.0,16.12,12.91,4.21,0.0
2020-02-26 09:10:00+00:00,412.01,26.18,13.52,4.69,0.0
2020-02-26 10:10:00+00:00,572.01,34.61,16.85,4.69,0.0
2020-02-26 11:10:00+00:00,677.01,40.53,18.35,4.83,0.0
2020-02-26 12:10:00+00:00,707.01,42.92,19.46,4.41,0.0
2020-02-26 13:10:00+00:00,688.01,41.24,20.01,3.59,0.0
2020-02-26 14:10:00+00:00,587.01,35.89,20.56,2.83,0.0
2020-02-26 15:10:00+00:00,453.01,27.83,20.19,2.0,0.0
2020-02-26 16:10:00+00:00,284.01,18.01,19.84,1.1,0.0
2020-02-26 17:10:00+00:00,83.0,7.13,18.3,0.97,0.0
2020-02-26 18:10:00+00:00,0.0,0.0,14.97,1.59,0.0
2020-02-26 19:10:00+00:00,0.0,0.0,13.46,1.24,0.0
2020-02-26 20:10:00+00:00,0.0,0.0,13.01,0.28,0.0
2020-02-26 21:10:00+00:00,0.0,0.0,11.51,1.24,0.0
2020-02-26 22:10:00+00:00,0.0,0.0,10.2,1.79,0.0
2020-02-26 23:10:00+00:00,0.0,0.0,9.78,1.79,0.0
2020-02-27 00:10:00+00:00,0.0,0.0,9.5,2.07,0.0
2020-02-27 01:10:00+00:00,0.0,0.0,9.51,2.14,0.0
2020-02-27 02:10:00+00:00,0.0,0.0,9.19,2.34,0.0
2020-02-27 03:10:00+00:00,0.0,0.0,8.75,2.28,0.0
2020-02-27 04:10:00+00:00,0.0,0.0,8.53,2.21,0.0
2020-02-27 05:10:00+00:00,0.0,0.0,8.11,2.07,0.0
2020-02-27 06:10:00+00:00,0.0,0.0,7.92,1.93,0.0
2020-02-27 07:10:00+00:00,54.2,5.38,7.81,2.07,0.0
2020-02-27 08:10:00+00:00,254.01,16.41,11.57,2.69,0.0
2020-02-27 09:10:00+00:00,441.01,26.49,13.17,2.83,0.0
2020-02-27 10:10:00+00:00,591.01,34.96,16.69,3.52,0.0
2020-02-27 11:10:00+00:00,669.01,40.9,18.27,4.41,0.0
2020-02-27 12:10:00+00:00,718.01,43.3,19.83,4.34,0.0
2020-02-27 13:10:00+00:00,698.01,41.6,21.21,3.72,0.0
2020-02-27 14:10:00+00:00,609.01,36.2,22.26,3.38,0.0
2020-02-27 15:10:00+00:00,468.01,28.1,22.1,3.1,0.0
2020-02-27 16:10:00+00:00,289.01,18.25,21.63,2.76,0.0
2020-02-27 17:10:00+00:00,91.0,7.34,20.32,1.66,0.0
2020-02-27 18:10:00+00:00,0.0,0.0,17.79,2.41,0.0
2020-02-27 19:10:00+00:00,0.0,0.0,16.53,2.69,0.0
2020-02-27 20:10:00+00:00,0.0,0.0,16.47,2.55,0.0
2020-02-27 21:10:00+00:00,0.0,0.0,16.4,2.48,0.0
2020-02-27 22:10:00+00:00,0.0,0.0,14.99,2.83,0.0
2020-02-27 23:10:00+00:00,0.0,0.0,15.4,3.03,0.0
2020-02-28 00:10:00+00:00,0.0,0.0,15.34,3.1,0.0
2020-02-28 01:10:00+00:00,0.0,0.0,14.77,3.1,0.0
2020-02-28 02:10:00+00:00,0.0,0.0,14.12,2.97,0.0
2020-02-28 03:10:00+00:00,0.0,0.0,12.97,2.9,0.0
2020-02-28 04:10:00+00:00,0.0,0.0,12.42,2.62,0.0
2020-02-28 05:10:00+00:00,0.0,0.0,11.65,2.48,0.0
2020-02-28 06:10:00+00:00,0.0,0.0,10.63,2.34,0.0
2020-02-28 07:10:00+00:00,51.23,5.65,10.26,2.07,0.0
2020-02-28 08:10:00+00:00,237.0,16.71,13.26,2.14,0.0
2020-02-28 09:10:00+00:00,420.01,26.81,15.34,1.1,0.0
2020-02-28 10:10:00+00:00,524.01,35.31,19.63,1.31,0.0
2020-02-28 11:10:00+00:00,657.01,41.27,20.39,2.76,0.0
2020-02-28 12:10:00+00:00,689.01,43.67,20.35,3.38,0.0
2020-02-28 13:10:00+00:00,664.01,41.95,19.96,3.72,0.0
2020-02-28 14:10:00+00:00,563.01,36.52,19.87,4.07,0.0
2020-02-28 15:10:00+00:00,411.01,28.37,18.82,4.21,0.0
2020-02-28 16:10:00+00:00,244.0,18.49,18.16,4.0,0.0
2020-02-28 17:10:00+00:00,78.0,7.56,16.4,2.97,0.0
2020-02-28 18:10:00+00:00,0.0,0.0,14.44,1.31,0.0
2020-02-28 19:10:00+00:00,0.0,0.0,13.09,1.03,0.0
2020-02-28 20:10:00+00:00,0.0,0.0,12.16,0.34,0.0
2020-02-28 21:10:00+00:00,0.0,0.0,11.84,0.69,0.0
2020-02-28 22:10:00+00:00,0.0,0.0,10.29,1.31,0.0
2020-02-28 23:10:00+00:00,0.0,0.0,9.88,1.72,0.0
2020-02-29 00:10:00+00:00,0.0,0.0,9.33,1.79,0.0
2020-02-29 01:10:00+00:00,0.0,0.0,8.93,1.52,0.0
2020-02-29 02:10:00+00:00,0.0,0.0,8.61,1.66,0.0
2020-02-29 03:10:00+00:00,0.0,0.0,8.23,1.72,0.0
2020-02-29 04:10:00+00:00,0.0,0.0,8.01,1.79,0.0
2020-02-29 05:10:00+00:00,0.0,0.0,8.02,1.93,0.0
2020-02-29 06:10:00+00:00,0.0,0.0,7.99,2.07,0.0
2020-02-29 07:10:00+00:00,47.95,5.65,8.35,1.93,0.0
2020-02-29 08:10:00+00:00,234.0,16.71,12.27,2.0,0.0
2020-02-29 09:10:00+00:00,354.0,26.81,13.95,1.93,0.0
2020-02-29 10:10:00+00:00,557.01,35.31,17.26,2.69,0.0
2020-02-29 11:10:00+00:00,687.01,41.27,19.2,3.38,0.0
2020-02-29 12:10:00+00:00,713.01,43.67,20.75,3.79,0.0
2020-02-29 13:10:00+00:00,678.01,41.95,21.82,4.55,0.0
2020-02-29 14:10:00+00:00,549.01,36.52,22.31,5.24,0.0
2020-02-29 15:10:00+00:00,437.01,28.37,21.82,5.31,0.0
2020-02-29 16:10:00+00:00,195.0,18.49,22.0,4.76,0.0
2020-02-29 17:10:00+00:00,23.0,7.56,20.7,3.52,0.0
2020-02-29 18:10:00+00:00,0.0,0.0,18.88,2.07,0.0
2020-02-29 19:10:00+00:00,0.0,0.0,18.43,2.34,0.0
2020-02-29 20:10:00+00:00,0.0,0.0,18.0,2.83,0.0
2020-02-29 21:10:00+00:00,0.0,0.0,17.35,3.24,0.0
2020-02-29 22:10:00+00:00,0.0,0.0,16.48,3.03,0.0
2020-02-29 23:10:00+00:00,0.0,0.0,16.33,2.76,0.0
2020-03-01 00:10:00+00:00,0.0,0.0,16.1,2.14,0.0
2020-03-01 01:10:00+00:00,0.0,0.0,15.82,2.0,0.0
2020-03-01 02:10:00+00:00,0.0,0.0,15.63,2.14,0.0
2020-03-01 03:10:00+00:00,0.0,0.0,15.16,2.41,0.0
2020-03-01 04:10:00+00:00,0.0,0.0,15.08,2.97,0.0
2020-03-01 05:10:00+00:00,0.0,0.0,14.75,3.45,0.0
2020-03-01 06:10:00+00:00,0.0,0.0,14.45,3.72,0.0
2020-03-01 07:10:00+00:00,60.0,5.93,13.68,3.24,0.0
2020-03-01 08:10:00+00:00,260.01,17.0,14.94,3.52,0.0
2020-03-01 09:10:00+00:00,437.01,27.13,15.46,4.41,0.0
2020-03-01 10:10:00+00:00,323.0,35.66,17.48,4.97,0.0
2020-03-01 11:10:00+00:00,454.0,41.65,18.18,6.76,0.0
2020-03-01 12:10:00+00:00,104.0,44.05,19.07,7.03,0.0
2020-03-01 13:10:00+00:00,607.01,42.31,19.93,6.9,0.0
2020-03-01 14:10:00+00:00,470.0,36.83,20.45,6.55,0.0
2020-03-01 15:10:00+00:00,290.0,28.64,20.51,6.14,0.0
2020-03-01 16:10:00+00:00,290.01,18.73,20.63,5.86,0.0
2020-03-01 17:10:00+00:00,94.0,7.77,19.75,5.31,0.0
2020-03-01 18:10:00+00:00,0.0,0.0,18.24,3.93,0.0
2020-03-01 19:10:00+00:00,0.0,0.0,16.81,3.66,0.0
2020-03-01 20:10:00+00:00,0.0,0.0,15.79,3.1,0.0
2020-03-01 21:10:00+00:00,0.0,0.0,14.89,3.03,0.0
2020-03-01 22:10:00+00:00,0.0,0.0,14.17,2.62,0.0
2020-03-01 23:10:00+00:00,0.0,0.0,14.52,3.17,0.0
2020-03-02 00:10:00+00:00,0.0,0.0,14.73,3.59,0.0
2020-03-02 01:10:00+00:00,0.0,0.0,15.03,4.28,0.0
2020-03-02 02:10:00+00:00,0.0,0.0,15.22,5.24,0.0
2020-03-02 03:10:00+00:00,0.0,0.0,15.6,5.66,0.0
2020-03-02 04:10:00+00:00,0.0,0.0,15.56,6.14,0.0
2020-03-02 05:10:00+00:00,0.0,0.0,15.66,6.48,0.0
2020-03-02 06:10:00+00:00,0.0,0.0,15.6,6.55,0.0
2020-03-02 07:10:00+00:00,38.0,6.21,15.64,6.69,0.0
2020-03-02 08:10:00+00:00,215.0,17.3,16.32,6.14,0.0
2020-03-02 09:10:00+00:00,428.01,27.45,16.91,6.9,0.0
2020-03-02 10:10:00+00:00,569.01,36.01,20.22,6.97,0.0
2020-03-02 11:10:00+00:00,677.01,42.03,21.28,10.07,0.0
2020-03-02 12:10:00+00:00,717.01,44.44,20.88,10.55,0.0
2020-03-02 13:10:00+00:00,702.01,42.67,20.77,10.07,0.0
2020-03-02 14:10:00+00:00,613.01,37.15,20.07,9.93,0.0
2020-03-02 15:10:00+00:00,473.01,28.92,18.64,9.66,0.0
2020-03-02 16:10:00+00:00,294.01,18.96,17.78,8.69,0.0
2020-03-02 17:10:00+00:00,35.0,7.98,14.71,8.34,0.0
2020-03-02 18:10:00+00:00,0.0,0.0,13.09,6.28,0.0
2020-03-02 19:10:00+00:00,0.0,0.0,12.34,7.66,0.0
2020-03-02 20:10:00+00:00,0.0,0.0,11.8,6.76,0.0
2020-03-02 21:10:00+00:00,0.0,0.0,11.26,6.0,0.0
2020-03-02 22:10:00+00:00,0.0,0.0,10.72,5.52,0.0
2020-03-02 23:10:00+00:00,0.0,0.0,10.35,5.59,0.0
2020-03-03 00:10:00+00:00,0.0,0.0,10.17,4.83,0.0
2020-03-03 01:10:00+00:00,0.0,0.0,10.4,4.62,0.0
2020-03-03 02:10:00+00:00,0.0,0.0,10.21,4.41,0.0
2020-03-03 03:10:00+00:00,0.0,0.0,8.54,3.38,0.0
2020-03-03 04:10:00+00:00,0.0,0.0,7.65,2.97,0.0
2020-03-03 05:10:00+00:00,0.0,0.0,7.73,3.17,0.0
2020-03-03 06:10:00+00:00,0.0,0.0,7.89,3.17,0.0
2020-03-03 07:10:00+00:00,45.0,6.49,8.26,3.24,0.0
2020-03-03 08:10:00+00:00,129.0,17.6,9.61,3.45,0.0
2020-03-03 09:10:00+00:00,130.0,27.78,9.71,4.55,0.0
2020-03-03 10:10:00+00:00,212.0,36.37,12.96,4.0,0.0
2020-03-03 11:10:00+00:00,316.0,42.41,14.59,4.83,0.0
2020-03-03 12:10:00+00:00,560.01,44.82,16.71,6.0,0.0
2020-03-03 13:10:00+00:00,678.01,43.02,19.34,6.69,0.0
2020-03-03 14:10:00+00:00,579.01,37.46,20.34,7.52,0.0
2020-03-03 15:10:00+00:00,414.01,29.19,20.13,8.55,0.0
2020-03-03 16:10:00+00:00,242.0,19.2,19.67,8.14,0.0
2020-03-03 17:10:00+00:00,95.0,8.2,18.48,7.38,0.0
2020-03-03 18:10:00+00:00,0.0,0.0,17.05,7.38,0.0
2020-03-03 19:10:00+00:00,0.0,0.0,16.41,7.86,0.0
2020-03-03 20:10:00+00:00,0.0,0.0,16.22,7.93,0.0
2020-03-03 21:10:00+00:00,0.0,0.0,16.02,7.52,0.0
2020-03-03 22:10:00+00:00,0.0,0.0,15.73,5.03,0.0
2020-03-03 23:10:00+00:00,0.0,0.0,15.46,4.28,0.0
2020-03-04 00:10:00+00:00,0.0,0.0,14.93,3.86,0.0
2020-03-04 01:10:00+00:00,0.0,0.0,14.94,3.52,0.0
2020-03-04 02:10:00+00:00,0.0,0.0,14.57,3.45,0.0
2020-03-04 03:10:00+00:00,0.0,0.0,14.17,3.52,0.0
2020-03-04 04:10:00+00:00,0.0,0.0,14.12,3.79,0.0
2020-03-04 05:10:00+00:00,0.0,0.0,14.25,4.07,0.0
2020-03-04 06:10:00+00:00,0.0,0.0,14.13,4.14,0.0
2020-03-04 07:10:00+00:00,60.0,6.78,14.34,4.14,0.0
2020-03-04 08:10:00+00:00,185.0,17.9,16.51,4.34,0.0
2020-03-04 09:10:00+00:00,426.01,28.11,17.08,5.1,0.0
2020-03-04 10:10:00+00:00,478.01,36.72,19.17,3.59,0.0
2020-03-04 11:10:00+00:00,616.01,42.79,20.41,4.14,0.0
2020-03-04 12:10:00+00:00,644.01,45.21,21.1,4.41,0.0
2020-03-04 13:10:00+00:00,723.01,43.38,21.77,4.62,0.0
2020-03-04 14:10:00+00:00,611.01,37.77,22.3,4.62,0.0
2020-03-04 15:10:00+00:00,483.01,29.46,22.23,4.55,0.0
2020-03-04 16:10:00+00:00,307.01,19.43,21.85,4.62,0.0
2020-03-04 17:10:00+00:00,102.0,8.41,20.62,4.48,0.0
2020-03-04 18:10:00+00:00,0.0,0.0,19.35,3.66,0.0
2020-03-04 19:10:00+00:00,0.0,0.0,18.2,3.17,0.0
2020-03-04 20:10:00+00:00,0.0,0.0,17.06,2.83,0.0
2020-03-04 21:10:00+00:00,0.0,0.0,16.27,2.55,0.0
2020-03-04 22:10:00+00:00,0.0,0.0,14.51,2.83,0.0
2020-03-04 23:10:00+00:00,0.0,0.0,14.16,3.1,0.0
2020-03-05 00:10:00+00:00,0.0,0.0,13.51,3.1,0.0
2020-03-05 01:10:00+00:00,0.0,0.0,13.13,3.17,0.0
2020-03-05 02:10:00+00:00,0.0,0.0,12.87,3.24,0.0
2020-03-05 03:10:00+00:00,0.0,0.0,12.73,3.24,0.0
2020-03-05 04:10:00+00:00,0.0,0.0,12.86,3.45,0.0
2020-03-05 05:10:00+00:00,0.0,0.0,12.89,3.52,0.0
2020-03-05 06:10:00+00:00,0.0,0.0,12.52,3.59,0.0
2020-03-05 07:10:00+00:00,88.0,7.07,12.75,3.66,0.0
2020-03-05 08:10:00+00:00,281.01,18.21,14.94,3.72,0.0
2020-03-05 09:10:00+00:00,469.01,28.44,15.92,4.97,0.0
2020-03-05 10:10:00+00:00,615.01,37.08,19.22,6.28,0.0
2020-03-05 11:10:00+00:00,706.01,43.17,20.84,6.34,0.0
2020-03-05 12:10:00+00:00,734.01,45.59,21.7,6.41,0.0
2020-03-05 13:10:00+00:00,606.01,43.74,22.28,6.62,0.0
2020-03-05 14:10:00+00:00,576.01,38.09,23.27,7.31,0.0
2020-03-05 15:10:00+00:00,444.01,29.72,22.0,7.93,0.0
2020-03-05 16:10:00+00:00,258.0,19.66,20.79,8.07,0.0
2020-03-05 17:10:00+00:00,66.0,8.62,18.95,7.52,0.0
2020-03-05 18:10:00+00:00,0.0,0.0,17.78,6.0,0.0
2020-03-05 19:10:00+00:00,0.0,0.0,17.11,5.38,0.0
2020-03-05 20:10:00+00:00,0.0,0.0,16.3,4.9,0.0
2020-03-05 21:10:00+00:00,0.0,0.0,15.71,4.55,0.0
2020-03-05 22:10:00+00:00,0.0,0.0,14.63,4.28,0.0
2020-03-05 23:10:00+00:00,0.0,0.0,14.14,4.55,0.0
2020-03-06 00:10:00+00:00,0.0,0.0,13.91,4.83,0.0
2020-03-06 01:10:00+00:00,0.0,0.0,13.36,4.55,0.0
2020-03-06 02:10:00+00:00,0.0,0.0,12.7,4.9,0.0
2020-03-06 03:10:00+00:00,0.0,0.0,12.02,4.9,0.0
2020-03-06 04:10:00+00:00,0.0,0.0,11.79,4.76,0.0
2020-03-06 05:10:00+00:00,0.0,0.0,11.25,4.83,0.0
2020-03-06 06:10:00+00:00,0.0,0.0,10.67,4.9,0.0
2020-03-06 07:10:00+00:00,94.0,7.36,10.42,5.24,0.0
2020-03-06 08:10:00+00:00,291.01,18.52,11.79,6.07,0.0
2020-03-06 09:10:00+00:00,478.01,28.77,12.52,7.17,0.0
2020-03-06 10:10:00+00:00,231.0,37.45,14.45,7.59,0.0
2020-03-06 11:10:00+00:00,539.0,43.56,15.21,8.21,0.0
2020-03-06 12:10:00+00:00,669.01,45.98,15.3,8.21,0.0
2020-03-06 13:10:00+00:00,683.01,44.1,15.97,8.41,0.0
2020-03-06 14:10:00+00:00,504.01,38.4,16.23,8.41,0.0
2020-03-06 15:10:00+00:00,123.0,29.99,15.67,8.14,0.0
2020-03-06 16:10:00+00:00,169.0,19.9,15.64,7.66,0.0
2020-03-06 17:10:00+00:00,95.0,8.83,14.98,6.62,0.0
2020-03-06 18:10:00+00:00,0.0,0.0,13.79,5.17,0.0
2020-03-06 19:10:00+00:00,0.0,0.0,13.09,4.69,0.0
2020-03-06 20:10:00+00:00,0.0,0.0,12.49,4.48,0.0
2020-03-06 21:10:00+00:00,0.0,0.0,12.17,4.14,0.0
2020-03-06 22:10:00+00:00,0.0,0.0,11.49,3.31,0.0
2020-03-06 23:10:00+00:00,0.0,0.0,10.69,3.38,0.0
2020-03-07 00:10:00+00:00,0.0,0.0,10.26,3.79,0.0
2020-03-07 01:10:00+00:00,0.0,0.0,9.49,4.0,0.0
2020-03-07 02:10:00+00:00,0.0,0.0,8.94,4.41,0.0
2020-03-07 03:10:00+00:00,0.0,0.0,8.8,4.69,0.0
2020-03-07 04:10:00+00:00,0.0,0.0,8.7,4.76,0.0
2020-03-07 05:10:00+00:00,0.0,0.0,8.28,4.55,0.0
2020-03-07 06:10:00+00:00,0.0,0.0,8.22,4.48,0.0
2020-03-07 07:10:00+00:00,66.0,7.65,8.34,4.76,0.0
2020-03-07 08:10:00+00:00,253.0,18.83,9.77,5.1,0.0
2020-03-07 09:10:00+00:00,433.01,29.1,10.41,6.34,0.0
2020-03-07 10:10:00+00:00,511.01,37.81,13.31,6.62,0.0
2020-03-07 11:10:00+00:00,635.01,43.95,14.51,6.28,0.0
2020-03-07 12:10:00+00:00,775.01,46.37,16.04,5.45,0.0
2020-03-07 13:10:00+00:00,742.01,44.46,17.17,4.55,0.0
2020-03-07 14:10:00+00:00,653.01,38.71,17.76,3.45,0.0
2020-03-07 15:10:00+00:00,483.01,30.26,17.86,2.55,0.0
2020-03-07 16:10:00+00:00,327.01,20.13,17.64,2.55,0.0
2020-03-07 17:10:00+00:00,123.0,9.03,16.35,2.69,0.0
2020-03-07 18:10:00+00:00,0.0,0.0,13.93,2.69,0.0
2020-03-07 19:10:00+00:00,0.0,0.0,12.67,2.55,0.0
2020-03-07 20:10:00+00:00,0.0,0.0,11.36,1.93,0.0
2020-03-07 21:10:00+00:00,0.0,0.0,10.69,1.66,0.0
2020-03-07 22:10:00+00:00,0.0,0.0,9.09,1.59,0.0
2020-03-07 23:10:00+00:00,0.0,0.0,8.39,1.59,0.0
2020-03-08 00:10:00+00:00,0.0,0.0,8.3,2.0,0.0
2020-03-08 01:10:00+00:00,0.0,0.0,7.83,2.0,0.0
2020-03-08 02:10:00+00:00,0.0,0.0,7.51,1.31,0.0
2020-03-08 03:10:00+00:00,0.0,0.0,6.85,1.38,0.0
2020-03-08 04:10:00+00:00,0.0,0.0,6.8,1.31,0.0
2020-03-08 05:10:00+00:00,0.0,0.0,6.61,2.21,0.0
2020-03-08 06:10:00+00:00,0.0,0.0,6.53,1.59,0.0
2020-03-08 07:10:00+00:00,105.0,7.94,7.3,1.86,0.0
2020-03-08 08:10:00+00:00,311.01,19.14,12.14,1.93,0.0
2020-03-08 09:10:00+00:00,500.01,29.44,12.9,1.31,0.0
2020-03-08 10:10:00+00:00,654.01,38.17,17.56,1.66,0.0
2020-03-08 11:10:00+00:00,755.01,44.34,19.1,1.79,0.0
2020-03-08 12:10:00+00:00,771.01,46.76,20.32,1.86,0.0
2020-03-08 13:10:00+00:00,697.01,44.82,21.21,1.72,0.0
2020-03-08 14:10:00+00:00,668.01,39.02,21.81,1.66,0.0
2020-03-08 15:10:00+00:00,518.01,30.52,21.77,2.0,0.0
2020-03-08 16:10:00+00:00,333.01,20.36,21.97,2.41,0.0
2020-03-08 17:10:00+00:00,123.0,9.24,21.29,2.62,0.0
2020-03-08 18:10:00+00:00,0.0,0.0,18.73,2.14,0.0
2020-03-08 19:10:00+00:00,0.0,0.0,16.75,2.62,0.0
2020-03-08 20:10:00+00:00,0.0,0.0,14.73,2.62,0.0
2020-03-08 21:10:00+00:00,0.0,0.0,14.99,2.14,0.0
2020-03-08 22:10:00+00:00,0.0,0.0,15.01,2.48,0.0
2020-03-08 23:10:00+00:00,0.0,0.0,14.92,2.48,0.0
2020-03-09 00:10:00+00:00,0.0,0.0,14.28,2.62,0.0
2020-03-09 01:10:00+00:00,0.0,0.0,14.34,3.66,0.0
2020-03-09 02:10:00+00:00,0.0,0.0,13.98,4.07,0.0
2020-03-09 03:10:00+00:00,0.0,0.0,13.7,4.07,0.0
2020-03-09 04:10:00+00:00,0.0,0.0,12.98,4.28,0.0
2020-03-09 05:10:00+00:00,0.0,0.0,12.13,3.66,0.0
2020-03-09 06:10:00+00:00,0.0,0.0,11.73,3.17,0.0
2020-03-09 07:10:00+00:00,72.0,8.24,12.33,3.38,0.0
2020-03-09 08:10:00+00:00,268.0,19.45,13.78,3.03,0.0
2020-03-09 09:10:00+00:00,352.0,29.78,14.09,3.59,0.0
2020-03-09 10:10:00+00:00,461.0,38.54,17.06,2.69,0.0
2020-03-09 11:10:00+00:00,249.0,44.73,17.9,2.69,0.0
2020-03-09 12:10:00+00:00,524.0,47.15,18.77,2.41,0.0
2020-03-09 13:10:00+00:00,660.01,45.18,19.54,1.72,0.0
2020-03-09 14:10:00+00:00,578.01,39.33,20.44,1.59,0.0
2020-03-09 15:10:00+00:00,421.0,30.78,20.46,1.59,0.0
2020-03-09 16:10:00+00:00,256.0,20.58,20.39,1.72,0.0
2020-03-09 17:10:00+00:00,127.0,9.45,19.43,0.9,0.0
2020-03-09 18:10:00+00:00,0.0,0.0,17.38,0.62,0.0
2020-03-09 19:10:00+00:00,0.0,0.0,15.56,1.24,0.0
2020-03-09 20:10:00+00:00,0.0,0.0,14.34,1.03,0.0
2020-03-09 21:10:00+00:00,0.0,0.0,13.71,1.31,0.0
2020-03-09 22:10:00+00:00,0.0,0.0,12.72,1.86,0.0
2020-03-09 23:10:00+00:00,0.0,0.0,12.3,2.07,0.0
2020-03-10 00:10:00+00:00,0.0,0.0,12.14,1.93,0.0
2020-03-10 01:10:00+00:00,0.0,0.0,11.43,2.0,0.0
2020-03-10 02:10:00+00:00,0.0,0.0,10.64,2.0,0.0
2020-03-10 03:10:00+00:00,0.0,0.0,9.82,1.72,0.0
2020-03-10 04:10:00+00:00,0.0,0.0,9.33,1.72,0.0
2020-03-10 05:10:00+00:00,0.0,0.0,8.95,1.52,0.0
2020-03-10 06:10:00+00:00,0.0,0.0,8.56,1.31,0.0
2020-03-10 07:10:00+00:00,90.0,8.54,9.38,1.31,0.0
2020-03-10 08:10:00+00:00,291.0,19.77,13.19,0.97,0.0
2020-03-10 09:10:00+00:00,480.01,30.12,13.42,0.21,0.0
2020-03-10 10:10:00+00:00,606.01,38.91,17.47,1.03,0.0
2020-03-10 11:10:00+00:00,707.01,45.12,18.48,1.17,0.0
2020-03-10 12:10:00+00:00,753.01,47.55,19.4,1.59,0.0
2020-03-10 13:10:00+00:00,724.01,45.54,19.99,2.55,0.0
2020-03-10 14:10:00+00:00,391.0,39.64,20.57,3.03,0.0
2020-03-10 15:10:00+00:00,489.01,31.05,19.87,3.31,0.0
2020-03-10 16:10:00+00:00,302.0,20.81,19.01,3.66,0.0
2020-03-10 17:10:00+00:00,116.0,9.65,16.86,3.86,0.0
2020-03-10 18:10:00+00:00,0.0,0.0,15.95,3.31,0.0
2020-03-10 19:10:00+00:00,0.0,0.0,14.94,2.62,0.0
2020-03-10 20:10:00+00:00,0.0,0.0,13.79,2.28,0.0
2020-03-10 21:10:00+00:00,0.0,0.0,12.75,1.93,0.0
2020-03-10 22:10:00+00:00,0.0,0.0,11.55,2.0,0.0
2020-03-10 23:10:00+00:00,0.0,0.0,11.3,1.79,0.0
2020-03-11 00:10:00+00:00,0.0,0.0,11.19,1.86,0.0
2020-03-11 01:10:00+00:00,0.0,0.0,10.9,1.66,0.0
2020-03-11 02:10:00+00:00,0.0,0.0,10.36,1.52,0.0
2020-03-11 03:10:00+00:00,0.0,0.0,10.21,2.34,0.0
2020-03-11 04:10:00+00:00,0.0,0.0,9.5,2.34,0.0
2020-03-11 05:10:00+00:00,0.0,0.0,9.63,1.38,0.0
2020-03-11 06:10:00+00:00,0.0,0.0,9.52,1.38,0.0
2020-03-11 07:10:00+00:00,98.0,8.84,10.56,1.24,0.0
2020-03-11 08:10:00+00:00,311.0,20.08,15.9,1.38,0.0
2020-03-11 09:10:00+00:00,494.01,30.46,19.8,0.69,0.0
2020-03-11 10:10:00+00:00,646.01,39.28,22.56,0.41,0.0
2020-03-11 11:10:00+00:00,744.01,45.52,23.77,0.97,0.0
2020-03-11 12:10:00+00:00,771.01,47.94,24.32,1.59,0.0
2020-03-11 13:10:00+00:00,749.01,45.9,24.68,2.21,0.0
2020-03-11 14:10:00+00:00,649.01,39.95,25.0,2.83,0.0
2020-03-11 15:10:00+00:00,513.01,31.31,24.27,3.38,0.0
2020-03-11 16:10:00+00:00,329.01,21.04,23.28,3.31,0.0
2020-03-11 17:10:00+00:00,132.0,9.85,20.97,2.14,0.0
2020-03-11 18:10:00+00:00,0.0,0.0,19.53,1.1,0.0
2020-03-11 19:10:00+00:00,0.0,0.0,19.02,0.07,0.0
2020-03-11 20:10:00+00:00,0.0,0.0,16.46,1.03,0.0
2020-03-11 21:10:00+00:00,0.0,0.0,15.02,1.17,0.0
2020-03-11 22:10:00+00:00,0.0,0.0,15.98,1.38,0.0
2020-03-11 23:10:00+00:00,0.0,0.0,16.29,0.69,0.0
2020-03-12 00:10:00+00:00,0.0,0.0,14.65,0.55,0.0
2020-03-12 01:10:00+00:00,0.0,0.0,13.85,0.83,0.0
2020-03-12 02:10:00+00:00,0.0,0.0,12.96,0.97,0.0
2020-03-12 03:10:00+00:00,0.0,0.0,12.53,1.1,0.0
2020-03-12 04:10:00+00:00,0.0,0.0,12.53,1.31,0.0
2020-03-12 05:10:00+00:00,0.0,0.0,12.44,1.17,0.0
2020-03-12 06:10:00+00:00,0.0,0.0,12.72,1.24,0.0
2020-03-12 07:10:00+00:00,93.0,9.14,12.69,1.24,0.0
2020-03-12 08:10:00+00:00,296.0,20.4,17.17,0.97,0.0
2020-03-12 09:10:00+00:00,487.01,30.8,19.32,0.55,0.0
2020-03-12 10:10:00+00:00,594.01,39.65,23.06,1.31,0.0
2020-03-12 11:10:00+00:00,715.01,45.91,22.97,2.0,0.0
2020-03-12 12:10:00+00:00,732.01,48.34,23.28,2.28,0.0
2020-03-12 13:10:00+00:00,683.01,46.26,23.21,2.48,0.0
2020-03-12 14:10:00+00:00,599.01,40.26,23.25,2.69,0.0
2020-03-12 15:10:00+00:00,403.0,31.57,23.0,2.62,0.0
2020-03-12 16:10:00+00:00,318.0,21.26,22.49,2.28,0.0
2020-03-12 17:10:00+00:00,125.0,10.05,20.93,1.72,0.0
2020-03-12 18:10:00+00:00,0.0,0.0,19.1,1.03,0.0
2020-03-12 19:10:00+00:00,0.0,0.0,19.15,0.55,0.0
2020-03-12 20:10:00+00:00,0.0,0.0,18.16,0.48,0.0
2020-03-12 21:10:00+00:00,0.0,0.0,17.24,0.76,0.0
2020-03-12 22:10:00+00:00,0.0,0.0,14.93,0.55,0.0
2020-03-12 23:10:00+00:00,0.0,0.0,14.68,0.76,0.0
2020-03-13 00:10:00+00:00,0.0,0.0,14.09,0.83,0.0
2020-03-13 01:10:00+00:00,0.0,0.0,12.47,1.31,0.0
2020-03-13 02:10:00+00:00,0.0,0.0,11.69,1.86,0.0
2020-03-13 03:10:00+00:00,0.0,0.0,11.81,1.59,0.0
2020-03-13 04:10:00+00:00,0.0,0.0,11.78,1.72,0.0
2020-03-13 05:10:00+00:00,0.0,0.0,11.44,2.07,0.0
2020-03-13 06:10:00+00:00,0.0,0.0,11.4,2.41,0.0
2020-03-13 07:10:00+00:00,65.0,9.45,11.42,2.97,0.0
2020-03-13 08:10:00+00:00,313.0,20.72,13.82,3.17,0.0
2020-03-13 09:10:00+00:00,498.01,31.14,15.52,3.24,0.0
2020-03-13 10:10:00+00:00,628.01,40.02,18.16,2.69,0.0
2020-03-13 11:10:00+00:00,724.01,46.31,19.12,2.76,0.0
2020-03-13 12:10:00+00:00,674.01,48.73,19.3,2.9,0.0
2020-03-13 13:10:00+00:00,174.0,46.62,18.8,3.1,0.0
2020-03-13 14:10:00+00:00,274.0,40.56,18.48,3.31,0.0
2020-03-13 15:10:00+00:00,330.0,31.82,18.03,3.31,0.0
2020-03-13 16:10:00+00:00,189.0,21.48,17.28,3.03,0.0
2020-03-13 17:10:00+00:00,67.0,10.26,15.95,2.62,0.0
2020-03-13 18:10:00+00:00,0.0,0.0,14.89,2.07,0.0
2020-03-13 19:10:00+00:00,0.0,0.0,14.14,1.72,0.0
2020-03-13 20:10:00+00:00,0.0,0.0,13.5,1.72,0.0
2020-03-13 21:10:00+00:00,0.0,0.0,13.26,1.72,0.0
2020-03-13 22:10:00+00:00,0.0,0.0,11.87,1.52,0.0
2020-03-13 23:10:00+00:00,0.0,0.0,11.71,1.52,0.0
2020-03-14 00:10:00+00:00,0.0,0.0,11.12,1.1,0.0
2020-03-14 01:10:00+00:00,0.0,0.0,10.77,1.03,0.0
2020-03-14 02:10:00+00:00,0.0,0.0,10.14,1.31,0.0
2020-03-14 03:10:00+00:00,0.0,0.0,9.78,1.31,0.0
2020-03-14 04:10:00+00:00,0.0,0.0,9.59,1.24,0.0
2020-03-14 05:10:00+00:00,0.0,0.0,8.98,1.1,0.0
2020-03-14 06:10:00+00:00,0.0,0.0,8.85,0.83,0.0
2020-03-14 07:10:00+00:00,107.0,9.75,9.02,0.34,0.0
2020-03-14 08:10:00+00:00,321.0,21.04,12.88,0.21,0.0
2020-03-14 09:10:00+00:00,497.01,31.48,14.94,0.55,0.0
2020-03-14 10:10:00+00:00,631.01,40.4,16.66,0.69,0.0
2020-03-14 11:10:00+00:00,735.01,46.71,18.04,1.24,0.0
2020-03-14 12:10:00+00:00,752.01,49.13,18.5,2.34,0.0
2020-03-14 13:10:00+00:00,747.01,46.98,18.82,3.1,0.0
2020-03-14 14:10:00+00:00,659.01,40.87,19.18,3.31,0.0
2020-03-14 15:10:00+00:00,516.01,32.08,18.51,3.31,0.0
2020-03-14 16:10:00+00:00,335.0,21.7,17.55,3.03,0.0
2020-03-14 17:10:00+00:00,139.0,10.46,16.16,2.55,0.0
2020-03-14 18:10:00+00:00,0.0,0.0,14.48,2.0,0.0
2020-03-14 19:10:00+00:00,0.0,0.0,13.57,1.59,0.0
2020-03-14 20:10:00+00:00,0.0,0.0,12.65,0.83,0.0
2020-03-14 21:10:00+00:00,0.0,0.0,11.92,1.1,0.0
2020-03-14 22:10:00+00:00,0.0,0.0,11.28,1.31,0.0
2020-03-14 23:10:00+00:00,0.0,0.0,11.19,1.38,0.0
2020-03-15 00:10:00+00:00,0.0,0.0,10.94,0.69,0.0
2020-03-15 01:10:00+00:00,0.0,0.0,11.39,0.41,0.0
2020-03-15 02:10:00+00:00,0.0,0.0,11.02,0.34,0.0
2020-03-15 03:10:00+00:00,0.0,0.0,10.52,0.69,0.0
2020-03-15 04:10:00+00:00,0.0,0.0,9.92,0.76,0.0
2020-03-15 05:10:00+00:00,0.0,0.0,9.48,0.9,0.0
2020-03-15 06:10:00+00:00,0.0,0.0,9.28,0.83,0.0
2020-03-15 07:10:00+00:00,126.0,10.06,9.77,1.1,0.0
2020-03-15 08:10:00+00:00,263.0,21.36,12.64,1.03,0.0
2020-03-15 09:10:00+00:00,502.01,31.83,14.7,1.72,0.0
2020-03-15 10:10:00+00:00,654.01,40.77,15.8,1.72,0.0
2020-03-15 11:10:00+00:00,756.01,47.1,16.6,3.03,0.0
2020-03-15 12:10:00+00:00,781.01,49.52,17.09,3.66,0.0
2020-03-15 13:10:00+00:00,751.01,47.33,17.32,3.45,0.0
2020-03-15 14:10:00+00:00,648.01,41.17,17.36,3.45,0.0
2020-03-15 15:10:00+00:00,512.01,32.33,17.22,3.72,0.0
2020-03-15 16:10:00+00:00,340.0,21.92,16.68,3.59,0.0
2020-03-15 17:10:00+00:00,137.0,10.65,14.9,3.24,0.0
2020-03-15 18:10:00+00:00,0.0,0.0,13.51,2.97,0.0
2020-03-15 19:10:00+00:00,0.0,0.0,12.86,2.97,0.0
2020-03-15 20:10:00+00:00,0.0,0.0,12.33,2.34,0.0
2020-03-15 21:10:00+00:00,0.0,0.0,12.26,1.52,0.0
2020-03-15 22:10:00+00:00,0.0,0.0,12.13,1.17,0.0
2020-03-15 23:10:00+00:00,0.0,0.0,12.13,1.31,0.0
2020-03-16 00:10:00+00:00,0.0,0.0,11.86,1.17,0.0
2020-03-16 01:10:00+00:00,0.0,0.0,11.89,0.55,0.0
2020-03-16 02:10:00+00:00,0.0,0.0,11.45,0.28,0.0
2020-03-16 03:10:00+00:00,0.0,0.0,11.21,0.62,0.0
2020-03-16 04:10:00+00:00,0.0,0.0,11.21,0.34,0.0
2020-03-16 05:10:00+00:00,0.0,0.0,11.07,0.55,0.0
2020-03-16 06:10:00+00:00,0.0,0.0,11.07,0.41,0.0
2020-03-16 07:10:00+00:00,55.0,10.37,11.31,0.34,0.0
2020-03-16 08:10:00+00:00,251.0,21.68,12.29,1.03,0.0
2020-03-16 09:10:00+00:00,177.0,32.17,12.77,2.41,0.0
2020-03-16 10:10:00+00:00,116.0,41.14,12.9,1.31,0.0
2020-03-16 11:10:00+00:00,151.0,47.5,11.91,2.21,0.0
2020-03-16 12:10:00+00:00,70.0,49.92,11.42,2.9,0.0
2020-03-16 13:10:00+00:00,86.0,47.69,11.01,3.1,0.0
2020-03-16 14:10:00+00:00,180.0,41.47,11.27,2.97,0.0
2020-03-16 15:10:00+00:00,375.0,32.59,11.8,2.0,0.0
2020-03-16 16:10:00+00:00,103.0,22.14,11.68,0.41,0.0
2020-03-16 17:10:00+00:00,76.0,10.85,10.96,2.0,0.0
2020-03-16 18:10:00+00:00,0.0,0.0,10.27,2.14,0.0
2020-03-16 19:10:00+00:00,0.0,0.0,10.09,2.28,0.0
2020-03-16 20:10:00+00:00,0.0,0.0,9.99,2.41,0.0
2020-03-16 21:10:00+00:00,0.0,0.0,9.76,2.28,0.0
2020-03-16 22:10:00+00:00,0.0,0.0,9.09,1.72,0.0
2020-03-16 23:10:00+00:00,0.0,0.0,9.18,1.93,0.0
2020-03-17 00:10:00+00:00,0.0,0.0,9.02,1.93,0.0
2020-03-17 01:10:00+00:00,0.0,0.0,8.83,1.17,0.0
2020-03-17 02:10:00+00:00,0.0,0.0,8.66,0.97,0.0
2020-03-17 03:10:00+00:00,0.0,0.0,8.45,1.24,0.0
2020-03-17 04:10:00+00:00,0.0,0.0,8.45,1.17,0.0
2020-03-17 05:10:00+00:00,0.0,0.0,8.56,1.24,0.0
2020-03-17 06:10:00+00:00,0.0,0.0,8.68,1.38,0.0
2020-03-17 07:10:00+00:00,20.0,10.67,8.63,1.72,0.0
2020-03-17 08:10:00+00:00,46.0,22.0,9.84,2.14,0.0
2020-03-17 09:10:00+00:00,91.0,32.52,10.34,2.34,0.0
2020-03-17 10:10:00+00:00,101.0,41.52,11.11,2.62,0.0
2020-03-17 11:10:00+00:00,209.0,47.9,13.03,3.59,0.0
2020-03-17 12:10:00+00:00,365.0,50.31,14.28,4.21,0.0
2020-03-17 13:10:00+00:00,448.0,48.05,15.23,5.1,0.0
2020-03-17 14:10:00+00:00,251.0,41.77,14.99,6.48,0.0
2020-03-17 15:10:00+00:00,87.0,32.84,14.14,6.48,0.0
2020-03-17 16:10:00+00:00,53.0,22.36,14.03,7.03,0.0
2020-03-17 17:10:00+00:00,13.0,11.05,13.75,6.48,0.0
2020-03-17 18:10:00+00:00,0.0,0.0,13.44,6.34,0.0
2020-03-17 19:10:00+00:00,0.0,0.0,13.16,6.41,0.0
2020-03-17 20:10:00+00:00,0.0,0.0,13.22,6.0,0.0
2020-03-17 21:10:00+00:00,0.0,0.0,12.87,6.28,0.0
2020-03-17 22:10:00+00:00,0.0,0.0,12.73,6.28,0.0
2020-03-17 23:10:00+00:00,0.0,0.0,12.52,6.41,0.0
2020-03-18 00:10:00+00:00,0.0,0.0,12.42,5.93,0.0
2020-03-18 01:10:00+00:00,0.0,0.0,12.11,5.86,0.0
2020-03-18 02:10:00+00:00,0.0,0.0,11.81,5.79,0.0
2020-03-18 03:10:00+00:00,0.0,0.0,11.77,5.52,0.0
2020-03-18 04:10:00+00:00,0.0,0.0,11.48,5.38,0.0
2020-03-18 05:10:00+00:00,0.0,0.0,11.45,5.24,0.0
2020-03-18 06:10:00+00:00,0.0,0.0,11.54,4.97,0.0
2020-03-18 07:10:00+00:00,120.0,10.98,11.62,5.31,0.0
2020-03-18 08:10:00+00:00,244.0,22.33,12.44,5.72,0.0
2020-03-18 09:10:00+00:00,474.01,32.86,13.59,6.41,0.0
2020-03-18 10:10:00+00:00,617.01,41.89,14.95,5.72,0.0
2020-03-18 11:10:00+00:00,712.01,48.3,15.39,6.14,0.0
2020-03-18 12:10:00+00:00,746.01,50.71,15.58,6.28,0.0
2020-03-18 13:10:00+00:00,708.01,48.4,15.84,6.34,0.0
2020-03-18 14:10:00+00:00,622.01,42.07,15.65,6.07,0.0
2020-03-18 15:10:00+00:00,488.01,33.09,15.22,5.93,0.0
2020-03-18 16:10:00+00:00,277.0,22.57,14.48,5.59,0.0
2020-03-18 17:10:00+00:00,86.0,11.24,13.49,5.17,0.0
2020-03-18 18:10:00+00:00,0.0,0.0,12.59,4.48,0.0
2020-03-18 19:10:00+00:00,0.0,0.0,11.99,4.0,0.0
2020-03-18 20:10:00+00:00,0.0,0.0,11.59,3.52,0.0
2020-03-18 21:10:00+00:00,0.0,0.0,11.32,3.24,0.0
2020-03-18 22:10:00+00:00,0.0,0.0,10.88,2.83,0.0
2020-03-18 23:10:00+00:00,0.0,0.0,10.8,2.97,0.0
2020-03-19 00:10:00+00:00,0.0,0.0,11.11,3.03,0.0
2020-03-19 01:10:00+00:00,0.0,0.0,10.96,3.17,0.0
2020-03-19 02:10:00+00:00,0.0,0.0,10.46,3.03,0.0
2020-03-19 03:10:00+00:00,0.0,0.0,10.3,2.9,0.0
2020-03-19 04:10:00+00:00,0.0,0.0,10.07,2.76,0.0
2020-03-19 05:10:00+00:00,0.0,0.0,9.62,2.62,0.0
2020-03-19 06:10:00+00:00,0.0,0.0,9.53,2.69,0.0
2020-03-19 07:10:00+00:00,132.0,11.29,10.12,3.38,0.0
2020-03-19 08:10:00+00:00,301.0,22.65,11.3,4.48,0.0
2020-03-19 09:10:00+00:00,474.0,33.21,13.09,5.45,0.0
2020-03-19 10:10:00+00:00,601.01,42.27,14.2,5.72,0.0
2020-03-19 11:10:00+00:00,696.01,48.7,14.47,5.79,0.0
2020-03-19 12:10:00+00:00,739.01,51.11,14.8,5.52,0.0
2020-03-19 13:10:00+00:00,667.01,48.76,15.07,5.38,0.0
2020-03-19 14:10:00+00:00,586.01,42.37,15.01,5.24,0.0
2020-03-19 15:10:00+00:00,452.0,33.33,14.73,5.17,0.0
2020-03-19 16:10:00+00:00,269.0,22.78,14.26,4.69,0.0
2020-03-19 17:10:00+00:00,106.0,11.43,13.51,4.34,0.0
2020-03-19 18:10:00+00:00,0.0,0.0,12.58,4.0,0.0
2020-03-19 19:10:00+00:00,0.0,0.0,12.06,3.45,0.0
2020-03-19 20:10:00+00:00,0.0,0.0,11.79,3.03,0.0
2020-03-19 21:10:00+00:00,0.0,0.0,11.65,3.03,0.0
2020-03-19 22:10:00+00:00,0.0,0.0,11.27,3.1,0.0
2020-03-19 23:10:00+00:00,0.0,0.0,10.98,3.45,0.0
2020-03-20 00:10:00+00:00,0.0,0.0,10.86,3.17,0.0
2020-03-20 01:10:00+00:00,0.0,0.0,10.8,2.83,0.0
2020-03-20 02:10:00+00:00,0.0,0.0,10.27,2.83,0.0
2020-03-20 03:10:00+00:00,0.0,0.0,10.05,3.31,0.0
2020-03-20 04:10:00+00:00,0.0,0.0,9.78,3.38,0.0
2020-03-20 05:10:00+00:00,0.0,0.0,9.79,3.59,0.0
2020-03-20 06:10:00+00:00,0.0,0.0,9.92,3.72,0.0
2020-03-20 07:10:00+00:00,92.0,11.6,10.27,4.41,0.0
2020-03-20 08:10:00+00:00,295.0,22.97,11.77,4.97,0.0
2020-03-20 09:10:00+00:00,232.0,33.56,12.52,5.45,0.0
2020-03-20 10:10:00+00:00,357.0,42.64,13.73,6.0,0.0
2020-03-20 11:10:00+00:00,144.0,49.1,13.98,5.72,0.0
2020-03-20 12:10:00+00:00,410.0,51.5,14.14,5.17,0.0
2020-03-20 13:10:00+00:00,240.0,49.11,13.9,4.76,0.0
2020-03-20 14:10:00+00:00,544.0,42.66,13.97,4.62,0.0
2020-03-20 15:10:00+00:00,315.0,33.58,14.17,4.69,0.0
2020-03-20 16:10:00+00:00,180.0,23.0,14.07,4.9,0.0
2020-03-20 17:10:00+00:00,131.0,11.63,13.01,4.9,0.0
2020-03-20 18:10:00+00:00,0.0,0.0,12.18,4.62,0.0
2020-03-20 19:10:00+00:00,0.0,0.0,11.73,3.93,0.0
2020-03-20 20:10:00+00:00,0.0,0.0,11.54,3.24,0.0
2020-03-20 21:10:00+00:00,0.0,0.0,11.32,2.9,0.0
2020-03-20 22:10:00+00:00,0.0,0.0,11.32,2.48,0.0
2020-03-20 23:10:00+00:00,0.0,0.0,11.39,1.93,0.0
2020-03-21 00:10:00+00:00,0.0,0.0,11.17,1.86,0.0
2020-03-21 01:10:00+00:00,0.0,0.0,11.04,2.0,0.0
2020-03-21 02:10:00+00:00,0.0,0.0,10.82,1.93,0.0
2020-03-21 03:10:00+00:00,0.0,0.0,10.86,1.86,0.0
2020-03-21 04:10:00+00:00,0.0,0.0,10.75,1.93,0.0
2020-03-21 05:10:00+00:00,0.0,0.0,10.61,2.14,0.0
2020-03-21 06:10:00+00:00,0.0,0.0,10.65,1.93,0.0
2020-03-21 07:10:00+00:00,71.0,11.91,10.87,2.14,0.0
2020-03-21 08:10:00+00:00,177.0,23.3,11.51,3.03,0.0
2020-03-21 09:10:00+00:00,334.0,33.9,11.95,3.31,0.0
2020-03-21 10:10:00+00:00,469.0,43.02,13.77,3.93,0.0
2020-03-21 11:10:00+00:00,403.0,49.5,14.02,3.66,0.0
2020-03-21 12:10:00+00:00,411.0,51.9,13.77,3.24,0.0
2020-03-21 13:10:00+00:00,245.0,49.46,13.62,3.45,0.0
2020-03-21 14:10:00+00:00,171.0,42.95,13.44,3.59,0.0
2020-03-21 15:10:00+00:00,255.0,33.82,13.26,3.59,0.0
2020-03-21 16:10:00+00:00,124.0,23.21,12.9,3.38,0.0
2020-03-21 17:10:00+00:00,20.0,11.82,11.91,2.83,0.0
2020-03-21 18:10:00+00:00,0.0,0.0,11.21,2.28,0.0
2020-03-21 19:10:00+00:00,0.0,0.0,10.85,1.52,0.0
2020-03-21 20:10:00+00:00,0.0,0.0,10.45,1.31,0.0
2020-03-21 21:10:00+00:00,0.0,0.0,10.01,1.1,0.0
2020-03-21 22:10:00+00:00,0.0,0.0,9.52,1.17,0.0
2020-03-21 23:10:00+00:00,0.0,0.0,9.14,1.66,0.0
2020-03-22 00:10:00+00:00,0.0,0.0,9.13,1.86,0.0
2020-03-22 01:10:00+00:00,0.0,0.0,8.99,1.93,0.0
2020-03-22 02:10:00+00:00,0.0,0.0,8.78,1.93,0.0
2020-03-22 03:10:00+00:00,0.0,0.0,8.58,1.93,0.0
2020-03-22 04:10:00+00:00,0.0,0.0,8.56,1.66,0.0
2020-03-22 05:10:00+00:00,0.0,0.0,8.22,1.31,0.0
2020-03-22 06:10:00+00:00,0.0,0.0,8.75,0.97,0.0
2020-03-22 07:10:00+00:00,54.0,12.22,8.92,1.31,0.0
2020-03-22 08:10:00+00:00,192.0,23.62,10.07,1.59,0.0
2020-03-22 09:10:00+00:00,457.0,34.25,11.19,1.66,0.0
2020-03-22 10:10:00+00:00,684.01,43.39,12.05,1.17,0.0
2020-03-22 11:10:00+00:00,420.0,49.9,13.84,1.66,0.0
2020-03-22 12:10:00+00:00,323.0,52.29,13.54,2.34,0.0
2020-03-22 13:10:00+00:00,247.0,49.81,12.54,2.55,0.0
2020-03-22 14:10:00+00:00,140.0,43.25,12.66,3.1,0.0
2020-03-22 15:10:00+00:00,179.0,34.06,12.47,2.76,0.0
2020-03-22 16:10:00+00:00,36.0,23.41,12.24,2.48,0.0
2020-03-22 17:10:00+00:00,14.0,12.01,11.83,2.41,0.0
2020-03-22 18:10:00+00:00,0.0,0.0,11.17,1.86,0.0
2020-03-22 19:10:00+00:00,0.0,0.0,10.74,1.03,0.0
2020-03-22 20:10:00+00:00,0.0,0.0,10.51,0.14,0.0
2020-03-22 21:10:00+00:00,0.0,0.0,10.24,0.41,0.0
2020-03-22 22:10:00+00:00,0.0,0.0,10.19,0.55,0.0
2020-03-22 23:10:00+00:00,0.0,0.0,10.01,0.83,0.0
2020-03-23 00:10:00+00:00,0.0,0.0,9.97,1.17,0.0
2020-03-23 01:10:00+00:00,0.0,0.0,9.88,1.1,0.0
2020-03-23 02:10:00+00:00,0.0,0.0,9.81,0.9,0.0
2020-03-23 03:10:00+00:00,0.0,0.0,9.95,1.03,0.0
2020-03-23 04:10:00+00:00,0.0,0.0,9.69,1.38,0.0
2020-03-23 05:10:00+00:00,0.0,0.0,9.37,1.66,0.0
2020-03-23 06:10:00+00:00,0.0,0.0,9.18,1.86,0.0
2020-03-23 07:10:00+00:00,66.0,12.53,9.99,2.14,0.0
2020-03-23 08:10:00+00:00,341.0,23.94,11.54,2.34,0.0
2020-03-23 09:10:00+00:00,151.0,34.59,12.61,2.55,0.0
2020-03-23 10:10:00+00:00,115.0,43.77,13.32,3.24,0.0
2020-03-23 11:10:00+00:00,228.0,50.3,13.83,3.86,0.0
2020-03-23 12:10:00+00:00,683.01,52.69,13.88,4.28,0.0
2020-03-23 13:10:00+00:00,668.01,50.16,14.46,5.03,0.0
2020-03-23 14:10:00+00:00,226.0,43.54,14.94,5.24,0.0
2020-03-23 15:10:00+00:00,120.0,34.3,14.5,5.59,0.0
2020-03-23 16:10:00+00:00,74.0,23.62,13.68,5.66,0.0
2020-03-23 17:10:00+00:00,73.0,12.2,13.04,5.79,0.0
2020-03-23 18:10:00+00:00,0.0,0.0,12.49,5.24,0.0
2020-03-23 19:10:00+00:00,0.0,0.0,12.25,5.1,0.0
2020-03-23 20:10:00+00:00,0.0,0.0,12.18,5.03,0.0
2020-03-23 21:10:00+00:00,0.0,0.0,11.84,5.24,0.0
2020-03-23 22:10:00+00:00,0.0,0.0,11.75,5.31,0.0
2020-03-23 23:10:00+00:00,0.0,0.0,11.65,5.45,0.0
2020-03-24 00:10:00+00:00,0.0,0.0,11.62,6.07,0.0
2020-03-24 01:10:00+00:00,0.0,0.0,11.34,6.14,0.0
2020-03-24 02:10:00+00:00,0.0,0.0,11.13,5.72,0.0
2020-03-24 03:10:00+00:00,0.0,0.0,11.12,5.59,0.0
2020-03-24 04:10:00+00:00,0.0,0.0,11.11,5.79,0.0
2020-03-24 05:10:00+00:00,0.0,0.0,10.95,5.93,0.0
2020-03-24 06:10:00+00:00,0.0,0.0,10.85,5.79,0.0
2020-03-24 07:10:00+00:00,23.0,12.84,10.9,6.0,0.0
2020-03-24 08:10:00+00:00,53.0,24.27,10.96,6.41,0.0
2020-03-24 09:10:00+00:00,70.0,34.94,10.89,6.21,0.0
2020-03-24 10:10:00+00:00,100.0,44.14,10.88,6.34,0.0
2020-03-24 11:10:00+00:00,100.0,50.7,11.02,6.14,0.0
2020-03-24 12:10:00+00:00,88.0,53.08,11.25,5.93,0.0
2020-03-24 13:10:00+00:00,161.0,50.51,11.57,6.9,0.0
2020-03-24 14:10:00+00:00,204.0,43.82,11.42,6.83,0.0
2020-03-24 15:10:00+00:00,120.0,34.54,11.47,6.62,0.0
2020-03-24 16:10:00+00:00,83.0,23.83,11.34,6.76,0.0
2020-03-24 17:10:00+00:00,76.0,12.38,11.17,6.07,0.0
2020-03-24 18:10:00+00:00,0.0,0.0,10.58,6.55,0.0
2020-03-24 19:10:00+00:00,0.0,0.0,10.38,6.55,0.0
2020-03-24 20:10:00+00:00,0.0,0.0,10.18,6.21,0.0
2020-03-24 21:10:00+00:00,0.0,0.0,9.89,5.79,0.0
2020-03-24 22:10:00+00:00,0.0,0.0,9.46,4.34,0.0
2020-03-24 23:10:00+00:00,0.0,0.0,9.21,4.28,0.0
2020-03-25 00:10:00+00:00,0.0,0.0,8.95,3.72,0.0
2020-03-25 01:10:00+00:00,0.0,0.0,8.44,3.59,0.0
2020-03-25 02:10:00+00:00,0.0,0.0,8.14,3.38,0.0
2020-03-25 03:10:00+00:00,0.0,0.0,8.2,3.38,0.0
2020-03-25 04:10:00+00:00,0.0,0.0,7.54,3.17,0.0
2020-03-25 05:10:00+00:00,0.0,0.0,7.42,2.97,0.0
2020-03-25 06:10:00+00:00,0.0,0.0,7.5,2.62,0.0
2020-03-25 07:10:00+00:00,186.0,13.15,7.75,2.9,0.0
2020-03-25 08:10:00+00:00,237.0,24.59,8.84,3.1,0.0
2020-03-25 09:10:00+00:00,234.0,35.28,9.8,3.52,0.0
2020-03-25 10:10:00+00:00,187.0,44.52,11.2,2.83,0.0
2020-03-25 11:10:00+00:00,224.0,51.1,11.96,2.48,0.0
2020-03-25 12:10:00+00:00,233.0,53.47,11.5,2.41,0.0
2020-03-25 13:10:00+00:00,275.0,50.86,11.11,2.28,0.0
2020-03-25 14:10:00+00:00,242.0,44.11,10.49,2.07,0.0
2020-03-25 15:10:00+00:00,365.0,34.78,9.77,2.41,0.0
2020-03-25 16:10:00+00:00,325.0,24.03,9.57,2.28,0.0
2020-03-25 17:10:00+00:00,75.0,12.57,8.96,2.21,0.0
2020-03-25 18:10:00+00:00,0.0,0.0,8.62,1.66,0.0
2020-03-25 19:10:00+00:00,0.0,0.0,7.9,1.93,0.0
2020-03-25 20:10:00+00:00,0.0,0.0,7.8,1.59,0.0
2020-03-25 21:10:00+00:00,0.0,0.0,7.02,1.52,0.0
2020-03-25 22:10:00+00:00,0.0,0.0,7.22,1.31,0.0
2020-03-25 23:10:00+00:00,0.0,0.0,7.07,1.31,0.0
2020-03-26 00:10:00+00:00,0.0,0.0,6.92,1.66,0.0
2020-03-26 01:10:00+00:00,0.0,0.0,6.58,1.93,0.0
2020-03-26 02:10:00+00:00,0.0,0.0,6.85,1.72,0.0
2020-03-26 03:10:00+00:00,0.0,0.0,6.75,1.52,0.0
2020-03-26 04:10:00+00:00,0.0,0.0,6.35,1.52,0.0
2020-03-26 05:10:00+00:00,0.0,0.0,6.14,1.31,0.0
2020-03-26 06:10:00+00:00,0.0,0.0,5.8,1.31,0.0
2020-03-26 07:10:00+00:00,134.0,13.46,6.36,1.93,0.0
2020-03-26 08:10:00+00:00,394.0,24.91,8.61,1.79,0.0
2020-03-26 09:10:00+00:00,582.01,35.63,11.02,3.1,0.0
2020-03-26 10:10:00+00:00,720.01,44.89,13.15,3.38,0.0
2020-03-26 11:10:00+00:00,781.01,51.49,13.93,2.83,0.0
2020-03-26 12:10:00+00:00,800.01,53.87,14.41,3.1,0.0
2020-03-26 13:10:00+00:00,799.01,51.2,14.76,3.17,0.0
2020-03-26 14:10:00+00:00,688.01,44.39,14.62,2.62,0.0
2020-03-26 15:10:00+00:00,501.0,35.01,14.09,2.28,0.0
2020-03-26 16:10:00+00:00,359.0,24.23,14.16,2.28,0.0
2020-03-26 17:10:00+00:00,179.0,12.76,13.01,2.28,0.0
2020-03-26 18:10:00+00:00,0.0,0.0,11.46,2.0,0.0
2020-03-26 19:10:00+00:00,0.0,0.0,10.6,1.52,0.0
2020-03-26 20:10:00+00:00,0.0,0.0,9.41,2.0,0.0
2020-03-26 21:10:00+00:00,0.0,0.0,8.39,2.07,0.0
2020-03-26 22:10:00+00:00,0.0,0.0,7.61,2.48,0.0
2020-03-26 23:10:00+00:00,0.0,0.0,7.62,2.14,0.0
2020-03-27 00:10:00+00:00,0.0,0.0,7.51,2.34,0.0
2020-03-27 01:10:00+00:00,0.0,0.0,7.38,2.69,0.0
2020-03-27 02:10:00+00:00,0.0,0.0,7.3,2.97,0.0
2020-03-27 03:10:00+00:00,0.0,0.0,7.32,2.97,0.0
2020-03-27 04:10:00+00:00,0.0,0.0,7.27,2.76,0.0
2020-03-27 05:10:00+00:00,0.0,0.0,7.31,2.83,0.0
2020-03-27 06:10:00+00:00,0.0,0.0,7.0,2.48,0.0
2020-03-27 07:10:00+00:00,38.0,13.77,6.98,2.55,0.0
2020-03-27 08:10:00+00:00,107.0,25.23,7.34,2.69,0.0
2020-03-27 09:10:00+00:00,121.0,35.97,7.71,3.31,0.0
2020-03-27 10:10:00+00:00,75.0,45.26,8.16,3.31,0.0
2020-03-27 11:10:00+00:00,73.0,51.89,8.74,3.24,0.0
2020-03-27 12:10:00+00:00,76.0,54.26,8.83,3.38,0.0
2020-03-27 13:10:00+00:00,86.0,51.54,9.49,3.52,0.0
2020-03-27 14:10:00+00:00,84.0,44.67,9.28,3.79,0.0
2020-03-27 15:10:00+00:00,124.0,35.24,9.12,3.66,0.0
2020-03-27 16:10:00+00:00,75.0,24.43,8.66,3.66,0.0
2020-03-27 17:10:00+00:00,128.0,12.94,8.19,3.72,0.0
2020-03-27 18:10:00+00:00,0.0,0.0,8.23,3.31,0.0
2020-03-27 19:10:00+00:00,0.0,0.0,7.86,2.97,0.0
2020-03-27 20:10:00+00:00,0.0,0.0,8.04,2.83,0.0
2020-03-27 21:10:00+00:00,0.0,0.0,7.41,2.83,0.0
2020-03-27 22:10:00+00:00,0.0,0.0,7.53,3.31,0.0
2020-03-27 23:10:00+00:00,0.0,0.0,7.59,3.03,0.0
2020-03-28 00:10:00+00:00,0.0,0.0,7.55,2.69,0.0
2020-03-28 01:10:00+00:00,0.0,0.0,7.51,2.41,0.0
2020-03-28 02:10:00+00:00,0.0,0.0,7.11,2.34,0.0
2020-03-28 03:10:00+00:00,0.0,0.0,6.72,2.28,0.0
2020-03-28 04:10:00+00:00,0.0,0.0,6.24,2.28,0.0
2020-03-28 05:10:00+00:00,0.0,0.0,5.65,2.21,0.0
2020-03-28 06:10:00+00:00,9.0,2.34,5.48,2.07,0.0
2020-03-28 07:10:00+00:00,175.0,14.08,6.15,2.34,0.0
2020-03-28 08:10:00+00:00,405.0,25.55,8.21,2.76,0.0
2020-03-28 09:10:00+00:00,590.01,36.31,9.96,3.45,0.0
2020-03-28 10:10:00+00:00,736.01,45.63,11.48,3.31,0.0
2020-03-28 11:10:00+00:00,833.01,52.29,12.23,3.1,0.0
2020-03-28 12:10:00+00:00,770.01,54.65,12.1,1.66,0.0
2020-03-28 13:10:00+00:00,609.0,51.88,12.74,2.21,0.0
2020-03-28 14:10:00+00:00,424.0,44.95,13.27,2.48,0.0
2020-03-28 15:10:00+00:00,287.0,35.47,13.17,2.48,0.0
2020-03-28 16:10:00+00:00,384.0,24.63,13.34,2.0,0.0
2020-03-28 17:10:00+00:00,186.0,13.12,13.02,1.38,0.0
2020-03-28 18:10:00+00:00,0.0,0.0,11.78,0.34,0.0
2020-03-28 19:10:00+00:00,0.0,0.0,9.77,0.69,0.0
2020-03-28 20:10:00+00:00,0.0,0.0,7.53,1.17,0.0
2020-03-28 21:10:00+00:00,0.0,0.0,6.88,1.59,0.0
2020-03-28 22:10:00+00:00,0.0,0.0,6.69,1.52,0.0
2020-03-28 23:10:00+00:00,0.0,0.0,6.29,1.52,0.0
2020-03-29 00:10:00+00:00,0.0,0.0,5.9,1.52,0.0
2020-03-29 01:10:00+00:00,0.0,0.0,5.59,1.59,0.0
2020-03-29 02:10:00+00:00,0.0,0.0,5.34,1.52,0.0
2020-03-29 03:10:00+00:00,0.0,0.0,5.04,1.52,0.0
2020-03-29 04:10:00+00:00,0.0,0.0,4.87,1.52,0.0
2020-03-29 05:10:00+00:00,0.0,0.0,4.9,2.21,0.0
2020-03-29 06:10:00+00:00,13.79,2.64,5.01,1.52,0.0
2020-03-29 07:10:00+00:00,212.0,14.38,7.18,1.93,0.0
2020-03-29 08:10:00+00:00,415.0,25.87,11.94,1.52,0.0
2020-03-29 09:10:00+00:00,600.01,36.65,14.28,1.31,0.0
2020-03-29 10:10:00+00:00,751.01,46.0,16.56,1.1,0.0
2020-03-29 11:10:00+00:00,839.01,52.68,17.47,1.72,0.0
2020-03-29 12:10:00+00:00,869.01,55.04,17.92,2.14,0.0
2020-03-29 13:10:00+00:00,833.01,52.22,18.06,2.28,0.0
2020-03-29 14:10:00+00:00,726.01,45.23,18.37,2.34,0.0
2020-03-29 15:10:00+00:00,583.01,35.7,18.23,2.97,0.0
2020-03-29 16:10:00+00:00,391.0,24.83,17.69,3.72,0.0
2020-03-29 17:10:00+00:00,189.0,13.31,16.48,3.72,0.0
2020-03-29 18:10:00+00:00,0.0,0.0,15.0,3.03,0.0
2020-03-29 19:10:00+00:00,0.0,0.0,13.0,2.0,0.0
2020-03-29 20:10:00+00:00,0.0,0.0,12.04,2.0,0.0
2020-03-29 21:10:00+00:00,0.0,0.0,11.27,1.59,0.0
2020-03-29 22:10:00+00:00,0.0,0.0,10.48,1.66,0.0
2020-03-29 23:10:00+00:00,0.0,0.0,10.31,1.93,0.0
2020-03-30 00:10:00+00:00,0.0,0.0,10.09,1.79,0.0
2020-03-30 01:10:00+00:00,0.0,0.0,9.64,1.66,0.0
2020-03-30 02:10:00+00:00,0.0,0.0,9.48,1.38,0.0
2020-03-30 03:10:00+00:00,0.0,0.0,9.06,1.31,0.0
2020-03-30 04:10:00+00:00,0.0,0.0,8.57,1.1,0.0
2020-03-30 05:10:00+00:00,0.0,0.0,8.63,0.9,0.0
2020-03-30 06:10:00+00:00,11.0,2.95,9.3,1.17,0.0
2020-03-30 07:10:00+00:00,123.0,14.69,10.49,1.17,0.0
2020-03-30 08:10:00+00:00,139.0,26.18,11.96,1.66,0.0
2020-03-30 09:10:00+00:00,395.0,36.99,12.93,2.55,0.0
2020-03-30 10:10:00+00:00,459.0,46.37,13.77,3.31,0.0
2020-03-30 11:10:00+00:00,604.0,53.08,13.86,3.31,0.0
2020-03-30 12:10:00+00:00,387.0,55.43,13.0,3.52,0.0
2020-03-30 13:10:00+00:00,652.0,52.56,13.0,4.28,0.0
2020-03-30 14:10:00+00:00,219.0,45.5,12.16,4.97,0.0
2020-03-30 15:10:00+00:00,100.0,35.93,11.39,5.17,0.0
2020-03-30 16:10:00+00:00,121.0,25.03,10.64,4.97,0.0
2020-03-30 17:10:00+00:00,58.0,13.49,9.8,5.03,0.0
2020-03-30 18:10:00+00:00,0.0,0.0,9.42,4.97,0.0
2020-03-30 19:10:00+00:00,0.0,0.0,9.35,5.03,0.0
2020-03-30 20:10:00+00:00,0.0,0.0,9.22,5.03,0.0
2020-03-30 21:10:00+00:00,0.0,0.0,8.82,4.9,0.0
2020-03-30 22:10:00+00:00,0.0,0.0,8.31,3.93,0.0
2020-03-30 23:10:00+00:00,0.0,0.0,8.3,3.72,0.0
2020-03-31 00:10:00+00:00,0.0,0.0,8.11,3.66,0.0
2020-03-31 01:10:00+00:00,0.0,0.0,8.14,3.59,0.0
2020-03-31 02:10:00+00:00,0.0,0.0,8.03,3.86,0.0
2020-03-31 03:10:00+00:00,0.0,0.0,8.09,3.79,0.0
2020-03-31 04:10:00+00:00,0.0,0.0,8.15,3.72,0.0
2020-03-31 05:10:00+00:00,0.0,0.0,8.29,3.86,0.0
2020-03-31 06:10:00+00:00,10.0,3.25,8.31,3.93,0.0
2020-03-31 07:10:00+00:00,36.0,14.99,8.77,4.07,0.0
2020-03-31 08:10:00+00:00,198.0,26.5,9.18,3.59,0.0
2020-03-31 09:10:00+00:00,174.0,37.32,9.84,3.38,0.0
2020-03-31 10:10:00+00:00,453.0,46.74,11.98,3.38,0.0
2020-03-31 11:10:00+00:00,570.0,53.47,13.15,2.62,0.0
2020-03-31 12:10:00+00:00,857.01,55.81,14.14,1.52,0.0
2020-03-31 13:10:00+00:00,455.0,52.9,15.05,1.1,0.0
2020-03-31 14:10:00+00:00,475.0,45.78,15.39,1.1,0.0
2020-03-31 15:10:00+00:00,254.0,36.15,15.72,0.62,0.0
2020-03-31 16:10:00+00:00,376.0,25.22,15.63,0.83,0.0
2020-03-31 17:10:00+00:00,188.0,13.67,14.87,0.9,0.0
2020-03-31 18:10:00+00:00,0.0,0.0,13.96,0.83,0.0
2020-03-31 19:10:00+00:00,0.0,0.0,13.48,1.17,0.0
2020-03-31 20:10:00+00:00,0.0,0.0,13.02,1.31,0.0
2020-03-31 21:10:00+00:00,0.0,0.0,11.9,0.97,0.0
2020-03-31 22:10:00+00:00,0.0,0.0,10.76,0.55,0.0
2020-03-31 23:10:00+00:00,0.0,0.0,10.88,0.69,0.0
2020-04-01 00:10:00+00:00,0.0,0.0,10.77,0.97,0.0
2020-04-01 01:10:00+00:00,0.0,0.0,11.14,1.31,0.0
2020-04-01 02:10:00+00:00,0.0,0.0,10.95,1.52,0.0
2020-04-01 03:10:00+00:00,0.0,0.0,10.83,1.52,0.0
2020-04-01 04:10:00+00:00,0.0,0.0,10.91,1.1,0.0
2020-04-01 05:10:00+00:00,0.0,0.0,10.72,0.97,0.0
2020-04-01 06:10:00+00:00,16.81,3.55,10.63,0.83,0.0
2020-04-01 07:10:00+00:00,226.0,15.3,11.39,0.83,0.0
2020-04-01 08:10:00+00:00,429.0,26.81,13.58,0.55,0.0
2020-04-01 09:10:00+00:00,613.01,37.66,15.13,0.97,0.0
2020-04-01 10:10:00+00:00,739.01,47.1,16.31,1.38,0.0
2020-04-01 11:10:00+00:00,847.01,53.86,17.0,1.59,0.0
2020-04-01 12:10:00+00:00,866.01,56.2,17.51,2.55,0.0
2020-04-01 13:10:00+00:00,816.01,53.23,16.98,3.45,0.0
2020-04-01 14:10:00+00:00,731.01,46.05,15.57,3.1,0.0
2020-04-01 15:10:00+00:00,300.0,36.37,15.19,2.69,0.0
2020-04-01 16:10:00+00:00,396.0,25.41,15.1,2.0,0.0
2020-04-01 17:10:00+00:00,191.0,13.85,14.96,1.03,0.0
2020-04-01 18:10:00+00:00,0.0,0.0,13.88,0.28,0.0
2020-04-01 19:10:00+00:00,0.0,0.0,12.47,0.14,0.0
2020-04-01 20:10:00+00:00,0.0,0.0,11.76,0.97,0.0
2020-04-01 21:10:00+00:00,0.0,0.0,11.26,1.17,0.0
2020-04-01 22:10:00+00:00,0.0,0.0,11.04,1.72,0.0
2020-04-01 23:10:00+00:00,0.0,0.0,10.96,1.59,0.0
2020-04-02 00:10:00+00:00,0.0,0.0,10.52,0.9,0.0
2020-04-02 01:10:00+00:00,0.0,0.0,10.17,0.76,0.0
2020-04-02 02:10:00+00:00,0.0,0.0,9.84,1.31,0.0
2020-04-02 03:10:00+00:00,0.0,0.0,8.92,1.24,0.0
2020-04-02 04:10:00+00:00,0.0,0.0,8.57,1.38,0.0
2020-04-02 05:10:00+00:00,0.0,0.0,8.16,1.59,0.0
2020-04-02 06:10:00+00:00,19.61,3.85,8.3,1.52,0.0
2020-04-02 07:10:00+00:00,167.0,15.6,9.53,1.79,0.0
2020-04-02 08:10:00+00:00,332.0,27.12,11.42,1.86,0.0
2020-04-02 09:10:00+00:00,511.0,37.99,12.58,2.14,0.0
2020-04-02 10:10:00+00:00,757.01,47.46,13.78,1.03,0.0
2020-04-02 11:10:00+00:00,839.01,54.25,14.38,0.76,0.0
2020-04-02 12:10:00+00:00,866.01,56.58,14.8,1.52,0.0
2020-04-02 13:10:00+00:00,730.01,53.56,14.93,2.14,0.0
2020-04-02 14:10:00+00:00,211.0,46.31,13.27,2.62,0.0
2020-04-02 15:10:00+00:00,302.0,36.59,12.75,1.72,0.0
2020-04-02 16:10:00+00:00,344.0,25.6,12.57,0.69,0.0
2020-04-02 17:10:00+00:00,173.0,14.02,12.05,0.55,0.0
2020-04-02 18:10:00+00:00,0.0,0.0,10.96,1.1,0.0
2020-04-02 19:10:00+00:00,0.0,0.0,10.52,1.86,0.0
2020-04-02 20:10:00+00:00,0.0,0.0,10.37,1.79,0.0
2020-04-02 21:10:00+00:00,0.0,0.0,9.83,1.72,0.0
2020-04-02 22:10:00+00:00,0.0,0.0,9.75,1.93,0.0
2020-04-02 23:10:00+00:00,0.0,0.0,9.58,1.93,0.0
2020-04-03 00:10:00+00:00,0.0,0.0,9.62,1.66,0.0
2020-04-03 01:10:00+00:00,0.0,0.0,9.1,1.59,0.0
2020-04-03 02:10:00+00:00,0.0,0.0,9.03,1.72,0.0
2020-04-03 03:10:00+00:00,0.0,0.0,9.1,1.72,0.0
2020-04-03 04:10:00+00:00,0.0,0.0,8.94,1.86,0.0
2020-04-03 05:10:00+00:00,0.0,0.0,8.92,2.14,0.0
2020-04-03 06:10:00+00:00,21.6,4.15,9.04,2.34,0.0
2020-04-03 07:10:00+00:00,133.0,15.9,10.1,2.48,0.0
2020-04-03 08:10:00+00:00,389.0,27.43,12.27,1.93,0.0
2020-04-03 09:10:00+00:00,531.0,38.32,13.72,1.59,0.0
2020-04-03 10:10:00+00:00,770.01,47.83,15.5,0.41,0.0
2020-04-03 11:10:00+00:00,861.01,54.64,15.99,0.69,0.0
2020-04-03 12:10:00+00:00,813.01,56.96,15.85,1.31,0.0
2020-04-03 13:10:00+00:00,819.01,53.89,15.64,1.93,0.0
2020-04-03 14:10:00+00:00,739.01,46.58,15.4,2.62,0.0
2020-04-03 15:10:00+00:00,595.01,36.81,15.27,2.9,0.0
2020-04-03 16:10:00+00:00,407.0,25.79,14.79,2.9,0.0
2020-04-03 17:10:00+00:00,206.0,14.2,14.04,2.9,0.0
2020-04-03 18:10:00+00:00,10.83,2.45,13.09,2.34,0.0
2020-04-03 19:10:00+00:00,0.0,0.0,11.59,1.31,0.0
2020-04-03 20:10:00+00:00,0.0,0.0,10.76,1.52,0.0
2020-04-03 21:10:00+00:00,0.0,0.0,9.48,1.31,0.0
2020-04-03 22:10:00+00:00,0.0,0.0,8.32,1.17,0.0
2020-04-03 23:10:00+00:00,0.0,0.0,7.71,1.31,0.0
2020-04-04 00:10:00+00:00,0.0,0.0,7.67,1.1,0.0
2020-04-04 01:10:00+00:00,0.0,0.0,7.28,1.03,0.0
2020-04-04 02:10:00+00:00,0.0,0.0,6.99,0.97,0.0
2020-04-04 03:10:00+00:00,0.0,0.0,6.95,0.9,0.0
2020-04-04 04:10:00+00:00,0.0,0.0,7.05,0.83,0.0
2020-04-04 05:10:00+00:00,0.0,0.0,6.88,0.83,0.0
2020-04-04 06:10:00+00:00,27.09,4.44,6.52,0.76,0.0
2020-04-04 07:10:00+00:00,229.0,16.19,8.24,0.97,0.0
2020-04-04 08:10:00+00:00,439.0,27.74,11.79,1.86,0.0
2020-04-04 09:10:00+00:00,636.01,38.65,13.38,2.41,0.0
2020-04-04 10:10:00+00:00,786.01,48.18,15.27,2.41,0.0
2020-04-04 11:10:00+00:00,878.01,55.03,15.42,3.17,0.0
2020-04-04 12:10:00+00:00,901.01,57.34,15.48,3.86,0.0
2020-04-04 13:10:00+00:00,867.01,54.22,15.55,3.93,0.0
2020-04-04 14:10:00+00:00,762.01,46.84,15.41,3.79,0.0
2020-04-04 15:10:00+00:00,591.01,37.03,14.99,3.79,0.0
2020-04-04 16:10:00+00:00,386.0,25.98,14.47,3.72,0.0
2020-04-04 17:10:00+00:00,201.0,14.38,13.69,3.17,0.0
2020-04-04 18:10:00+00:00,10.0,2.63,12.67,2.21,0.0
2020-04-04 19:10:00+00:00,0.0,0.0,11.35,1.59,0.0
2020-04-04 20:10:00+00:00,0.0,0.0,10.63,1.52,0.0
2020-04-04 21:10:00+00:00,0.0,0.0,10.37,1.38,0.0
2020-04-04 22:10:00+00:00,0.0,0.0,9.79,1.52,0.0
2020-04-04 23:10:00+00:00,0.0,0.0,9.78,1.72,0.0
2020-04-05 00:10:00+00:00,0.0,0.0,9.48,0.34,0.0
2020-04-05 01:10:00+00:00,0.0,0.0,9.11,0.48,0.0
2020-04-05 02:10:00+00:00,0.0,0.0,9.07,1.38,0.0
2020-04-05 03:10:00+00:00,0.0,0.0,8.72,1.72,0.0
2020-04-05 04:10:00+00:00,0.0,0.0,8.21,1.59,0.0
2020-04-05 05:10:00+00:00,0.0,0.0,8.19,1.66,0.0
2020-04-05 06:10:00+00:00,42.22,4.74,8.49,1.66,0.0
2020-04-05 07:10:00+00:00,244.0,16.49,10.37,1.52,0.0
2020-04-05 08:10:00+00:00,447.0,28.05,12.38,1.93,0.0
2020-04-05 09:10:00+00:00,630.01,38.98,13.55,2.41,0.0
2020-04-05 10:10:00+00:00,757.01,48.54,14.95,2.62,0.0
2020-04-05 11:10:00+00:00,826.01,55.41,15.61,2.62,0.0
2020-04-05 12:10:00+00:00,805.01,57.72,16.24,2.34,0.0
2020-04-05 13:10:00+00:00,725.01,54.54,16.27,2.55,0.0
2020-04-05 14:10:00+00:00,632.0,47.1,16.57,2.83,0.0
2020-04-05 15:10:00+00:00,571.0,37.24,16.24,3.03,0.0
2020-04-05 16:10:00+00:00,401.0,26.17,15.89,3.03,0.0
2020-04-05 17:10:00+00:00,206.0,14.55,14.97,2.83,0.0
2020-04-05 18:10:00+00:00,13.64,2.8,13.34,2.14,0.0
2020-04-05 19:10:00+00:00,0.0,0.0,11.82,1.93,0.0
2020-04-05 20:10:00+00:00,0.0,0.0,11.2,1.38,0.0
2020-04-05 21:10:00+00:00,0.0,0.0,11.28,1.31,0.0
2020-04-05 22:10:00+00:00,0.0,0.0,10.19,1.1,0.0
2020-04-05 23:10:00+00:00,0.0,0.0,10.04,0.55,0.0
2020-04-06 00:10:00+00:00,0.0,0.0,9.71,0.14,0.0
2020-04-06 01:10:00+00:00,0.0,0.0,9.04,0.55,0.0
2020-04-06 02:10:00+00:00,0.0,0.0,9.13,0.55,0.0
2020-04-06 03:10:00+00:00,0.0,0.0,8.66,0.48,0.0
2020-04-06 04:10:00+00:00,0.0,0.0,8.4,0.83,0.0
2020-04-06 05:10:00+00:00,0.0,0.0,8.25,1.03,0.0
2020-04-06 06:10:00+00:00,38.41,5.03,8.6,0.69,0.0
2020-04-06 07:10:00+00:00,240.0,16.78,10.61,0.76,0.0
2020-04-06 08:10:00+00:00,383.0,28.35,13.59,0.28,0.0
2020-04-06 09:10:00+00:00,622.01,39.3,14.32,1.03,0.0
2020-04-06 10:10:00+00:00,767.01,48.89,15.87,1.52,0.0
2020-04-06 11:10:00+00:00,855.01,55.79,16.48,2.14,0.0
2020-04-06 12:10:00+00:00,857.01,58.1,16.9,2.34,0.0
2020-04-06 13:10:00+00:00,654.0,54.86,17.19,2.55,0.0
2020-04-06 14:10:00+00:00,557.0,47.36,17.26,2.83,0.0
2020-04-06 15:10:00+00:00,562.0,37.45,16.93,3.1,0.0
2020-04-06 16:10:00+00:00,365.0,26.35,16.46,3.03,0.0
2020-04-06 17:10:00+00:00,175.0,14.73,15.34,2.62,0.0
2020-04-06 18:10:00+00:00,12.83,2.98,14.22,2.0,0.0
2020-04-06 19:10:00+00:00,0.0,0.0,12.81,0.9,0.0
2020-04-06 20:10:00+00:00,0.0,0.0,12.9,1.1,0.0
2020-04-06 21:10:00+00:00,0.0,0.0,12.32,0.55,0.0
2020-04-06 22:10:00+00:00,0.0,0.0,11.94,0.28,0.0
2020-04-06 23:10:00+00:00,0.0,0.0,11.65,0.76,0.0
2020-04-07 00:10:00+00:00,0.0,0.0,11.14,1.31,0.0
2020-04-07 01:10:00+00:00,0.0,0.0,10.52,1.1,0.0
2020-04-07 02:10:00+00:00,0.0,0.0,10.39,1.17,0.0
2020-04-07 03:10:00+00:00,0.0,0.0,10.46,1.38,0.0
2020-04-07 04:10:00+00:00,0.0,0.0,10.21,1.17,0.0
2020-04-07 05:10:00+00:00,0.0,0.0,10.07,1.1,0.0
2020-04-07 06:10:00+00:00,48.37,5.32,10.3,0.83,0.0
2020-04-07 07:10:00+00:00,246.0,17.08,11.52,1.24,0.0
2020-04-07 08:10:00+00:00,448.0,28.65,13.44,2.34,0.0
2020-04-07 09:10:00+00:00,633.01,39.62,14.73,1.72,0.0
2020-04-07 10:10:00+00:00,780.01,49.25,15.7,2.21,0.0
2020-04-07 11:10:00+00:00,841.01,56.17,15.95,2.62,0.0
2020-04-07 12:10:00+00:00,890.01,58.47,16.55,2.83,0.0
2020-04-07 13:10:00+00:00,851.01,55.18,16.85,2.69,0.0
2020-04-07 14:10:00+00:00,756.01,47.61,17.15,2.83,0.0
2020-04-07 15:10:00+00:00,607.01,37.66,17.16,2.69,0.0
2020-04-07 16:10:00+00:00,412.0,26.54,16.82,2.55,0.0
2020-04-07 17:10:00+00:00,206.0,14.9,15.78,2.62,0.0
2020-04-07 18:10:00+00:00,14.81,3.15,14.5,2.28,0.0
2020-04-07 19:10:00+00:00,0.0,0.0,13.44,2.41,0.0
2020-04-07 20:10:00+00:00,0.0,0.0,12.29,1.66,0.0
2020-04-07 21:10:00+00:00,0.0,0.0,11.84,1.17,0.0
2020-04-07 22:10:00+00:00,0.0,0.0,11.82,1.1,0.0
2020-04-07 23:10:00+00:00,0.0,0.0,9.86,1.17,0.0
2020-04-08 00:10:00+00:00,0.0,0.0,9.17,1.31,0.0
2020-04-08 01:10:00+00:00,0.0,0.0,9.09,1.59,0.0
2020-04-08 02:10:00+00:00,0.0,0.0,9.12,1.66,0.0
2020-04-08 03:10:00+00:00,0.0,0.0,8.73,2.21,0.0
2020-04-08 04:10:00+00:00,0.0,0.0,8.52,1.52,0.0
2020-04-08 05:10:00+00:00,0.0,0.0,8.46,1.59,0.0
2020-04-08 06:10:00+00:00,55.56,5.61,8.61,1.72,0.0
2020-04-08 07:10:00+00:00,258.0,17.36,10.35,1.72,0.0
2020-04-08 08:10:00+00:00,470.0,28.95,12.96,1.59,0.0
2020-04-08 09:10:00+00:00,651.01,39.94,14.67,1.86,0.0
2020-04-08 10:10:00+00:00,799.01,49.6,16.34,1.86,0.0
2020-04-08 11:10:00+00:00,889.01,56.55,17.34,2.28,0.0
2020-04-08 12:10:00+00:00,910.01,58.84,17.79,2.55,0.0
2020-04-08 13:10:00+00:00,871.01,55.5,17.99,2.9,0.0
2020-04-08 14:10:00+00:00,765.01,47.87,17.98,3.03,0.0
2020-04-08 15:10:00+00:00,602.01,37.87,17.79,3.17,0.0
2020-04-08 16:10:00+00:00,424.0,26.72,17.46,3.31,0.0
2020-04-08 17:10:00+00:00,219.0,15.07,16.59,2.97,0.0
2020-04-08 18:10:00+00:00,19.36,3.33,15.11,1.86,0.0
2020-04-08 19:10:00+00:00,0.0,0.0,13.39,1.66,0.0
2020-04-08 20:10:00+00:00,0.0,0.0,12.46,1.79,0.0
2020-04-08 21:10:00+00:00,0.0,0.0,11.04,1.93,0.0
2020-04-08 22:10:00+00:00,0.0,0.0,10.02,1.72,0.0
2020-04-08 23:10:00+00:00,0.0,0.0,9.64,1.79,0.0
2020-04-09 00:10:00+00:00,0.0,0.0,9.54,1.59,0.0
2020-04-09 01:10:00+00:00,0.0,0.0,8.95,1.72,0.0
2020-04-09 02:10:00+00:00,0.0,0.0,8.99,1.66,0.0
2020-04-09 03:10:00+00:00,0.0,0.0,9.16,2.0,0.0
2020-04-09 04:10:00+00:00,0.0,0.0,9.28,2.14,0.0
2020-04-09 05:10:00+00:00,0.0,0.0,9.27,2.21,0.0
2020-04-09 06:10:00+00:00,36.0,5.9,9.49,2.34,0.0
2020-04-09 07:10:00+00:00,200.0,17.65,10.84,2.28,0.0
2020-04-09 08:10:00+00:00,430.0,29.25,13.18,2.21,0.0
2020-04-09 09:10:00+00:00,497.0,40.26,15.12,2.34,0.0
2020-04-09 10:10:00+00:00,415.0,49.94,16.81,2.83,0.0
2020-04-09 11:10:00+00:00,586.0,56.93,17.27,2.76,0.0
2020-04-09 12:10:00+00:00,887.01,59.21,17.88,3.24,0.0
2020-04-09 13:10:00+00:00,774.01,55.81,17.88,3.52,0.0
2020-04-09 14:10:00+00:00,664.0,48.12,17.95,3.66,0.0
2020-04-09 15:10:00+00:00,440.0,38.08,17.46,3.79,0.0
2020-04-09 16:10:00+00:00,352.0,26.9,16.91,3.45,0.0
2020-04-09 17:10:00+00:00,138.0,15.24,16.13,2.83,0.0
2020-04-09 18:10:00+00:00,11.0,3.5,15.0,1.79,0.0
2020-04-09 19:10:00+00:00,0.0,0.0,13.77,1.93,0.0
2020-04-09 20:10:00+00:00,0.0,0.0,13.21,1.86,0.0
2020-04-09 21:10:00+00:00,0.0,0.0,12.64,1.93,0.0
2020-04-09 22:10:00+00:00,0.0,0.0,12.24,1.93,0.0
2020-04-09 23:10:00+00:00,0.0,0.0,12.16,1.66,0.0
2020-04-10 00:10:00+00:00,0.0,0.0,11.88,1.31,0.0
2020-04-10 01:10:00+00:00,0.0,0.0,11.42,1.31,0.0
2020-04-10 02:10:00+00:00,0.0,0.0,11.45,1.38,0.0
2020-04-10 03:10:00+00:00,0.0,0.0,11.03,1.52,0.0
2020-04-10 04:10:00+00:00,0.0,0.0,10.9,1.31,0.0
2020-04-10 05:10:00+00:00,0.0,0.0,10.5,1.24,0.0
2020-04-10 06:10:00+00:00,46.0,6.18,10.83,1.1,0.0
2020-04-10 07:10:00+00:00,88.0,17.94,12.42,2.07,0.0
2020-04-10 08:10:00+00:00,346.0,29.54,14.36,2.07,0.0
2020-04-10 09:10:00+00:00,470.0,40.57,15.73,1.66,0.0
2020-04-10 10:10:00+00:00,471.0,50.28,17.37,1.86,0.0
2020-04-10 11:10:00+00:00,466.0,57.3,18.09,2.48,0.0
2020-04-10 12:10:00+00:00,446.0,59.58,18.28,3.1,0.0
2020-04-10 13:10:00+00:00,662.0,56.12,18.36,3.31,0.0
2020-04-10 14:10:00+00:00,312.0,48.37,18.05,3.17,0.0
2020-04-10 15:10:00+00:00,475.0,38.28,17.6,3.03,0.0
2020-04-10 16:10:00+00:00,226.0,27.08,16.89,2.69,0.0
2020-04-10 17:10:00+00:00,114.0,15.41,16.02,2.21,0.0
2020-04-10 18:10:00+00:00,10.0,3.67,15.25,1.72,0.0
2020-04-10 19:10:00+00:00,0.0,0.0,14.08,1.66,0.0
2020-04-10 20:10:00+00:00,0.0,0.0,13.98,1.86,0.0
2020-04-10 21:10:00+00:00,0.0,0.0,13.75,1.24,0.0
2020-04-10 22:10:00+00:00,0.0,0.0,12.31,0.9,0.0
2020-04-10 23:10:00+00:00,0.0,0.0,12.1,1.1,0.0
2020-04-11 00:10:00+00:00,0.0,0.0,11.53,0.55,0.0
2020-04-11 01:10:00+00:00,0.0,0.0,11.63,0.21,0.0
2020-04-11 02:10:00+00:00,0.0,0.0,11.37,0.21,0.0
2020-04-11 03:10:00+00:00,0.0,0.0,10.51,0.28,0.0
2020-04-11 04:10:00+00:00,0.0,0.0,9.96,0.41,0.0
2020-04-11 05:10:00+00:00,0.0,0.0,9.55,0.41,0.0
2020-04-11 06:10:00+00:00,73.0,6.47,9.69,0.41,0.0
2020-04-11 07:10:00+00:00,269.0,18.22,11.71,0.07,0.0
2020-04-11 08:10:00+00:00,476.0,29.83,13.89,1.03,0.0
2020-04-11 09:10:00+00:00,589.0,40.88,15.26,1.52,0.0
2020-04-11 10:10:00+00:00,802.01,50.62,17.03,1.52,0.0
2020-04-11 11:10:00+00:00,889.01,57.67,18.03,2.41,0.0
2020-04-11 12:10:00+00:00,895.01,59.95,18.58,3.17,0.0
2020-04-11 13:10:00+00:00,865.01,56.43,18.71,4.0,0.0
2020-04-11 14:10:00+00:00,723.01,48.61,18.47,4.34,0.0
2020-04-11 15:10:00+00:00,606.0,38.48,18.07,4.34,0.0
2020-04-11 16:10:00+00:00,420.0,27.26,17.3,4.0,0.0
2020-04-11 17:10:00+00:00,173.0,15.58,16.15,3.31,0.0
2020-04-11 18:10:00+00:00,7.0,3.85,15.08,2.28,0.0
2020-04-11 19:10:00+00:00,0.0,0.0,13.81,1.72,0.0
2020-04-11 20:10:00+00:00,0.0,0.0,13.27,1.79,0.0
2020-04-11 21:10:00+00:00,0.0,0.0,12.79,1.66,0.0
2020-04-11 22:10:00+00:00,0.0,0.0,12.53,1.79,0.0
2020-04-11 23:10:00+00:00,0.0,0.0,12.17,1.93,0.0
2020-04-12 00:10:00+00:00,0.0,0.0,11.58,1.72,0.0
2020-04-12 01:10:00+00:00,0.0,0.0,10.8,1.79,0.0
2020-04-12 02:10:00+00:00,0.0,0.0,10.13,2.0,0.0
2020-04-12 03:10:00+00:00,0.0,0.0,10.38,2.07,0.0
2020-04-12 04:10:00+00:00,0.0,0.0,10.32,2.28,0.0
2020-04-12 05:10:00+00:00,0.0,0.0,10.33,2.34,0.0
2020-04-12 06:10:00+00:00,61.0,6.75,10.9,2.69,0.0
2020-04-12 07:10:00+00:00,96.0,18.49,11.81,2.9,0.0
2020-04-12 08:10:00+00:00,255.0,30.12,13.48,3.31,0.0
2020-04-12 09:10:00+00:00,472.0,41.18,15.24,3.79,0.0
2020-04-12 10:10:00+00:00,383.0,50.96,16.92,4.21,0.0
2020-04-12 11:10:00+00:00,401.0,58.04,17.44,4.55,0.0
2020-04-12 12:10:00+00:00,211.0,60.31,17.3,4.83,0.0
2020-04-12 13:10:00+00:00,270.0,56.74,17.16,4.55,0.0
2020-04-12 14:10:00+00:00,127.0,48.85,16.99,4.34,0.0
2020-04-12 15:10:00+00:00,85.0,38.68,16.46,3.86,0.0
2020-04-12 16:10:00+00:00,41.0,27.43,15.79,3.52,0.0
2020-04-12 17:10:00+00:00,56.0,15.75,15.04,3.17,0.0
2020-04-12 18:10:00+00:00,6.0,4.02,14.25,2.21,0.0
2020-04-12 19:10:00+00:00,0.0,0.0,13.86,1.93,0.0
2020-04-12 20:10:00+00:00,0.0,0.0,13.05,2.07,0.0
2020-04-12 21:10:00+00:00,0.0,0.0,12.63,2.9,0.0
2020-04-12 22:10:00+00:00,0.0,0.0,11.89,1.72,0.0
2020-04-12 23:10:00+00:00,0.0,0.0,11.43,2.55,0.0
2020-04-13 00:10:00+00:00,0.0,0.0,11.51,1.86,0.0
2020-04-13 01:10:00+00:00,0.0,0.0,11.53,1.66,0.0
2020-04-13 02:10:00+00:00,0.0,0.0,11.47,1.93,0.0
2020-04-13 03:10:00+00:00,0.0,0.0,11.2,2.0,0.0
2020-04-13 04:10:00+00:00,0.0,0.0,11.04,1.59,0.0
2020-04-13 05:10:00+00:00,0.0,0.0,10.92,2.48,0.0
2020-04-13 06:10:00+00:00,31.0,7.02,10.89,1.66,0.0
2020-04-13 07:10:00+00:00,202.0,18.77,11.07,1.38,0.0
2020-04-13 08:10:00+00:00,183.0,30.4,12.67,0.76,0.0
2020-04-13 09:10:00+00:00,263.0,41.49,14.44,0.28,0.0
2020-04-13 10:10:00+00:00,433.0,51.29,16.77,0.76,0.0
2020-04-13 11:10:00+00:00,718.0,58.41,18.06,0.41,0.0
2020-04-13 12:10:00+00:00,781.01,60.67,18.79,2.28,0.0
2020-04-13 13:10:00+00:00,599.0,57.04,18.89,2.69,0.0
2020-04-13 14:10:00+00:00,542.0,49.09,18.62,2.21,0.0
2020-04-13 15:10:00+00:00,386.0,38.88,18.18,2.21,0.0
2020-04-13 16:10:00+00:00,320.0,27.61,17.43,2.83,0.0
2020-04-13 17:10:00+00:00,34.0,15.92,16.38,3.38,0.0
2020-04-13 18:10:00+00:00,14.0,4.19,15.23,2.83,0.0
2020-04-13 19:10:00+00:00,0.0,0.0,14.44,1.66,0.0
2020-04-13 20:10:00+00:00,0.0,0.0,13.73,0.76,0.0
2020-04-13 21:10:00+00:00,0.0,0.0,14.11,0.62,0.0
2020-04-13 22:10:00+00:00,0.0,0.0,13.54,0.41,0.0
2020-04-13 23:10:00+00:00,0.0,0.0,13.38,0.69,0.0
2020-04-14 00:10:00+00:00,0.0,0.0,13.1,0.62,0.0
2020-04-14 01:10:00+00:00,0.0,0.0,12.68,1.03,0.0
2020-04-14 02:10:00+00:00,0.0,0.0,12.61,1.03,0.0
2020-04-14 03:10:00+00:00,0.0,0.0,12.43,0.97,0.0
2020-04-14 04:10:00+00:00,0.0,0.0,12.38,0.9,0.0
2020-04-14 05:10:00+00:00,0.0,0.0,12.33,0.76,0.0
2020-04-14 06:10:00+00:00,79.0,7.3,12.88,0.69,0.0
2020-04-14 07:10:00+00:00,212.0,19.04,13.7,1.31,0.0
2020-04-14 08:10:00+00:00,359.0,30.68,14.93,1.52,0.0
2020-04-14 09:10:00+00:00,543.0,41.79,15.64,1.66,0.0
2020-04-14 10:10:00+00:00,666.0,51.62,16.88,1.79,0.0
2020-04-14 11:10:00+00:00,879.01,58.77,16.69,2.55,0.0
2020-04-14 12:10:00+00:00,907.01,61.03,16.81,2.9,0.0
2020-04-14 13:10:00+00:00,867.01,57.34,16.32,2.83,0.0
2020-04-14 14:10:00+00:00,750.01,49.33,16.72,3.17,0.0
2020-04-14 15:10:00+00:00,418.0,39.08,17.0,2.97,0.0
2020-04-14 16:10:00+00:00,412.0,27.78,16.51,2.69,0.0
2020-04-14 17:10:00+00:00,225.0,16.09,16.37,2.9,0.0
2020-04-14 18:10:00+00:00,35.52,4.36,15.33,2.41,0.0
2020-04-14 19:10:00+00:00,0.0,0.0,14.35,1.66,0.0
2020-04-14 20:10:00+00:00,0.0,0.0,13.74,1.38,0.0
2020-04-14 21:10:00+00:00,0.0,0.0,13.25,1.59,0.0
2020-04-14 22:10:00+00:00,0.0,0.0,13.31,2.34,0.0
2020-04-14 23:10:00+00:00,0.0,0.0,13.17,2.34,0.0
2020-04-15 00:10:00+00:00,0.0,0.0,12.82,1.93,0.0
2020-04-15 01:10:00+00:00,0.0,0.0,12.67,1.72,0.0
2020-04-15 02:10:00+00:00,0.0,0.0,12.5,2.07,0.0
2020-04-15 03:10:00+00:00,0.0,0.0,12.41,2.48,0.0
2020-04-15 04:10:00+00:00,0.0,0.0,12.82,2.55,0.0
2020-04-15 05:10:00+00:00,0.0,0.0,13.06,2.48,0.0
2020-04-15 06:10:00+00:00,36.0,7.57,13.27,2.14,0.0
2020-04-15 07:10:00+00:00,36.0,19.31,13.2,2.28,0.0
2020-04-15 08:10:00+00:00,152.0,30.96,13.82,2.28,0.0
2020-04-15 09:10:00+00:00,154.0,42.08,14.5,2.34,0.0
2020-04-15 10:10:00+00:00,232.0,51.95,15.05,2.0,0.0
2020-04-15 11:10:00+00:00,252.0,59.13,15.28,2.62,0.0
2020-04-15 12:10:00+00:00,89.0,61.38,16.02,2.97,0.0
2020-04-15 13:10:00+00:00,316.0,57.64,16.85,3.1,0.0
2020-04-15 14:10:00+00:00,608.0,49.57,17.55,3.1,0.0
2020-04-15 15:10:00+00:00,537.0,39.27,16.91,2.9,0.0
2020-04-15 16:10:00+00:00,283.0,27.96,16.28,3.1,0.0
2020-04-15 17:10:00+00:00,113.0,16.25,14.95,2.97,0.0
2020-04-15 18:10:00+00:00,23.59,4.53,14.46,2.41,0.0
2020-04-15 19:10:00+00:00,0.0,0.0,14.11,1.72,0.0
2020-04-15 20:10:00+00:00,0.0,0.0,13.96,1.1,0.0
2020-04-15 21:10:00+00:00,0.0,0.0,13.72,0.76,0.0
2020-04-15 22:10:00+00:00,0.0,0.0,13.55,0.76,0.0
2020-04-15 23:10:00+00:00,0.0,0.0,13.41,0.69,0.0
2020-04-16 00:10:00+00:00,0.0,0.0,13.02,0.9,0.0
2020-04-16 01:10:00+00:00,0.0,0.0,12.48,1.03,0.0
2020-04-16 02:10:00+00:00,0.0,0.0,12.11,1.38,0.0
2020-04-16 03:10:00+00:00,0.0,0.0,11.5,1.38,0.0
2020-04-16 04:10:00+00:00,0.0,0.0,11.02,1.1,0.0
2020-04-16 05:10:00+00:00,0.0,0.0,10.51,1.1,0.0
2020-04-16 06:10:00+00:00,94.0,7.83,10.73,0.9,0.0
2020-04-16 07:10:00+00:00,223.0,19.58,12.43,1.03,0.0
2020-04-16 08:10:00+00:00,377.0,31.23,14.38,1.03,0.0
2020-04-16 09:10:00+00:00,594.0,42.37,16.02,1.38,0.0
2020-04-16 10:10:00+00:00,739.01,52.27,17.36,1.59,0.0
2020-04-16 11:10:00+00:00,706.0,59.48,18.3,2.34,0.0
2020-04-16 12:10:00+00:00,833.01,61.73,18.19,2.97,0.0
2020-04-16 13:10:00+00:00,777.01,57.93,18.16,2.69,0.0
2020-04-16 14:10:00+00:00,671.0,49.8,18.02,2.28,0.0
2020-04-16 15:10:00+00:00,370.0,39.46,18.07,2.14,0.0
2020-04-16 16:10:00+00:00,307.0,28.13,17.63,2.07,0.0
2020-04-16 17:10:00+00:00,183.0,16.42,16.94,2.0,0.0
2020-04-16 18:10:00+00:00,41.33,4.71,15.71,1.59,0.0
2020-04-16 19:10:00+00:00,0.0,0.0,14.81,1.24,0.0
2020-04-16 20:10:00+00:00,0.0,0.0,14.03,0.97,0.0
2020-04-16 21:10:00+00:00,0.0,0.0,13.82,0.48,0.0
2020-04-16 22:10:00+00:00,0.0,0.0,13.39,0.83,0.0
2020-04-16 23:10:00+00:00,0.0,0.0,12.79,0.9,0.0
2020-04-17 00:10:00+00:00,0.0,0.0,12.53,0.48,0.0
2020-04-17 01:10:00+00:00,0.0,0.0,12.32,0.62,0.0
2020-04-17 02:10:00+00:00,0.0,0.0,12.07,0.76,0.0
2020-04-17 03:10:00+00:00,0.0,0.0,12.26,0.76,0.0
2020-04-17 04:10:00+00:00,0.0,0.0,12.38,1.17,0.0
2020-04-17 05:10:00+00:00,0.0,0.0,12.63,1.79,0.0
2020-04-17 06:10:00+00:00,45.0,8.1,13.08,2.21,0.0
2020-04-17 07:10:00+00:00,107.0,19.84,13.92,2.28,0.0
2020-04-17 08:10:00+00:00,319.0,31.5,15.09,2.0,0.0
2020-04-17 09:10:00+00:00,360.0,42.66,15.79,1.66,0.0
2020-04-17 10:10:00+00:00,597.0,52.59,16.62,2.9,0.0
2020-04-17 11:10:00+00:00,527.0,59.84,17.21,2.83,0.0
2020-04-17 12:10:00+00:00,700.0,62.08,17.31,2.21,0.0
2020-04-17 13:10:00+00:00,795.01,58.22,18.09,2.28,0.0
2020-04-17 14:10:00+00:00,600.0,50.03,18.69,2.83,0.0
2020-04-17 15:10:00+00:00,595.0,39.65,19.0,2.76,0.0
2020-04-17 16:10:00+00:00,285.0,28.3,18.99,2.55,0.0
2020-04-17 17:10:00+00:00,171.0,16.58,18.18,2.41,0.0
2020-04-17 18:10:00+00:00,37.98,4.88,17.19,1.79,0.0
2020-04-17 19:10:00+00:00,0.0,0.0,15.66,1.1,0.0
2020-04-17 20:10:00+00:00,0.0,0.0,14.85,1.66,0.0
2020-04-17 21:10:00+00:00,0.0,0.0,13.91,1.66,0.0
2020-04-17 22:10:00+00:00,0.0,0.0,13.24,1.24,0.0
2020-04-17 23:10:00+00:00,0.0,0.0,13.67,1.38,0.0
2020-04-18 00:10:00+00:00,0.0,0.0,13.47,1.52,0.0
2020-04-18 01:10:00+00:00,0.0,0.0,13.16,1.86,0.0
2020-04-18 02:10:00+00:00,0.0,0.0,12.85,2.07,0.0
2020-04-18 03:10:00+00:00,0.0,0.0,12.81,1.72,0.0
2020-04-18 04:10:00+00:00,0.0,0.0,12.59,1.59,0.0
2020-04-18 05:10:00+00:00,0.0,0.0,12.5,1.66,0.0
2020-04-18 06:10:00+00:00,42.0,8.36,12.75,1.72,0.0
2020-04-18 07:10:00+00:00,85.0,20.1,14.04,1.66,0.0
2020-04-18 08:10:00+00:00,140.0,31.76,15.42,1.79,0.0
2020-04-18 09:10:00+00:00,243.0,42.94,16.71,1.79,0.0
2020-04-18 10:10:00+00:00,450.0,52.91,18.06,2.14,0.0
2020-04-18 11:10:00+00:00,709.0,60.18,18.11,2.62,0.0
2020-04-18 12:10:00+00:00,659.0,62.43,18.11,2.69,0.0
2020-04-18 13:10:00+00:00,832.01,58.51,18.2,2.14,0.0
2020-04-18 14:10:00+00:00,667.0,50.26,17.7,1.86,0.0
2020-04-18 15:10:00+00:00,425.0,39.84,16.96,2.83,0.0
2020-04-18 16:10:00+00:00,261.0,28.47,16.71,2.9,0.0
2020-04-18 17:10:00+00:00,71.0,16.75,16.02,2.48,0.0
2020-04-18 18:10:00+00:00,11.0,5.05,15.44,2.48,0.0
2020-04-18 19:10:00+00:00,0.0,0.0,15.02,2.41,0.0
2020-04-18 20:10:00+00:00,0.0,0.0,14.97,2.28,0.0
2020-04-18 21:10:00+00:00,0.0,0.0,14.69,2.48,0.0
2020-04-18 22:10:00+00:00,0.0,0.0,14.76,2.07,0.0
2020-04-18 23:10:00+00:00,0.0,0.0,14.65,1.79,0.0
2020-04-19 00:10:00+00:00,0.0,0.0,14.55,1.72,0.0
2020-04-19 01:10:00+00:00,0.0,0.0,14.35,2.0,0.0
2020-04-19 02:10:00+00:00,0.0,0.0,14.03,2.55,0.0
2020-04-19 03:10:00+00:00,0.0,0.0,13.99,2.48,0.0
2020-04-19 04:10:00+00:00,0.0,0.0,14.09,2.41,0.0
2020-04-19 05:10:00+00:00,0.0,0.0,14.09,2.14,0.0
2020-04-19 06:10:00+00:00,79.0,8.62,14.03,2.14,0.0
2020-04-19 07:10:00+00:00,105.0,20.35,14.58,2.28,0.0
2020-04-19 08:10:00+00:00,134.0,32.02,15.72,1.93,0.0
2020-04-19 09:10:00+00:00,232.0,43.22,16.83,1.38,0.0
2020-04-19 10:10:00+00:00,305.0,53.22,17.39,1.03,0.0
2020-04-19 11:10:00+00:00,218.0,60.53,18.02,1.72,0.0
2020-04-19 12:10:00+00:00,267.0,62.77,18.15,1.86,0.0
2020-04-19 13:10:00+00:00,255.0,58.8,18.37,1.79,0.0
2020-04-19 14:10:00+00:00,181.0,50.48,17.86,1.86,0.0
2020-04-19 15:10:00+00:00,152.0,40.03,17.39,1.66,0.0
2020-04-19 16:10:00+00:00,148.0,28.64,16.36,1.17,0.0
2020-04-19 17:10:00+00:00,107.0,16.91,16.04,0.76,0.0
2020-04-19 18:10:00+00:00,17.0,5.21,15.09,1.31,0.0
2020-04-19 19:10:00+00:00,0.0,0.0,15.05,2.0,0.0
2020-04-19 20:10:00+00:00,0.0,0.0,14.65,2.34,0.0
2020-04-19 21:10:00+00:00,0.0,0.0,14.2,2.14,0.0
2020-04-19 22:10:00+00:00,0.0,0.0,14.14,1.79,0.0
2020-04-19 23:10:00+00:00,0.0,0.0,13.97,1.79,0.0
2020-04-20 00:10:00+00:00,0.0,0.0,13.75,1.86,0.0
2020-04-20 01:10:00+00:00,0.0,0.0,13.27,1.72,0.0
2020-04-20 02:10:00+00:00,0.0,0.0,13.01,1.86,0.0
2020-04-20 03:10:00+00:00,0.0,0.0,13.01,2.34,0.0
2020-04-20 04:10:00+00:00,0.0,0.0,12.72,2.83,0.0
2020-04-20 05:10:00+00:00,0.0,0.0,12.67,3.31,0.0
2020-04-20 06:10:00+00:00,112.0,8.87,13.31,3.86,0.0
2020-04-20 07:10:00+00:00,316.0,20.6,14.76,3.79,0.0
2020-04-20 08:10:00+00:00,518.0,32.28,16.66,4.69,0.0
2020-04-20 09:10:00+00:00,692.0,43.5,18.09,4.97,0.0
2020-04-20 10:10:00+00:00,778.01,53.52,19.92,4.83,0.0
2020-04-20 11:10:00+00:00,880.01,60.87,21.05,5.45,0.0
2020-04-20 12:10:00+00:00,847.01,63.11,21.31,5.45,0.0
2020-04-20 13:10:00+00:00,838.01,59.08,21.27,5.1,0.0
2020-04-20 14:10:00+00:00,700.0,50.71,20.51,4.76,0.0
2020-04-20 15:10:00+00:00,531.0,40.21,20.39,4.62,0.0
2020-04-20 16:10:00+00:00,364.0,28.8,20.11,4.21,0.0
2020-04-20 17:10:00+00:00,147.0,17.07,19.53,3.59,0.0
2020-04-20 18:10:00+00:00,34.78,5.38,18.24,2.83,0.0
2020-04-20 19:10:00+00:00,0.0,0.0,17.23,2.69,0.0
2020-04-20 20:10:00+00:00,0.0,0.0,15.72,2.97,0.0
2020-04-20 21:10:00+00:00,0.0,0.0,15.44,3.24,0.0
2020-04-20 22:10:00+00:00,0.0,0.0,14.52,3.03,0.0
2020-04-20 23:10:00+00:00,0.0,0.0,13.95,2.48,0.0
2020-04-21 00:10:00+00:00,0.0,0.0,13.3,2.28,0.0
2020-04-21 01:10:00+00:00,0.0,0.0,12.4,2.0,0.0
2020-04-21 02:10:00+00:00,0.0,0.0,11.98,1.93,0.0
2020-04-21 03:10:00+00:00,0.0,0.0,11.94,2.21,0.0
2020-04-21 04:10:00+00:00,0.0,0.0,11.94,2.83,0.0
2020-04-21 05:10:00+00:00,0.0,0.0,11.98,3.45,0.0
2020-04-21 06:10:00+00:00,89.0,9.12,12.0,4.34,0.0
2020-04-21 07:10:00+00:00,63.0,20.85,11.92,4.34,0.0
2020-04-21 08:10:00+00:00,368.0,32.54,12.92,4.55,0.0
2020-04-21 09:10:00+00:00,667.0,43.77,14.36,4.62,0.0
2020-04-21 10:10:00+00:00,831.01,53.83,15.34,5.1,0.0
2020-04-21 11:10:00+00:00,865.01,61.21,16.28,5.86,0.0
2020-04-21 12:10:00+00:00,508.0,63.45,17.21,5.86,0.0
2020-04-21 13:10:00+00:00,615.0,59.36,17.69,6.21,0.0
2020-04-21 14:10:00+00:00,605.0,50.93,18.03,6.21,0.0
2020-04-21 15:10:00+00:00,385.0,40.39,17.41,5.66,0.0
2020-04-21 16:10:00+00:00,374.0,28.97,17.25,5.24,0.0
2020-04-21 17:10:00+00:00,195.0,17.23,16.41,5.1,0.0
2020-04-21 18:10:00+00:00,26.8,5.55,15.29,4.55,0.0
2020-04-21 19:10:00+00:00,0.0,0.0,14.37,3.59,0.0
2020-04-21 20:10:00+00:00,0.0,0.0,13.24,2.9,0.0
2020-04-21 21:10:00+00:00,0.0,0.0,12.45,3.1,0.0
2020-04-21 22:10:00+00:00,0.0,0.0,12.39,3.03,0.0
2020-04-21 23:10:00+00:00,0.0,0.0,12.57,3.17,0.0
2020-04-22 00:10:00+00:00,0.0,0.0,12.61,3.38,0.0
2020-04-22 01:10:00+00:00,0.0,0.0,12.7,3.45,0.0
2020-04-22 02:10:00+00:00,0.0,0.0,12.48,3.66,0.0
2020-04-22 03:10:00+00:00,0.0,0.0,12.79,3.86,0.0
2020-04-22 04:10:00+00:00,0.0,0.0,12.72,4.07,0.0
2020-04-22 05:10:00+00:00,0.0,0.0,12.94,4.41,0.0
2020-04-22 06:10:00+00:00,51.0,9.37,13.32,4.62,0.0
2020-04-22 07:10:00+00:00,279.0,21.1,13.82,4.62,0.0
2020-04-22 08:10:00+00:00,303.0,32.78,14.82,5.03,0.0
2020-04-22 09:10:00+00:00,596.0,44.03,15.86,6.55,0.0
2020-04-22 10:10:00+00:00,341.0,54.12,16.74,5.66,0.0
2020-04-22 11:10:00+00:00,586.0,61.54,16.57,4.97,0.0
2020-04-22 12:10:00+00:00,724.0,63.78,17.57,4.69,0.0
2020-04-22 13:10:00+00:00,668.0,59.64,18.33,4.83,0.0
2020-04-22 14:10:00+00:00,764.01,51.14,18.33,4.76,0.0
2020-04-22 15:10:00+00:00,644.0,40.58,18.19,4.55,0.0
2020-04-22 16:10:00+00:00,426.0,29.13,17.88,4.41,0.0
2020-04-22 17:10:00+00:00,250.0,17.39,16.8,3.86,0.0
2020-04-22 18:10:00+00:00,49.7,5.72,15.66,2.69,0.0
2020-04-22 19:10:00+00:00,0.0,0.0,15.09,1.1,0.0
2020-04-22 20:10:00+00:00,0.0,0.0,14.37,1.1,0.0
2020-04-22 21:10:00+00:00,0.0,0.0,14.11,1.03,0.0
2020-04-22 22:10:00+00:00,0.0,0.0,13.5,1.17,0.0
2020-04-22 23:10:00+00:00,0.0,0.0,13.27,1.17,0.0
2020-04-23 00:10:00+00:00,0.0,0.0,12.45,1.66,0.0
2020-04-23 01:10:00+00:00,0.0,0.0,12.04,1.59,0.0
2020-04-23 02:10:00+00:00,0.0,0.0,11.39,2.0,0.0
2020-04-23 03:10:00+00:00,0.0,0.0,11.2,1.93,0.0
2020-04-23 04:10:00+00:00,0.0,0.0,10.9,1.38,0.0
2020-04-23 05:10:00+00:00,0.0,0.0,10.66,1.31,0.0
2020-04-23 06:10:00+00:00,119.0,9.61,11.24,1.59,0.0
2020-04-23 07:10:00+00:00,310.0,21.33,13.25,1.17,0.0
2020-04-23 08:10:00+00:00,435.0,33.03,14.67,0.69,0.0
2020-04-23 09:10:00+00:00,532.0,44.3,16.0,1.24,0.0
2020-04-23 10:10:00+00:00,342.0,54.42,17.93,1.1,0.0
2020-04-23 11:10:00+00:00,462.0,61.87,18.24,1.72,0.0
2020-04-23 12:10:00+00:00,840.01,64.11,18.26,2.41,0.0
2020-04-23 13:10:00+00:00,893.01,59.91,18.46,2.9,0.0
2020-04-23 14:10:00+00:00,703.0,51.36,18.32,3.03,0.0
2020-04-23 15:10:00+00:00,456.0,40.75,17.84,3.17,0.0
2020-04-23 16:10:00+00:00,441.0,29.29,17.71,3.1,0.0
2020-04-23 17:10:00+00:00,199.0,17.55,16.8,2.9,0.0
2020-04-23 18:10:00+00:00,47.0,5.89,15.7,2.48,0.0
2020-04-23 19:10:00+00:00,0.0,0.0,14.67,1.72,0.0
2020-04-23 20:10:00+00:00,0.0,0.0,13.44,1.03,0.0
2020-04-23 21:10:00+00:00,0.0,0.0,13.33,1.1,0.0
2020-04-23 22:10:00+00:00,0.0,0.0,12.59,0.83,0.0
2020-04-23 23:10:00+00:00,0.0,0.0,12.38,0.62,0.0
2020-04-24 00:10:00+00:00,0.0,0.0,11.93,0.83,0.0
2020-04-24 01:10:00+00:00,0.0,0.0,11.47,0.76,0.0
2020-04-24 02:10:00+00:00,0.0,0.0,10.82,0.83,0.0
2020-04-24 03:10:00+00:00,0.0,0.0,10.45,1.31,0.0
2020-04-24 04:10:00+00:00,0.0,0.0,10.13,1.31,0.0
2020-04-24 05:10:00+00:00,0.0,0.0,9.89,1.17,0.0
2020-04-24 06:10:00+00:00,97.0,9.85,10.75,1.24,0.0
2020-04-24 07:10:00+00:00,292.0,21.57,13.18,1.17,0.0
2020-04-24 08:10:00+00:00,444.0,33.27,15.24,1.52,0.0
2020-04-24 09:10:00+00:00,684.0,44.55,16.39,2.14,0.0
2020-04-24 10:10:00+00:00,826.01,54.7,17.78,2.55,0.0
2020-04-24 11:10:00+00:00,912.01,62.2,18.15,2.97,0.0
2020-04-24 12:10:00+00:00,933.01,64.44,18.38,3.24,0.0
2020-04-24 13:10:00+00:00,896.01,60.18,18.64,3.38,0.0
2020-04-24 14:10:00+00:00,786.01,51.57,18.68,3.52,0.0
2020-04-24 15:10:00+00:00,640.0,40.93,18.6,3.72,0.0
2020-04-24 16:10:00+00:00,451.0,29.46,18.19,3.72,0.0
2020-04-24 17:10:00+00:00,244.0,17.71,17.15,3.38,0.0
2020-04-24 18:10:00+00:00,64.0,6.05,16.07,2.55,0.0
2020-04-24 19:10:00+00:00,0.0,0.0,14.67,1.59,0.0
2020-04-24 20:10:00+00:00,0.0,0.0,13.63,1.79,0.0
2020-04-24 21:10:00+00:00,0.0,0.0,13.07,1.86,0.0
2020-04-24 22:10:00+00:00,0.0,0.0,12.0,1.79,0.0
2020-04-24 23:10:00+00:00,0.0,0.0,11.14,1.59,0.0
2020-04-25 00:10:00+00:00,0.0,0.0,11.64,1.66,0.0
2020-04-25 01:10:00+00:00,0.0,0.0,10.53,1.72,0.0
2020-04-25 02:10:00+00:00,0.0,0.0,11.06,2.21,0.0
2020-04-25 03:10:00+00:00,0.0,0.0,11.25,2.69,0.0
2020-04-25 04:10:00+00:00,0.0,0.0,11.41,2.21,0.0
2020-04-25 05:10:00+00:00,0.0,0.0,11.33,2.21,0.0
2020-04-25 06:10:00+00:00,85.0,10.08,11.38,2.55,0.0
2020-04-25 07:10:00+00:00,254.0,21.8,12.09,2.55,0.0
2020-04-25 08:10:00+00:00,165.0,33.51,13.49,2.69,0.0
2020-04-25 09:10:00+00:00,104.0,44.81,13.88,2.83,0.0
2020-04-25 10:10:00+00:00,110.0,54.99,15.06,2.55,0.0
2020-04-25 11:10:00+00:00,231.0,62.52,15.66,2.41,0.0
2020-04-25 12:10:00+00:00,212.0,64.76,15.95,1.86,0.0
2020-04-25 13:10:00+00:00,268.0,60.44,16.62,1.17,0.0
2020-04-25 14:10:00+00:00,258.0,51.78,15.84,0.97,0.0
2020-04-25 15:10:00+00:00,283.0,41.11,15.98,0.97,0.0
2020-04-25 16:10:00+00:00,98.0,29.62,16.1,0.62,0.0
2020-04-25 17:10:00+00:00,102.0,17.87,16.11,1.03,0.0
2020-04-25 18:10:00+00:00,44.0,6.22,15.43,0.9,0.0
2020-04-25 19:10:00+00:00,0.0,0.0,14.19,1.03,0.0
2020-04-25 20:10:00+00:00,0.0,0.0,13.6,1.38,0.0
2020-04-25 21:10:00+00:00,0.0,0.0,13.3,1.1,0.0
2020-04-25 22:10:00+00:00,0.0,0.0,12.33,1.03,0.0
2020-04-25 23:10:00+00:00,0.0,0.0,11.5,1.1,0.0
2020-04-26 00:10:00+00:00,0.0,0.0,11.06,0.97,0.0
2020-04-26 01:10:00+00:00,0.0,0.0,10.52,1.03,0.0
2020-04-26 02:10:00+00:00,0.0,0.0,9.92,0.97,0.0
2020-04-26 03:10:00+00:00,0.0,0.0,9.84,0.97,0.0
2020-04-26 04:10:00+00:00,0.0,0.0,9.76,1.24,0.0
2020-04-26 05:10:00+00:00,0.0,0.0,9.84,1.93,0.0
2020-04-26 06:10:00+00:00,122.0,10.31,10.63,1.93,0.0
2020-04-26 07:10:00+00:00,324.0,22.03,14.26,1.79,0.0
2020-04-26 08:10:00+00:00,517.0,33.74,16.43,1.72,0.0
2020-04-26 09:10:00+00:00,691.0,45.05,18.39,1.52,0.0
2020-04-26 10:10:00+00:00,819.01,55.26,19.79,0.97,0.0
2020-04-26 11:10:00+00:00,894.01,62.84,20.36,0.34,0.0
2020-04-26 12:10:00+00:00,914.01,65.08,19.86,3.52,0.0
2020-04-26 13:10:00+00:00,797.01,60.71,18.67,2.62,0.0
2020-04-26 14:10:00+00:00,686.0,51.98,18.35,2.55,0.0
2020-04-26 15:10:00+00:00,522.0,41.28,18.35,3.24,0.0
2020-04-26 16:10:00+00:00,69.0,29.77,17.59,2.55,0.0
2020-04-26 17:10:00+00:00,173.0,18.03,17.43,1.52,0.0
2020-04-26 18:10:00+00:00,66.0,6.38,17.09,0.76,0.0
2020-04-26 19:10:00+00:00,0.0,0.0,15.8,0.34,0.0
2020-04-26 20:10:00+00:00,0.0,0.0,14.83,0.48,0.0
2020-04-26 21:10:00+00:00,0.0,0.0,14.37,0.83,0.0
2020-04-26 22:10:00+00:00,0.0,0.0,13.4,0.76,0.0
2020-04-26 23:10:00+00:00,0.0,0.0,13.21,0.62,0.0
2020-04-27 00:10:00+00:00,0.0,0.0,12.89,0.41,0.0
2020-04-27 01:10:00+00:00,0.0,0.0,12.77,0.48,0.0
2020-04-27 02:10:00+00:00,0.0,0.0,12.45,0.76,0.0
2020-04-27 03:10:00+00:00,0.0,0.0,12.47,0.76,0.0
2020-04-27 04:10:00+00:00,0.0,0.0,12.01,0.97,0.0
2020-04-27 05:10:00+00:00,0.0,0.0,11.57,1.31,0.0
2020-04-27 06:10:00+00:00,137.0,10.54,12.67,1.93,0.0
2020-04-27 07:10:00+00:00,339.0,22.25,15.34,1.86,0.0
2020-04-27 08:10:00+00:00,540.0,33.96,17.63,1.93,0.0
2020-04-27 09:10:00+00:00,692.0,45.3,18.85,2.14,0.0
2020-04-27 10:10:00+00:00,774.0,55.54,20.07,2.21,0.0
2020-04-27 11:10:00+00:00,882.01,63.15,20.58,3.24,0.0
2020-04-27 12:10:00+00:00,882.01,65.39,20.84,3.52,0.0
2020-04-27 13:10:00+00:00,765.0,60.97,21.03,3.72,0.0
2020-04-27 14:10:00+00:00,744.0,52.19,20.73,4.21,0.0
2020-04-27 15:10:00+00:00,575.0,41.45,19.58,4.28,0.0
2020-04-27 16:10:00+00:00,316.0,29.93,18.18,3.79,0.0
2020-04-27 17:10:00+00:00,219.0,18.18,17.36,2.21,0.0
2020-04-27 18:10:00+00:00,63.0,6.55,16.52,1.17,0.0
2020-04-27 19:10:00+00:00,0.0,0.0,15.67,1.86,0.0
2020-04-27 20:10:00+00:00,0.0,0.0,14.17,1.93,0.0
2020-04-27 21:10:00+00:00,0.0,0.0,13.46,1.86,0.0
2020-04-27 22:10:00+00:00,0.0,0.0,13.17,2.62,0.0
2020-04-27 23:10:00+00:00,0.0,0.0,12.93,3.24,0.0
2020-04-28 00:10:00+00:00,0.0,0.0,12.8,3.24,0.0
2020-04-28 01:10:00+00:00,0.0,0.0,12.27,2.9,0.0
2020-04-28 02:10:00+00:00,0.0,0.0,11.73,2.69,0.0
2020-04-28 03:10:00+00:00,0.0,0.0,11.58,2.55,0.0
2020-04-28 04:10:00+00:00,0.0,0.0,11.33,2.41,0.0
2020-04-28 05:10:00+00:00,0.0,0.0,10.85,2.14,0.0
2020-04-28 06:10:00+00:00,82.0,10.76,11.74,2.07,0.0
2020-04-28 07:10:00+00:00,201.0,22.47,13.62,2.21,0.0
2020-04-28 08:10:00+00:00,400.0,34.19,15.73,2.97,0.0
2020-04-28 09:10:00+00:00,654.0,45.53,17.45,3.31,0.0
2020-04-28 10:10:00+00:00,572.0,55.81,19.12,3.52,0.0
2020-04-28 11:10:00+00:00,409.0,63.46,19.78,4.28,0.0
2020-04-28 12:10:00+00:00,590.0,65.7,20.37,4.34,0.0
2020-04-28 13:10:00+00:00,308.0,61.22,20.72,4.28,0.0
2020-04-28 14:10:00+00:00,406.0,52.39,20.43,4.34,0.0
2020-04-28 15:10:00+00:00,491.0,41.62,20.51,4.28,0.0
2020-04-28 16:10:00+00:00,358.0,30.09,20.87,3.86,0.0
2020-04-28 17:10:00+00:00,253.0,18.34,20.43,3.17,0.0
2020-04-28 18:10:00+00:00,74.0,6.71,19.26,2.07,0.0
2020-04-28 19:10:00+00:00,0.0,0.0,17.27,2.34,0.0
2020-04-28 20:10:00+00:00,0.0,0.0,15.35,2.34,0.0
2020-04-28 21:10:00+00:00,0.0,0.0,14.43,2.28,0.0
2020-04-28 22:10:00+00:00,0.0,0.0,13.32,2.55,0.0
2020-04-28 23:10:00+00:00,0.0,0.0,12.87,2.55,0.0
2020-04-29 00:10:00+00:00,0.0,0.0,12.83,2.55,0.0
2020-04-29 01:10:00+00:00,0.0,0.0,12.25,2.55,0.0
2020-04-29 02:10:00+00:00,0.0,0.0,11.96,2.62,0.0
2020-04-29 03:10:00+00:00,0.0,0.0,11.19,2.55,0.0
2020-04-29 04:10:00+00:00,0.0,0.0,11.0,2.41,0.0
2020-04-29 05:10:00+00:00,0.0,0.0,10.87,2.41,0.0
2020-04-29 06:10:00+00:00,143.0,10.98,11.6,2.69,0.0
2020-04-29 07:10:00+00:00,356.0,22.68,14.06,2.9,0.0
2020-04-29 08:10:00+00:00,552.0,34.4,16.62,3.45,0.0
2020-04-29 09:10:00+00:00,731.0,45.77,18.54,3.52,0.0
2020-04-29 10:10:00+00:00,867.01,56.07,20.05,1.31,0.0
2020-04-29 11:10:00+00:00,944.01,63.76,21.06,1.79,0.0
2020-04-29 12:10:00+00:00,969.01,66.01,21.86,2.9,0.0
2020-04-29 13:10:00+00:00,926.01,61.48,22.63,3.59,0.0
2020-04-29 14:10:00+00:00,823.01,52.59,23.29,3.86,0.0
2020-04-29 15:10:00+00:00,673.0,41.79,23.05,4.34,0.0
2020-04-29 16:10:00+00:00,487.0,30.24,23.22,5.17,0.0
2020-04-29 17:10:00+00:00,277.0,18.49,22.49,5.31,0.0
2020-04-29 18:10:00+00:00,77.0,6.87,20.83,4.76,0.0
2020-04-29 19:10:00+00:00,0.0,0.0,18.72,3.45,0.0
2020-04-29 20:10:00+00:00,0.0,0.0,16.95,2.0,0.0
2020-04-29 21:10:00+00:00,0.0,0.0,15.5,2.07,0.0
2020-04-29 22:10:00+00:00,0.0,0.0,15.26,1.31,0.0
2020-04-29 23:10:00+00:00,0.0,0.0,14.73,1.52,0.0
2020-04-30 00:10:00+00:00,0.0,0.0,14.19,1.93,0.0
2020-04-30 01:10:00+00:00,0.0,0.0,14.25,2.21,0.0
2020-04-30 02:10:00+00:00,0.0,0.0,14.16,2.34,0.0
2020-04-30 03:10:00+00:00,0.0,0.0,14.3,2.48,0.0
2020-04-30 04:10:00+00:00,0.0,0.0,14.02,2.55,0.0
2020-04-30 05:10:00+00:00,0.0,0.0,14.37,3.03,0.0
2020-04-30 06:10:00+00:00,107.0,11.19,15.44,3.45,0.0
2020-04-30 07:10:00+00:00,269.0,22.89,16.58,3.38,0.0
2020-04-30 08:10:00+00:00,337.0,34.61,17.93,3.86,0.0
2020-04-30 09:10:00+00:00,712.0,45.99,19.2,4.62,0.0
2020-04-30 10:10:00+00:00,588.0,56.33,21.65,4.21,0.0
2020-04-30 11:10:00+00:00,944.01,64.06,22.44,4.41,0.0
2020-04-30 12:10:00+00:00,959.01,66.32,23.5,5.1,0.0
2020-04-30 13:10:00+00:00,911.01,61.73,24.06,5.24,0.0
2020-04-30 14:10:00+00:00,806.01,52.79,23.99,4.76,0.0
2020-04-30 15:10:00+00:00,652.0,41.96,24.12,4.28,0.0
2020-04-30 16:10:00+00:00,475.0,30.4,24.0,4.21,0.0
2020-04-30 17:10:00+00:00,132.0,18.65,23.32,3.59,0.0
2020-04-30 18:10:00+00:00,62.0,7.04,22.61,2.69,0.0
2020-04-30 19:10:00+00:00,0.0,0.0,20.78,2.41,0.0
2020-04-30 20:10:00+00:00,0.0,0.0,18.86,2.83,0.0
2020-04-30 21:10:00+00:00,0.0,0.0,17.96,2.76,0.0
2020-04-30 22:10:00+00:00,0.0,0.0,17.38,2.48,0.0
2020-04-30 23:10:00+00:00,0.0,0.0,17.27,2.62,0.0
2020-05-01 00:10:00+00:00,0.0,0.0,16.96,2.76,0.0
2020-05-01 01:10:00+00:00,0.0,0.0,16.57,2.9,0.0
2020-05-01 02:10:00+00:00,0.0,0.0,15.9,3.17,0.0
2020-05-01 03:10:00+00:00,0.0,0.0,15.66,3.38,0.0
2020-05-01 04:10:00+00:00,0.0,0.0,14.97,3.38,0.0
2020-05-01 05:10:00+00:00,0.0,0.0,14.53,3.31,0.0
2020-05-01 06:10:00+00:00,139.0,11.4,15.36,3.45,0.0
2020-05-01 07:10:00+00:00,324.0,23.09,17.32,3.17,0.0
2020-05-01 08:10:00+00:00,537.0,34.82,19.59,3.79,0.0
2020-05-01 09:10:00+00:00,703.0,46.21,21.22,4.07,0.0
2020-05-01 10:10:00+00:00,840.01,56.58,23.52,3.79,0.0
2020-05-01 11:10:00+00:00,925.01,64.35,24.87,3.93,0.0
2020-05-01 12:10:00+00:00,924.01,66.62,25.97,4.0,0.0
2020-05-01 13:10:00+00:00,892.01,61.97,26.85,3.93,0.0
2020-05-01 14:10:00+00:00,796.0,52.98,27.29,3.66,0.0
2020-05-01 15:10:00+00:00,632.0,42.12,27.22,3.66,0.0
2020-05-01 16:10:00+00:00,435.0,30.55,26.88,3.31,0.0
2020-05-01 17:10:00+00:00,233.0,18.8,26.57,3.03,0.0
2020-05-01 18:10:00+00:00,70.0,7.2,25.26,2.07,0.0
2020-05-01 19:10:00+00:00,0.0,0.0,22.9,2.28,0.0
2020-05-01 20:10:00+00:00,0.0,0.0,21.64,2.28,0.0
2020-05-01 21:10:00+00:00,0.0,0.0,21.17,2.14,0.0
2020-05-01 22:10:00+00:00,0.0,0.0,20.63,2.28,0.0
2020-05-01 23:10:00+00:00,0.0,0.0,20.15,2.34,0.0
2020-05-02 00:10:00+00:00,0.0,0.0,19.53,2.48,0.0
2020-05-02 01:10:00+00:00,0.0,0.0,18.86,2.62,0.0
2020-05-02 02:10:00+00:00,0.0,0.0,18.12,2.62,0.0
2020-05-02 03:10:00+00:00,0.0,0.0,17.9,2.62,0.0
2020-05-02 04:10:00+00:00,0.0,0.0,17.4,2.62,0.0
2020-05-02 05:10:00+00:00,0.0,0.0,16.97,2.48,0.0
2020-05-02 06:10:00+00:00,150.0,11.61,17.83,2.76,0.0
2020-05-02 07:10:00+00:00,354.0,23.29,19.85,2.69,0.0
2020-05-02 08:10:00+00:00,545.0,35.02,21.86,3.03,0.0
2020-05-02 09:10:00+00:00,713.0,46.43,23.77,2.97,0.0
2020-05-02 10:10:00+00:00,859.01,56.82,25.87,1.79,0.0
2020-05-02 11:10:00+00:00,939.01,64.64,27.27,1.1,0.0
2020-05-02 12:10:00+00:00,938.01,66.91,28.04,0.9,0.0
2020-05-02 13:10:00+00:00,906.01,62.22,28.44,2.14,0.0
2020-05-02 14:10:00+00:00,801.0,53.17,29.34,2.14,0.0
2020-05-02 15:10:00+00:00,644.0,42.29,29.15,2.97,0.0
2020-05-02 16:10:00+00:00,472.0,30.7,28.88,3.31,0.0
2020-05-02 17:10:00+00:00,264.0,18.95,27.81,3.1,0.0
2020-05-02 18:10:00+00:00,70.0,7.36,26.41,2.55,0.0
2020-05-02 19:10:00+00:00,0.0,0.0,23.76,1.59,0.0
2020-05-02 20:10:00+00:00,0.0,0.0,21.69,1.03,0.0
2020-05-02 21:10:00+00:00,0.0,0.0,20.88,0.48,0.0
2020-05-02 22:10:00+00:00,0.0,0.0,19.27,0.97,0.0
2020-05-02 23:10:00+00:00,0.0,0.0,18.39,1.24,0.0
2020-05-03 00:10:00+00:00,0.0,0.0,18.23,1.31,0.0
2020-05-03 01:10:00+00:00,0.0,0.0,17.97,1.38,0.0
2020-05-03 02:10:00+00:00,0.0,0.0,17.55,1.17,0.0
2020-05-03 03:10:00+00:00,0.0,0.0,17.51,1.03,0.0
2020-05-03 04:10:00+00:00,0.0,0.0,17.73,1.31,0.0
2020-05-03 05:10:00+00:00,0.0,0.0,17.8,1.72,0.0
2020-05-03 06:10:00+00:00,147.0,11.81,18.78,1.72,0.0
2020-05-03 07:10:00+00:00,353.0,23.49,21.77,1.79,0.0
2020-05-03 08:10:00+00:00,547.0,35.22,24.23,1.66,0.0
2020-05-03 09:10:00+00:00,729.0,46.64,25.02,2.0,0.0
2020-05-03 10:10:00+00:00,859.01,57.07,26.2,2.76,0.0
2020-05-03 11:10:00+00:00,949.01,64.92,26.66,3.03,0.0
2020-05-03 12:10:00+00:00,963.01,67.2,27.05,3.03,0.0
2020-05-03 13:10:00+00:00,920.01,62.45,27.15,3.1,0.0
2020-05-03 14:10:00+00:00,822.0,53.36,27.26,3.17,0.0
2020-05-03 15:10:00+00:00,670.0,42.45,26.9,2.9,0.0
2020-05-03 16:10:00+00:00,487.0,30.85,26.19,2.55,0.0
2020-05-03 17:10:00+00:00,283.0,19.1,25.11,2.28,0.0
2020-05-03 18:10:00+00:00,80.0,7.52,24.06,1.52,0.0
2020-05-03 19:10:00+00:00,0.0,0.0,22.76,0.9,0.0
2020-05-03 20:10:00+00:00,0.0,0.0,21.52,0.76,0.0
2020-05-03 21:10:00+00:00,0.0,0.0,20.34,0.69,0.0
2020-05-03 22:10:00+00:00,0.0,0.0,19.38,0.69,0.0
2020-05-03 23:10:00+00:00,0.0,0.0,19.12,0.69,0.0
2020-05-04 00:10:00+00:00,0.0,0.0,18.83,1.1,0.0
2020-05-04 01:10:00+00:00,0.0,0.0,18.41,2.14,0.0
2020-05-04 02:10:00+00:00,0.0,0.0,17.8,1.66,0.0
2020-05-04 03:10:00+00:00,0.0,0.0,16.53,1.72,0.0
2020-05-04 04:10:00+00:00,0.0,0.0,15.58,1.66,0.0
2020-05-04 05:10:00+00:00,0.0,0.0,14.94,2.76,0.0
2020-05-04 06:10:00+00:00,142.0,12.0,16.4,1.03,0.0
2020-05-04 07:10:00+00:00,312.0,23.68,19.52,1.24,0.0
2020-05-04 08:10:00+00:00,474.0,35.41,22.92,2.41,0.0
2020-05-04 09:10:00+00:00,550.0,46.85,24.14,2.28,0.0
2020-05-04 10:10:00+00:00,766.0,57.3,25.43,2.69,0.0
2020-05-04 11:10:00+00:00,791.0,65.2,26.19,3.17,0.0
2020-05-04 12:10:00+00:00,869.01,67.49,26.5,3.31,0.0
2020-05-04 13:10:00+00:00,850.01,62.69,26.68,3.45,0.0
2020-05-04 14:10:00+00:00,808.0,53.55,26.64,3.72,0.0
2020-05-04 15:10:00+00:00,665.0,42.61,26.11,3.72,0.0
2020-05-04 16:10:00+00:00,478.0,31.0,25.89,2.97,0.0
2020-05-04 17:10:00+00:00,273.0,19.25,25.24,1.59,0.0
2020-05-04 18:10:00+00:00,84.0,7.68,24.99,2.14,0.0
2020-05-04 19:10:00+00:00,0.0,0.0,21.87,1.79,0.0
2020-05-04 20:10:00+00:00,0.0,0.0,19.6,1.52,0.0
2020-05-04 21:10:00+00:00,0.0,0.0,18.14,1.24,0.0
2020-05-04 22:10:00+00:00,0.0,0.0,17.84,1.38,0.0
2020-05-04 23:10:00+00:00,0.0,0.0,17.34,1.59,0.0
2020-05-05 00:10:00+00:00,0.0,0.0,16.97,1.59,0.0
2020-05-05 01:10:00+00:00,0.0,0.0,16.33,1.66,0.0
2020-05-05 02:10:00+00:00,0.0,0.0,15.63,1.31,0.0
2020-05-05 03:10:00+00:00,0.0,0.0,15.81,1.24,0.0
2020-05-05 04:10:00+00:00,0.0,0.0,15.98,1.24,0.0
2020-05-05 05:10:00+00:00,0.0,0.0,15.77,1.17,0.0
2020-05-05 06:10:00+00:00,149.0,12.19,17.32,0.97,0.0
2020-05-05 07:10:00+00:00,353.0,23.86,20.37,0.97,0.0
2020-05-05 08:10:00+00:00,544.0,35.6,23.59,0.34,0.0
2020-05-05 09:10:00+00:00,687.0,47.05,24.23,0.28,0.0
2020-05-05 10:10:00+00:00,818.0,57.53,25.26,1.03,0.0
2020-05-05 11:10:00+00:00,864.01,65.47,26.17,1.38,0.0
2020-05-05 12:10:00+00:00,917.01,67.78,26.45,1.72,0.0
2020-05-05 13:10:00+00:00,861.01,62.92,26.78,2.34,0.0
2020-05-05 14:10:00+00:00,632.0,53.73,27.18,2.69,0.0
2020-05-05 15:10:00+00:00,634.0,42.76,26.67,2.62,0.0
2020-05-05 16:10:00+00:00,330.0,31.15,26.01,2.48,0.0
2020-05-05 17:10:00+00:00,180.0,19.4,25.07,2.21,0.0
2020-05-05 18:10:00+00:00,58.0,7.83,24.45,1.38,0.0
2020-05-05 19:10:00+00:00,0.0,0.0,23.7,0.83,0.0
2020-05-05 20:10:00+00:00,0.0,0.0,22.48,0.0,0.0
2020-05-05 21:10:00+00:00,0.0,0.0,21.25,0.55,0.0
2020-05-05 22:10:00+00:00,0.0,0.0,20.1,1.31,0.0
2020-05-05 23:10:00+00:00,0.0,0.0,19.06,1.38,0.0
2020-05-06 00:10:00+00:00,0.0,0.0,18.24,1.31,0.0
2020-05-06 01:10:00+00:00,0.0,0.0,17.95,0.9,0.0
2020-05-06 02:10:00+00:00,0.0,0.0,17.59,0.48,0.0
2020-05-06 03:10:00+00:00,0.0,0.0,16.17,0.9,0.0
2020-05-06 04:10:00+00:00,0.0,0.0,15.57,1.31,0.0
2020-05-06 05:10:00+00:00,0.0,0.0,15.28,1.38,0.0
2020-05-06 06:10:00+00:00,139.0,12.38,16.8,2.0,0.0
2020-05-06 07:10:00+00:00,246.0,24.04,19.28,1.31,0.0
2020-05-06 08:10:00+00:00,528.0,35.78,21.81,0.62,0.0
2020-05-06 09:10:00+00:00,509.0,47.24,23.4,1.52,0.0
2020-05-06 10:10:00+00:00,807.0,57.75,24.42,2.28,0.0
2020-05-06 11:10:00+00:00,906.01,65.74,24.97,2.69,0.0
2020-05-06 12:10:00+00:00,940.01,68.05,25.11,2.76,0.0
2020-05-06 13:10:00+00:00,878.01,63.15,25.29,2.9,0.0
2020-05-06 14:10:00+00:00,777.0,53.91,25.32,3.03,0.0
2020-05-06 15:10:00+00:00,609.0,42.92,25.0,3.1,0.0
2020-05-06 16:10:00+00:00,429.0,31.3,24.15,3.03,0.0
2020-05-06 17:10:00+00:00,176.0,19.55,23.37,2.76,0.0
2020-05-06 18:10:00+00:00,88.0,7.99,22.62,2.41,0.0
2020-05-06 19:10:00+00:00,0.0,0.0,21.29,1.52,0.0
2020-05-06 20:10:00+00:00,0.0,0.0,19.64,1.17,0.0
2020-05-06 21:10:00+00:00,0.0,0.0,18.41,1.52,0.0
2020-05-06 22:10:00+00:00,0.0,0.0,17.25,1.52,0.0
2020-05-06 23:10:00+00:00,0.0,0.0,16.48,1.66,0.0
2020-05-07 00:10:00+00:00,0.0,0.0,16.0,1.59,0.0
2020-05-07 01:10:00+00:00,0.0,0.0,15.81,1.59,0.0
2020-05-07 02:10:00+00:00,0.0,0.0,15.36,1.72,0.0
2020-05-07 03:10:00+00:00,0.0,0.0,15.25,2.07,0.0
2020-05-07 04:10:00+00:00,0.0,0.0,15.13,2.14,0.0
2020-05-07 05:10:00+00:00,0.0,0.0,15.21,2.14,0.0
2020-05-07 06:10:00+00:00,137.0,12.56,16.05,2.48,0.0
2020-05-07 07:10:00+00:00,290.0,24.21,18.63,2.76,0.0
2020-05-07 08:10:00+00:00,481.0,35.96,21.13,3.24,0.0
2020-05-07 09:10:00+00:00,678.0,47.43,22.69,3.79,0.0
2020-05-07 10:10:00+00:00,750.0,57.97,24.01,4.76,0.0
2020-05-07 11:10:00+00:00,818.0,66.0,24.48,5.31,0.0
2020-05-07 12:10:00+00:00,717.0,68.33,24.69,5.38,0.0
2020-05-07 13:10:00+00:00,690.0,63.38,24.44,5.31,0.0
2020-05-07 14:10:00+00:00,688.0,54.09,24.05,5.38,0.0
2020-05-07 15:10:00+00:00,487.0,43.07,24.21,5.45,0.0
2020-05-07 16:10:00+00:00,393.0,31.44,23.44,5.03,0.0
2020-05-07 17:10:00+00:00,173.0,19.7,22.44,4.76,0.0
2020-05-07 18:10:00+00:00,57.0,8.15,21.65,3.86,0.0
2020-05-07 19:10:00+00:00,0.0,0.0,20.36,2.69,0.0
2020-05-07 20:10:00+00:00,0.0,0.0,19.37,2.97,0.0
2020-05-07 21:10:00+00:00,0.0,0.0,18.89,3.31,0.0
2020-05-07 22:10:00+00:00,0.0,0.0,17.78,2.41,0.0
2020-05-07 23:10:00+00:00,0.0,0.0,16.77,2.55,0.0
2020-05-08 00:10:00+00:00,0.0,0.0,16.17,2.62,0.0
2020-05-08 01:10:00+00:00,0.0,0.0,15.38,2.83,0.0
2020-05-08 02:10:00+00:00,0.0,0.0,15.07,3.03,0.0
2020-05-08 03:10:00+00:00,0.0,0.0,14.77,3.1,0.0
2020-05-08 04:10:00+00:00,0.0,0.0,15.36,2.69,0.0
2020-05-08 05:10:00+00:00,0.0,0.0,15.39,2.48,0.0
2020-05-08 06:10:00+00:00,64.0,12.73,15.61,3.1,0.0
2020-05-08 07:10:00+00:00,60.0,24.38,16.62,3.17,0.0
2020-05-08 08:10:00+00:00,543.0,36.13,18.67,3.66,0.0
2020-05-08 09:10:00+00:00,715.0,47.62,20.16,3.72,0.0
2020-05-08 10:10:00+00:00,839.0,58.18,21.72,2.9,0.0
2020-05-08 11:10:00+00:00,571.0,66.26,22.81,2.76,0.0
2020-05-08 12:10:00+00:00,939.01,68.6,23.38,3.1,0.0
2020-05-08 13:10:00+00:00,897.01,63.6,24.07,3.17,0.0
2020-05-08 14:10:00+00:00,785.0,54.27,24.4,3.31,0.0
2020-05-08 15:10:00+00:00,659.0,43.23,23.98,3.59,0.0
2020-05-08 16:10:00+00:00,469.0,31.59,23.56,3.38,0.0
2020-05-08 17:10:00+00:00,254.0,19.84,22.45,3.59,0.0
2020-05-08 18:10:00+00:00,85.0,8.3,21.2,2.76,0.0
2020-05-08 19:10:00+00:00,0.0,0.0,19.75,2.28,0.0
2020-05-08 20:10:00+00:00,0.0,0.0,18.5,1.66,0.0
2020-05-08 21:10:00+00:00,0.0,0.0,18.03,1.03,0.0
2020-05-08 22:10:00+00:00,0.0,0.0,17.08,0.83,0.0
2020-05-08 23:10:00+00:00,0.0,0.0,16.68,0.41,0.0
2020-05-09 00:10:00+00:00,0.0,0.0,16.48,1.52,0.0
2020-05-09 01:10:00+00:00,0.0,0.0,16.38,1.1,0.0
2020-05-09 02:10:00+00:00,0.0,0.0,16.11,0.9,0.0
2020-05-09 03:10:00+00:00,0.0,0.0,16.07,1.38,0.0
2020-05-09 04:10:00+00:00,0.0,0.0,15.78,1.17,0.0
2020-05-09 05:10:00+00:00,0.0,0.0,15.64,1.03,0.0
2020-05-09 06:10:00+00:00,147.0,12.9,15.96,0.9,0.0
2020-05-09 07:10:00+00:00,347.0,24.55,17.6,0.97,0.0
2020-05-09 08:10:00+00:00,282.0,36.3,19.93,1.79,0.0
2020-05-09 09:10:00+00:00,305.0,47.79,21.14,1.86,0.0
2020-05-09 10:10:00+00:00,396.0,58.39,21.75,2.55,0.0
2020-05-09 11:10:00+00:00,653.0,66.51,22.0,2.41,0.0
2020-05-09 12:10:00+00:00,571.0,68.86,22.21,2.34,0.0
2020-05-09 13:10:00+00:00,833.0,63.82,22.43,3.31,0.0
2020-05-09 14:10:00+00:00,771.0,54.44,22.45,3.72,0.0
2020-05-09 15:10:00+00:00,400.0,43.38,22.48,3.86,0.0
2020-05-09 16:10:00+00:00,443.0,31.73,22.04,3.45,0.0
2020-05-09 17:10:00+00:00,144.0,19.99,20.52,3.1,0.0
2020-05-09 18:10:00+00:00,39.0,8.45,19.4,3.17,0.0
2020-05-09 19:10:00+00:00,0.0,0.0,18.31,2.41,0.0
2020-05-09 20:10:00+00:00,0.0,0.0,17.37,0.83,0.0
2020-05-09 21:10:00+00:00,0.0,0.0,16.68,0.28,0.0
2020-05-09 22:10:00+00:00,0.0,0.0,16.95,0.76,0.0
2020-05-09 23:10:00+00:00,0.0,0.0,16.41,0.76,0.0
2020-05-10 00:10:00+00:00,0.0,0.0,16.19,0.07,0.0
2020-05-10 01:10:00+00:00,0.0,0.0,15.36,0.07,0.0
2020-05-10 02:10:00+00:00,0.0,0.0,15.42,0.55,0.0
2020-05-10 03:10:00+00:00,0.0,0.0,15.49,0.76,0.0
2020-05-10 04:10:00+00:00,0.0,0.0,15.99,1.66,0.0
2020-05-10 05:10:00+00:00,0.0,0.0,15.99,1.93,0.0
2020-05-10 06:10:00+00:00,15.0,13.07,15.88,2.62,0.0
2020-05-10 07:10:00+00:00,45.0,24.71,16.18,3.31,0.0
2020-05-10 08:10:00+00:00,515.0,36.46,16.49,4.07,0.0
2020-05-10 09:10:00+00:00,573.0,47.97,16.94,4.34,0.0
2020-05-10 10:10:00+00:00,759.0,58.59,19.61,5.1,0.0
2020-05-10 11:10:00+00:00,894.01,66.75,20.88,5.45,0.0
2020-05-10 12:10:00+00:00,750.0,69.12,21.51,5.66,0.0
2020-05-10 13:10:00+00:00,846.0,64.03,22.39,5.86,0.0
2020-05-10 14:10:00+00:00,767.0,54.61,22.27,5.52,0.0
2020-05-10 15:10:00+00:00,537.0,43.53,22.13,5.52,0.0
2020-05-10 16:10:00+00:00,332.0,31.87,21.08,4.83,0.0
2020-05-10 17:10:00+00:00,282.0,20.13,20.57,4.69,0.0
2020-05-10 18:10:00+00:00,102.0,8.61,19.83,4.62,0.0
2020-05-10 19:10:00+00:00,0.0,0.0,18.58,4.07,0.0
2020-05-10 20:10:00+00:00,0.0,0.0,17.17,4.21,0.0
2020-05-10 21:10:00+00:00,0.0,0.0,16.42,4.14,0.0
2020-05-10 22:10:00+00:00,0.0,0.0,15.77,3.66,0.0
2020-05-10 23:10:00+00:00,0.0,0.0,15.22,3.31,0.0
2020-05-11 00:10:00+00:00,0.0,0.0,14.9,2.76,0.0
2020-05-11 01:10:00+00:00,0.0,0.0,14.49,2.62,0.0
2020-05-11 02:10:00+00:00,0.0,0.0,14.5,2.55,0.0
2020-05-11 03:10:00+00:00,0.0,0.0,14.46,2.83,0.0
2020-05-11 04:10:00+00:00,0.0,0.0,14.26,2.83,0.0
2020-05-11 05:10:00+00:00,0.0,0.0,13.87,2.9,0.0
2020-05-11 06:10:00+00:00,176.0,13.23,15.1,3.1,0.0
2020-05-11 07:10:00+00:00,376.0,24.86,16.93,3.59,0.0
2020-05-11 08:10:00+00:00,569.0,36.61,18.82,4.28,0.0
2020-05-11 09:10:00+00:00,738.0,48.13,20.29,5.17,0.0
2020-05-11 10:10:00+00:00,841.0,58.78,22.16,4.48,0.0
2020-05-11 11:10:00+00:00,856.0,66.99,22.85,4.41,0.0
2020-05-11 12:10:00+00:00,966.01,69.38,23.87,5.24,0.0
2020-05-11 13:10:00+00:00,918.01,64.24,23.95,5.03,0.0
2020-05-11 14:10:00+00:00,823.0,54.78,24.06,5.1,0.0
2020-05-11 15:10:00+00:00,677.0,43.67,24.0,5.24,0.0
2020-05-11 16:10:00+00:00,495.0,32.01,24.41,5.17,0.0
2020-05-11 17:10:00+00:00,293.0,20.27,24.11,4.76,0.0
2020-05-11 18:10:00+00:00,103.0,8.76,22.78,3.66,0.0
2020-05-11 19:10:00+00:00,0.0,0.0,20.1,1.86,0.0
2020-05-11 20:10:00+00:00,0.0,0.0,18.94,1.79,0.0
2020-05-11 21:10:00+00:00,0.0,0.0,17.91,1.52,0.0
2020-05-11 22:10:00+00:00,0.0,0.0,17.09,1.52,0.0
2020-05-11 23:10:00+00:00,0.0,0.0,16.54,1.52,0.0
2020-05-12 00:10:00+00:00,0.0,0.0,16.13,2.07,0.0
2020-05-12 01:10:00+00:00,0.0,0.0,15.88,1.59,0.0
2020-05-12 02:10:00+00:00,0.0,0.0,15.5,1.72,0.0
2020-05-12 03:10:00+00:00,0.0,0.0,15.38,1.79,0.0
2020-05-12 04:10:00+00:00,0.0,0.0,15.32,1.31,0.0
2020-05-12 05:10:00+00:00,0.0,0.0,15.39,1.38,0.0
2020-05-12 06:10:00+00:00,76.0,13.38,16.18,2.41,0.0
2020-05-12 07:10:00+00:00,240.0,25.01,17.27,2.21,0.0
2020-05-12 08:10:00+00:00,355.0,36.76,18.84,2.69,0.0
2020-05-12 09:10:00+00:00,299.0,48.29,20.12,3.24,0.0
2020-05-12 10:10:00+00:00,839.0,58.97,20.63,3.45,0.0
2020-05-12 11:10:00+00:00,925.01,67.23,21.02,4.0,0.0
2020-05-12 12:10:00+00:00,325.0,69.63,21.24,4.48,0.0
2020-05-12 13:10:00+00:00,549.0,64.45,21.07,4.48,0.0
2020-05-12 14:10:00+00:00,99.0,54.94,20.55,4.34,0.0
2020-05-12 15:10:00+00:00,133.0,43.82,19.61,4.0,0.0
2020-05-12 16:10:00+00:00,78.0,32.15,19.07,3.45,0.0
2020-05-12 17:10:00+00:00,157.0,20.41,18.61,3.31,0.0
2020-05-12 18:10:00+00:00,101.0,8.91,17.94,3.1,0.0
2020-05-12 19:10:00+00:00,0.0,0.0,17.11,2.41,0.0
2020-05-12 20:10:00+00:00,0.0,0.0,16.22,1.79,0.0
2020-05-12 21:10:00+00:00,0.0,0.0,15.81,1.86,0.0
2020-05-12 22:10:00+00:00,0.0,0.0,14.95,2.14,0.0
2020-05-12 23:10:00+00:00,0.0,0.0,14.6,2.83,0.0
2020-05-13 00:10:00+00:00,0.0,0.0,14.0,2.69,0.0
2020-05-13 01:10:00+00:00,0.0,0.0,13.31,2.34,0.0
2020-05-13 02:10:00+00:00,0.0,0.0,12.7,2.28,0.0
2020-05-13 03:10:00+00:00,0.0,0.0,12.22,2.28,0.0
2020-05-13 04:10:00+00:00,0.0,0.0,11.85,2.34,0.0
2020-05-13 05:10:00+00:00,8.85,2.31,11.7,2.28,0.0
2020-05-13 06:10:00+00:00,186.0,13.54,12.96,2.62,0.0
2020-05-13 07:10:00+00:00,388.0,25.16,14.71,2.97,0.0
2020-05-13 08:10:00+00:00,580.0,36.91,16.72,3.38,0.0
2020-05-13 09:10:00+00:00,757.0,48.45,18.72,3.1,0.0
2020-05-13 10:10:00+00:00,895.0,59.15,20.3,2.9,0.0
2020-05-13 11:10:00+00:00,969.01,67.45,21.32,3.66,0.0
2020-05-13 12:10:00+00:00,993.01,69.88,21.56,3.72,0.0
2020-05-13 13:10:00+00:00,940.01,64.65,21.9,4.0,0.0
2020-05-13 14:10:00+00:00,843.0,55.11,22.2,4.21,0.0
2020-05-13 15:10:00+00:00,695.0,43.96,22.18,4.55,0.0
2020-05-13 16:10:00+00:00,508.0,32.29,21.62,4.83,0.0
2020-05-13 17:10:00+00:00,304.0,20.55,20.64,4.9,0.0
2020-05-13 18:10:00+00:00,110.0,9.06,19.44,3.93,0.0
2020-05-13 19:10:00+00:00,0.0,0.0,18.33,2.0,0.0
2020-05-13 20:10:00+00:00,0.0,0.0,16.35,0.28,0.0
2020-05-13 21:10:00+00:00,0.0,0.0,15.88,0.9,0.0
2020-05-13 22:10:00+00:00,0.0,0.0,15.2,2.0,0.0
2020-05-13 23:10:00+00:00,0.0,0.0,15.15,1.38,0.0
2020-05-14 00:10:00+00:00,0.0,0.0,15.14,1.52,0.0
2020-05-14 01:10:00+00:00,0.0,0.0,15.02,2.07,0.0
2020-05-14 02:10:00+00:00,0.0,0.0,14.45,2.14,0.0
2020-05-14 03:10:00+00:00,0.0,0.0,13.93,2.0,0.0
2020-05-14 04:10:00+00:00,0.0,0.0,13.54,2.69,0.0
2020-05-14 05:10:00+00:00,6.0,2.47,13.09,2.21,0.0
2020-05-14 06:10:00+00:00,22.0,13.68,12.89,2.34,0.0
2020-05-14 07:10:00+00:00,43.0,25.3,12.75,2.55,0.0
2020-05-14 08:10:00+00:00,93.0,37.05,12.45,3.38,0.0
2020-05-14 09:10:00+00:00,128.0,48.6,11.92,4.34,0.0
2020-05-14 10:10:00+00:00,386.0,59.33,12.95,4.69,0.0
2020-05-14 11:10:00+00:00,593.0,67.67,13.34,5.38,0.0
2020-05-14 12:10:00+00:00,845.0,70.12,14.92,6.07,0.0
2020-05-14 13:10:00+00:00,833.0,64.85,16.68,6.14,0.0
2020-05-14 14:10:00+00:00,418.0,55.27,18.38,6.14,0.0
2020-05-14 15:10:00+00:00,688.0,44.1,19.18,5.1,0.0
2020-05-14 16:10:00+00:00,503.0,32.42,19.49,4.76,0.0
2020-05-14 17:10:00+00:00,301.0,20.69,19.18,4.0,0.0
2020-05-14 18:10:00+00:00,109.0,9.2,18.21,3.17,0.0
2020-05-14 19:10:00+00:00,0.0,0.0,16.73,2.55,0.0
2020-05-14 20:10:00+00:00,0.0,0.0,15.04,2.0,0.0
2020-05-14 21:10:00+00:00,0.0,0.0,14.56,1.72,0.0
2020-05-14 22:10:00+00:00,0.0,0.0,12.94,1.17,0.0
2020-05-14 23:10:00+00:00,0.0,0.0,12.86,1.31,0.0
2020-05-15 00:10:00+00:00,0.0,0.0,12.52,1.79,0.0
2020-05-15 01:10:00+00:00,0.0,0.0,12.01,1.38,0.0
2020-05-15 02:10:00+00:00,0.0,0.0,11.63,1.52,0.0
2020-05-15 03:10:00+00:00,0.0,0.0,11.93,1.59,0.0
2020-05-15 04:10:00+00:00,0.0,0.0,12.2,1.31,0.0
2020-05-15 05:10:00+00:00,6.0,2.62,12.44,1.72,0.0
2020-05-15 06:10:00+00:00,114.0,13.82,13.36,1.66,0.0
2020-05-15 07:10:00+00:00,264.0,25.43,15.43,1.93,0.0
2020-05-15 08:10:00+00:00,400.0,37.18,16.83,2.28,0.0
2020-05-15 09:10:00+00:00,574.0,48.74,17.8,2.62,0.0
2020-05-15 10:10:00+00:00,461.0,59.5,18.4,4.21,0.0
2020-05-15 11:10:00+00:00,392.0,67.89,18.56,4.76,0.0
2020-05-15 12:10:00+00:00,532.0,70.36,18.74,4.62,0.0
2020-05-15 13:10:00+00:00,259.0,65.05,18.75,4.14,0.0
2020-05-15 14:10:00+00:00,95.0,55.43,18.39,3.45,0.0
2020-05-15 15:10:00+00:00,112.0,44.24,18.32,3.45,0.0
2020-05-15 16:10:00+00:00,113.0,32.56,17.92,3.38,0.0
2020-05-15 17:10:00+00:00,235.0,20.83,17.42,3.59,0.0
2020-05-15 18:10:00+00:00,87.0,9.35,16.65,3.03,0.0
2020-05-15 19:10:00+00:00,0.0,0.0,15.86,2.07,0.0
2020-05-15 20:10:00+00:00,0.0,0.0,14.84,2.07,0.0
2020-05-15 21:10:00+00:00,0.0,0.0,14.6,2.34,0.0
2020-05-15 22:10:00+00:00,0.0,0.0,14.63,2.0,0.0
2020-05-15 23:10:00+00:00,0.0,0.0,14.22,2.14,0.0
2020-05-16 00:10:00+00:00,0.0,0.0,13.87,2.07,0.0
2020-05-16 01:10:00+00:00,0.0,0.0,13.83,2.21,0.0
2020-05-16 02:10:00+00:00,0.0,0.0,13.48,2.41,0.0
2020-05-16 03:10:00+00:00,0.0,0.0,13.31,2.41,0.0
2020-05-16 04:10:00+00:00,0.0,0.0,13.19,2.55,0.0
2020-05-16 05:10:00+00:00,9.0,2.77,12.99,2.76,0.0
2020-05-16 06:10:00+00:00,181.0,13.96,13.41,2.76,0.0
2020-05-16 07:10:00+00:00,370.0,25.56,14.8,2.76,0.0
2020-05-16 08:10:00+00:00,563.0,37.31,16.49,3.66,0.0
2020-05-16 09:10:00+00:00,678.0,48.88,17.04,3.86,0.0
2020-05-16 10:10:00+00:00,480.0,59.66,18.32,3.17,0.0
2020-05-16 11:10:00+00:00,412.0,68.1,17.52,3.86,0.0
2020-05-16 12:10:00+00:00,553.0,70.59,17.69,3.59,0.0
2020-05-16 13:10:00+00:00,726.0,65.24,17.92,3.66,0.0
2020-05-16 14:10:00+00:00,595.0,55.58,18.31,3.45,0.0
2020-05-16 15:10:00+00:00,348.0,44.38,18.66,3.03,0.0
2020-05-16 16:10:00+00:00,350.0,32.69,18.47,2.83,0.0
2020-05-16 17:10:00+00:00,153.0,20.96,18.2,1.79,0.0
2020-05-16 18:10:00+00:00,76.0,9.49,17.0,0.76,0.0
2020-05-16 19:10:00+00:00,0.0,0.0,16.17,0.14,0.0
2020-05-16 20:10:00+00:00,0.0,0.0,15.08,0.69,0.0
2020-05-16 21:10:00+00:00,0.0,0.0,14.36,1.1,0.0
2020-05-16 22:10:00+00:00,0.0,0.0,14.2,0.55,0.0
2020-05-16 23:10:00+00:00,0.0,0.0,14.17,0.34,0.0
2020-05-17 00:10:00+00:00,0.0,0.0,13.72,0.69,0.0
2020-05-17 01:10:00+00:00,0.0,0.0,13.52,1.1,0.0
2020-05-17 02:10:00+00:00,0.0,0.0,13.32,1.03,0.0
2020-05-17 03:10:00+00:00,0.0,0.0,13.13,0.9,0.0
2020-05-17 04:10:00+00:00,0.0,0.0,13.3,0.83,0.0
2020-05-17 05:10:00+00:00,8.0,2.91,13.36,0.97,0.0
2020-05-17 06:10:00+00:00,119.0,14.09,14.44,1.1,0.0
2020-05-17 07:10:00+00:00,136.0,25.68,16.85,0.76,0.0
2020-05-17 08:10:00+00:00,215.0,37.43,17.73,0.9,0.0
2020-05-17 09:10:00+00:00,476.0,49.01,18.42,1.31,0.0
2020-05-17 10:10:00+00:00,406.0,59.82,19.21,1.31,0.0
2020-05-17 11:10:00+00:00,734.0,68.3,19.87,1.72,0.0
2020-05-17 12:10:00+00:00,960.01,70.82,20.03,1.86,0.0
2020-05-17 13:10:00+00:00,908.0,65.43,20.56,2.14,0.0
2020-05-17 14:10:00+00:00,171.0,55.73,19.27,2.34,0.0
2020-05-17 15:10:00+00:00,678.0,44.52,17.98,1.93,0.0
2020-05-17 16:10:00+00:00,197.0,32.82,17.56,1.72,0.0
2020-05-17 17:10:00+00:00,170.0,21.1,17.58,1.59,0.0
2020-05-17 18:10:00+00:00,112.0,9.63,17.43,1.17,0.0
2020-05-17 19:10:00+00:00,0.0,0.0,16.89,1.24,0.0
2020-05-17 20:10:00+00:00,0.0,0.0,15.9,1.38,0.0
2020-05-17 21:10:00+00:00,0.0,0.0,14.67,1.31,0.0
2020-05-17 22:10:00+00:00,0.0,0.0,14.38,1.03,0.0
2020-05-17 23:10:00+00:00,0.0,0.0,13.86,1.03,0.0
2020-05-18 00:10:00+00:00,0.0,0.0,13.35,0.97,0.0
2020-05-18 01:10:00+00:00,0.0,0.0,13.27,1.1,0.0
2020-05-18 02:10:00+00:00,0.0,0.0,12.82,1.17,0.0
2020-05-18 03:10:00+00:00,0.0,0.0,12.78,1.24,0.0
2020-05-18 04:10:00+00:00,0.0,0.0,12.3,1.17,0.0
2020-05-18 05:10:00+00:00,13.82,3.05,12.17,1.03,0.0
2020-05-18 06:10:00+00:00,190.0,14.21,13.95,1.31,0.0
2020-05-18 07:10:00+00:00,388.0,25.8,17.18,0.83,0.0
2020-05-18 08:10:00+00:00,580.0,37.55,19.8,0.69,0.0
2020-05-18 09:10:00+00:00,751.0,49.14,21.25,1.03,0.0
2020-05-18 10:10:00+00:00,890.0,59.97,22.41,1.03,0.0
2020-05-18 11:10:00+00:00,963.01,68.49,23.09,0.97,0.0
2020-05-18 12:10:00+00:00,981.01,71.04,23.99,0.97,0.0
2020-05-18 13:10:00+00:00,929.0,65.61,24.36,1.24,0.0
2020-05-18 14:10:00+00:00,835.0,55.89,24.48,1.86,0.0
2020-05-18 15:10:00+00:00,687.0,44.65,24.11,2.48,0.0
2020-05-18 16:10:00+00:00,505.0,32.95,23.42,3.03,0.0
2020-05-18 17:10:00+00:00,305.0,21.23,22.38,3.17,0.0
2020-05-18 18:10:00+00:00,116.0,9.78,21.25,2.55,0.0
2020-05-18 19:10:00+00:00,0.0,0.0,19.71,1.17,0.0
2020-05-18 20:10:00+00:00,0.0,0.0,18.82,0.41,0.0
2020-05-18 21:10:00+00:00,0.0,0.0,17.7,0.9,0.0
2020-05-18 22:10:00+00:00,0.0,0.0,16.6,1.79,0.0
2020-05-18 23:10:00+00:00,0.0,0.0,16.11,1.38,0.0
2020-05-19 00:10:00+00:00,0.0,0.0,15.61,1.24,0.0
2020-05-19 01:10:00+00:00,0.0,0.0,15.13,1.1,0.0
2020-05-19 02:10:00+00:00,0.0,0.0,14.44,1.1,0.0
2020-05-19 03:10:00+00:00,0.0,0.0,14.38,1.03,0.0
2020-05-19 04:10:00+00:00,0.0,0.0,14.59,0.9,0.0
2020-05-19 05:10:00+00:00,14.81,3.18,15.19,0.69,0.0
2020-05-19 06:10:00+00:00,192.0,14.33,17.01,0.55,0.0
2020-05-19 07:10:00+00:00,390.0,25.91,19.69,0.14,0.0
2020-05-19 08:10:00+00:00,582.0,37.66,21.81,0.83,0.0
2020-05-19 09:10:00+00:00,752.0,49.26,23.0,1.31,0.0
2020-05-19 10:10:00+00:00,886.0,60.12,24.29,2.0,0.0
2020-05-19 11:10:00+00:00,959.01,68.68,25.01,2.28,0.0
2020-05-19 12:10:00+00:00,983.01,71.25,25.59,2.34,0.0
2020-05-19 13:10:00+00:00,935.0,65.79,25.79,2.48,0.0
2020-05-19 14:10:00+00:00,836.0,56.03,26.28,2.62,0.0
2020-05-19 15:10:00+00:00,692.0,44.78,26.4,2.83,0.0
2020-05-19 16:10:00+00:00,504.0,33.08,26.15,2.97,0.0
2020-05-19 17:10:00+00:00,307.0,21.36,25.05,2.9,0.0
2020-05-19 18:10:00+00:00,117.0,9.91,23.97,2.0,0.0
2020-05-19 19:10:00+00:00,0.0,0.0,22.32,0.97,0.0
2020-05-19 20:10:00+00:00,0.0,0.0,20.73,0.07,0.0
2020-05-19 21:10:00+00:00,0.0,0.0,19.18,0.62,0.0
2020-05-19 22:10:00+00:00,0.0,0.0,18.58,1.17,0.0
2020-05-19 23:10:00+00:00,0.0,0.0,18.22,1.24,0.0
2020-05-20 00:10:00+00:00,0.0,0.0,17.66,1.24,0.0
2020-05-20 01:10:00+00:00,0.0,0.0,17.25,1.24,0.0
2020-05-20 02:10:00+00:00,0.0,0.0,16.78,0.97,0.0
2020-05-20 03:10:00+00:00,0.0,0.0,16.52,1.24,0.0
2020-05-20 04:10:00+00:00,0.0,0.0,16.26,1.59,0.0
2020-05-20 05:10:00+00:00,14.82,3.31,16.22,2.0,0.0
2020-05-20 06:10:00+00:00,192.0,14.45,18.55,1.93,0.0
2020-05-20 07:10:00+00:00,386.0,26.02,21.38,1.66,0.0
2020-05-20 08:10:00+00:00,572.0,37.77,23.77,0.97,0.0
2020-05-20 09:10:00+00:00,742.0,49.38,24.83,1.17,0.0
2020-05-20 10:10:00+00:00,874.0,60.25,25.94,0.9,0.0
2020-05-20 11:10:00+00:00,951.01,68.87,26.32,1.31,0.0
2020-05-20 12:10:00+00:00,974.01,71.46,26.65,1.59,0.0
2020-05-20 13:10:00+00:00,922.0,65.97,27.12,1.52,0.0
2020-05-20 14:10:00+00:00,825.0,56.18,27.23,1.86,0.0
2020-05-20 15:10:00+00:00,688.0,44.91,27.02,2.41,0.0
2020-05-20 16:10:00+00:00,507.0,33.2,25.49,2.69,0.0
2020-05-20 17:10:00+00:00,309.0,21.49,25.14,2.55,0.0
2020-05-20 18:10:00+00:00,120.0,10.05,24.54,1.52,0.0
2020-05-20 19:10:00+00:00,0.0,0.0,23.06,0.41,0.0
2020-05-20 20:10:00+00:00,0.0,0.0,21.4,0.41,0.0
2020-05-20 21:10:00+00:00,0.0,0.0,20.42,1.03,0.0
2020-05-20 22:10:00+00:00,0.0,0.0,18.54,1.31,0.0
2020-05-20 23:10:00+00:00,0.0,0.0,18.07,1.59,0.0
2020-05-21 00:10:00+00:00,0.0,0.0,17.6,1.66,0.0
2020-05-21 01:10:00+00:00,0.0,0.0,17.04,1.72,0.0
2020-05-21 02:10:00+00:00,0.0,0.0,16.7,1.79,0.0
2020-05-21 03:10:00+00:00,0.0,0.0,16.38,1.66,0.0
2020-05-21 04:10:00+00:00,0.0,0.0,15.97,1.31,0.0
2020-05-21 05:10:00+00:00,15.81,3.43,15.86,1.1,0.0
2020-05-21 06:10:00+00:00,190.0,14.56,18.0,1.72,0.0
2020-05-21 07:10:00+00:00,385.0,26.12,20.63,1.03,0.0
2020-05-21 08:10:00+00:00,579.0,37.87,23.2,1.03,0.0
2020-05-21 09:10:00+00:00,751.0,49.49,24.67,1.52,0.0
2020-05-21 10:10:00+00:00,880.0,60.39,25.99,1.17,0.0
2020-05-21 11:10:00+00:00,957.01,69.04,26.48,1.72,0.0
2020-05-21 12:10:00+00:00,975.01,71.67,26.63,2.21,0.0
2020-05-21 13:10:00+00:00,928.0,66.14,26.93,2.48,0.0
2020-05-21 14:10:00+00:00,799.0,56.32,27.12,2.62,0.0
2020-05-21 15:10:00+00:00,689.0,45.04,26.9,2.69,0.0
2020-05-21 16:10:00+00:00,505.0,33.33,26.46,2.62,0.0
2020-05-21 17:10:00+00:00,309.0,21.62,26.1,1.93,0.0
2020-05-21 18:10:00+00:00,120.0,10.19,24.82,1.03,0.0
2020-05-21 19:10:00+00:00,0.0,0.0,23.25,0.69,0.0
2020-05-21 20:10:00+00:00,0.0,0.0,21.83,0.62,0.0
2020-05-21 21:10:00+00:00,0.0,0.0,20.79,1.1,0.0
2020-05-21 22:10:00+00:00,0.0,0.0,19.07,0.97,0.0
2020-05-21 23:10:00+00:00,0.0,0.0,18.58,0.83,0.0
2020-05-22 00:10:00+00:00,0.0,0.0,18.43,1.1,0.0
2020-05-22 01:10:00+00:00,0.0,0.0,18.49,0.83,0.0
2020-05-22 02:10:00+00:00,0.0,0.0,18.01,0.83,0.0
2020-05-22 03:10:00+00:00,0.0,0.0,17.5,0.97,0.0
2020-05-22 04:10:00+00:00,0.0,0.0,17.04,0.76,0.0
2020-05-22 05:10:00+00:00,14.83,3.54,17.16,0.62,0.0
2020-05-22 06:10:00+00:00,151.0,14.66,19.01,0.55,0.0
2020-05-22 07:10:00+00:00,383.0,26.22,21.48,0.41,0.0
2020-05-22 08:10:00+00:00,575.0,37.97,24.23,0.0,0.0
2020-05-22 09:10:00+00:00,742.0,49.59,25.95,0.69,0.0
2020-05-22 10:10:00+00:00,879.0,60.51,27.52,1.03,0.0
2020-05-22 11:10:00+00:00,951.0,69.21,28.34,1.66,0.0
2020-05-22 12:10:00+00:00,974.01,71.87,29.0,2.21,0.0
2020-05-22 13:10:00+00:00,927.0,66.31,29.15,2.83,0.0
2020-05-22 14:10:00+00:00,830.0,56.46,28.74,3.1,0.0
2020-05-22 15:10:00+00:00,681.0,45.17,28.04,3.24,0.0
2020-05-22 16:10:00+00:00,500.0,33.45,27.65,2.97,0.0
2020-05-22 17:10:00+00:00,310.0,21.74,26.79,2.34,0.0
2020-05-22 18:10:00+00:00,123.0,10.32,25.64,1.79,0.0
2020-05-22 19:10:00+00:00,0.0,0.0,23.58,1.17,0.0
2020-05-22 20:10:00+00:00,0.0,0.0,22.01,0.9,0.0
2020-05-22 21:10:00+00:00,0.0,0.0,21.78,0.07,0.0
2020-05-22 22:10:00+00:00,0.0,0.0,20.11,0.14,0.0
2020-05-22 23:10:00+00:00,0.0,0.0,19.22,0.21,0.0
2020-05-23 00:10:00+00:00,0.0,0.0,19.15,0.48,0.0
2020-05-23 01:10:00+00:00,0.0,0.0,19.47,0.9,0.0
2020-05-23 02:10:00+00:00,0.0,0.0,19.22,1.03,0.0
2020-05-23 03:10:00+00:00,0.0,0.0,18.91,0.97,0.0
2020-05-23 04:10:00+00:00,0.0,0.0,18.54,0.9,0.0
2020-05-23 05:10:00+00:00,26.88,3.65,18.11,0.9,0.0
2020-05-23 06:10:00+00:00,197.0,14.76,18.81,0.62,0.0
2020-05-23 07:10:00+00:00,388.0,26.32,21.56,0.28,0.0
2020-05-23 08:10:00+00:00,585.0,38.06,24.41,1.03,0.0
2020-05-23 09:10:00+00:00,750.0,49.69,25.56,1.52,0.0
2020-05-23 10:10:00+00:00,888.0,60.63,26.65,1.03,0.0
2020-05-23 11:10:00+00:00,955.0,69.38,27.25,1.66,0.0
2020-05-23 12:10:00+00:00,978.01,72.06,27.61,2.55,0.0
2020-05-23 13:10:00+00:00,901.0,66.48,28.01,3.1,0.0
2020-05-23 14:10:00+00:00,811.0,56.6,27.98,3.31,0.0
2020-05-23 15:10:00+00:00,674.0,45.29,27.94,3.1,0.0
2020-05-23 16:10:00+00:00,485.0,33.57,27.44,2.62,0.0
2020-05-23 17:10:00+00:00,297.0,21.87,26.58,2.07,0.0
2020-05-23 18:10:00+00:00,114.0,10.45,25.48,2.0,0.0
2020-05-23 19:10:00+00:00,0.0,0.0,23.91,1.1,0.0
2020-05-23 20:10:00+00:00,0.0,0.0,21.83,1.66,0.0
2020-05-23 21:10:00+00:00,0.0,0.0,20.96,1.72,0.0
2020-05-23 22:10:00+00:00,0.0,0.0,20.09,1.66,0.0
2020-05-23 23:10:00+00:00,0.0,0.0,19.65,2.69,0.0
2020-05-24 00:10:00+00:00,0.0,0.0,18.97,2.07,0.0
2020-05-24 01:10:00+00:00,0.0,0.0,18.27,2.55,0.0
2020-05-24 02:10:00+00:00,0.0,0.0,17.8,2.69,0.0
2020-05-24 03:10:00+00:00,0.0,0.0,17.67,3.17,0.0
2020-05-24 04:10:00+00:00,0.0,0.0,17.59,3.31,0.0
2020-05-24 05:10:00+00:00,27.83,3.76,17.22,3.31,0.0
2020-05-24 06:10:00+00:00,187.0,14.85,18.31,3.79,0.0
2020-05-24 07:10:00+00:00,382.0,26.4,19.97,4.14,0.0
2020-05-24 08:10:00+00:00,574.0,38.15,21.67,4.14,0.0
2020-05-24 09:10:00+00:00,743.0,49.78,22.71,4.14,0.0
2020-05-24 10:10:00+00:00,875.0,60.75,23.6,4.0,0.0
2020-05-24 11:10:00+00:00,946.0,69.53,24.09,3.59,0.0
2020-05-24 12:10:00+00:00,949.0,72.25,24.25,3.52,0.0
2020-05-24 13:10:00+00:00,909.0,66.64,24.41,3.66,0.0
2020-05-24 14:10:00+00:00,823.0,56.73,24.49,3.79,0.0
2020-05-24 15:10:00+00:00,668.0,45.41,24.37,3.93,0.0
2020-05-24 16:10:00+00:00,468.0,33.69,23.84,4.0,0.0
2020-05-24 17:10:00+00:00,270.0,21.99,22.8,3.59,0.0
2020-05-24 18:10:00+00:00,107.0,10.58,21.65,3.31,0.0
2020-05-24 19:10:00+00:00,0.0,0.0,20.23,2.69,0.0
2020-05-24 20:10:00+00:00,0.0,0.0,19.23,2.0,0.0
2020-05-24 21:10:00+00:00,0.0,0.0,18.59,2.41,0.0
2020-05-24 22:10:00+00:00,0.0,0.0,18.06,1.31,0.0
2020-05-24 23:10:00+00:00,0.0,0.0,17.28,1.24,0.0
2020-05-25 00:10:00+00:00,0.0,0.0,16.85,1.17,0.0
2020-05-25 01:10:00+00:00,0.0,0.0,16.07,1.31,0.0
2020-05-25 02:10:00+00:00,0.0,0.0,15.32,1.38,0.0
2020-05-25 03:10:00+00:00,0.0,0.0,14.87,1.52,0.0
2020-05-25 04:10:00+00:00,0.0,0.0,14.61,2.21,0.0
2020-05-25 05:10:00+00:00,26.36,3.86,14.71,1.1,0.0
2020-05-25 06:10:00+00:00,182.0,14.94,16.04,1.38,0.0
2020-05-25 07:10:00+00:00,312.0,26.49,18.38,1.38,0.0
2020-05-25 08:10:00+00:00,502.0,38.23,20.49,1.79,0.0
2020-05-25 09:10:00+00:00,683.0,49.87,21.5,2.21,0.0
2020-05-25 10:10:00+00:00,785.0,60.85,22.16,3.31,0.0
2020-05-25 11:10:00+00:00,717.0,69.68,22.52,2.14,0.0
2020-05-25 12:10:00+00:00,447.0,72.44,22.85,1.86,0.0
2020-05-25 13:10:00+00:00,281.0,66.8,22.58,2.21,0.0
2020-05-25 14:10:00+00:00,247.0,56.86,22.35,1.79,0.0
2020-05-25 15:10:00+00:00,540.0,45.53,22.3,2.07,0.0
2020-05-25 16:10:00+00:00,457.0,33.81,21.69,1.93,0.0
2020-05-25 17:10:00+00:00,107.0,22.11,21.1,2.62,0.0
2020-05-25 18:10:00+00:00,76.0,10.71,20.68,1.38,0.0
2020-05-25 19:10:00+00:00,0.0,0.0,19.69,0.83,0.0
2020-05-25 20:10:00+00:00,0.0,0.0,18.58,0.48,0.0
2020-05-25 21:10:00+00:00,0.0,0.0,18.12,1.17,0.0
2020-05-25 22:10:00+00:00,0.0,0.0,17.25,1.38,0.0
2020-05-25 23:10:00+00:00,0.0,0.0,16.73,1.31,0.0
2020-05-26 00:10:00+00:00,0.0,0.0,16.11,2.34,0.0
2020-05-26 01:10:00+00:00,0.0,0.0,15.78,1.59,0.0
2020-05-26 02:10:00+00:00,0.0,0.0,15.37,1.72,0.0
2020-05-26 03:10:00+00:00,0.0,0.0,15.34,1.72,0.0
2020-05-26 04:10:00+00:00,0.0,0.0,15.28,1.72,0.0
2020-05-26 05:10:00+00:00,28.84,3.95,15.56,1.93,0.0
2020-05-26 06:10:00+00:00,175.0,15.03,16.59,2.48,0.0
2020-05-26 07:10:00+00:00,360.0,26.56,18.29,2.55,0.0
2020-05-26 08:10:00+00:00,554.0,38.3,20.32,2.83,0.0
2020-05-26 09:10:00+00:00,738.0,49.95,21.52,3.24,0.0
2020-05-26 10:10:00+00:00,849.0,60.96,22.17,3.03,0.0
2020-05-26 11:10:00+00:00,888.0,69.83,23.5,3.72,0.0
2020-05-26 12:10:00+00:00,890.0,72.61,24.24,4.0,0.0
2020-05-26 13:10:00+00:00,872.0,66.95,24.71,4.55,0.0
2020-05-26 14:10:00+00:00,830.0,56.99,25.16,4.97,0.0
2020-05-26 15:10:00+00:00,683.0,45.65,24.79,5.17,0.0
2020-05-26 16:10:00+00:00,504.0,33.92,24.15,5.03,0.0
2020-05-26 17:10:00+00:00,312.0,22.23,23.29,4.83,0.0
2020-05-26 18:10:00+00:00,127.0,10.83,22.26,4.28,0.0
2020-05-26 19:10:00+00:00,0.0,0.0,20.98,3.24,0.0
2020-05-26 20:10:00+00:00,0.0,0.0,19.55,2.48,0.0
2020-05-26 21:10:00+00:00,0.0,0.0,18.48,2.0,0.0
2020-05-26 22:10:00+00:00,0.0,0.0,17.69,3.03,0.0
2020-05-26 23:10:00+00:00,0.0,0.0,17.1,1.79,0.0
2020-05-27 00:10:00+00:00,0.0,0.0,16.78,2.07,0.0
2020-05-27 01:10:00+00:00,0.0,0.0,16.48,2.34,0.0
2020-05-27 02:10:00+00:00,0.0,0.0,16.21,2.48,0.0
2020-05-27 03:10:00+00:00,0.0,0.0,15.96,2.55,0.0
2020-05-27 04:10:00+00:00,0.0,0.0,15.6,2.48,0.0
2020-05-27 05:10:00+00:00,31.3,4.04,15.43,2.28,0.0
2020-05-27 06:10:00+00:00,195.0,15.11,16.92,2.76,0.0
2020-05-27 07:10:00+00:00,391.0,26.64,19.67,2.69,0.0
2020-05-27 08:10:00+00:00,580.0,38.38,22.4,3.93,0.0
2020-05-27 09:10:00+00:00,742.0,50.03,23.36,5.03,0.0
2020-05-27 10:10:00+00:00,878.0,61.05,24.6,4.83,0.0
2020-05-27 11:10:00+00:00,949.0,69.96,25.08,5.17,0.0
2020-05-27 12:10:00+00:00,967.0,72.79,25.25,5.24,0.0
2020-05-27 13:10:00+00:00,922.0,67.1,25.48,5.24,0.0
2020-05-27 14:10:00+00:00,827.0,57.12,25.09,5.45,0.0
2020-05-27 15:10:00+00:00,681.0,45.76,24.61,5.52,0.0
2020-05-27 16:10:00+00:00,500.0,34.04,24.11,5.45,0.0
2020-05-27 17:10:00+00:00,308.0,22.34,23.09,5.38,0.0
2020-05-27 18:10:00+00:00,127.0,10.96,21.85,4.9,0.0
2020-05-27 19:10:00+00:00,0.0,0.0,20.46,4.07,0.0
2020-05-27 20:10:00+00:00,0.0,0.0,19.17,3.86,0.0
2020-05-27 21:10:00+00:00,0.0,0.0,18.47,3.45,0.0
2020-05-27 22:10:00+00:00,0.0,0.0,17.72,2.9,0.0
2020-05-27 23:10:00+00:00,0.0,0.0,17.42,2.9,0.0
2020-05-28 00:10:00+00:00,0.0,0.0,17.12,2.97,0.0
2020-05-28 01:10:00+00:00,0.0,0.0,16.98,3.24,0.0
2020-05-28 02:10:00+00:00,0.0,0.0,16.43,3.52,0.0
2020-05-28 03:10:00+00:00,0.0,0.0,16.65,3.52,0.0
2020-05-28 04:10:00+00:00,0.0,0.0,16.52,3.59,0.0
2020-05-28 05:10:00+00:00,32.88,4.13,16.41,3.59,0.0
2020-05-28 06:10:00+00:00,197.0,15.18,17.34,4.34,0.0
2020-05-28 07:10:00+00:00,391.0,26.7,18.86,4.55,0.0
2020-05-28 08:10:00+00:00,576.0,38.44,21.09,5.1,0.0
2020-05-28 09:10:00+00:00,745.0,50.1,22.24,5.52,0.0
2020-05-28 10:10:00+00:00,875.0,61.14,23.27,4.69,0.0
2020-05-28 11:10:00+00:00,957.0,70.09,23.58,5.24,0.0
2020-05-28 12:10:00+00:00,970.0,72.95,23.79,5.38,0.0
2020-05-28 13:10:00+00:00,925.0,67.25,24.13,5.38,0.0
2020-05-28 14:10:00+00:00,839.0,57.24,24.41,5.66,0.0
2020-05-28 15:10:00+00:00,699.0,45.88,24.34,5.31,0.0
2020-05-28 16:10:00+00:00,515.0,34.15,24.18,4.76,0.0
2020-05-28 17:10:00+00:00,320.0,22.46,23.32,4.62,0.0
2020-05-28 18:10:00+00:00,134.0,11.08,22.15,4.14,0.0
2020-05-28 19:10:00+00:00,0.0,0.0,20.82,2.97,0.0
2020-05-28 20:10:00+00:00,0.0,0.0,19.21,2.28,0.0
2020-05-28 21:10:00+00:00,0.0,0.0,18.08,1.79,0.0
2020-05-28 22:10:00+00:00,0.0,0.0,17.3,1.66,0.0
2020-05-28 23:10:00+00:00,0.0,0.0,16.32,1.66,0.0
2020-05-29 00:10:00+00:00,0.0,0.0,15.98,1.59,0.0
2020-05-29 01:10:00+00:00,0.0,0.0,15.46,1.72,0.0
2020-05-29 02:10:00+00:00,0.0,0.0,14.94,1.79,0.0
2020-05-29 03:10:00+00:00,0.0,0.0,14.11,1.72,0.0
2020-05-29 04:10:00+00:00,0.0,0.0,13.58,1.79,0.0
2020-05-29 05:10:00+00:00,34.46,4.21,13.19,1.66,0.0
2020-05-29 06:10:00+00:00,204.0,15.25,15.23,2.07,0.0
2020-05-29 07:10:00+00:00,399.0,26.76,18.34,1.31,0.0
2020-05-29 08:10:00+00:00,594.0,38.5,21.1,1.66,0.0
2020-05-29 09:10:00+00:00,758.0,50.17,22.65,2.28,0.0
2020-05-29 10:10:00+00:00,895.0,61.22,23.75,2.55,0.0
2020-05-29 11:10:00+00:00,962.0,70.21,24.19,3.52,0.0
2020-05-29 12:10:00+00:00,986.0,73.11,24.49,3.72,0.0
2020-05-29 13:10:00+00:00,946.0,67.39,24.44,3.59,0.0
2020-05-29 14:10:00+00:00,854.0,57.36,24.67,3.24,0.0
2020-05-29 15:10:00+00:00,708.0,45.99,24.7,2.97,0.0
2020-05-29 16:10:00+00:00,525.0,34.26,24.45,2.76,0.0
2020-05-29 17:10:00+00:00,331.0,22.57,23.61,2.69,0.0
2020-05-29 18:10:00+00:00,143.0,11.19,22.73,2.55,0.0
2020-05-29 19:10:00+00:00,0.0,0.0,21.2,1.79,0.0
2020-05-29 20:10:00+00:00,0.0,0.0,19.14,1.59,0.0
2020-05-29 21:10:00+00:00,0.0,0.0,18.98,1.93,0.0
2020-05-29 22:10:00+00:00,0.0,0.0,18.52,1.38,0.0
2020-05-29 23:10:00+00:00,0.0,0.0,17.82,1.31,0.0
2020-05-30 00:10:00+00:00,0.0,0.0,16.1,1.24,0.0
2020-05-30 01:10:00+00:00,0.0,0.0,14.32,1.38,0.0
2020-05-30 02:10:00+00:00,0.0,0.0,13.18,1.52,0.0
2020-05-30 03:10:00+00:00,0.0,0.0,13.21,1.72,0.0
2020-05-30 04:10:00+00:00,0.0,0.0,13.03,1.66,0.0
2020-05-30 05:10:00+00:00,36.06,4.28,13.03,1.52,0.0
2020-05-30 06:10:00+00:00,207.0,15.31,15.55,1.66,0.0
2020-05-30 07:10:00+00:00,390.0,26.82,18.51,1.31,0.0
2020-05-30 08:10:00+00:00,595.0,38.56,20.79,1.72,0.0
2020-05-30 09:10:00+00:00,755.0,50.23,22.44,2.34,0.0
2020-05-30 10:10:00+00:00,892.0,61.3,24.01,2.55,0.0
2020-05-30 11:10:00+00:00,964.0,70.33,24.31,3.31,0.0
2020-05-30 12:10:00+00:00,988.0,73.27,24.34,3.66,0.0
2020-05-30 13:10:00+00:00,938.0,67.53,24.47,3.93,0.0
2020-05-30 14:10:00+00:00,842.0,57.48,24.44,3.93,0.0
2020-05-30 15:10:00+00:00,703.0,46.1,24.07,3.72,0.0
2020-05-30 16:10:00+00:00,528.0,34.36,23.65,3.45,0.0
2020-05-30 17:10:00+00:00,332.0,22.68,22.79,2.97,0.0
2020-05-30 18:10:00+00:00,143.0,11.31,21.8,2.34,0.0
2020-05-30 19:10:00+00:00,0.0,0.0,20.42,1.66,0.0
2020-05-30 20:10:00+00:00,0.0,0.0,18.49,0.76,0.0
2020-05-30 21:10:00+00:00,0.0,0.0,17.71,0.62,0.0
2020-05-30 22:10:00+00:00,0.0,0.0,17.0,0.97,0.0
2020-05-30 23:10:00+00:00,0.0,0.0,16.59,0.76,0.0
2020-05-31 00:10:00+00:00,0.0,0.0,15.87,0.83,0.0
2020-05-31 01:10:00+00:00,0.0,0.0,15.38,0.76,0.0
2020-05-31 02:10:00+00:00,0.0,0.0,15.01,0.9,0.0
2020-05-31 03:10:00+00:00,0.0,0.0,14.88,1.1,0.0
2020-05-31 04:10:00+00:00,0.0,0.0,14.33,1.17,0.0
2020-05-31 05:10:00+00:00,31.62,4.35,13.53,1.03,0.0
2020-05-31 06:10:00+00:00,141.0,15.37,15.92,1.03,0.0
2020-05-31 07:10:00+00:00,305.0,26.87,18.91,1.31,0.0
2020-05-31 08:10:00+00:00,550.0,38.61,21.64,1.79,0.0
2020-05-31 09:10:00+00:00,755.0,50.28,23.26,2.14,0.0
2020-05-31 10:10:00+00:00,767.0,61.37,24.27,2.21,0.0
2020-05-31 11:10:00+00:00,637.0,70.44,24.6,3.31,0.0
2020-05-31 12:10:00+00:00,903.0,73.41,24.75,3.72,0.0
2020-05-31 13:10:00+00:00,466.0,67.66,24.9,3.66,0.0
2020-05-31 14:10:00+00:00,509.0,57.59,24.98,3.66,0.0
2020-05-31 15:10:00+00:00,643.0,46.2,24.9,3.38,0.0
2020-05-31 16:10:00+00:00,466.0,34.47,24.53,2.9,0.0
2020-05-31 17:10:00+00:00,135.0,22.79,23.83,2.34,0.0
2020-05-31 18:10:00+00:00,107.0,11.42,23.03,1.79,0.0
2020-05-31 19:10:00+00:00,0.0,0.0,21.6,1.17,0.0
2020-05-31 20:10:00+00:00,0.0,0.0,20.43,0.83,0.0
2020-05-31 21:10:00+00:00,0.0,0.0,19.44,1.52,0.0
2020-05-31 22:10:00+00:00,0.0,0.0,19.56,0.83,0.0
2020-05-31 23:10:00+00:00,0.0,0.0,19.38,0.76,0.0
2020-06-01 00:10:00+00:00,0.0,0.0,17.77,1.1,0.0
2020-06-01 01:10:00+00:00,0.0,0.0,17.7,1.52,0.0
2020-06-01 02:10:00+00:00,0.0,0.0,17.58,2.34,0.0
2020-06-01 03:10:00+00:00,0.0,0.0,17.23,1.38,0.0
2020-06-01 04:10:00+00:00,0.0,0.0,16.25,2.28,0.0
2020-06-01 05:10:00+00:00,35.57,4.41,15.9,1.31,0.0
2020-06-01 06:10:00+00:00,206.0,15.42,17.27,0.9,0.0
2020-06-01 07:10:00+00:00,397.0,26.92,19.73,0.76,0.0
2020-06-01 08:10:00+00:00,587.0,38.65,22.61,1.03,0.0
2020-06-01 09:10:00+00:00,750.0,50.33,24.4,1.66,0.0
2020-06-01 10:10:00+00:00,881.0,61.44,25.72,1.72,0.0
2020-06-01 11:10:00+00:00,953.0,70.54,26.02,3.1,0.0
2020-06-01 12:10:00+00:00,977.0,73.56,26.19,4.0,0.0
2020-06-01 13:10:00+00:00,937.0,67.79,26.28,4.41,0.0
2020-06-01 14:10:00+00:00,814.0,57.7,26.03,4.34,0.0
2020-06-01 15:10:00+00:00,661.0,46.31,25.43,3.93,0.0
2020-06-01 16:10:00+00:00,514.0,34.57,24.9,3.24,0.0
2020-06-01 17:10:00+00:00,286.0,22.89,23.7,2.62,0.0
2020-06-01 18:10:00+00:00,72.0,11.53,22.75,2.14,0.0
2020-06-01 19:10:00+00:00,0.0,0.0,21.85,1.72,0.0
2020-06-01 20:10:00+00:00,0.0,0.0,20.05,0.62,0.0
2020-06-01 21:10:00+00:00,0.0,0.0,19.63,0.76,0.0
2020-06-01 22:10:00+00:00,0.0,0.0,19.02,0.48,0.0
2020-06-01 23:10:00+00:00,0.0,0.0,18.45,0.28,0.0
2020-06-02 00:10:00+00:00,0.0,0.0,17.34,0.48,0.0
2020-06-02 01:10:00+00:00,0.0,0.0,16.41,0.83,0.0
2020-06-02 02:10:00+00:00,0.0,0.0,15.59,1.24,0.0
2020-06-02 03:10:00+00:00,0.0,0.0,15.23,1.38,0.0
2020-06-02 04:10:00+00:00,0.0,0.0,14.64,1.38,0.0
2020-06-02 05:10:00+00:00,34.23,4.47,14.74,1.03,0.0
2020-06-02 06:10:00+00:00,203.0,15.47,16.81,0.76,0.0
2020-06-02 07:10:00+00:00,379.0,26.97,20.29,0.41,0.0
2020-06-02 08:10:00+00:00,563.0,38.7,22.4,1.03,0.0
2020-06-02 09:10:00+00:00,687.0,50.38,23.71,1.86,0.0
2020-06-02 10:10:00+00:00,826.0,61.5,25.06,2.41,0.0
2020-06-02 11:10:00+00:00,898.0,70.64,25.48,2.9,0.0
2020-06-02 12:10:00+00:00,911.0,73.69,25.8,3.03,0.0
2020-06-02 13:10:00+00:00,763.0,67.91,26.13,3.17,0.0
2020-06-02 14:10:00+00:00,400.0,57.81,26.07,3.24,0.0
2020-06-02 15:10:00+00:00,347.0,46.41,25.65,3.31,0.0
2020-06-02 16:10:00+00:00,257.0,34.67,25.04,3.24,0.0
2020-06-02 17:10:00+00:00,150.0,22.99,23.88,2.83,0.0
2020-06-02 18:10:00+00:00,57.0,11.64,22.86,2.0,0.0
2020-06-02 19:10:00+00:00,0.0,0.0,22.17,1.52,0.0
2020-06-02 20:10:00+00:00,0.0,0.0,20.95,1.1,0.0
2020-06-02 21:10:00+00:00,0.0,0.0,19.91,0.69,0.0
2020-06-02 22:10:00+00:00,0.0,0.0,18.63,0.97,0.0
2020-06-02 23:10:00+00:00,0.0,0.0,17.96,0.97,0.0
2020-06-03 00:10:00+00:00,0.0,0.0,17.39,0.83,0.0
2020-06-03 01:10:00+00:00,0.0,0.0,16.75,1.24,0.0
2020-06-03 02:10:00+00:00,0.0,0.0,15.81,1.52,0.0
2020-06-03 03:10:00+00:00,0.0,0.0,15.73,1.24,0.0
2020-06-03 04:10:00+00:00,0.0,0.0,15.62,1.17,0.0
2020-06-03 05:10:00+00:00,34.27,4.52,15.45,0.9,0.0
2020-06-03 06:10:00+00:00,167.0,15.52,17.69,0.97,0.0
2020-06-03 07:10:00+00:00,372.0,27.0,20.27,1.38,0.0
2020-06-03 08:10:00+00:00,585.0,38.73,22.74,1.72,0.0
2020-06-03 09:10:00+00:00,722.0,50.42,24.44,1.86,0.0
2020-06-03 10:10:00+00:00,877.0,61.56,26.54,2.07,0.0
2020-06-03 11:10:00+00:00,949.0,70.73,27.0,2.83,0.0
2020-06-03 12:10:00+00:00,958.0,73.82,27.23,3.93,0.0
2020-06-03 13:10:00+00:00,813.0,68.04,27.28,4.83,0.0
2020-06-03 14:10:00+00:00,844.0,57.92,27.26,5.03,0.0
2020-06-03 15:10:00+00:00,623.0,46.51,26.92,4.9,0.0
2020-06-03 16:10:00+00:00,497.0,34.77,26.49,4.83,0.0
2020-06-03 17:10:00+00:00,326.0,23.09,26.01,4.41,0.0
2020-06-03 18:10:00+00:00,139.0,11.74,25.1,3.72,0.0
2020-06-03 19:10:00+00:00,0.0,0.0,24.12,2.41,0.0
2020-06-03 20:10:00+00:00,0.0,0.0,22.68,1.38,0.0
2020-06-03 21:10:00+00:00,0.0,0.0,21.65,1.03,0.0
2020-06-03 22:10:00+00:00,0.0,0.0,20.19,2.0,0.0
2020-06-03 23:10:00+00:00,0.0,0.0,20.63,2.0,0.0
2020-06-04 00:10:00+00:00,0.0,0.0,21.21,2.14,0.0
2020-06-04 01:10:00+00:00,0.0,0.0,20.86,2.28,0.0
2020-06-04 02:10:00+00:00,0.0,0.0,20.3,2.14,0.0
2020-06-04 03:10:00+00:00,0.0,0.0,20.31,2.07,0.0
2020-06-04 04:10:00+00:00,0.0,0.0,20.32,1.86,0.0
2020-06-04 05:10:00+00:00,35.8,4.57,20.05,1.72,0.0
2020-06-04 06:10:00+00:00,197.0,15.56,21.73,2.62,0.0
2020-06-04 07:10:00+00:00,391.0,27.04,23.44,3.45,0.0
2020-06-04 08:10:00+00:00,579.0,38.76,24.97,4.62,0.0
2020-06-04 09:10:00+00:00,732.0,50.45,25.91,5.52,0.0
2020-06-04 10:10:00+00:00,569.0,61.6,26.14,4.69,0.0
2020-06-04 11:10:00+00:00,217.0,70.81,26.66,4.62,0.0
2020-06-04 12:10:00+00:00,303.0,73.94,27.08,5.24,0.0
2020-06-04 13:10:00+00:00,315.0,68.15,26.64,3.66,0.0
2020-06-04 14:10:00+00:00,385.0,58.02,22.13,3.17,0.0
2020-06-04 15:10:00+00:00,151.0,46.6,18.69,4.07,0.0
2020-06-04 16:10:00+00:00,314.0,34.86,19.05,2.83,0.0
2020-06-04 17:10:00+00:00,29.0,23.19,20.15,1.59,0.0
2020-06-04 18:10:00+00:00,46.0,11.85,20.27,2.34,0.0
2020-06-04 19:10:00+00:00,0.0,0.0,20.18,1.59,0.0
2020-06-04 20:10:00+00:00,0.0,0.0,18.83,1.79,0.0
2020-06-04 21:10:00+00:00,0.0,0.0,18.1,2.34,0.0
2020-06-04 22:10:00+00:00,0.0,0.0,16.61,3.1,0.0
2020-06-04 23:10:00+00:00,0.0,0.0,16.38,2.97,0.0
2020-06-05 00:10:00+00:00,0.0,0.0,16.0,2.55,0.0
2020-06-05 01:10:00+00:00,0.0,0.0,15.56,2.41,0.0
2020-06-05 02:10:00+00:00,0.0,0.0,15.28,2.41,0.0
2020-06-05 03:10:00+00:00,0.0,0.0,14.96,2.34,0.0
2020-06-05 04:10:00+00:00,0.0,0.0,14.65,2.21,0.0
2020-06-05 05:10:00+00:00,38.85,4.61,14.6,2.07,0.0
2020-06-05 06:10:00+00:00,212.0,15.59,16.42,2.41,0.0
2020-06-05 07:10:00+00:00,408.0,27.07,19.2,2.21,0.0
2020-06-05 08:10:00+00:00,602.0,38.79,21.5,2.69,0.0
2020-06-05 09:10:00+00:00,764.0,50.48,22.9,2.97,0.0
2020-06-05 10:10:00+00:00,897.0,61.65,24.48,2.9,0.0
2020-06-05 11:10:00+00:00,970.0,70.89,25.65,3.17,0.0
2020-06-05 12:10:00+00:00,990.0,74.06,26.43,2.97,0.0
2020-06-05 13:10:00+00:00,951.0,68.26,27.0,2.55,0.0
2020-06-05 14:10:00+00:00,860.0,58.12,27.17,1.93,0.0
2020-06-05 15:10:00+00:00,708.0,46.7,26.84,1.72,0.0
2020-06-05 16:10:00+00:00,532.0,34.96,26.92,3.45,0.0
2020-06-05 17:10:00+00:00,338.0,23.29,26.06,4.48,0.0
2020-06-05 18:10:00+00:00,149.0,11.94,24.56,4.41,0.0
2020-06-05 19:10:00+00:00,0.0,0.0,23.09,3.17,0.0
2020-06-05 20:10:00+00:00,0.0,0.0,20.77,1.86,0.0
2020-06-05 21:10:00+00:00,0.0,0.0,20.31,0.83,0.0
2020-06-05 22:10:00+00:00,0.0,0.0,18.95,0.28,0.0
2020-06-05 23:10:00+00:00,0.0,0.0,18.16,0.9,0.0
2020-06-06 00:10:00+00:00,0.0,0.0,17.57,1.03,0.0
2020-06-06 01:10:00+00:00,0.0,0.0,17.17,1.1,0.0
2020-06-06 02:10:00+00:00,0.0,0.0,16.92,1.31,0.0
2020-06-06 03:10:00+00:00,0.0,0.0,16.81,1.31,0.0
2020-06-06 04:10:00+00:00,0.0,0.0,16.67,1.31,0.0
2020-06-06 05:10:00+00:00,22.8,4.65,16.63,1.1,0.0
2020-06-06 06:10:00+00:00,164.0,15.62,18.51,1.72,0.0
2020-06-06 07:10:00+00:00,388.0,27.09,22.05,1.03,0.0
2020-06-06 08:10:00+00:00,464.0,38.81,24.75,1.03,0.0
2020-06-06 09:10:00+00:00,567.0,50.51,26.41,0.83,0.0
2020-06-06 10:10:00+00:00,815.0,61.69,27.4,1.66,0.0
2020-06-06 11:10:00+00:00,948.0,70.96,27.95,2.34,0.0
2020-06-06 12:10:00+00:00,910.0,74.17,28.17,2.76,0.0
2020-06-06 13:10:00+00:00,838.0,68.37,28.39,3.66,0.0
2020-06-06 14:10:00+00:00,704.0,58.22,28.71,4.48,0.0
2020-06-06 15:10:00+00:00,651.0,46.79,28.27,4.76,0.0
2020-06-06 16:10:00+00:00,281.0,35.05,27.33,4.69,0.0
2020-06-06 17:10:00+00:00,330.0,23.38,26.56,3.72,0.0
2020-06-06 18:10:00+00:00,151.0,12.04,25.91,2.69,0.0
2020-06-06 19:10:00+00:00,0.0,0.0,24.74,1.66,0.0
2020-06-06 20:10:00+00:00,0.0,0.0,22.85,0.55,0.0
2020-06-06 21:10:00+00:00,0.0,0.0,21.74,1.17,0.0
2020-06-06 22:10:00+00:00,0.0,0.0,20.9,1.59,0.0
2020-06-06 23:10:00+00:00,0.0,0.0,20.85,1.79,0.0
2020-06-07 00:10:00+00:00,0.0,0.0,20.99,2.07,0.0
2020-06-07 01:10:00+00:00,0.0,0.0,21.03,2.14,0.0
2020-06-07 02:10:00+00:00,0.0,0.0,20.94,2.0,0.0
2020-06-07 03:10:00+00:00,0.0,0.0,21.05,2.21,0.0
2020-06-07 04:10:00+00:00,0.0,0.0,20.44,2.28,0.0
2020-06-07 05:10:00+00:00,36.76,4.68,19.82,2.69,0.0
2020-06-07 06:10:00+00:00,175.0,15.64,21.7,3.72,0.0
2020-06-07 07:10:00+00:00,394.0,27.11,23.22,4.28,0.0
2020-06-07 08:10:00+00:00,573.0,38.83,24.32,4.41,0.0
2020-06-07 09:10:00+00:00,573.0,50.53,25.14,3.59,0.0
2020-06-07 10:10:00+00:00,517.0,61.72,26.18,2.55,0.0
2020-06-07 11:10:00+00:00,805.0,71.02,26.48,1.1,0.0
2020-06-07 12:10:00+00:00,472.0,74.28,26.71,2.34,0.0
2020-06-07 13:10:00+00:00,923.0,68.47,26.58,3.59,0.0
2020-06-07 14:10:00+00:00,377.0,58.31,24.72,2.97,0.0
2020-06-07 15:10:00+00:00,454.0,46.88,23.23,3.03,0.0
2020-06-07 16:10:00+00:00,388.0,35.13,23.22,4.28,0.0
2020-06-07 17:10:00+00:00,333.0,23.47,23.64,2.34,0.0
2020-06-07 18:10:00+00:00,149.0,12.13,23.83,1.03,0.0
2020-06-07 19:10:00+00:00,0.0,0.0,23.32,1.03,0.0
2020-06-07 20:10:00+00:00,0.0,0.0,21.63,1.66,0.0
2020-06-07 21:10:00+00:00,0.0,0.0,20.52,2.0,0.0
2020-06-07 22:10:00+00:00,0.0,0.0,19.3,2.76,0.0
2020-06-07 23:10:00+00:00,0.0,0.0,18.19,3.38,0.0
2020-06-08 00:10:00+00:00,0.0,0.0,17.73,3.72,0.0
2020-06-08 01:10:00+00:00,0.0,0.0,17.28,3.59,0.0
2020-06-08 02:10:00+00:00,0.0,0.0,16.8,3.17,0.0
2020-06-08 03:10:00+00:00,0.0,0.0,16.81,2.9,0.0
2020-06-08 04:10:00+00:00,0.0,0.0,16.54,2.41,0.0
2020-06-08 05:10:00+00:00,32.26,4.71,16.59,2.0,0.0
2020-06-08 06:10:00+00:00,98.0,15.66,17.27,2.21,0.0
2020-06-08 07:10:00+00:00,160.0,27.12,17.86,1.93,0.0
2020-06-08 08:10:00+00:00,495.0,38.84,18.7,1.72,0.0
2020-06-08 09:10:00+00:00,73.0,50.54,19.37,1.17,0.0
2020-06-08 10:10:00+00:00,749.0,61.75,19.97,2.07,0.0
2020-06-08 11:10:00+00:00,820.0,71.08,18.36,2.97,0.0
2020-06-08 12:10:00+00:00,626.0,74.37,16.96,3.72,0.0
2020-06-08 13:10:00+00:00,83.0,68.57,16.64,3.38,0.0
2020-06-08 14:10:00+00:00,75.0,58.4,17.89,2.83,0.0
2020-06-08 15:10:00+00:00,681.0,46.96,19.06,2.14,0.0
2020-06-08 16:10:00+00:00,472.0,35.22,18.78,1.79,0.0
2020-06-08 17:10:00+00:00,334.0,23.55,18.39,2.07,0.0
2020-06-08 18:10:00+00:00,94.0,12.22,17.94,1.24,0.0
2020-06-08 19:10:00+00:00,0.0,0.0,17.68,1.17,0.0
2020-06-08 20:10:00+00:00,0.0,0.0,16.3,0.69,0.0
2020-06-08 21:10:00+00:00,0.0,0.0,15.72,0.97,0.0
2020-06-08 22:10:00+00:00,0.0,0.0,15.53,1.38,0.0
2020-06-08 23:10:00+00:00,0.0,0.0,15.33,1.31,0.0
2020-06-09 00:10:00+00:00,0.0,0.0,14.73,0.21,0.0
2020-06-09 01:10:00+00:00,0.0,0.0,14.94,0.69,0.0
2020-06-09 02:10:00+00:00,0.0,0.0,14.52,0.97,0.0
2020-06-09 03:10:00+00:00,0.0,0.0,14.39,0.9,0.0
2020-06-09 04:10:00+00:00,0.0,0.0,13.94,1.1,0.0
2020-06-09 05:10:00+00:00,37.67,4.73,13.61,1.03,0.0
2020-06-09 06:10:00+00:00,207.0,15.68,15.2,0.76,0.0
2020-06-09 07:10:00+00:00,392.0,27.13,17.91,0.83,0.0
2020-06-09 08:10:00+00:00,584.0,38.85,19.73,1.31,0.0
2020-06-09 09:10:00+00:00,749.0,50.56,20.5,1.66,0.0
2020-06-09 10:10:00+00:00,880.0,61.77,21.55,2.76,0.0
2020-06-09 11:10:00+00:00,947.0,71.13,21.95,2.97,0.0
2020-06-09 12:10:00+00:00,688.0,74.46,21.89,3.17,0.0
2020-06-09 13:10:00+00:00,250.0,68.67,21.59,2.76,0.0
2020-06-09 14:10:00+00:00,338.0,58.48,20.56,2.69,0.0
2020-06-09 15:10:00+00:00,706.0,47.04,20.51,2.9,0.0
2020-06-09 16:10:00+00:00,531.0,35.3,19.84,2.48,0.0
2020-06-09 17:10:00+00:00,341.0,23.64,19.34,2.48,0.0
2020-06-09 18:10:00+00:00,154.0,12.31,19.13,2.21,0.0
2020-06-09 19:10:00+00:00,0.0,0.0,18.69,1.59,0.0
2020-06-09 20:10:00+00:00,0.0,0.0,17.57,0.76,0.0
2020-06-09 21:10:00+00:00,0.0,0.0,16.75,0.62,0.0
2020-06-09 22:10:00+00:00,0.0,0.0,15.22,0.69,0.0
2020-06-09 23:10:00+00:00,0.0,0.0,14.91,0.83,0.0
2020-06-10 00:10:00+00:00,0.0,0.0,14.6,0.97,0.0
2020-06-10 01:10:00+00:00,0.0,0.0,14.34,1.1,0.0
2020-06-10 02:10:00+00:00,0.0,0.0,14.41,1.17,0.0
2020-06-10 03:10:00+00:00,0.0,0.0,14.34,1.17,0.0
2020-06-10 04:10:00+00:00,0.0,0.0,14.0,1.17,0.0
2020-06-10 05:10:00+00:00,34.54,4.75,14.44,1.72,0.0
2020-06-10 06:10:00+00:00,204.0,15.69,15.81,1.66,0.0
2020-06-10 07:10:00+00:00,373.0,27.14,17.64,1.1,0.0
2020-06-10 08:10:00+00:00,550.0,38.86,19.42,0.62,0.0
2020-06-10 09:10:00+00:00,729.0,50.56,20.79,0.41,0.0
2020-06-10 10:10:00+00:00,524.0,61.78,21.88,1.31,0.0
2020-06-10 11:10:00+00:00,898.0,71.17,22.59,2.07,0.0
2020-06-10 12:10:00+00:00,964.0,74.55,22.62,2.69,0.0
2020-06-10 13:10:00+00:00,927.0,68.76,22.21,2.97,0.0
2020-06-10 14:10:00+00:00,826.0,58.57,21.31,3.1,0.0
2020-06-10 15:10:00+00:00,311.0,47.12,21.12,3.24,0.0
2020-06-10 16:10:00+00:00,453.0,35.38,21.43,3.1,0.0
2020-06-10 17:10:00+00:00,334.0,23.72,21.8,2.76,0.0
2020-06-10 18:10:00+00:00,111.0,12.39,21.35,2.07,0.0
2020-06-10 19:10:00+00:00,0.0,0.0,20.45,1.59,0.0
2020-06-10 20:10:00+00:00,0.0,0.0,19.05,1.17,0.0
2020-06-10 21:10:00+00:00,0.0,0.0,18.57,0.69,0.0
2020-06-10 22:10:00+00:00,0.0,0.0,17.57,0.83,0.0
2020-06-10 23:10:00+00:00,0.0,0.0,17.28,0.76,0.0
2020-06-11 00:10:00+00:00,0.0,0.0,17.04,0.76,0.0
2020-06-11 01:10:00+00:00,0.0,0.0,16.59,0.41,0.0
2020-06-11 02:10:00+00:00,0.0,0.0,16.31,0.34,0.0
2020-06-11 03:10:00+00:00,0.0,0.0,15.98,0.62,0.0
2020-06-11 04:10:00+00:00,0.0,0.0,15.21,0.83,0.0
2020-06-11 05:10:00+00:00,37.56,4.76,14.94,0.9,0.0
2020-06-11 06:10:00+00:00,198.0,15.7,16.43,1.17,0.0
2020-06-11 07:10:00+00:00,401.0,27.14,18.88,1.1,0.0
2020-06-11 08:10:00+00:00,584.0,38.86,21.56,1.59,0.0
2020-06-11 09:10:00+00:00,753.0,50.56,23.24,2.07,0.0
2020-06-11 10:10:00+00:00,880.0,61.8,25.19,2.76,0.0
2020-06-11 11:10:00+00:00,962.0,71.21,25.84,3.86,0.0
2020-06-11 12:10:00+00:00,978.0,74.63,26.2,4.55,0.0
2020-06-11 13:10:00+00:00,935.0,68.84,26.21,5.1,0.0
2020-06-11 14:10:00+00:00,857.0,58.65,26.48,5.31,0.0
2020-06-11 15:10:00+00:00,712.0,47.2,26.45,5.45,0.0
2020-06-11 16:10:00+00:00,534.0,35.46,25.8,5.1,0.0
2020-06-11 17:10:00+00:00,344.0,23.8,25.06,3.86,0.0
2020-06-11 18:10:00+00:00,157.0,12.47,24.13,2.41,0.0
2020-06-11 19:10:00+00:00,0.0,0.0,22.63,0.9,0.0
2020-06-11 20:10:00+00:00,0.0,0.0,21.79,0.83,0.0
2020-06-11 21:10:00+00:00,0.0,0.0,21.03,2.07,0.0
2020-06-11 22:10:00+00:00,0.0,0.0,20.38,2.14,0.0
2020-06-11 23:10:00+00:00,0.0,0.0,20.61,2.34,0.0
2020-06-12 00:10:00+00:00,0.0,0.0,20.48,2.28,0.0
2020-06-12 01:10:00+00:00,0.0,0.0,20.17,2.14,0.0
2020-06-12 02:10:00+00:00,0.0,0.0,19.71,2.21,0.0
2020-06-12 03:10:00+00:00,0.0,0.0,18.99,2.34,0.0
2020-06-12 04:10:00+00:00,0.0,0.0,18.24,2.21,0.0
2020-06-12 05:10:00+00:00,38.32,4.77,17.6,1.93,0.0
2020-06-12 06:10:00+00:00,209.0,15.7,18.64,2.34,0.0
2020-06-12 07:10:00+00:00,400.0,27.14,19.98,2.97,0.0
2020-06-12 08:10:00+00:00,587.0,38.85,21.38,3.72,0.0
2020-06-12 09:10:00+00:00,753.0,50.56,22.21,3.93,0.0
2020-06-12 10:10:00+00:00,872.0,61.8,23.57,3.66,0.0
2020-06-12 11:10:00+00:00,857.0,71.24,24.28,4.0,0.0
2020-06-12 12:10:00+00:00,829.0,74.7,24.48,4.21,0.0
2020-06-12 13:10:00+00:00,852.0,68.92,24.87,4.34,0.0
2020-06-12 14:10:00+00:00,850.0,58.72,25.38,4.48,0.0
2020-06-12 15:10:00+00:00,702.0,47.28,25.72,4.28,0.0
2020-06-12 16:10:00+00:00,529.0,35.53,25.5,4.14,0.0
2020-06-12 17:10:00+00:00,335.0,23.87,24.5,3.86,0.0
2020-06-12 18:10:00+00:00,156.0,12.55,23.47,3.17,0.0
2020-06-12 19:10:00+00:00,0.0,0.0,21.99,2.21,0.0
2020-06-12 20:10:00+00:00,0.0,0.0,20.6,2.0,0.0
2020-06-12 21:10:00+00:00,0.0,0.0,18.7,2.34,0.0
2020-06-12 22:10:00+00:00,0.0,0.0,19.89,2.9,0.0
2020-06-12 23:10:00+00:00,0.0,0.0,19.53,3.03,0.0
2020-06-13 00:10:00+00:00,0.0,0.0,18.9,2.97,0.0
2020-06-13 01:10:00+00:00,0.0,0.0,18.42,3.03,0.0
2020-06-13 02:10:00+00:00,0.0,0.0,17.7,3.52,0.0
2020-06-13 03:10:00+00:00,0.0,0.0,17.28,3.86,0.0
2020-06-13 04:10:00+00:00,0.0,0.0,16.75,3.38,0.0
2020-06-13 05:10:00+00:00,39.83,4.77,16.35,3.1,0.0
2020-06-13 06:10:00+00:00,218.0,15.69,17.39,3.45,0.0
2020-06-13 07:10:00+00:00,413.0,27.13,18.63,4.28,0.0
2020-06-13 08:10:00+00:00,598.0,38.84,20.34,4.69,0.0
2020-06-13 09:10:00+00:00,766.0,50.56,21.7,4.62,0.0
2020-06-13 10:10:00+00:00,895.0,61.8,23.32,3.93,0.0
2020-06-13 11:10:00+00:00,979.0,71.27,24.33,3.66,0.0
2020-06-13 12:10:00+00:00,996.0,74.76,25.11,3.38,0.0
2020-06-13 13:10:00+00:00,937.0,69.0,25.79,3.17,0.0
2020-06-13 14:10:00+00:00,874.0,58.8,26.15,2.9,0.0
2020-06-13 15:10:00+00:00,719.0,47.35,26.25,3.03,0.0
2020-06-13 16:10:00+00:00,550.0,35.6,25.9,4.0,0.0
2020-06-13 17:10:00+00:00,356.0,23.94,24.82,4.62,0.0
2020-06-13 18:10:00+00:00,165.0,12.62,23.32,4.14,0.0
2020-06-13 19:10:00+00:00,0.0,0.0,21.98,2.9,0.0
2020-06-13 20:10:00+00:00,0.0,0.0,19.66,1.72,0.0
2020-06-13 21:10:00+00:00,0.0,0.0,18.31,1.17,0.0
2020-06-13 22:10:00+00:00,0.0,0.0,17.17,0.41,0.0
2020-06-13 23:10:00+00:00,0.0,0.0,16.81,0.76,0.0
2020-06-14 00:10:00+00:00,0.0,0.0,16.98,0.9,0.0
2020-06-14 01:10:00+00:00,0.0,0.0,15.92,1.17,0.0
2020-06-14 02:10:00+00:00,0.0,0.0,15.6,1.03,0.0
2020-06-14 03:10:00+00:00,0.0,0.0,15.88,1.38,0.0
2020-06-14 04:10:00+00:00,0.0,0.0,15.77,2.28,0.0
2020-06-14 05:10:00+00:00,21.81,4.77,15.84,1.17,0.0
2020-06-14 06:10:00+00:00,165.0,15.69,17.13,1.1,0.0
2020-06-14 07:10:00+00:00,355.0,27.12,19.38,0.9,0.0
2020-06-14 08:10:00+00:00,523.0,38.83,21.71,0.55,0.0
2020-06-14 09:10:00+00:00,728.0,50.54,22.9,0.62,0.0
2020-06-14 10:10:00+00:00,866.0,61.8,24.42,2.21,0.0
2020-06-14 11:10:00+00:00,958.0,71.29,24.72,2.69,0.0
2020-06-14 12:10:00+00:00,985.0,74.82,25.05,2.69,0.0
2020-06-14 13:10:00+00:00,953.0,69.07,25.32,2.97,0.0
2020-06-14 14:10:00+00:00,865.0,58.86,25.54,3.31,0.0
2020-06-14 15:10:00+00:00,723.0,47.41,25.28,3.52,0.0
2020-06-14 16:10:00+00:00,541.0,35.67,25.05,3.93,0.0
2020-06-14 17:10:00+00:00,352.0,24.01,24.01,3.66,0.0
2020-06-14 18:10:00+00:00,163.0,12.69,22.99,3.03,0.0
2020-06-14 19:10:00+00:00,0.0,0.0,21.34,1.66,0.0
2020-06-14 20:10:00+00:00,0.0,0.0,19.4,0.28,0.0
2020-06-14 21:10:00+00:00,0.0,0.0,18.66,0.69,0.0
2020-06-14 22:10:00+00:00,0.0,0.0,17.87,1.03,0.0
2020-06-14 23:10:00+00:00,0.0,0.0,17.23,1.31,0.0
2020-06-15 00:10:00+00:00,0.0,0.0,16.97,1.59,0.0
2020-06-15 01:10:00+00:00,0.0,0.0,16.66,1.59,0.0
2020-06-15 02:10:00+00:00,0.0,0.0,16.13,1.52,0.0
2020-06-15 03:10:00+00:00,0.0,0.0,15.98,1.59,0.0
2020-06-15 04:10:00+00:00,0.0,0.0,15.82,1.66,0.0
2020-06-15 05:10:00+00:00,37.56,4.76,15.52,1.86,0.0
2020-06-15 06:10:00+00:00,210.0,15.67,18.16,2.48,0.0
2020-06-15 07:10:00+00:00,403.0,27.11,21.86,2.14,0.0
2020-06-15 08:10:00+00:00,594.0,38.81,24.4,2.34,0.0
2020-06-15 09:10:00+00:00,762.0,50.53,25.51,2.0,0.0
2020-06-15 10:10:00+00:00,887.0,61.79,26.54,0.48,0.0
2020-06-15 11:10:00+00:00,960.0,71.3,26.88,1.72,0.0
2020-06-15 12:10:00+00:00,992.0,74.87,27.11,2.41,0.0
2020-06-15 13:10:00+00:00,955.0,69.13,27.37,3.38,0.0
2020-06-15 14:10:00+00:00,862.0,58.93,27.57,4.0,0.0
2020-06-15 15:10:00+00:00,718.0,47.48,27.29,4.41,0.0
2020-06-15 16:10:00+00:00,543.0,35.73,27.07,4.83,0.0
2020-06-15 17:10:00+00:00,350.0,24.07,25.92,4.41,0.0
2020-06-15 18:10:00+00:00,162.0,12.75,24.75,3.38,0.0
2020-06-15 19:10:00+00:00,0.0,0.0,23.29,1.66,0.0
2020-06-15 20:10:00+00:00,0.0,0.0,21.07,0.97,0.0
2020-06-15 21:10:00+00:00,0.0,0.0,20.27,0.41,0.0
2020-06-15 22:10:00+00:00,0.0,0.0,19.6,1.1,0.0
2020-06-15 23:10:00+00:00,0.0,0.0,18.49,1.38,0.0
2020-06-16 00:10:00+00:00,0.0,0.0,17.77,1.24,0.0
2020-06-16 01:10:00+00:00,0.0,0.0,17.35,1.03,0.0
2020-06-16 02:10:00+00:00,0.0,0.0,17.21,0.97,0.0
2020-06-16 03:10:00+00:00,0.0,0.0,17.11,1.17,0.0
2020-06-16 04:10:00+00:00,0.0,0.0,17.38,1.1,0.0
2020-06-16 05:10:00+00:00,4.0,4.75,17.63,1.17,0.0
2020-06-16 06:10:00+00:00,85.0,15.66,18.59,1.79,0.0
2020-06-16 07:10:00+00:00,303.0,27.09,20.78,1.66,0.0
2020-06-16 08:10:00+00:00,575.0,38.79,23.32,1.79,0.0
2020-06-16 09:10:00+00:00,743.0,50.51,24.55,1.52,0.0
2020-06-16 10:10:00+00:00,865.0,61.78,25.38,0.69,0.0
2020-06-16 11:10:00+00:00,942.0,71.3,25.85,0.21,0.0
2020-06-16 12:10:00+00:00,906.0,74.91,26.42,1.31,0.0
2020-06-16 13:10:00+00:00,821.0,69.19,26.58,2.34,0.0
2020-06-16 14:10:00+00:00,818.0,58.99,26.06,3.24,0.0
2020-06-16 15:10:00+00:00,704.0,47.54,25.68,3.79,0.0
2020-06-16 16:10:00+00:00,529.0,35.79,25.41,3.45,0.0
2020-06-16 17:10:00+00:00,195.0,24.14,24.71,2.9,0.0
2020-06-16 18:10:00+00:00,135.0,12.82,24.44,2.34,0.0
2020-06-16 19:10:00+00:00,0.0,0.0,22.4,2.07,0.0
2020-06-16 20:10:00+00:00,0.0,0.0,21.17,2.34,0.0
2020-06-16 21:10:00+00:00,0.0,0.0,19.75,1.17,0.0
2020-06-16 22:10:00+00:00,0.0,0.0,19.05,1.1,0.0
2020-06-16 23:10:00+00:00,0.0,0.0,19.41,0.14,0.0
2020-06-17 00:10:00+00:00,0.0,0.0,18.9,0.34,0.0
2020-06-17 01:10:00+00:00,0.0,0.0,18.81,0.34,0.0
2020-06-17 02:10:00+00:00,0.0,0.0,17.83,1.03,0.0
2020-06-17 03:10:00+00:00,0.0,0.0,17.37,1.24,0.0
2020-06-17 04:10:00+00:00,0.0,0.0,16.98,1.1,0.0
2020-06-17 05:10:00+00:00,33.77,4.73,16.75,1.1,0.0
2020-06-17 06:10:00+00:00,194.0,15.64,18.11,1.03,0.0
2020-06-17 07:10:00+00:00,370.0,27.06,20.14,0.69,0.0
2020-06-17 08:10:00+00:00,573.0,38.77,22.23,0.69,0.0
2020-06-17 09:10:00+00:00,740.0,50.49,23.59,0.97,0.0
2020-06-17 10:10:00+00:00,852.0,61.76,24.75,2.62,0.0
2020-06-17 11:10:00+00:00,939.0,71.3,25.57,3.17,0.0
2020-06-17 12:10:00+00:00,961.0,74.95,25.67,3.31,0.0
2020-06-17 13:10:00+00:00,855.0,69.25,24.41,3.86,0.0
2020-06-17 14:10:00+00:00,758.0,59.05,23.43,3.86,0.0
2020-06-17 15:10:00+00:00,548.0,47.6,22.23,3.38,0.0
2020-06-17 16:10:00+00:00,332.0,35.85,21.78,3.66,0.0
2020-06-17 17:10:00+00:00,338.0,24.19,21.4,3.03,0.0
2020-06-17 18:10:00+00:00,148.0,12.87,21.11,2.14,0.0
2020-06-17 19:10:00+00:00,0.0,0.0,20.42,1.31,0.0
2020-06-17 20:10:00+00:00,0.0,0.0,19.44,1.31,0.0
2020-06-17 21:10:00+00:00,0.0,0.0,19.17,1.24,0.0
2020-06-17 22:10:00+00:00,0.0,0.0,19.03,1.31,0.0
2020-06-17 23:10:00+00:00,0.0,0.0,18.98,1.24,0.0
2020-06-18 00:10:00+00:00,0.0,0.0,18.76,1.52,0.0
2020-06-18 01:10:00+00:00,0.0,0.0,18.67,1.59,0.0
2020-06-18 02:10:00+00:00,0.0,0.0,18.33,1.59,0.0
2020-06-18 03:10:00+00:00,0.0,0.0,18.3,2.41,0.0
2020-06-18 04:10:00+00:00,0.0,0.0,18.15,1.24,0.0
2020-06-18 05:10:00+00:00,15.0,4.71,18.2,1.17,0.0
2020-06-18 06:10:00+00:00,200.0,15.61,18.75,0.97,0.0
2020-06-18 07:10:00+00:00,379.0,27.04,19.95,1.1,0.0
2020-06-18 08:10:00+00:00,569.0,38.74,21.5,1.93,0.0
2020-06-18 09:10:00+00:00,736.0,50.46,22.57,2.0,0.0
2020-06-18 10:10:00+00:00,866.0,61.74,23.83,2.0,0.0
2020-06-18 11:10:00+00:00,852.0,71.3,24.47,2.55,0.0
2020-06-18 12:10:00+00:00,851.0,74.98,24.47,2.69,0.0
2020-06-18 13:10:00+00:00,850.0,69.3,24.82,3.1,0.0
2020-06-18 14:10:00+00:00,831.0,59.1,24.75,3.31,0.0
2020-06-18 15:10:00+00:00,642.0,47.65,24.16,3.31,0.0
2020-06-18 16:10:00+00:00,475.0,35.91,23.51,3.38,0.0
2020-06-18 17:10:00+00:00,253.0,24.25,22.64,3.38,0.0
2020-06-18 18:10:00+00:00,122.0,12.93,21.73,3.1,0.0
2020-06-18 19:10:00+00:00,0.0,0.0,20.95,2.48,0.0
2020-06-18 20:10:00+00:00,0.0,0.0,20.16,1.38,0.0
2020-06-18 21:10:00+00:00,0.0,0.0,19.59,0.97,0.0
2020-06-18 22:10:00+00:00,0.0,0.0,19.74,0.83,0.0
2020-06-18 23:10:00+00:00,0.0,0.0,19.34,1.38,0.0
2020-06-19 00:10:00+00:00,0.0,0.0,19.38,1.72,0.0
2020-06-19 01:10:00+00:00,0.0,0.0,19.56,2.0,0.0
2020-06-19 02:10:00+00:00,0.0,0.0,19.42,1.24,0.0
2020-06-19 03:10:00+00:00,0.0,0.0,19.43,1.17,0.0
2020-06-19 04:10:00+00:00,0.0,0.0,19.27,1.1,0.0
2020-06-19 05:10:00+00:00,34.35,4.69,19.01,0.97,0.0
2020-06-19 06:10:00+00:00,27.0,15.59,19.09,1.03,0.0
2020-06-19 07:10:00+00:00,48.0,27.01,19.71,1.52,0.0
2020-06-19 08:10:00+00:00,488.0,38.71,21.16,1.72,0.0
2020-06-19 09:10:00+00:00,730.0,50.43,22.06,1.59,0.0
2020-06-19 10:10:00+00:00,842.0,61.71,23.43,1.79,0.0
2020-06-19 11:10:00+00:00,933.0,71.29,23.92,2.76,0.0
2020-06-19 12:10:00+00:00,966.0,75.0,24.54,3.03,0.0
2020-06-19 13:10:00+00:00,930.0,69.35,25.04,3.24,0.0
2020-06-19 14:10:00+00:00,849.0,59.15,24.59,3.38,0.0
2020-06-19 15:10:00+00:00,703.0,47.7,24.19,3.45,0.0
2020-06-19 16:10:00+00:00,529.0,35.96,23.8,3.45,0.0
2020-06-19 17:10:00+00:00,342.0,24.3,22.9,3.24,0.0
2020-06-19 18:10:00+00:00,157.0,12.98,22.48,2.97,0.0
2020-06-19 19:10:00+00:00,0.0,0.0,21.46,2.41,0.0
2020-06-19 20:10:00+00:00,0.0,0.0,20.48,1.52,0.0
2020-06-19 21:10:00+00:00,0.0,0.0,20.2,1.24,0.0
2020-06-19 22:10:00+00:00,0.0,0.0,19.38,1.17,0.0
2020-06-19 23:10:00+00:00,0.0,0.0,18.57,0.9,0.0
2020-06-20 00:10:00+00:00,0.0,0.0,18.0,0.76,0.0
2020-06-20 01:10:00+00:00,0.0,0.0,17.61,0.76,0.0
2020-06-20 02:10:00+00:00,0.0,0.0,16.91,0.83,0.0
2020-06-20 03:10:00+00:00,0.0,0.0,16.63,1.1,0.0
2020-06-20 04:10:00+00:00,0.0,0.0,16.27,1.17,0.0
2020-06-20 05:10:00+00:00,34.34,4.66,16.05,0.97,0.0
2020-06-20 06:10:00+00:00,198.0,15.55,17.68,0.62,0.0
2020-06-20 07:10:00+00:00,388.0,26.97,20.3,0.97,0.0
2020-06-20 08:10:00+00:00,571.0,38.67,22.48,1.38,0.0
2020-06-20 09:10:00+00:00,734.0,50.4,24.08,1.86,0.0
2020-06-20 10:10:00+00:00,869.0,61.68,25.69,1.93,0.0
2020-06-20 11:10:00+00:00,952.0,71.27,26.46,2.76,0.0
2020-06-20 12:10:00+00:00,964.0,75.02,26.94,3.45,0.0
2020-06-20 13:10:00+00:00,939.0,69.39,27.34,3.86,0.0
2020-06-20 14:10:00+00:00,849.0,59.2,27.58,4.07,0.0
2020-06-20 15:10:00+00:00,711.0,47.75,27.26,3.52,0.0
2020-06-20 16:10:00+00:00,539.0,36.01,26.84,3.45,0.0
2020-06-20 17:10:00+00:00,351.0,24.35,26.14,3.17,0.0
2020-06-20 18:10:00+00:00,163.0,13.02,24.92,2.28,0.0
2020-06-20 19:10:00+00:00,0.0,0.0,24.01,1.24,0.0
2020-06-20 20:10:00+00:00,0.0,0.0,21.78,0.62,0.0
2020-06-20 21:10:00+00:00,0.0,0.0,21.0,1.03,0.0
2020-06-20 22:10:00+00:00,0.0,0.0,20.22,1.03,0.0
2020-06-20 23:10:00+00:00,0.0,0.0,19.56,1.03,0.0
2020-06-21 00:10:00+00:00,0.0,0.0,18.99,0.9,0.0
2020-06-21 01:10:00+00:00,0.0,0.0,18.28,1.03,0.0
2020-06-21 02:10:00+00:00,0.0,0.0,18.08,1.38,0.0
2020-06-21 03:10:00+00:00,0.0,0.0,17.8,1.59,0.0
2020-06-21 04:10:00+00:00,0.0,0.0,17.39,1.38,0.0
2020-06-21 05:10:00+00:00,35.21,4.63,17.27,1.24,0.0
2020-06-21 06:10:00+00:00,200.0,15.52,19.14,1.1,0.0
2020-06-21 07:10:00+00:00,391.0,26.93,22.3,0.83,0.0
2020-06-21 08:10:00+00:00,560.0,38.64,24.37,0.83,0.0
2020-06-21 09:10:00+00:00,737.0,50.36,25.72,1.24,0.0
2020-06-21 10:10:00+00:00,868.0,61.65,27.34,1.72,0.0
2020-06-21 11:10:00+00:00,946.0,71.25,28.06,2.28,0.0
2020-06-21 12:10:00+00:00,974.0,75.03,28.48,2.69,0.0
2020-06-21 13:10:00+00:00,939.0,69.42,28.64,2.76,0.0
2020-06-21 14:10:00+00:00,853.0,59.24,28.6,3.03,0.0
2020-06-21 15:10:00+00:00,711.0,47.79,28.3,3.1,0.0
2020-06-21 16:10:00+00:00,539.0,36.05,27.93,2.9,0.0
2020-06-21 17:10:00+00:00,351.0,24.39,27.19,2.41,0.0
2020-06-21 18:10:00+00:00,162.0,13.07,26.4,1.79,0.0
2020-06-21 19:10:00+00:00,7.0,2.33,25.2,0.69,0.0
2020-06-21 20:10:00+00:00,0.0,0.0,23.82,0.48,0.0
2020-06-21 21:10:00+00:00,0.0,0.0,22.84,0.41,0.0
2020-06-21 22:10:00+00:00,0.0,0.0,20.81,1.66,0.0
2020-06-21 23:10:00+00:00,0.0,0.0,20.24,1.31,0.0
2020-06-22 00:10:00+00:00,0.0,0.0,19.63,1.03,0.0
2020-06-22 01:10:00+00:00,0.0,0.0,19.06,1.03,0.0
2020-06-22 02:10:00+00:00,0.0,0.0,18.68,1.38,0.0
2020-06-22 03:10:00+00:00,0.0,0.0,18.4,1.52,0.0
2020-06-22 04:10:00+00:00,0.0,0.0,18.18,1.66,0.0
2020-06-22 05:10:00+00:00,34.29,4.59,18.27,1.59,0.0
2020-06-22 06:10:00+00:00,191.0,15.48,20.5,1.31,0.0
2020-06-22 07:10:00+00:00,387.0,26.89,22.71,1.1,0.0
2020-06-22 08:10:00+00:00,564.0,38.59,24.95,1.72,0.0
2020-06-22 09:10:00+00:00,739.0,50.32,25.84,2.48,0.0
2020-06-22 10:10:00+00:00,866.0,61.61,26.72,2.48,0.0
2020-06-22 11:10:00+00:00,950.0,71.22,27.44,3.38,0.0
2020-06-22 12:10:00+00:00,957.0,75.03,27.64,3.86,0.0
2020-06-22 13:10:00+00:00,943.0,69.45,27.95,4.21,0.0
2020-06-22 14:10:00+00:00,843.0,59.28,27.79,4.34,0.0
2020-06-22 15:10:00+00:00,707.0,47.84,27.32,4.14,0.0
2020-06-22 16:10:00+00:00,539.0,36.09,26.61,3.66,0.0
2020-06-22 17:10:00+00:00,351.0,24.43,25.64,3.1,0.0
2020-06-22 18:10:00+00:00,165.0,13.1,24.59,2.62,0.0
2020-06-22 19:10:00+00:00,7.0,2.36,23.26,1.93,0.0
2020-06-22 20:10:00+00:00,0.0,0.0,21.7,0.83,0.0
2020-06-22 21:10:00+00:00,0.0,0.0,20.67,0.48,0.0
2020-06-22 22:10:00+00:00,0.0,0.0,20.35,0.69,0.0
2020-06-22 23:10:00+00:00,0.0,0.0,20.23,0.97,0.0
2020-06-23 00:10:00+00:00,0.0,0.0,19.82,0.62,0.0
2020-06-23 01:10:00+00:00,0.0,0.0,19.4,0.62,0.0
2020-06-23 02:10:00+00:00,0.0,0.0,18.89,0.62,0.0
2020-06-23 03:10:00+00:00,0.0,0.0,18.45,0.76,0.0
2020-06-23 04:10:00+00:00,0.0,0.0,18.13,0.76,0.0
2020-06-23 05:10:00+00:00,34.13,4.54,17.93,0.83,0.0
2020-06-23 06:10:00+00:00,200.0,15.43,19.9,0.62,0.0
2020-06-23 07:10:00+00:00,390.0,26.85,22.24,1.24,0.0
2020-06-23 08:10:00+00:00,578.0,38.55,24.18,2.0,0.0
2020-06-23 09:10:00+00:00,748.0,50.27,25.09,2.48,0.0
2020-06-23 10:10:00+00:00,872.0,61.57,26.24,2.76,0.0
2020-06-23 11:10:00+00:00,946.0,71.18,26.71,3.45,0.0
2020-06-23 12:10:00+00:00,969.0,75.03,26.85,3.79,0.0
2020-06-23 13:10:00+00:00,940.0,69.47,26.96,3.93,0.0
2020-06-23 14:10:00+00:00,854.0,59.31,27.16,3.86,0.0
2020-06-23 15:10:00+00:00,717.0,47.87,27.08,3.79,0.0
2020-06-23 16:10:00+00:00,538.0,36.13,26.66,3.52,0.0
2020-06-23 17:10:00+00:00,353.0,24.47,25.98,2.97,0.0
2020-06-23 18:10:00+00:00,164.0,13.14,25.22,2.48,0.0
2020-06-23 19:10:00+00:00,7.0,2.39,23.87,2.55,0.0
2020-06-23 20:10:00+00:00,0.0,0.0,22.08,2.69,0.0
2020-06-23 21:10:00+00:00,0.0,0.0,21.06,0.97,0.0
2020-06-23 22:10:00+00:00,0.0,0.0,21.44,0.62,0.0
2020-06-23 23:10:00+00:00,0.0,0.0,19.99,1.03,0.0
2020-06-24 00:10:00+00:00,0.0,0.0,19.4,0.48,0.0
2020-06-24 01:10:00+00:00,0.0,0.0,20.13,0.9,0.0
2020-06-24 02:10:00+00:00,0.0,0.0,19.75,1.66,0.0
2020-06-24 03:10:00+00:00,0.0,0.0,17.84,1.59,0.0
2020-06-24 04:10:00+00:00,0.0,0.0,17.98,2.0,0.0
2020-06-24 05:10:00+00:00,27.07,4.5,18.29,2.28,0.0
2020-06-24 06:10:00+00:00,188.0,15.38,19.94,2.55,0.0
2020-06-24 07:10:00+00:00,375.0,26.8,22.33,1.79,0.0
2020-06-24 08:10:00+00:00,553.0,38.5,24.66,1.24,0.0
2020-06-24 09:10:00+00:00,654.0,50.22,26.12,2.07,0.0
2020-06-24 10:10:00+00:00,388.0,61.52,26.04,1.66,0.0
2020-06-24 11:10:00+00:00,620.0,71.14,26.58,2.41,0.0
2020-06-24 12:10:00+00:00,102.0,75.02,26.74,3.59,0.0
2020-06-24 13:10:00+00:00,167.0,69.49,26.54,4.41,0.0
2020-06-24 14:10:00+00:00,830.0,59.34,27.15,3.93,0.0
2020-06-24 15:10:00+00:00,696.0,47.9,27.68,3.52,0.0
2020-06-24 16:10:00+00:00,522.0,36.16,27.78,3.38,0.0
2020-06-24 17:10:00+00:00,338.0,24.5,27.12,2.97,0.0
2020-06-24 18:10:00+00:00,152.0,13.17,25.88,2.62,0.0
2020-06-24 19:10:00+00:00,7.0,2.42,24.67,2.07,0.0
2020-06-24 20:10:00+00:00,0.0,0.0,22.77,1.66,0.0
2020-06-24 21:10:00+00:00,0.0,0.0,21.93,1.86,0.0
2020-06-24 22:10:00+00:00,0.0,0.0,21.07,1.59,0.0
2020-06-24 23:10:00+00:00,0.0,0.0,20.5,3.45,0.0
2020-06-25 00:10:00+00:00,0.0,0.0,20.18,1.66,0.0
2020-06-25 01:10:00+00:00,0.0,0.0,20.09,2.55,0.0
2020-06-25 02:10:00+00:00,0.0,0.0,19.77,2.69,0.0
2020-06-25 03:10:00+00:00,0.0,0.0,19.15,2.34,0.0
2020-06-25 04:10:00+00:00,0.0,0.0,18.7,2.07,0.0
2020-06-25 05:10:00+00:00,31.05,4.45,18.61,2.41,0.0
2020-06-25 06:10:00+00:00,188.0,15.33,19.84,2.97,0.0
2020-06-25 07:10:00+00:00,379.0,26.74,22.65,2.34,0.0
2020-06-25 08:10:00+00:00,565.0,38.45,25.92,2.0,0.0
2020-06-25 09:10:00+00:00,736.0,50.17,27.54,2.62,0.0
2020-06-25 10:10:00+00:00,864.0,61.47,28.8,2.69,0.0
2020-06-25 11:10:00+00:00,937.0,71.1,29.29,3.72,0.0
2020-06-25 12:10:00+00:00,966.0,75.0,29.73,4.34,0.0
2020-06-25 13:10:00+00:00,932.0,69.51,29.9,4.62,0.0
2020-06-25 14:10:00+00:00,848.0,59.37,30.1,4.48,0.0
2020-06-25 15:10:00+00:00,704.0,47.93,29.98,4.07,0.0
2020-06-25 16:10:00+00:00,531.0,36.19,29.44,3.93,0.0
2020-06-25 17:10:00+00:00,345.0,24.53,28.66,3.79,0.0
2020-06-25 18:10:00+00:00,159.0,13.19,27.3,3.1,0.0
2020-06-25 19:10:00+00:00,6.0,2.44,25.71,2.14,0.0
2020-06-25 20:10:00+00:00,0.0,0.0,23.33,1.52,0.0
2020-06-25 21:10:00+00:00,0.0,0.0,22.19,2.0,0.0
2020-06-25 22:10:00+00:00,0.0,0.0,21.25,2.0,0.0
2020-06-25 23:10:00+00:00,0.0,0.0,20.33,1.93,0.0
2020-06-26 00:10:00+00:00,0.0,0.0,19.83,1.93,0.0
2020-06-26 01:10:00+00:00,0.0,0.0,19.26,1.66,0.0
2020-06-26 02:10:00+00:00,0.0,0.0,18.9,1.72,0.0
2020-06-26 03:10:00+00:00,0.0,0.0,18.66,1.72,0.0
2020-06-26 04:10:00+00:00,0.0,0.0,18.24,1.66,0.0
2020-06-26 05:10:00+00:00,30.86,4.39,18.01,1.52,0.0
2020-06-26 06:10:00+00:00,193.0,15.27,20.06,1.86,0.0
2020-06-26 07:10:00+00:00,384.0,26.69,22.47,1.59,0.0
2020-06-26 08:10:00+00:00,577.0,38.39,24.88,1.59,0.0
2020-06-26 09:10:00+00:00,748.0,50.11,26.48,1.93,0.0
2020-06-26 10:10:00+00:00,872.0,61.41,28.23,2.69,0.0
2020-06-26 11:10:00+00:00,952.0,71.05,28.82,3.17,0.0
2020-06-26 12:10:00+00:00,976.0,74.97,29.19,3.31,0.0
2020-06-26 13:10:00+00:00,947.0,69.51,29.61,3.66,0.0
2020-06-26 14:10:00+00:00,857.0,59.39,29.66,3.86,0.0
2020-06-26 15:10:00+00:00,716.0,47.96,28.86,3.59,0.0
2020-06-26 16:10:00+00:00,544.0,36.21,28.04,2.97,0.0
2020-06-26 17:10:00+00:00,354.0,24.55,27.09,2.34,0.0
2020-06-26 18:10:00+00:00,164.0,13.21,25.84,2.69,0.0
2020-06-26 19:10:00+00:00,15.15,2.46,24.67,1.93,0.0
2020-06-26 20:10:00+00:00,0.0,0.0,23.37,1.93,0.0
2020-06-26 21:10:00+00:00,0.0,0.0,22.55,0.9,0.0
2020-06-26 22:10:00+00:00,0.0,0.0,21.56,0.48,0.0
2020-06-26 23:10:00+00:00,0.0,0.0,20.83,0.83,0.0
2020-06-27 00:10:00+00:00,0.0,0.0,20.29,0.97,0.0
2020-06-27 01:10:00+00:00,0.0,0.0,20.18,1.1,0.0
2020-06-27 02:10:00+00:00,0.0,0.0,19.43,1.03,0.0
2020-06-27 03:10:00+00:00,0.0,0.0,19.64,0.83,0.0
2020-06-27 04:10:00+00:00,0.0,0.0,19.12,0.69,0.0
2020-06-27 05:10:00+00:00,23.37,4.33,18.68,0.9,0.0
2020-06-27 06:10:00+00:00,164.0,15.22,20.4,1.03,0.0
2020-06-27 07:10:00+00:00,360.0,26.63,23.12,0.62,0.0
2020-06-27 08:10:00+00:00,557.0,38.33,25.92,0.21,0.0
2020-06-27 09:10:00+00:00,707.0,50.05,28.13,0.34,0.0
2020-06-27 10:10:00+00:00,859.0,61.35,28.99,0.34,0.0
2020-06-27 11:10:00+00:00,939.0,70.99,29.74,1.03,0.0
2020-06-27 12:10:00+00:00,936.0,74.94,30.0,2.14,0.0
2020-06-27 13:10:00+00:00,888.0,69.52,30.63,3.17,0.0
2020-06-27 14:10:00+00:00,740.0,59.41,30.31,4.07,0.0
2020-06-27 15:10:00+00:00,412.0,47.98,29.55,4.34,0.0
2020-06-27 16:10:00+00:00,443.0,36.24,28.88,4.21,0.0
2020-06-27 17:10:00+00:00,349.0,24.57,27.55,3.38,0.0
2020-06-27 18:10:00+00:00,163.0,13.23,26.31,2.55,0.0
2020-06-27 19:10:00+00:00,11.65,2.47,25.48,1.72,0.0
2020-06-27 20:10:00+00:00,0.0,0.0,24.1,0.9,0.0
2020-06-27 21:10:00+00:00,0.0,0.0,23.22,0.48,0.0
2020-06-27 22:10:00+00:00,0.0,0.0,22.13,1.03,0.0
2020-06-27 23:10:00+00:00,0.0,0.0,22.07,1.03,0.0
2020-06-28 00:10:00+00:00,0.0,0.0,21.3,1.17,0.0
2020-06-28 01:10:00+00:00,0.0,0.0,20.55,1.1,0.0
2020-06-28 02:10:00+00:00,0.0,0.0,19.88,0.83,0.0
2020-06-28 03:10:00+00:00,0.0,0.0,19.38,1.17,0.0
2020-06-28 04:10:00+00:00,0.0,0.0,19.08,1.59,0.0
2020-06-28 05:10:00+00:00,27.6,4.27,19.01,0.34,0.0
2020-06-28 06:10:00+00:00,136.0,15.15,20.55,0.83,0.0
2020-06-28 07:10:00+00:00,328.0,26.57,22.56,0.9,0.0
2020-06-28 08:10:00+00:00,525.0,38.27,24.97,1.24,0.0
2020-06-28 09:10:00+00:00,706.0,49.99,26.71,2.0,0.0
2020-06-28 10:10:00+00:00,848.0,61.29,27.81,2.28,0.0
2020-06-28 11:10:00+00:00,932.0,70.93,28.58,2.9,0.0
2020-06-28 12:10:00+00:00,961.0,74.9,29.18,3.38,0.0
2020-06-28 13:10:00+00:00,933.0,69.51,29.59,3.52,0.0
2020-06-28 14:10:00+00:00,844.0,59.42,29.95,3.52,0.0
2020-06-28 15:10:00+00:00,708.0,48.0,29.65,3.45,0.0
2020-06-28 16:10:00+00:00,538.0,36.25,29.36,3.31,0.0
2020-06-28 17:10:00+00:00,349.0,24.58,28.33,3.03,0.0
2020-06-28 18:10:00+00:00,164.0,13.24,27.08,2.55,0.0
2020-06-28 19:10:00+00:00,13.58,2.48,25.56,1.79,0.0
2020-06-28 20:10:00+00:00,0.0,0.0,24.1,1.17,0.0
2020-06-28 21:10:00+00:00,0.0,0.0,23.11,0.83,0.0
2020-06-28 22:10:00+00:00,0.0,0.0,22.69,0.83,0.0
2020-06-28 23:10:00+00:00,0.0,0.0,22.09,1.03,0.0
2020-06-29 00:10:00+00:00,0.0,0.0,21.41,0.83,0.0
2020-06-29 01:10:00+00:00,0.0,0.0,20.74,0.76,0.0
2020-06-29 02:10:00+00:00,0.0,0.0,19.95,0.76,0.0
2020-06-29 03:10:00+00:00,0.0,0.0,19.46,0.76,0.0
2020-06-29 04:10:00+00:00,0.0,0.0,19.24,0.76,0.0
2020-06-29 05:10:00+00:00,23.35,4.2,19.63,0.69,0.0
2020-06-29 06:10:00+00:00,188.0,15.09,21.05,0.55,0.0
2020-06-29 07:10:00+00:00,368.0,26.5,23.32,0.69,0.0
2020-06-29 08:10:00+00:00,524.0,38.2,25.47,1.31,0.0
2020-06-29 09:10:00+00:00,717.0,49.93,27.04,2.14,0.0
2020-06-29 10:10:00+00:00,778.0,61.22,28.9,2.62,0.0
2020-06-29 11:10:00+00:00,901.0,70.86,29.09,3.59,0.0
2020-06-29 12:10:00+00:00,955.0,74.85,29.63,4.0,0.0
2020-06-29 13:10:00+00:00,932.0,69.5,29.73,3.72,0.0
2020-06-29 14:10:00+00:00,844.0,59.42,30.35,3.38,0.0
2020-06-29 15:10:00+00:00,713.0,48.01,30.51,3.24,0.0
2020-06-29 16:10:00+00:00,541.0,36.27,30.17,2.76,0.0
2020-06-29 17:10:00+00:00,352.0,24.6,29.71,2.55,0.0
2020-06-29 18:10:00+00:00,165.0,13.25,28.66,2.28,0.0
2020-06-29 19:10:00+00:00,13.42,2.48,26.84,1.59,0.0
2020-06-29 20:10:00+00:00,0.0,0.0,25.02,0.97,0.0
2020-06-29 21:10:00+00:00,0.0,0.0,23.82,0.97,0.0
2020-06-29 22:10:00+00:00,0.0,0.0,23.86,0.48,0.0
2020-06-29 23:10:00+00:00,0.0,0.0,23.59,1.1,0.0
2020-06-30 00:10:00+00:00,0.0,0.0,21.98,1.52,0.0
2020-06-30 01:10:00+00:00,0.0,0.0,21.33,1.38,0.0
2020-06-30 02:10:00+00:00,0.0,0.0,21.1,1.79,0.0
2020-06-30 03:10:00+00:00,0.0,0.0,20.69,2.07,0.0
2020-06-30 04:10:00+00:00,0.0,0.0,20.46,1.93,0.0
2020-06-30 05:10:00+00:00,22.37,4.13,20.27,2.07,0.0
2020-06-30 06:10:00+00:00,166.0,15.02,21.18,2.41,0.0
2020-06-30 07:10:00+00:00,360.0,26.43,23.21,2.41,0.0
2020-06-30 08:10:00+00:00,547.0,38.14,25.84,2.41,0.0
2020-06-30 09:10:00+00:00,707.0,49.86,27.75,2.76,0.0
2020-06-30 10:10:00+00:00,826.0,61.15,29.49,3.17,0.0
2020-06-30 11:10:00+00:00,899.0,70.79,30.19,3.66,0.0
2020-06-30 12:10:00+00:00,917.0,74.8,30.69,4.14,0.0
2020-06-30 13:10:00+00:00,885.0,69.49,30.85,3.72,0.0
2020-06-30 14:10:00+00:00,783.0,59.43,30.86,3.93,0.0
2020-06-30 15:10:00+00:00,589.0,48.02,30.46,3.93,0.0
2020-06-30 16:10:00+00:00,366.0,36.28,29.97,3.31,0.0
2020-06-30 17:10:00+00:00,319.0,24.6,29.21,3.17,0.0
2020-06-30 18:10:00+00:00,142.0,13.25,28.15,2.97,0.0
2020-06-30 19:10:00+00:00,11.65,2.48,26.5,2.48,0.0
2020-06-30 20:10:00+00:00,0.0,0.0,24.95,1.66,0.0
2020-06-30 21:10:00+00:00,0.0,0.0,24.13,0.69,0.0
2020-06-30 22:10:00+00:00,0.0,0.0,23.66,0.55,0.0
2020-06-30 23:10:00+00:00,0.0,0.0,22.51,1.17,0.0
2020-07-01 00:10:00+00:00,0.0,0.0,21.65,1.52,0.0
2020-07-01 01:10:00+00:00,0.0,0.0,21.42,1.38,0.0
2020-07-01 02:10:00+00:00,0.0,0.0,20.82,1.31,0.0
2020-07-01 03:10:00+00:00,0.0,0.0,20.26,1.31,0.0
2020-07-01 04:10:00+00:00,0.0,0.0,20.01,1.1,0.0
2020-07-01 05:10:00+00:00,28.12,4.06,20.0,1.1,0.0
2020-07-01 06:10:00+00:00,191.0,14.94,21.78,1.38,0.0
2020-07-01 07:10:00+00:00,387.0,26.36,24.45,1.38,0.0
2020-07-01 08:10:00+00:00,579.0,38.06,27.73,2.07,0.0
2020-07-01 09:10:00+00:00,756.0,49.79,29.92,2.48,0.0
2020-07-01 10:10:00+00:00,874.0,61.08,31.47,2.0,0.0
2020-07-01 11:10:00+00:00,955.0,70.71,32.62,2.62,0.0
2020-07-01 12:10:00+00:00,980.0,74.74,33.23,3.31,0.0
2020-07-01 13:10:00+00:00,931.0,69.46,33.65,4.0,0.0
2020-07-01 14:10:00+00:00,843.0,59.42,33.81,4.34,0.0
2020-07-01 15:10:00+00:00,721.0,48.02,33.34,4.48,0.0
2020-07-01 16:10:00+00:00,543.0,36.28,32.61,4.28,0.0
2020-07-01 17:10:00+00:00,352.0,24.61,31.65,4.0,0.0
2020-07-01 18:10:00+00:00,165.0,13.25,30.64,3.31,0.0
2020-07-01 19:10:00+00:00,14.37,2.47,29.08,2.21,0.0
2020-07-01 20:10:00+00:00,0.0,0.0,26.99,0.9,0.0
2020-07-01 21:10:00+00:00,0.0,0.0,25.76,0.55,0.0
2020-07-01 22:10:00+00:00,0.0,0.0,23.95,0.28,0.0
2020-07-01 23:10:00+00:00,0.0,0.0,23.52,1.24,0.0
2020-07-02 00:10:00+00:00,0.0,0.0,23.44,1.52,0.0
2020-07-02 01:10:00+00:00,0.0,0.0,23.57,1.59,0.0
2020-07-02 02:10:00+00:00,0.0,0.0,23.18,1.72,0.0
2020-07-02 03:10:00+00:00,0.0,0.0,23.25,1.86,0.0
2020-07-02 04:10:00+00:00,0.0,0.0,22.78,1.93,0.0
2020-07-02 05:10:00+00:00,23.13,3.98,22.15,2.07,0.0
2020-07-02 06:10:00+00:00,145.0,14.87,23.12,2.28,0.0
2020-07-02 07:10:00+00:00,353.0,26.29,25.27,1.93,0.0
2020-07-02 08:10:00+00:00,549.0,37.99,27.67,1.17,0.0
2020-07-02 09:10:00+00:00,718.0,49.71,29.08,0.62,0.0
2020-07-02 10:10:00+00:00,848.0,61.0,30.64,0.62,0.0
2020-07-02 11:10:00+00:00,933.0,70.63,31.8,1.24,0.0
2020-07-02 12:10:00+00:00,957.0,74.67,32.54,2.07,0.0
2020-07-02 13:10:00+00:00,925.0,69.44,33.04,3.17,0.0
2020-07-02 14:10:00+00:00,843.0,59.42,32.29,4.21,0.0
2020-07-02 15:10:00+00:00,701.0,48.02,31.35,4.55,0.0
2020-07-02 16:10:00+00:00,524.0,36.28,30.4,4.0,0.0
2020-07-02 17:10:00+00:00,336.0,24.6,29.01,3.31,0.0
2020-07-02 18:10:00+00:00,155.0,13.25,27.76,2.55,0.0
2020-07-02 19:10:00+00:00,11.81,2.46,26.7,1.66,0.0
2020-07-02 20:10:00+00:00,0.0,0.0,25.09,0.9,0.0
2020-07-02 21:10:00+00:00,0.0,0.0,24.64,0.9,0.0
2020-07-02 22:10:00+00:00,0.0,0.0,23.8,2.14,0.0
2020-07-02 23:10:00+00:00,0.0,0.0,23.43,2.28,0.0
2020-07-03 00:10:00+00:00,0.0,0.0,23.0,1.86,0.0
2020-07-03 01:10:00+00:00,0.0,0.0,22.69,2.0,0.0
2020-07-03 02:10:00+00:00,0.0,0.0,22.4,2.21,0.0
2020-07-03 03:10:00+00:00,0.0,0.0,22.4,2.55,0.0
2020-07-03 04:10:00+00:00,0.0,0.0,21.77,2.69,0.0
2020-07-03 05:10:00+00:00,20.58,3.9,21.47,2.62,0.0
2020-07-03 06:10:00+00:00,179.0,14.79,22.18,3.17,0.0
2020-07-03 07:10:00+00:00,355.0,26.21,23.71,3.59,0.0
2020-07-03 08:10:00+00:00,557.0,37.92,25.32,3.72,0.0
2020-07-03 09:10:00+00:00,729.0,49.63,26.2,3.72,0.0
2020-07-03 10:10:00+00:00,840.0,60.92,27.02,2.62,0.0
2020-07-03 11:10:00+00:00,909.0,70.54,27.1,2.76,0.0
2020-07-03 12:10:00+00:00,944.0,74.6,27.18,2.69,0.0
2020-07-03 13:10:00+00:00,882.0,69.4,27.01,2.76,0.0
2020-07-03 14:10:00+00:00,661.0,59.4,26.73,3.24,0.0
2020-07-03 15:10:00+00:00,674.0,48.01,25.23,3.59,0.0
2020-07-03 16:10:00+00:00,387.0,36.28,25.46,3.86,0.0
2020-07-03 17:10:00+00:00,325.0,24.6,24.73,3.66,0.0
2020-07-03 18:10:00+00:00,129.0,13.23,24.31,3.17,0.0
2020-07-03 19:10:00+00:00,11.64,2.44,23.52,2.55,0.0
2020-07-03 20:10:00+00:00,0.0,0.0,22.39,1.79,0.0
2020-07-03 21:10:00+00:00,0.0,0.0,22.0,1.59,0.0
2020-07-03 22:10:00+00:00,0.0,0.0,21.56,1.24,0.0
2020-07-03 23:10:00+00:00,0.0,0.0,21.37,1.24,0.0
2020-07-04 00:10:00+00:00,0.0,0.0,21.2,1.03,0.0
2020-07-04 01:10:00+00:00,0.0,0.0,20.9,0.9,0.0
2020-07-04 02:10:00+00:00,0.0,0.0,20.69,0.83,0.0
2020-07-04 03:10:00+00:00,0.0,0.0,20.59,0.76,0.0
2020-07-04 04:10:00+00:00,0.0,0.0,20.34,0.34,0.0
2020-07-04 05:10:00+00:00,18.61,3.81,20.09,0.14,0.0
2020-07-04 06:10:00+00:00,125.0,14.71,21.02,0.14,0.0
2020-07-04 07:10:00+00:00,215.0,26.13,22.99,0.41,0.0
2020-07-04 08:10:00+00:00,306.0,37.84,24.78,1.03,0.0
2020-07-04 09:10:00+00:00,638.0,49.55,25.69,1.59,0.0
2020-07-04 10:10:00+00:00,839.0,60.84,27.29,1.72,0.0
2020-07-04 11:10:00+00:00,944.0,70.45,28.23,2.76,0.0
2020-07-04 12:10:00+00:00,974.0,74.52,28.75,3.52,0.0
2020-07-04 13:10:00+00:00,941.0,69.36,28.98,3.66,0.0
2020-07-04 14:10:00+00:00,853.0,59.39,29.01,3.66,0.0
2020-07-04 15:10:00+00:00,717.0,48.0,28.57,3.72,0.0
2020-07-04 16:10:00+00:00,546.0,36.27,27.44,3.86,0.0
2020-07-04 17:10:00+00:00,355.0,24.59,26.39,3.59,0.0
2020-07-04 18:10:00+00:00,165.0,13.22,25.55,3.03,0.0
2020-07-04 19:10:00+00:00,13.41,2.41,24.48,2.21,0.0
2020-07-04 20:10:00+00:00,0.0,0.0,23.16,1.31,0.0
2020-07-04 21:10:00+00:00,0.0,0.0,22.5,0.76,0.0
2020-07-04 22:10:00+00:00,0.0,0.0,22.13,0.76,0.0
2020-07-04 23:10:00+00:00,0.0,0.0,22.08,0.83,0.0
2020-07-05 00:10:00+00:00,0.0,0.0,21.24,0.97,0.0
2020-07-05 01:10:00+00:00,0.0,0.0,20.84,1.31,0.0
2020-07-05 02:10:00+00:00,0.0,0.0,20.17,1.38,0.0
2020-07-05 03:10:00+00:00,0.0,0.0,19.76,1.31,0.0
2020-07-05 04:10:00+00:00,0.0,0.0,19.46,1.24,0.0
2020-07-05 05:10:00+00:00,23.83,3.72,19.83,0.83,0.0
2020-07-05 06:10:00+00:00,188.0,14.62,20.96,0.41,0.0
2020-07-05 07:10:00+00:00,380.0,26.05,22.83,0.55,0.0
2020-07-05 08:10:00+00:00,569.0,37.75,25.04,1.03,0.0
2020-07-05 09:10:00+00:00,741.0,49.47,26.53,1.79,0.0
2020-07-05 10:10:00+00:00,868.0,60.75,28.32,2.07,0.0
2020-07-05 11:10:00+00:00,945.0,70.35,28.98,3.17,0.0
2020-07-05 12:10:00+00:00,970.0,74.43,29.41,3.59,0.0
2020-07-05 13:10:00+00:00,943.0,69.32,29.54,3.79,0.0
2020-07-05 14:10:00+00:00,855.0,59.36,29.49,3.79,0.0
2020-07-05 15:10:00+00:00,715.0,47.99,29.25,3.59,0.0
2020-07-05 16:10:00+00:00,541.0,36.26,28.8,3.38,0.0
2020-07-05 17:10:00+00:00,356.0,24.57,27.9,2.97,0.0
2020-07-05 18:10:00+00:00,168.0,13.2,26.73,2.41,0.0
2020-07-05 19:10:00+00:00,14.2,2.39,25.39,1.59,0.0
2020-07-05 20:10:00+00:00,0.0,0.0,23.85,1.1,0.0
2020-07-05 21:10:00+00:00,0.0,0.0,23.07,0.55,0.0
2020-07-05 22:10:00+00:00,0.0,0.0,22.44,0.55,0.0
2020-07-05 23:10:00+00:00,0.0,0.0,21.62,0.97,0.0
2020-07-06 00:10:00+00:00,0.0,0.0,20.93,1.03,0.0
2020-07-06 01:10:00+00:00,0.0,0.0,20.28,1.38,0.0
2020-07-06 02:10:00+00:00,0.0,0.0,19.81,1.31,0.0
2020-07-06 03:10:00+00:00,0.0,0.0,19.43,1.1,0.0
2020-07-06 04:10:00+00:00,0.0,0.0,18.94,1.03,0.0
2020-07-06 05:10:00+00:00,22.09,3.63,18.82,1.03,0.0
2020-07-06 06:10:00+00:00,180.0,14.53,20.92,0.83,0.0
2020-07-06 07:10:00+00:00,368.0,25.96,24.4,0.34,0.0
2020-07-06 08:10:00+00:00,560.0,37.67,27.21,1.03,0.0
2020-07-06 09:10:00+00:00,730.0,49.39,28.71,1.79,0.0
2020-07-06 10:10:00+00:00,856.0,60.66,30.21,1.24,0.0
2020-07-06 11:10:00+00:00,927.0,70.25,30.87,2.48,0.0
2020-07-06 12:10:00+00:00,963.0,74.34,31.23,3.52,0.0
2020-07-06 13:10:00+00:00,926.0,69.26,31.57,3.93,0.0
2020-07-06 14:10:00+00:00,844.0,59.34,31.57,4.0,0.0
2020-07-06 15:10:00+00:00,709.0,47.97,31.02,4.0,0.0
2020-07-06 16:10:00+00:00,536.0,36.24,30.19,3.59,0.0
2020-07-06 17:10:00+00:00,350.0,24.55,29.59,3.1,0.0
2020-07-06 18:10:00+00:00,163.0,13.17,28.48,2.55,0.0
2020-07-06 19:10:00+00:00,12.59,2.35,27.08,2.0,0.0
2020-07-06 20:10:00+00:00,0.0,0.0,25.6,1.24,0.0
2020-07-06 21:10:00+00:00,0.0,0.0,24.89,0.97,0.0
2020-07-06 22:10:00+00:00,0.0,0.0,23.92,0.83,0.0
2020-07-06 23:10:00+00:00,0.0,0.0,23.31,0.83,0.0
2020-07-07 00:10:00+00:00,0.0,0.0,22.75,0.97,0.0
2020-07-07 01:10:00+00:00,0.0,0.0,21.98,1.24,0.0
2020-07-07 02:10:00+00:00,0.0,0.0,21.12,1.1,0.0
2020-07-07 03:10:00+00:00,0.0,0.0,20.66,1.52,0.0
2020-07-07 04:10:00+00:00,0.0,0.0,20.11,1.52,0.0
2020-07-07 05:10:00+00:00,20.16,3.53,19.84,1.38,0.0
2020-07-07 06:10:00+00:00,181.0,14.44,22.16,1.31,0.0
2020-07-07 07:10:00+00:00,374.0,25.88,25.43,0.83,0.0
2020-07-07 08:10:00+00:00,566.0,37.58,28.4,0.28,0.0
2020-07-07 09:10:00+00:00,738.0,49.3,29.65,1.59,0.0
2020-07-07 10:10:00+00:00,865.0,60.56,31.46,2.41,0.0
2020-07-07 11:10:00+00:00,942.0,70.15,32.11,3.17,0.0
2020-07-07 12:10:00+00:00,973.0,74.23,32.37,3.59,0.0
2020-07-07 13:10:00+00:00,946.0,69.21,32.26,3.86,0.0
2020-07-07 14:10:00+00:00,853.0,59.3,32.29,4.14,0.0
2020-07-07 15:10:00+00:00,717.0,47.95,31.71,4.28,0.0
2020-07-07 16:10:00+00:00,546.0,36.22,30.75,4.07,0.0
2020-07-07 17:10:00+00:00,355.0,24.53,29.67,3.66,0.0
2020-07-07 18:10:00+00:00,161.0,13.14,28.61,2.83,0.0
2020-07-07 19:10:00+00:00,13.38,2.31,27.28,2.0,0.0
2020-07-07 20:10:00+00:00,0.0,0.0,25.68,1.31,0.0
2020-07-07 21:10:00+00:00,0.0,0.0,24.34,1.1,0.0
2020-07-07 22:10:00+00:00,0.0,0.0,23.58,2.41,0.0
2020-07-07 23:10:00+00:00,0.0,0.0,23.07,1.31,0.0
2020-07-08 00:10:00+00:00,0.0,0.0,22.75,1.17,0.0
2020-07-08 01:10:00+00:00,0.0,0.0,21.97,1.31,0.0
2020-07-08 02:10:00+00:00,0.0,0.0,21.59,1.1,0.0
2020-07-08 03:10:00+00:00,0.0,0.0,20.94,1.24,0.0
2020-07-08 04:10:00+00:00,0.0,0.0,20.6,1.86,0.0
2020-07-08 05:10:00+00:00,17.6,3.44,20.8,1.59,0.0
2020-07-08 06:10:00+00:00,156.0,14.35,22.04,1.31,0.0
2020-07-08 07:10:00+00:00,336.0,25.78,23.79,1.59,0.0
2020-07-08 08:10:00+00:00,522.0,37.5,26.09,1.93,0.0
2020-07-08 09:10:00+00:00,690.0,49.21,27.16,2.76,0.0
2020-07-08 10:10:00+00:00,800.0,60.47,28.59,3.17,0.0
2020-07-08 11:10:00+00:00,872.0,70.04,29.05,3.38,0.0
2020-07-08 12:10:00+00:00,906.0,74.13,29.09,3.38,0.0
2020-07-08 13:10:00+00:00,871.0,69.14,29.74,4.07,0.0
2020-07-08 14:10:00+00:00,794.0,59.26,29.39,4.48,0.0
2020-07-08 15:10:00+00:00,648.0,47.92,28.76,4.07,0.0
2020-07-08 16:10:00+00:00,357.0,36.19,27.7,2.28,0.0
2020-07-08 17:10:00+00:00,265.0,24.5,27.24,1.1,0.0
2020-07-08 18:10:00+00:00,93.0,13.11,26.1,3.52,0.0
2020-07-08 19:10:00+00:00,0.0,0.0,25.29,3.59,0.0
2020-07-08 20:10:00+00:00,0.0,0.0,24.16,2.76,0.0
2020-07-08 21:10:00+00:00,0.0,0.0,23.87,2.55,0.0
2020-07-08 22:10:00+00:00,0.0,0.0,23.77,2.69,0.0
2020-07-08 23:10:00+00:00,0.0,0.0,23.58,2.55,0.0
2020-07-09 00:10:00+00:00,0.0,0.0,23.39,1.03,0.0
2020-07-09 01:10:00+00:00,0.0,0.0,22.77,0.9,0.0
2020-07-09 02:10:00+00:00,0.0,0.0,22.5,0.83,0.0
2020-07-09 03:10:00+00:00,0.0,0.0,21.93,1.31,0.0
2020-07-09 04:10:00+00:00,0.0,0.0,21.66,2.21,0.0
2020-07-09 05:10:00+00:00,17.41,3.33,21.7,2.48,0.0
2020-07-09 06:10:00+00:00,154.0,14.25,22.46,2.14,0.0
2020-07-09 07:10:00+00:00,317.0,25.69,23.96,1.72,0.0
2020-07-09 08:10:00+00:00,515.0,37.4,26.07,2.55,0.0
2020-07-09 09:10:00+00:00,697.0,49.12,27.56,3.72,0.0
2020-07-09 10:10:00+00:00,827.0,60.36,28.88,3.38,0.0
2020-07-09 11:10:00+00:00,742.0,69.92,29.95,4.0,0.0
2020-07-09 12:10:00+00:00,845.0,74.01,30.02,5.38,0.0
2020-07-09 13:10:00+00:00,485.0,69.07,30.07,4.55,0.0
2020-07-09 14:10:00+00:00,682.0,59.22,30.32,3.45,0.0
2020-07-09 15:10:00+00:00,290.0,47.89,29.84,3.86,0.0
2020-07-09 16:10:00+00:00,306.0,36.16,29.43,4.41,0.0
2020-07-09 17:10:00+00:00,200.0,24.46,28.02,4.34,0.0
2020-07-09 18:10:00+00:00,14.0,13.07,26.92,4.34,0.0
2020-07-09 19:10:00+00:00,0.0,0.0,25.32,2.69,0.0
2020-07-09 20:10:00+00:00,0.0,0.0,24.38,1.52,0.0
2020-07-09 21:10:00+00:00,0.0,0.0,23.96,1.86,0.0
2020-07-09 22:10:00+00:00,0.0,0.0,23.2,1.86,0.0
2020-07-09 23:10:00+00:00,0.0,0.0,22.15,1.86,0.0
2020-07-10 00:10:00+00:00,0.0,0.0,21.59,1.86,0.0
2020-07-10 01:10:00+00:00,0.0,0.0,21.14,2.07,0.0
2020-07-10 02:10:00+00:00,0.0,0.0,20.69,2.0,0.0
2020-07-10 03:10:00+00:00,0.0,0.0,20.37,1.66,0.0
2020-07-10 04:10:00+00:00,0.0,0.0,20.09,1.52,0.0
2020-07-10 05:10:00+00:00,19.92,3.23,19.88,1.31,0.0
2020-07-10 06:10:00+00:00,105.0,14.15,20.83,1.86,0.0
2020-07-10 07:10:00+00:00,359.0,25.6,23.23,1.59,0.0
2020-07-10 08:10:00+00:00,556.0,37.31,25.8,1.31,0.0
2020-07-10 09:10:00+00:00,724.0,49.02,27.28,1.52,0.0
2020-07-10 10:10:00+00:00,851.0,60.26,29.26,2.21,0.0
2020-07-10 11:10:00+00:00,917.0,69.8,29.76,2.83,0.0
2020-07-10 12:10:00+00:00,959.0,73.89,30.34,2.83,0.0
2020-07-10 13:10:00+00:00,927.0,68.99,30.88,3.03,0.0
2020-07-10 14:10:00+00:00,840.0,59.17,30.98,3.17,0.0
2020-07-10 15:10:00+00:00,706.0,47.85,30.83,3.1,0.0
2020-07-10 16:10:00+00:00,539.0,36.12,29.98,2.83,0.0
2020-07-10 17:10:00+00:00,347.0,24.43,28.92,2.69,0.0
2020-07-10 18:10:00+00:00,161.0,13.02,27.73,2.55,0.0
2020-07-10 19:10:00+00:00,0.0,0.0,26.27,2.34,0.0
2020-07-10 20:10:00+00:00,0.0,0.0,25.0,1.59,0.0
2020-07-10 21:10:00+00:00,0.0,0.0,24.18,0.9,0.0
2020-07-10 22:10:00+00:00,0.0,0.0,23.29,0.9,0.0
2020-07-10 23:10:00+00:00,0.0,0.0,22.61,1.17,0.0
2020-07-11 00:10:00+00:00,0.0,0.0,22.15,1.66,0.0
2020-07-11 01:10:00+00:00,0.0,0.0,21.69,1.86,0.0
2020-07-11 02:10:00+00:00,0.0,0.0,21.31,1.93,0.0
2020-07-11 03:10:00+00:00,0.0,0.0,21.15,1.72,0.0
2020-07-11 04:10:00+00:00,0.0,0.0,20.74,1.59,0.0
2020-07-11 05:10:00+00:00,17.37,3.12,20.62,1.72,0.0
2020-07-11 06:10:00+00:00,177.0,14.05,21.18,2.34,0.0
2020-07-11 07:10:00+00:00,369.0,25.5,23.27,3.1,0.0
2020-07-11 08:10:00+00:00,556.0,37.21,25.8,4.28,0.0
2020-07-11 09:10:00+00:00,724.0,48.92,27.17,5.03,0.0
2020-07-11 10:10:00+00:00,856.0,60.15,28.9,4.69,0.0
2020-07-11 11:10:00+00:00,933.0,69.68,29.81,4.83,0.0
2020-07-11 12:10:00+00:00,960.0,73.77,30.33,4.83,0.0
2020-07-11 13:10:00+00:00,933.0,68.91,30.42,4.9,0.0
2020-07-11 14:10:00+00:00,841.0,59.12,30.51,4.9,0.0
2020-07-11 15:10:00+00:00,710.0,47.81,30.2,4.9,0.0
2020-07-11 16:10:00+00:00,540.0,36.08,29.79,4.76,0.0
2020-07-11 17:10:00+00:00,347.0,24.38,28.75,4.55,0.0
2020-07-11 18:10:00+00:00,157.0,12.97,27.64,3.72,0.0
2020-07-11 19:10:00+00:00,0.0,0.0,26.1,3.1,0.0
2020-07-11 20:10:00+00:00,0.0,0.0,24.79,2.97,0.0
2020-07-11 21:10:00+00:00,0.0,0.0,23.84,2.28,0.0
2020-07-11 22:10:00+00:00,0.0,0.0,23.07,1.86,0.0
2020-07-11 23:10:00+00:00,0.0,0.0,22.46,1.79,0.0
2020-07-12 00:10:00+00:00,0.0,0.0,22.31,1.59,0.0
2020-07-12 01:10:00+00:00,0.0,0.0,22.18,1.72,0.0
2020-07-12 02:10:00+00:00,0.0,0.0,21.8,2.48,0.0
2020-07-12 03:10:00+00:00,0.0,0.0,21.7,1.24,0.0
2020-07-12 04:10:00+00:00,0.0,0.0,21.82,0.9,0.0
2020-07-12 05:10:00+00:00,2.0,3.01,22.01,0.69,0.0
2020-07-12 06:10:00+00:00,68.0,13.95,22.5,0.69,0.0
2020-07-12 07:10:00+00:00,42.0,25.4,23.06,3.03,0.0
2020-07-12 08:10:00+00:00,491.0,37.12,24.44,4.07,0.0
2020-07-12 09:10:00+00:00,671.0,48.82,25.54,2.83,0.0
2020-07-12 10:10:00+00:00,820.0,60.04,28.06,2.97,0.0
2020-07-12 11:10:00+00:00,895.0,69.55,28.76,3.38,0.0
2020-07-12 12:10:00+00:00,931.0,73.63,29.14,3.72,0.0
2020-07-12 13:10:00+00:00,895.0,68.82,29.33,4.14,0.0
2020-07-12 14:10:00+00:00,811.0,59.06,28.48,4.14,0.0
2020-07-12 15:10:00+00:00,667.0,47.76,27.65,4.0,0.0
2020-07-12 16:10:00+00:00,325.0,36.04,26.47,4.14,0.0
2020-07-12 17:10:00+00:00,31.0,24.33,25.32,4.0,0.0
2020-07-12 18:10:00+00:00,14.0,12.92,24.41,3.86,0.0
2020-07-12 19:10:00+00:00,0.0,0.0,23.91,3.66,0.0
2020-07-12 20:10:00+00:00,0.0,0.0,23.27,2.97,0.0
2020-07-12 21:10:00+00:00,0.0,0.0,22.92,2.21,0.0
2020-07-12 22:10:00+00:00,0.0,0.0,22.55,2.55,0.0
2020-07-12 23:10:00+00:00,0.0,0.0,22.14,1.93,0.0
2020-07-13 00:10:00+00:00,0.0,0.0,21.53,1.59,0.0
2020-07-13 01:10:00+00:00,0.0,0.0,21.41,1.1,0.0
2020-07-13 02:10:00+00:00,0.0,0.0,20.37,1.1,0.0
2020-07-13 03:10:00+00:00,0.0,0.0,20.09,1.38,0.0
2020-07-13 04:10:00+00:00,0.0,0.0,20.04,1.38,0.0
2020-07-13 05:10:00+00:00,13.64,2.9,19.73,1.31,0.0
2020-07-13 06:10:00+00:00,158.0,13.84,20.62,2.07,0.0
2020-07-13 07:10:00+00:00,345.0,25.3,22.94,2.14,0.0
2020-07-13 08:10:00+00:00,538.0,37.02,25.5,2.55,0.0
2020-07-13 09:10:00+00:00,706.0,48.72,27.15,2.62,0.0
2020-07-13 10:10:00+00:00,840.0,59.93,29.27,2.76,0.0
2020-07-13 11:10:00+00:00,922.0,69.41,29.84,3.45,0.0
2020-07-13 12:10:00+00:00,943.0,73.49,30.53,3.72,0.0
2020-07-13 13:10:00+00:00,917.0,68.72,30.95,3.86,0.0
2020-07-13 14:10:00+00:00,831.0,58.99,30.94,4.07,0.0
2020-07-13 15:10:00+00:00,694.0,47.7,30.32,4.07,0.0
2020-07-13 16:10:00+00:00,524.0,35.99,29.65,3.79,0.0
2020-07-13 17:10:00+00:00,336.0,24.28,28.64,3.24,0.0
2020-07-13 18:10:00+00:00,151.0,12.86,27.48,2.97,0.0
2020-07-13 19:10:00+00:00,0.0,0.0,26.31,2.41,0.0
2020-07-13 20:10:00+00:00,0.0,0.0,25.17,1.86,0.0
2020-07-13 21:10:00+00:00,0.0,0.0,24.39,1.1,0.0
2020-07-13 22:10:00+00:00,0.0,0.0,23.17,0.9,0.0
2020-07-13 23:10:00+00:00,0.0,0.0,22.86,0.76,0.0
2020-07-14 00:10:00+00:00,0.0,0.0,22.15,0.9,0.0
2020-07-14 01:10:00+00:00,0.0,0.0,21.74,1.1,0.0
2020-07-14 02:10:00+00:00,0.0,0.0,21.46,1.59,0.0
2020-07-14 03:10:00+00:00,0.0,0.0,21.23,1.72,0.0
2020-07-14 04:10:00+00:00,0.0,0.0,20.9,1.66,0.0
2020-07-14 05:10:00+00:00,12.66,2.78,20.61,1.31,0.0
2020-07-14 06:10:00+00:00,131.0,13.73,21.46,0.76,0.0
2020-07-14 07:10:00+00:00,306.0,25.19,23.44,0.69,0.0
2020-07-14 08:10:00+00:00,526.0,36.92,25.34,1.72,0.0
2020-07-14 09:10:00+00:00,670.0,48.61,25.8,2.21,0.0
2020-07-14 10:10:00+00:00,780.0,59.82,26.36,2.69,0.0
2020-07-14 11:10:00+00:00,378.0,69.27,26.03,2.9,0.0
2020-07-14 12:10:00+00:00,105.0,73.35,26.82,2.76,0.0
2020-07-14 13:10:00+00:00,561.0,68.62,27.53,3.03,0.0
2020-07-14 14:10:00+00:00,702.0,58.92,27.65,2.9,0.0
2020-07-14 15:10:00+00:00,640.0,47.64,27.03,2.9,0.0
2020-07-14 16:10:00+00:00,364.0,35.93,25.86,2.97,0.0
2020-07-14 17:10:00+00:00,69.0,24.22,24.69,3.45,0.0
2020-07-14 18:10:00+00:00,57.0,12.79,23.46,2.97,0.0
2020-07-14 19:10:00+00:00,0.0,0.0,22.48,2.21,0.0
2020-07-14 20:10:00+00:00,0.0,0.0,21.92,1.17,0.0
2020-07-14 21:10:00+00:00,0.0,0.0,21.48,2.28,0.0
2020-07-14 22:10:00+00:00,0.0,0.0,21.16,1.38,0.0
2020-07-14 23:10:00+00:00,0.0,0.0,21.11,0.9,0.0
2020-07-15 00:10:00+00:00,0.0,0.0,20.7,1.31,0.0
2020-07-15 01:10:00+00:00,0.0,0.0,20.56,1.72,0.0
2020-07-15 02:10:00+00:00,0.0,0.0,19.97,1.59,0.0
2020-07-15 03:10:00+00:00,0.0,0.0,19.54,0.97,0.0
2020-07-15 04:10:00+00:00,0.0,0.0,19.22,1.1,0.0
2020-07-15 05:10:00+00:00,11.82,2.66,18.88,1.86,0.0
2020-07-15 06:10:00+00:00,156.0,13.62,19.86,1.93,0.0
2020-07-15 07:10:00+00:00,344.0,25.09,21.64,2.28,0.0
2020-07-15 08:10:00+00:00,547.0,36.81,23.82,2.62,0.0
2020-07-15 09:10:00+00:00,716.0,48.51,25.4,2.97,0.0
2020-07-15 10:10:00+00:00,848.0,59.7,26.81,3.03,0.0
2020-07-15 11:10:00+00:00,911.0,69.13,27.75,3.17,0.0
2020-07-15 12:10:00+00:00,953.0,73.19,28.19,3.17,0.0
2020-07-15 13:10:00+00:00,917.0,68.51,28.58,3.45,0.0
2020-07-15 14:10:00+00:00,835.0,58.84,28.87,3.93,0.0
2020-07-15 15:10:00+00:00,685.0,47.58,28.53,3.93,0.0
2020-07-15 16:10:00+00:00,531.0,35.87,27.87,3.93,0.0
2020-07-15 17:10:00+00:00,270.0,24.16,26.88,3.52,0.0
2020-07-15 18:10:00+00:00,148.0,12.72,26.05,2.97,0.0
2020-07-15 19:10:00+00:00,0.0,0.0,24.93,2.48,0.0
2020-07-15 20:10:00+00:00,0.0,0.0,23.87,1.79,0.0
2020-07-15 21:10:00+00:00,0.0,0.0,23.11,1.17,0.0
2020-07-15 22:10:00+00:00,0.0,0.0,21.75,0.9,0.0
2020-07-15 23:10:00+00:00,0.0,0.0,21.7,0.97,0.0
2020-07-16 00:10:00+00:00,0.0,0.0,21.68,0.55,0.0
2020-07-16 01:10:00+00:00,0.0,0.0,20.9,0.07,0.0
2020-07-16 02:10:00+00:00,0.0,0.0,19.55,1.03,0.0
2020-07-16 03:10:00+00:00,0.0,0.0,19.1,1.24,0.0
2020-07-16 04:10:00+00:00,0.0,0.0,18.64,1.31,0.0
2020-07-16 05:10:00+00:00,10.83,2.54,18.5,1.17,0.0
2020-07-16 06:10:00+00:00,167.0,13.51,20.31,1.03,0.0
2020-07-16 07:10:00+00:00,360.0,24.98,22.72,1.52,0.0
2020-07-16 08:10:00+00:00,514.0,36.71,25.36,2.14,0.0
2020-07-16 09:10:00+00:00,715.0,48.4,26.52,2.69,0.0
2020-07-16 10:10:00+00:00,848.0,59.58,27.72,2.34,0.0
2020-07-16 11:10:00+00:00,931.0,68.99,28.31,3.1,0.0
2020-07-16 12:10:00+00:00,953.0,73.03,28.8,3.66,0.0
2020-07-16 13:10:00+00:00,912.0,68.39,28.85,3.72,0.0
2020-07-16 14:10:00+00:00,831.0,58.76,29.16,4.55,0.0
2020-07-16 15:10:00+00:00,674.0,47.51,28.47,4.48,0.0
2020-07-16 16:10:00+00:00,531.0,35.8,27.57,3.93,0.0
2020-07-16 17:10:00+00:00,343.0,24.09,26.46,3.24,0.0
2020-07-16 18:10:00+00:00,155.0,12.64,25.55,2.9,0.0
2020-07-16 19:10:00+00:00,0.0,0.0,24.53,2.28,0.0
2020-07-16 20:10:00+00:00,0.0,0.0,23.43,1.59,0.0
2020-07-16 21:10:00+00:00,0.0,0.0,22.71,1.31,0.0
2020-07-16 22:10:00+00:00,0.0,0.0,22.09,0.76,0.0
2020-07-16 23:10:00+00:00,0.0,0.0,21.7,0.97,0.0
2020-07-17 00:10:00+00:00,0.0,0.0,21.51,0.9,0.0
2020-07-17 01:10:00+00:00,0.0,0.0,20.97,0.69,0.0
2020-07-17 02:10:00+00:00,0.0,0.0,20.38,0.28,0.0
2020-07-17 03:10:00+00:00,0.0,0.0,20.21,0.21,0.0
2020-07-17 04:10:00+00:00,0.0,0.0,19.77,0.48,0.0
2020-07-17 05:10:00+00:00,10.82,2.42,19.94,0.48,0.0
2020-07-17 06:10:00+00:00,161.0,13.39,20.6,0.55,0.0
2020-07-17 07:10:00+00:00,346.0,24.87,22.36,1.17,0.0
2020-07-17 08:10:00+00:00,532.0,36.6,24.34,1.86,0.0
2020-07-17 09:10:00+00:00,687.0,48.29,25.67,2.41,0.0
2020-07-17 10:10:00+00:00,819.0,59.45,27.15,2.34,0.0
2020-07-17 11:10:00+00:00,832.0,68.84,28.12,3.03,0.0
2020-07-17 12:10:00+00:00,948.0,72.87,28.52,4.0,0.0
2020-07-17 13:10:00+00:00,917.0,68.26,28.98,4.41,0.0
2020-07-17 14:10:00+00:00,803.0,58.67,28.99,3.79,0.0
2020-07-17 15:10:00+00:00,677.0,47.44,27.79,4.0,0.0
2020-07-17 16:10:00+00:00,439.0,35.73,27.15,3.79,0.0
2020-07-17 17:10:00+00:00,300.0,24.02,25.95,3.45,0.0
2020-07-17 18:10:00+00:00,142.0,12.56,25.44,2.76,0.0
2020-07-17 19:10:00+00:00,0.0,0.0,24.54,2.34,0.0
2020-07-17 20:10:00+00:00,0.0,0.0,23.47,2.0,0.0
2020-07-17 21:10:00+00:00,0.0,0.0,22.74,1.59,0.0
2020-07-17 22:10:00+00:00,0.0,0.0,21.99,0.97,0.0
2020-07-17 23:10:00+00:00,0.0,0.0,21.63,1.03,0.0
2020-07-18 00:10:00+00:00,0.0,0.0,21.54,1.1,0.0
2020-07-18 01:10:00+00:00,0.0,0.0,21.25,1.03,0.0
2020-07-18 02:10:00+00:00,0.0,0.0,20.79,0.69,0.0
2020-07-18 03:10:00+00:00,0.0,0.0,20.55,0.69,0.0
2020-07-18 04:10:00+00:00,0.0,0.0,20.14,0.69,0.0
2020-07-18 05:10:00+00:00,0.0,0.0,20.04,1.1,0.0
2020-07-18 06:10:00+00:00,127.0,13.27,20.62,1.24,0.0
2020-07-18 07:10:00+00:00,134.0,24.76,22.31,1.31,0.0
2020-07-18 08:10:00+00:00,422.0,36.49,23.91,1.66,0.0
2020-07-18 09:10:00+00:00,714.0,48.17,25.3,2.14,0.0
2020-07-18 10:10:00+00:00,847.0,59.33,27.1,2.83,0.0
2020-07-18 11:10:00+00:00,931.0,68.68,27.86,3.24,0.0
2020-07-18 12:10:00+00:00,964.0,72.7,28.43,3.45,0.0
2020-07-18 13:10:00+00:00,933.0,68.13,28.77,3.31,0.0
2020-07-18 14:10:00+00:00,845.0,58.57,29.34,3.38,0.0
2020-07-18 15:10:00+00:00,709.0,47.36,29.06,3.72,0.0
2020-07-18 16:10:00+00:00,536.0,35.66,27.85,3.86,0.0
2020-07-18 17:10:00+00:00,342.0,23.94,26.7,4.14,0.0
2020-07-18 18:10:00+00:00,154.0,12.48,25.55,3.45,0.0
2020-07-18 19:10:00+00:00,0.0,0.0,24.5,2.83,0.0
2020-07-18 20:10:00+00:00,0.0,0.0,23.25,2.14,0.0
2020-07-18 21:10:00+00:00,0.0,0.0,22.67,1.52,0.0
2020-07-18 22:10:00+00:00,0.0,0.0,22.24,0.83,0.0
2020-07-18 23:10:00+00:00,0.0,0.0,22.0,0.76,0.0
2020-07-19 00:10:00+00:00,0.0,0.0,21.62,0.83,0.0
2020-07-19 01:10:00+00:00,0.0,0.0,21.29,0.97,0.0
2020-07-19 02:10:00+00:00,0.0,0.0,20.73,0.69,0.0
2020-07-19 03:10:00+00:00,0.0,0.0,20.45,0.48,0.0
2020-07-19 04:10:00+00:00,0.0,0.0,20.02,0.41,0.0
2020-07-19 05:10:00+00:00,0.0,0.0,19.77,0.41,0.0
2020-07-19 06:10:00+00:00,160.0,13.15,20.76,0.97,0.0
2020-07-19 07:10:00+00:00,355.0,24.65,23.15,1.24,0.0
2020-07-19 08:10:00+00:00,550.0,36.38,25.51,1.86,0.0
2020-07-19 09:10:00+00:00,719.0,48.06,26.79,2.48,0.0
2020-07-19 10:10:00+00:00,853.0,59.2,28.29,2.55,0.0
2020-07-19 11:10:00+00:00,938.0,68.52,29.19,3.59,0.0
2020-07-19 12:10:00+00:00,955.0,72.52,29.86,4.14,0.0
2020-07-19 13:10:00+00:00,924.0,68.0,30.42,4.28,0.0
2020-07-19 14:10:00+00:00,846.0,58.47,30.86,4.14,0.0
2020-07-19 15:10:00+00:00,706.0,47.27,30.36,3.86,0.0
2020-07-19 16:10:00+00:00,522.0,35.58,29.52,4.07,0.0
2020-07-19 17:10:00+00:00,338.0,23.85,27.92,3.86,0.0
2020-07-19 18:10:00+00:00,153.0,12.39,26.03,3.31,0.0
2020-07-19 19:10:00+00:00,0.0,0.0,24.46,2.76,0.0
2020-07-19 20:10:00+00:00,0.0,0.0,23.76,2.07,0.0
2020-07-19 21:10:00+00:00,0.0,0.0,23.3,1.31,0.0
2020-07-19 22:10:00+00:00,0.0,0.0,22.69,0.21,0.0
2020-07-19 23:10:00+00:00,0.0,0.0,22.71,0.55,0.0
2020-07-20 00:10:00+00:00,0.0,0.0,22.48,0.76,0.0
2020-07-20 01:10:00+00:00,0.0,0.0,22.28,1.1,0.0
2020-07-20 02:10:00+00:00,0.0,0.0,22.07,1.1,0.0
2020-07-20 03:10:00+00:00,0.0,0.0,21.82,1.17,0.0
2020-07-20 04:10:00+00:00,0.0,0.0,21.53,1.1,0.0
2020-07-20 05:10:00+00:00,0.0,0.0,21.2,0.9,0.0
2020-07-20 06:10:00+00:00,115.0,13.03,22.18,0.69,0.0
2020-07-20 07:10:00+00:00,118.0,24.53,23.96,0.48,0.0
2020-07-20 08:10:00+00:00,522.0,36.26,26.01,1.31,0.0
2020-07-20 09:10:00+00:00,699.0,47.94,27.22,2.07,0.0
2020-07-20 10:10:00+00:00,826.0,59.06,28.15,1.79,0.0
2020-07-20 11:10:00+00:00,914.0,68.36,28.98,2.76,0.0
2020-07-20 12:10:00+00:00,936.0,72.34,29.77,3.31,0.0
2020-07-20 13:10:00+00:00,915.0,67.86,30.17,3.52,0.0
2020-07-20 14:10:00+00:00,820.0,58.37,30.2,3.72,0.0
2020-07-20 15:10:00+00:00,690.0,47.18,29.8,3.86,0.0
2020-07-20 16:10:00+00:00,518.0,35.49,29.48,3.72,0.0
2020-07-20 17:10:00+00:00,329.0,23.76,28.42,3.38,0.0
2020-07-20 18:10:00+00:00,144.0,12.29,27.28,2.76,0.0
2020-07-20 19:10:00+00:00,0.0,0.0,25.72,2.76,0.0
2020-07-20 20:10:00+00:00,0.0,0.0,24.53,2.48,0.0
2020-07-20 21:10:00+00:00,0.0,0.0,23.81,2.21,0.0
2020-07-20 22:10:00+00:00,0.0,0.0,23.19,1.66,0.0
2020-07-20 23:10:00+00:00,0.0,0.0,22.63,1.59,0.0
2020-07-21 00:10:00+00:00,0.0,0.0,22.15,1.79,0.0
2020-07-21 01:10:00+00:00,0.0,0.0,21.56,1.72,0.0
2020-07-21 02:10:00+00:00,0.0,0.0,21.15,1.86,0.0
2020-07-21 03:10:00+00:00,0.0,0.0,20.46,1.79,0.0
2020-07-21 04:10:00+00:00,0.0,0.0,19.98,1.86,0.0
2020-07-21 05:10:00+00:00,0.0,0.0,19.86,2.28,0.0
2020-07-21 06:10:00+00:00,157.0,12.91,20.68,2.76,0.0
2020-07-21 07:10:00+00:00,351.0,24.41,22.82,2.97,0.0
2020-07-21 08:10:00+00:00,541.0,36.15,25.69,2.97,0.0
2020-07-21 09:10:00+00:00,716.0,47.82,27.48,2.9,0.0
2020-07-21 10:10:00+00:00,845.0,58.93,28.94,3.38,0.0
2020-07-21 11:10:00+00:00,930.0,68.19,29.59,4.07,0.0
2020-07-21 12:10:00+00:00,953.01,72.15,30.01,4.48,0.0
2020-07-21 13:10:00+00:00,922.0,67.71,30.29,4.76,0.0
2020-07-21 14:10:00+00:00,839.0,58.25,30.42,4.76,0.0
2020-07-21 15:10:00+00:00,699.0,47.09,30.34,4.76,0.0
2020-07-21 16:10:00+00:00,525.0,35.4,30.05,4.55,0.0
2020-07-21 17:10:00+00:00,335.0,23.67,29.41,4.14,0.0
2020-07-21 18:10:00+00:00,146.0,12.19,28.17,3.59,0.0
2020-07-21 19:10:00+00:00,0.0,0.0,26.67,2.76,0.0
2020-07-21 20:10:00+00:00,0.0,0.0,25.21,2.83,0.0
2020-07-21 21:10:00+00:00,0.0,0.0,24.62,3.1,0.0
2020-07-21 22:10:00+00:00,0.0,0.0,23.6,2.34,0.0
2020-07-21 23:10:00+00:00,0.0,0.0,22.71,2.97,0.0
2020-07-22 00:10:00+00:00,0.0,0.0,22.21,1.72,0.0
2020-07-22 01:10:00+00:00,0.0,0.0,21.97,2.48,0.0
2020-07-22 02:10:00+00:00,0.0,0.0,21.84,3.17,0.0
2020-07-22 03:10:00+00:00,0.0,0.0,21.3,3.1,0.0
2020-07-22 04:10:00+00:00,0.0,0.0,21.02,2.76,0.0
2020-07-22 05:10:00+00:00,0.0,0.0,20.79,2.76,0.0
2020-07-22 06:10:00+00:00,130.0,12.78,21.09,3.17,0.0
2020-07-22 07:10:00+00:00,164.0,24.3,23.06,3.17,0.0
2020-07-22 08:10:00+00:00,161.0,36.03,25.24,3.45,0.0
2020-07-22 09:10:00+00:00,680.0,47.7,26.07,3.59,0.0
2020-07-22 10:10:00+00:00,822.0,58.79,27.77,4.21,0.0
2020-07-22 11:10:00+00:00,905.0,68.02,28.74,3.72,0.0
2020-07-22 12:10:00+00:00,912.0,71.96,29.77,4.14,0.0
2020-07-22 13:10:00+00:00,468.0,67.55,29.87,5.45,0.0
2020-07-22 14:10:00+00:00,807.0,58.13,29.7,5.38,0.0
2020-07-22 15:10:00+00:00,683.0,46.98,29.8,4.62,0.0
2020-07-22 16:10:00+00:00,514.0,35.3,29.44,4.34,0.0
2020-07-22 17:10:00+00:00,325.0,23.57,28.69,4.14,0.0
2020-07-22 18:10:00+00:00,140.0,12.08,27.64,3.79,0.0
2020-07-22 19:10:00+00:00,0.0,0.0,26.22,3.17,0.0
2020-07-22 20:10:00+00:00,0.0,0.0,25.01,2.69,0.0
2020-07-22 21:10:00+00:00,0.0,0.0,23.69,2.41,0.0
2020-07-22 22:10:00+00:00,0.0,0.0,22.52,1.72,0.0
2020-07-22 23:10:00+00:00,0.0,0.0,21.96,1.93,0.0
2020-07-23 00:10:00+00:00,0.0,0.0,21.4,1.66,0.0
2020-07-23 01:10:00+00:00,0.0,0.0,20.82,2.14,0.0
2020-07-23 02:10:00+00:00,0.0,0.0,20.54,1.38,0.0
2020-07-23 03:10:00+00:00,0.0,0.0,20.06,1.38,0.0
2020-07-23 04:10:00+00:00,0.0,0.0,19.61,2.28,0.0
2020-07-23 05:10:00+00:00,0.0,0.0,19.14,1.66,0.0
2020-07-23 06:10:00+00:00,157.0,12.66,20.33,2.21,0.0
2020-07-23 07:10:00+00:00,355.0,24.18,23.51,1.79,0.0
2020-07-23 08:10:00+00:00,551.0,35.91,26.39,1.1,0.0
2020-07-23 09:10:00+00:00,729.0,47.58,28.5,0.76,0.0
2020-07-23 10:10:00+00:00,858.0,58.65,30.23,2.0,0.0
2020-07-23 11:10:00+00:00,944.0,67.84,31.1,2.69,0.0
2020-07-23 12:10:00+00:00,973.01,71.76,31.73,3.24,0.0
2020-07-23 13:10:00+00:00,941.0,67.39,32.32,3.45,0.0
2020-07-23 14:10:00+00:00,847.0,58.01,32.46,3.45,0.0
2020-07-23 15:10:00+00:00,714.0,46.88,32.06,3.45,0.0
2020-07-23 16:10:00+00:00,535.0,35.2,31.27,3.24,0.0
2020-07-23 17:10:00+00:00,341.0,23.47,30.06,3.24,0.0
2020-07-23 18:10:00+00:00,150.0,11.97,28.74,2.83,0.0
2020-07-23 19:10:00+00:00,0.0,0.0,27.37,2.41,0.0
2020-07-23 20:10:00+00:00,0.0,0.0,25.83,1.72,0.0
2020-07-23 21:10:00+00:00,0.0,0.0,24.21,1.31,0.0
2020-07-23 22:10:00+00:00,0.0,0.0,23.12,1.17,0.0
2020-07-23 23:10:00+00:00,0.0,0.0,22.34,0.9,0.0
2020-07-24 00:10:00+00:00,0.0,0.0,21.74,0.97,0.0
2020-07-24 01:10:00+00:00,0.0,0.0,21.11,1.38,0.0
2020-07-24 02:10:00+00:00,0.0,0.0,20.66,1.31,0.0
2020-07-24 03:10:00+00:00,0.0,0.0,20.34,1.1,0.0
2020-07-24 04:10:00+00:00,0.0,0.0,20.7,0.69,0.0
2020-07-24 05:10:00+00:00,0.0,0.0,20.97,0.55,0.0
2020-07-24 06:10:00+00:00,141.0,12.53,21.98,0.41,0.0
2020-07-24 07:10:00+00:00,330.0,24.05,24.76,0.48,0.0
2020-07-24 08:10:00+00:00,519.0,35.8,27.21,1.17,0.0
2020-07-24 09:10:00+00:00,687.0,47.45,28.42,1.66,0.0
2020-07-24 10:10:00+00:00,809.0,58.51,29.88,2.14,0.0
2020-07-24 11:10:00+00:00,896.0,67.66,30.55,2.9,0.0
2020-07-24 12:10:00+00:00,918.0,71.55,31.19,3.45,0.0
2020-07-24 13:10:00+00:00,888.0,67.22,31.52,3.59,0.0
2020-07-24 14:10:00+00:00,812.0,57.88,31.34,3.38,0.0
2020-07-24 15:10:00+00:00,576.0,46.76,30.8,3.66,0.0
2020-07-24 16:10:00+00:00,466.0,35.09,30.22,3.52,0.0
2020-07-24 17:10:00+00:00,312.0,23.36,28.81,2.69,0.0
2020-07-24 18:10:00+00:00,129.0,11.85,27.61,2.9,0.0
2020-07-24 19:10:00+00:00,0.0,0.0,26.3,2.28,0.0
2020-07-24 20:10:00+00:00,0.0,0.0,25.28,1.66,0.0
2020-07-24 21:10:00+00:00,0.0,0.0,24.48,1.03,0.0
2020-07-24 22:10:00+00:00,0.0,0.0,23.8,0.48,0.0
2020-07-24 23:10:00+00:00,0.0,0.0,23.29,0.83,0.0
2020-07-25 00:10:00+00:00,0.0,0.0,23.07,0.97,0.0
2020-07-25 01:10:00+00:00,0.0,0.0,22.65,0.97,0.0
2020-07-25 02:10:00+00:00,0.0,0.0,22.35,0.55,0.0
2020-07-25 03:10:00+00:00,0.0,0.0,21.96,0.55,0.0
2020-07-25 04:10:00+00:00,0.0,0.0,21.26,0.83,0.0
2020-07-25 05:10:00+00:00,0.0,0.0,20.63,0.83,0.0
2020-07-25 06:10:00+00:00,139.0,12.4,21.8,1.03,0.0
2020-07-25 07:10:00+00:00,330.0,23.93,24.47,1.31,0.0
2020-07-25 08:10:00+00:00,518.0,35.67,27.29,1.52,0.0
2020-07-25 09:10:00+00:00,693.0,47.32,28.38,2.07,0.0
2020-07-25 10:10:00+00:00,830.0,58.36,29.56,2.07,0.0
2020-07-25 11:10:00+00:00,910.0,67.48,30.3,2.83,0.0
2020-07-25 12:10:00+00:00,922.0,71.34,31.2,3.31,0.0
2020-07-25 13:10:00+00:00,912.0,67.04,31.54,3.38,0.0
2020-07-25 14:10:00+00:00,825.0,57.74,31.98,3.38,0.0
2020-07-25 15:10:00+00:00,689.0,46.64,31.93,3.17,0.0
2020-07-25 16:10:00+00:00,515.0,34.98,31.39,3.03,0.0
2020-07-25 17:10:00+00:00,322.0,23.24,30.46,2.83,0.0
2020-07-25 18:10:00+00:00,136.0,11.73,29.35,2.62,0.0
2020-07-25 19:10:00+00:00,0.0,0.0,27.78,2.21,0.0
2020-07-25 20:10:00+00:00,0.0,0.0,26.34,1.72,0.0
2020-07-25 21:10:00+00:00,0.0,0.0,25.26,1.31,0.0
2020-07-25 22:10:00+00:00,0.0,0.0,23.96,0.41,0.0
2020-07-25 23:10:00+00:00,0.0,0.0,23.5,0.83,0.0
2020-07-26 00:10:00+00:00,0.0,0.0,23.44,1.03,0.0
2020-07-26 01:10:00+00:00,0.0,0.0,22.5,1.17,0.0
2020-07-26 02:10:00+00:00,0.0,0.0,21.81,1.24,0.0
2020-07-26 03:10:00+00:00,0.0,0.0,20.87,1.38,0.0
2020-07-26 04:10:00+00:00,0.0,0.0,20.56,1.31,0.0
2020-07-26 05:10:00+00:00,0.0,0.0,20.42,2.07,0.0
2020-07-26 06:10:00+00:00,146.0,12.27,21.73,1.59,0.0
2020-07-26 07:10:00+00:00,342.0,23.81,24.55,1.79,0.0
2020-07-26 08:10:00+00:00,529.0,35.55,27.83,1.17,0.0
2020-07-26 09:10:00+00:00,708.0,47.19,29.77,2.41,0.0
2020-07-26 10:10:00+00:00,830.0,58.21,31.34,1.86,0.0
2020-07-26 11:10:00+00:00,925.01,67.29,32.09,2.48,0.0
2020-07-26 12:10:00+00:00,927.01,71.12,32.68,3.03,0.0
2020-07-26 13:10:00+00:00,922.0,66.86,32.88,3.17,0.0
2020-07-26 14:10:00+00:00,838.0,57.6,33.13,3.17,0.0
2020-07-26 15:10:00+00:00,693.0,46.52,32.98,3.38,0.0
2020-07-26 16:10:00+00:00,518.0,34.86,32.08,3.52,0.0
2020-07-26 17:10:00+00:00,327.0,23.12,30.95,3.59,0.0
2020-07-26 18:10:00+00:00,136.0,11.6,29.66,3.45,0.0
2020-07-26 19:10:00+00:00,0.0,0.0,28.19,2.76,0.0
2020-07-26 20:10:00+00:00,0.0,0.0,26.7,1.86,0.0
2020-07-26 21:10:00+00:00,0.0,0.0,25.73,1.24,0.0
2020-07-26 22:10:00+00:00,0.0,0.0,24.92,1.52,0.0
2020-07-26 23:10:00+00:00,0.0,0.0,24.48,1.1,0.0
2020-07-27 00:10:00+00:00,0.0,0.0,23.83,1.24,0.0
2020-07-27 01:10:00+00:00,0.0,0.0,23.3,1.59,0.0
2020-07-27 02:10:00+00:00,0.0,0.0,22.65,1.86,0.0
2020-07-27 03:10:00+00:00,0.0,0.0,22.26,2.07,0.0
2020-07-27 04:10:00+00:00,0.0,0.0,22.06,2.07,0.0
2020-07-27 05:10:00+00:00,0.0,0.0,21.88,2.14,0.0
2020-07-27 06:10:00+00:00,131.0,12.14,22.61,2.28,0.0
2020-07-27 07:10:00+00:00,329.0,23.68,25.07,2.0,0.0
2020-07-27 08:10:00+00:00,519.0,35.43,28.2,1.38,0.0
2020-07-27 09:10:00+00:00,696.0,47.06,30.3,1.52,0.0
2020-07-27 10:10:00+00:00,825.0,58.06,32.38,2.14,0.0
2020-07-27 11:10:00+00:00,909.0,67.1,33.35,2.9,0.0
2020-07-27 12:10:00+00:00,927.01,70.9,33.56,3.38,0.0
2020-07-27 13:10:00+00:00,710.0,66.67,34.12,3.66,0.0
2020-07-27 14:10:00+00:00,646.0,57.45,34.06,3.66,0.0
2020-07-27 15:10:00+00:00,655.0,46.39,34.09,3.38,0.0
2020-07-27 16:10:00+00:00,477.0,34.74,33.46,3.03,0.0
2020-07-27 17:10:00+00:00,256.0,23.0,31.69,2.76,0.0
2020-07-27 18:10:00+00:00,112.0,11.47,30.44,2.28,0.0
2020-07-27 19:10:00+00:00,0.0,0.0,29.03,1.52,0.0
2020-07-27 20:10:00+00:00,0.0,0.0,27.18,0.83,0.0
2020-07-27 21:10:00+00:00,0.0,0.0,26.66,0.62,0.0
2020-07-27 22:10:00+00:00,0.0,0.0,25.37,0.48,0.0
2020-07-27 23:10:00+00:00,0.0,0.0,24.97,0.55,0.0
2020-07-28 00:10:00+00:00,0.0,0.0,24.77,0.9,0.0
2020-07-28 01:10:00+00:00,0.0,0.0,25.13,1.17,0.0
2020-07-28 02:10:00+00:00,0.0,0.0,24.48,1.1,0.0
2020-07-28 03:10:00+00:00,0.0,0.0,23.78,1.38,0.0
2020-07-28 04:10:00+00:00,0.0,0.0,23.32,1.86,0.0
2020-07-28 05:10:00+00:00,0.0,0.0,22.79,1.93,0.0
2020-07-28 06:10:00+00:00,134.0,12.0,24.17,1.59,0.0
2020-07-28 07:10:00+00:00,321.0,23.56,27.21,1.79,0.0
2020-07-28 08:10:00+00:00,514.0,35.3,29.8,1.79,0.0
2020-07-28 09:10:00+00:00,686.0,46.93,31.3,2.69,0.0
2020-07-28 10:10:00+00:00,778.0,57.91,32.48,3.1,0.0
2020-07-28 11:10:00+00:00,897.0,66.91,32.96,3.59,0.0
2020-07-28 12:10:00+00:00,925.01,70.67,33.33,3.86,0.0
2020-07-28 13:10:00+00:00,894.0,66.48,33.27,4.0,0.0
2020-07-28 14:10:00+00:00,808.0,57.29,33.2,3.72,0.0
2020-07-28 15:10:00+00:00,667.0,46.26,32.9,3.72,0.0
2020-07-28 16:10:00+00:00,499.0,34.61,32.04,3.93,0.0
2020-07-28 17:10:00+00:00,311.0,22.87,31.0,3.66,0.0
2020-07-28 18:10:00+00:00,123.0,11.33,29.77,3.38,0.0
2020-07-28 19:10:00+00:00,0.0,0.0,28.26,2.76,0.0
2020-07-28 20:10:00+00:00,0.0,0.0,26.9,1.86,0.0
2020-07-28 21:10:00+00:00,0.0,0.0,25.79,1.52,0.0
2020-07-28 22:10:00+00:00,0.0,0.0,25.16,1.79,0.0
2020-07-28 23:10:00+00:00,0.0,0.0,24.43,1.66,0.0
2020-07-29 00:10:00+00:00,0.0,0.0,24.1,1.59,0.0
2020-07-29 01:10:00+00:00,0.0,0.0,23.96,1.93,0.0
2020-07-29 02:10:00+00:00,0.0,0.0,23.48,2.41,0.0
2020-07-29 03:10:00+00:00,0.0,0.0,23.09,2.48,0.0
2020-07-29 04:10:00+00:00,0.0,0.0,22.76,2.55,0.0
2020-07-29 05:10:00+00:00,0.0,0.0,22.29,2.62,0.0
2020-07-29 06:10:00+00:00,128.0,11.87,22.93,2.76,0.0
2020-07-29 07:10:00+00:00,316.0,23.43,24.73,2.83,0.0
2020-07-29 08:10:00+00:00,508.0,35.18,26.98,2.9,0.0
2020-07-29 09:10:00+00:00,687.0,46.8,28.93,3.17,0.0
2020-07-29 10:10:00+00:00,824.0,57.75,30.55,2.76,0.0
2020-07-29 11:10:00+00:00,904.01,66.71,31.3,2.9,0.0
2020-07-29 12:10:00+00:00,937.01,70.44,31.94,3.38,0.0
2020-07-29 13:10:00+00:00,906.01,66.28,32.55,3.93,0.0
2020-07-29 14:10:00+00:00,819.0,57.13,33.05,4.34,0.0
2020-07-29 15:10:00+00:00,679.0,46.11,33.04,4.48,0.0
2020-07-29 16:10:00+00:00,508.0,34.47,32.78,4.48,0.0
2020-07-29 17:10:00+00:00,316.0,22.73,31.38,4.14,0.0
2020-07-29 18:10:00+00:00,129.0,11.19,29.89,3.72,0.0
2020-07-29 19:10:00+00:00,0.0,0.0,28.42,3.1,0.0
2020-07-29 20:10:00+00:00,0.0,0.0,27.34,2.34,0.0
2020-07-29 21:10:00+00:00,0.0,0.0,26.04,1.93,0.0
2020-07-29 22:10:00+00:00,0.0,0.0,25.37,1.79,0.0
2020-07-29 23:10:00+00:00,0.0,0.0,24.59,2.07,0.0
2020-07-30 00:10:00+00:00,0.0,0.0,24.35,1.79,0.0
2020-07-30 01:10:00+00:00,0.0,0.0,23.91,2.14,0.0
2020-07-30 02:10:00+00:00,0.0,0.0,23.31,2.21,0.0
2020-07-30 03:10:00+00:00,0.0,0.0,23.12,2.28,0.0
2020-07-30 04:10:00+00:00,0.0,0.0,22.91,2.34,0.0
2020-07-30 05:10:00+00:00,0.0,0.0,22.69,2.41,0.0
2020-07-30 06:10:00+00:00,84.0,11.73,22.89,2.55,0.0
2020-07-30 07:10:00+00:00,287.0,23.3,24.57,2.21,0.0
2020-07-30 08:10:00+00:00,238.0,35.05,27.39,1.59,0.0
2020-07-30 09:10:00+00:00,665.0,46.66,29.21,1.59,0.0
2020-07-30 10:10:00+00:00,799.0,57.59,31.26,1.03,0.0
2020-07-30 11:10:00+00:00,891.0,66.5,32.28,1.86,0.0
2020-07-30 12:10:00+00:00,919.01,70.2,33.1,3.17,0.0
2020-07-30 13:10:00+00:00,888.0,66.07,33.76,3.72,0.0
2020-07-30 14:10:00+00:00,807.0,56.96,34.31,4.0,0.0
2020-07-30 15:10:00+00:00,668.0,45.97,34.05,3.86,0.0
2020-07-30 16:10:00+00:00,496.0,34.33,33.43,3.45,0.0
2020-07-30 17:10:00+00:00,307.0,22.59,31.9,2.48,0.0
2020-07-30 18:10:00+00:00,130.0,11.04,30.69,1.93,0.0
2020-07-30 19:10:00+00:00,0.0,0.0,29.19,1.31,0.0
2020-07-30 20:10:00+00:00,0.0,0.0,27.92,1.31,0.0
2020-07-30 21:10:00+00:00,0.0,0.0,27.03,1.93,0.0
2020-07-30 22:10:00+00:00,0.0,0.0,25.92,1.72,0.0
2020-07-30 23:10:00+00:00,0.0,0.0,25.23,1.72,0.0
2020-07-31 00:10:00+00:00,0.0,0.0,24.91,2.07,0.0
2020-07-31 01:10:00+00:00,0.0,0.0,24.75,1.38,0.0
2020-07-31 02:10:00+00:00,0.0,0.0,24.3,1.31,0.0
2020-07-31 03:10:00+00:00,0.0,0.0,23.78,2.0,0.0
2020-07-31 04:10:00+00:00,0.0,0.0,23.32,1.59,0.0
2020-07-31 05:10:00+00:00,0.0,0.0,22.88,1.52,0.0
2020-07-31 06:10:00+00:00,127.0,11.59,23.72,1.72,0.0
2020-07-31 07:10:00+00:00,323.0,23.17,26.5,1.1,0.0
2020-07-31 08:10:00+00:00,519.0,34.92,29.94,0.48,0.0
2020-07-31 09:10:00+00:00,687.0,46.52,31.92,0.69,0.0
2020-07-31 10:10:00+00:00,825.0,57.43,33.54,2.28,0.0
2020-07-31 11:10:00+00:00,915.01,66.3,34.12,2.83,0.0
2020-07-31 12:10:00+00:00,938.01,69.96,34.56,2.97,0.0
2020-07-31 13:10:00+00:00,907.01,65.86,34.85,2.9,0.0
2020-07-31 14:10:00+00:00,810.0,56.79,34.79,3.03,0.0
2020-07-31 15:10:00+00:00,667.0,45.82,33.92,3.31,0.0
2020-07-31 16:10:00+00:00,490.0,34.19,33.85,3.31,0.0
2020-07-31 17:10:00+00:00,305.0,22.44,32.73,1.93,0.0
2020-07-31 18:10:00+00:00,118.0,10.89,31.6,2.0,0.0
2020-07-31 19:10:00+00:00,0.0,0.0,30.51,1.17,0.0
2020-07-31 20:10:00+00:00,0.0,0.0,28.58,0.48,0.0
2020-07-31 21:10:00+00:00,0.0,0.0,27.75,0.69,0.0
2020-07-31 22:10:00+00:00,0.0,0.0,27.36,0.97,0.0
2020-07-31 23:10:00+00:00,0.0,0.0,26.06,0.69,0.0
2020-08-01 00:10:00+00:00,0.0,0.0,25.25,0.55,0.0
2020-08-01 01:10:00+00:00,0.0,0.0,24.57,0.9,0.0
2020-08-01 02:10:00+00:00,0.0,0.0,23.74,1.52,0.0
2020-08-01 03:10:00+00:00,0.0,0.0,23.54,1.59,0.0
2020-08-01 04:10:00+00:00,0.0,0.0,23.18,1.24,0.0
2020-08-01 05:10:00+00:00,0.0,0.0,23.13,1.03,0.0
2020-08-01 06:10:00+00:00,115.0,11.45,24.32,0.69,0.0
2020-08-01 07:10:00+00:00,279.0,23.04,27.39,0.41,0.0
2020-08-01 08:10:00+00:00,360.0,34.79,30.36,0.48,0.0
2020-08-01 09:10:00+00:00,188.0,46.38,31.78,0.69,0.0
2020-08-01 10:10:00+00:00,146.0,57.26,34.19,1.31,0.0
2020-08-01 11:10:00+00:00,841.0,66.09,35.3,1.86,0.0
2020-08-01 12:10:00+00:00,872.0,69.71,36.13,2.0,0.0
2020-08-01 13:10:00+00:00,785.0,65.64,36.73,2.28,0.0
2020-08-01 14:10:00+00:00,577.0,56.61,37.0,2.76,0.0
2020-08-01 15:10:00+00:00,408.0,45.66,36.46,3.45,0.0
2020-08-01 16:10:00+00:00,462.0,34.04,35.2,3.72,0.0
2020-08-01 17:10:00+00:00,239.0,22.29,33.49,2.83,0.0
2020-08-01 18:10:00+00:00,47.0,10.73,32.94,1.66,0.0
2020-08-01 19:10:00+00:00,0.0,0.0,31.55,0.69,0.0
2020-08-01 20:10:00+00:00,0.0,0.0,29.67,0.97,0.0
2020-08-01 21:10:00+00:00,0.0,0.0,28.24,0.76,0.0
2020-08-01 22:10:00+00:00,0.0,0.0,27.0,1.31,0.0
2020-08-01 23:10:00+00:00,0.0,0.0,26.37,1.03,0.0
2020-08-02 00:10:00+00:00,0.0,0.0,25.57,0.83,0.0
2020-08-02 01:10:00+00:00,0.0,0.0,25.61,1.38,0.0
2020-08-02 02:10:00+00:00,0.0,0.0,25.27,2.41,0.0
2020-08-02 03:10:00+00:00,0.0,0.0,24.67,1.86,0.0
2020-08-02 04:10:00+00:00,0.0,0.0,24.4,2.07,0.0
2020-08-02 05:10:00+00:00,0.0,0.0,24.33,2.28,0.0
2020-08-02 06:10:00+00:00,106.0,11.31,24.75,2.69,0.0
2020-08-02 07:10:00+00:00,296.0,22.91,26.43,2.76,0.0
2020-08-02 08:10:00+00:00,488.0,34.66,29.16,2.62,0.0
2020-08-02 09:10:00+00:00,657.0,46.24,30.71,2.48,0.0
2020-08-02 10:10:00+00:00,800.0,57.1,32.35,1.52,0.0
2020-08-02 11:10:00+00:00,878.01,65.87,32.98,2.34,0.0
2020-08-02 12:10:00+00:00,900.01,69.46,33.05,3.17,0.0
2020-08-02 13:10:00+00:00,880.01,65.41,32.88,3.72,0.0
2020-08-02 14:10:00+00:00,789.0,56.43,32.55,4.14,0.0
2020-08-02 15:10:00+00:00,653.0,45.49,32.1,4.28,0.0
2020-08-02 16:10:00+00:00,481.0,33.88,31.57,4.0,0.0
2020-08-02 17:10:00+00:00,291.0,22.13,30.31,3.38,0.0
2020-08-02 18:10:00+00:00,107.0,10.56,29.12,2.55,0.0
2020-08-02 19:10:00+00:00,0.0,0.0,27.84,1.79,0.0
2020-08-02 20:10:00+00:00,0.0,0.0,26.9,1.59,0.0
2020-08-02 21:10:00+00:00,0.0,0.0,26.19,1.66,0.0
2020-08-02 22:10:00+00:00,0.0,0.0,25.29,0.97,0.0
2020-08-02 23:10:00+00:00,0.0,0.0,25.04,0.97,0.0
2020-08-03 00:10:00+00:00,0.0,0.0,24.98,1.24,0.0
2020-08-03 01:10:00+00:00,0.0,0.0,24.75,1.31,0.0
2020-08-03 02:10:00+00:00,0.0,0.0,24.21,1.38,0.0
2020-08-03 03:10:00+00:00,0.0,0.0,24.02,1.72,0.0
2020-08-03 04:10:00+00:00,0.0,0.0,23.93,1.79,0.0
2020-08-03 05:10:00+00:00,0.0,0.0,23.83,1.79,0.0
2020-08-03 06:10:00+00:00,100.0,11.17,23.93,2.0,0.0
2020-08-03 07:10:00+00:00,224.0,22.77,24.76,2.41,0.0
2020-08-03 08:10:00+00:00,263.0,34.52,25.86,2.69,0.0
2020-08-03 09:10:00+00:00,241.0,46.1,26.42,3.03,0.0
2020-08-03 10:10:00+00:00,671.0,56.93,28.25,2.76,0.0
2020-08-03 11:10:00+00:00,864.01,65.66,28.26,3.03,0.0
2020-08-03 12:10:00+00:00,901.01,69.2,27.7,3.17,0.0
2020-08-03 13:10:00+00:00,842.0,65.18,28.17,3.03,0.0
2020-08-03 14:10:00+00:00,771.0,56.23,28.73,3.03,0.0
2020-08-03 15:10:00+00:00,514.0,45.32,28.08,3.38,0.0
2020-08-03 16:10:00+00:00,415.0,33.72,28.02,3.52,0.0
2020-08-03 17:10:00+00:00,250.0,21.97,27.28,3.38,0.0
2020-08-03 18:10:00+00:00,88.0,10.39,26.15,3.45,0.0
2020-08-03 19:10:00+00:00,0.0,0.0,25.35,3.03,0.0
2020-08-03 20:10:00+00:00,0.0,0.0,24.44,2.83,0.0
2020-08-03 21:10:00+00:00,0.0,0.0,23.97,2.34,0.0
2020-08-03 22:10:00+00:00,0.0,0.0,23.49,1.66,0.0
2020-08-03 23:10:00+00:00,0.0,0.0,23.24,1.24,0.0
2020-08-04 00:10:00+00:00,0.0,0.0,23.15,0.83,0.0
2020-08-04 01:10:00+00:00,0.0,0.0,22.81,0.69,0.0
2020-08-04 02:10:00+00:00,0.0,0.0,22.61,0.55,0.0
2020-08-04 03:10:00+00:00,0.0,0.0,22.51,0.69,0.0
2020-08-04 04:10:00+00:00,0.0,0.0,22.35,0.83,0.0
2020-08-04 05:10:00+00:00,0.0,0.0,22.11,0.9,0.0
2020-08-04 06:10:00+00:00,77.0,11.03,22.62,0.83,0.0
2020-08-04 07:10:00+00:00,293.0,22.64,23.74,1.1,0.0
2020-08-04 08:10:00+00:00,419.0,34.39,25.25,1.52,0.0
2020-08-04 09:10:00+00:00,640.0,45.95,25.91,1.86,0.0
2020-08-04 10:10:00+00:00,754.0,56.76,27.15,2.0,0.0
2020-08-04 11:10:00+00:00,885.01,65.43,27.59,2.9,0.0
2020-08-04 12:10:00+00:00,918.01,68.94,28.02,3.52,0.0
2020-08-04 13:10:00+00:00,882.01,64.94,28.57,3.66,0.0
2020-08-04 14:10:00+00:00,589.0,56.04,28.95,3.31,0.0
2020-08-04 15:10:00+00:00,186.0,45.15,28.16,3.03,0.0
2020-08-04 16:10:00+00:00,167.0,33.56,28.13,2.83,0.0
2020-08-04 17:10:00+00:00,114.0,21.81,27.27,2.76,0.0
2020-08-04 18:10:00+00:00,82.0,10.22,26.21,3.24,0.0
2020-08-04 19:10:00+00:00,0.0,0.0,24.94,2.97,0.0
2020-08-04 20:10:00+00:00,0.0,0.0,23.87,2.55,0.0
2020-08-04 21:10:00+00:00,0.0,0.0,23.24,2.0,0.0
2020-08-04 22:10:00+00:00,0.0,0.0,23.01,0.97,0.0
2020-08-04 23:10:00+00:00,0.0,0.0,22.75,0.83,0.0
2020-08-05 00:10:00+00:00,0.0,0.0,22.25,0.9,0.0
2020-08-05 01:10:00+00:00,0.0,0.0,22.13,0.55,0.0
2020-08-05 02:10:00+00:00,0.0,0.0,21.8,0.07,0.0
2020-08-05 03:10:00+00:00,0.0,0.0,21.08,0.21,0.0
2020-08-05 04:10:00+00:00,0.0,0.0,20.58,0.34,0.0
2020-08-05 05:10:00+00:00,0.0,0.0,20.73,0.34,0.0
2020-08-05 06:10:00+00:00,106.0,10.89,21.18,0.28,0.0
2020-08-05 07:10:00+00:00,293.0,22.5,23.27,0.83,0.0
2020-08-05 08:10:00+00:00,397.0,34.25,25.44,1.52,0.0
2020-08-05 09:10:00+00:00,685.0,45.81,26.51,2.07,0.0
2020-08-05 10:10:00+00:00,812.0,56.58,28.06,1.93,0.0
2020-08-05 11:10:00+00:00,907.01,65.21,28.94,2.41,0.0
2020-08-05 12:10:00+00:00,935.01,68.67,29.81,2.76,0.0
2020-08-05 13:10:00+00:00,898.01,64.7,30.34,3.03,0.0
2020-08-05 14:10:00+00:00,814.0,55.83,30.48,3.93,0.0
2020-08-05 15:10:00+00:00,679.0,44.97,29.96,4.41,0.0
2020-08-05 16:10:00+00:00,497.0,33.39,29.08,4.28,0.0
2020-08-05 17:10:00+00:00,306.0,21.63,27.78,3.79,0.0
2020-08-05 18:10:00+00:00,116.0,10.04,26.44,3.24,0.0
2020-08-05 19:10:00+00:00,0.0,0.0,25.21,2.62,0.0
2020-08-05 20:10:00+00:00,0.0,0.0,24.09,1.86,0.0
2020-08-05 21:10:00+00:00,0.0,0.0,23.49,1.1,0.0
2020-08-05 22:10:00+00:00,0.0,0.0,22.93,0.34,0.0
2020-08-05 23:10:00+00:00,0.0,0.0,22.59,0.62,0.0
2020-08-06 00:10:00+00:00,0.0,0.0,22.59,0.97,0.0
2020-08-06 01:10:00+00:00,0.0,0.0,22.38,0.9,0.0
2020-08-06 02:10:00+00:00,0.0,0.0,21.74,1.1,0.0
2020-08-06 03:10:00+00:00,0.0,0.0,21.15,1.31,0.0
2020-08-06 04:10:00+00:00,0.0,0.0,20.97,1.31,0.0
2020-08-06 05:10:00+00:00,0.0,0.0,20.94,1.24,0.0
2020-08-06 06:10:00+00:00,125.0,10.74,21.68,1.1,0.0
2020-08-06 07:10:00+00:00,324.0,22.37,23.77,1.24,0.0
2020-08-06 08:10:00+00:00,520.0,34.12,26.21,1.59,0.0
2020-08-06 09:10:00+00:00,696.0,45.66,27.58,2.14,0.0
2020-08-06 10:10:00+00:00,829.0,56.4,28.96,2.14,0.0
2020-08-06 11:10:00+00:00,921.01,64.98,29.52,2.76,0.0
2020-08-06 12:10:00+00:00,949.01,68.4,30.12,3.17,0.0
2020-08-06 13:10:00+00:00,912.01,64.45,30.52,3.52,0.0
2020-08-06 14:10:00+00:00,821.0,55.62,30.61,3.72,0.0
2020-08-06 15:10:00+00:00,678.0,44.78,30.02,3.79,0.0
2020-08-06 16:10:00+00:00,501.0,33.21,29.59,3.59,0.0
2020-08-06 17:10:00+00:00,306.0,21.46,28.41,3.24,0.0
2020-08-06 18:10:00+00:00,115.0,9.86,27.47,2.69,0.0
2020-08-06 19:10:00+00:00,0.0,0.0,26.19,2.0,0.0
2020-08-06 20:10:00+00:00,0.0,0.0,24.95,1.24,0.0
2020-08-06 21:10:00+00:00,0.0,0.0,23.96,0.83,0.0
2020-08-06 22:10:00+00:00,0.0,0.0,22.94,0.83,0.0
2020-08-06 23:10:00+00:00,0.0,0.0,22.86,0.48,0.0
2020-08-07 00:10:00+00:00,0.0,0.0,22.66,0.07,0.0
2020-08-07 01:10:00+00:00,0.0,0.0,21.59,0.62,0.0
2020-08-07 02:10:00+00:00,0.0,0.0,20.59,0.97,0.0
2020-08-07 03:10:00+00:00,0.0,0.0,19.9,0.9,0.0
2020-08-07 04:10:00+00:00,0.0,0.0,19.52,0.9,0.0
2020-08-07 05:10:00+00:00,0.0,0.0,19.58,0.69,0.0
2020-08-07 06:10:00+00:00,116.0,10.6,20.56,0.69,0.0
2020-08-07 07:10:00+00:00,310.0,22.23,23.39,0.76,0.0
2020-08-07 08:10:00+00:00,501.0,33.98,26.49,1.24,0.0
2020-08-07 09:10:00+00:00,676.0,45.51,28.4,1.79,0.0
2020-08-07 10:10:00+00:00,811.0,56.23,29.85,1.66,0.0
2020-08-07 11:10:00+00:00,906.01,64.75,30.67,2.69,0.0
2020-08-07 12:10:00+00:00,934.01,68.12,31.07,3.1,0.0
2020-08-07 13:10:00+00:00,896.01,64.2,31.4,3.31,0.0
2020-08-07 14:10:00+00:00,812.0,55.41,31.8,3.45,0.0
2020-08-07 15:10:00+00:00,669.0,44.59,31.6,3.31,0.0
2020-08-07 16:10:00+00:00,486.0,33.03,31.12,3.03,0.0
2020-08-07 17:10:00+00:00,295.0,21.28,29.98,2.69,0.0
2020-08-07 18:10:00+00:00,105.0,9.67,28.65,2.28,0.0
2020-08-07 19:10:00+00:00,0.0,0.0,26.91,1.66,0.0
2020-08-07 20:10:00+00:00,0.0,0.0,25.44,0.48,0.0
2020-08-07 21:10:00+00:00,0.0,0.0,24.64,0.83,0.0
2020-08-07 22:10:00+00:00,0.0,0.0,24.48,0.97,0.0
2020-08-07 23:10:00+00:00,0.0,0.0,23.91,0.97,0.0
2020-08-08 00:10:00+00:00,0.0,0.0,22.67,0.97,0.0
2020-08-08 01:10:00+00:00,0.0,0.0,22.28,1.31,0.0
2020-08-08 02:10:00+00:00,0.0,0.0,21.69,1.66,0.0
2020-08-08 03:10:00+00:00,0.0,0.0,21.02,1.52,0.0
2020-08-08 04:10:00+00:00,0.0,0.0,20.51,0.97,0.0
2020-08-08 05:10:00+00:00,0.0,0.0,20.19,0.9,0.0
2020-08-08 06:10:00+00:00,119.0,10.45,21.36,0.69,0.0
2020-08-08 07:10:00+00:00,314.0,22.09,24.88,0.76,0.0
2020-08-08 08:10:00+00:00,511.0,33.84,28.18,0.69,0.0
2020-08-08 09:10:00+00:00,689.0,45.36,29.95,1.17,0.0
2020-08-08 10:10:00+00:00,823.0,56.04,31.6,1.59,0.0
2020-08-08 11:10:00+00:00,909.01,64.51,32.28,2.55,0.0
2020-08-08 12:10:00+00:00,942.01,67.84,32.5,3.24,0.0
2020-08-08 13:10:00+00:00,899.01,63.94,32.71,3.66,0.0
2020-08-08 14:10:00+00:00,810.0,55.19,33.05,3.66,0.0
2020-08-08 15:10:00+00:00,670.0,44.4,32.85,2.76,0.0
2020-08-08 16:10:00+00:00,489.0,32.84,32.85,2.34,0.0
2020-08-08 17:10:00+00:00,244.0,21.09,31.23,3.03,0.0
2020-08-08 18:10:00+00:00,104.0,9.47,30.07,2.21,0.0
2020-08-08 19:10:00+00:00,0.0,0.0,28.79,1.17,0.0
2020-08-08 20:10:00+00:00,0.0,0.0,27.42,0.76,0.0
2020-08-08 21:10:00+00:00,0.0,0.0,26.6,0.76,0.0
2020-08-08 22:10:00+00:00,0.0,0.0,25.11,1.1,0.0
2020-08-08 23:10:00+00:00,0.0,0.0,24.39,1.1,0.0
2020-08-09 00:10:00+00:00,0.0,0.0,25.08,0.76,0.0
2020-08-09 01:10:00+00:00,0.0,0.0,24.56,0.62,0.0
2020-08-09 02:10:00+00:00,0.0,0.0,23.93,0.76,0.0
2020-08-09 03:10:00+00:00,0.0,0.0,22.96,1.38,0.0
2020-08-09 04:10:00+00:00,0.0,0.0,22.03,1.17,0.0
2020-08-09 05:10:00+00:00,0.0,0.0,21.43,1.1,0.0
2020-08-09 06:10:00+00:00,81.0,10.31,22.13,1.38,0.0
2020-08-09 07:10:00+00:00,141.0,21.95,25.21,1.03,0.0
2020-08-09 08:10:00+00:00,490.0,33.7,28.4,0.97,0.0
2020-08-09 09:10:00+00:00,612.0,45.21,30.39,2.21,0.0
2020-08-09 10:10:00+00:00,644.0,55.86,31.79,2.34,0.0
2020-08-09 11:10:00+00:00,890.01,64.27,32.73,2.76,0.0
2020-08-09 12:10:00+00:00,923.01,67.56,33.59,3.03,0.0
2020-08-09 13:10:00+00:00,895.01,63.67,33.91,3.1,0.0
2020-08-09 14:10:00+00:00,796.0,54.96,33.94,3.31,0.0
2020-08-09 15:10:00+00:00,658.0,44.19,33.58,3.52,0.0
2020-08-09 16:10:00+00:00,484.0,32.65,32.99,3.38,0.0
2020-08-09 17:10:00+00:00,290.0,20.9,31.78,3.1,0.0
2020-08-09 18:10:00+00:00,99.0,9.28,30.44,2.48,0.0
2020-08-09 19:10:00+00:00,0.0,0.0,28.52,1.59,0.0
2020-08-09 20:10:00+00:00,0.0,0.0,26.82,0.76,0.0
2020-08-09 21:10:00+00:00,0.0,0.0,26.71,0.76,0.0
2020-08-09 22:10:00+00:00,0.0,0.0,25.63,1.17,0.0
2020-08-09 23:10:00+00:00,0.0,0.0,25.44,1.52,0.0
2020-08-10 00:10:00+00:00,0.0,0.0,24.62,1.52,0.0
2020-08-10 01:10:00+00:00,0.0,0.0,23.95,1.17,0.0
2020-08-10 02:10:00+00:00,0.0,0.0,23.61,0.48,0.0
2020-08-10 03:10:00+00:00,0.0,0.0,22.98,0.55,0.0
2020-08-10 04:10:00+00:00,0.0,0.0,22.5,1.1,0.0
2020-08-10 05:10:00+00:00,0.0,0.0,21.91,1.24,0.0
2020-08-10 06:10:00+00:00,92.0,10.16,22.13,0.83,0.0
2020-08-10 07:10:00+00:00,291.0,21.81,25.06,0.83,0.0
2020-08-10 08:10:00+00:00,378.0,33.56,28.48,1.38,0.0
2020-08-10 09:10:00+00:00,619.0,45.05,30.24,2.28,0.0
2020-08-10 10:10:00+00:00,774.0,55.67,31.32,2.83,0.0
2020-08-10 11:10:00+00:00,729.0,64.03,31.84,2.62,0.0
2020-08-10 12:10:00+00:00,922.01,67.27,32.29,2.97,0.0
2020-08-10 13:10:00+00:00,889.01,63.4,32.71,3.93,0.0
2020-08-10 14:10:00+00:00,795.0,54.73,32.25,4.48,0.0
2020-08-10 15:10:00+00:00,517.0,43.99,31.84,4.34,0.0
2020-08-10 16:10:00+00:00,474.0,32.45,31.12,4.07,0.0
2020-08-10 17:10:00+00:00,280.0,20.7,29.81,3.59,0.0
2020-08-10 18:10:00+00:00,79.0,9.07,28.81,3.1,0.0
2020-08-10 19:10:00+00:00,0.0,0.0,27.7,2.48,0.0
2020-08-10 20:10:00+00:00,0.0,0.0,26.81,2.28,0.0
2020-08-10 21:10:00+00:00,0.0,0.0,26.1,2.0,0.0
2020-08-10 22:10:00+00:00,0.0,0.0,25.24,1.72,0.0
2020-08-10 23:10:00+00:00,0.0,0.0,24.83,1.31,0.0
2020-08-11 00:10:00+00:00,0.0,0.0,24.41,0.21,0.0
2020-08-11 01:10:00+00:00,0.0,0.0,23.99,0.28,0.0
2020-08-11 02:10:00+00:00,0.0,0.0,23.62,1.38,0.0
2020-08-11 03:10:00+00:00,0.0,0.0,23.54,2.21,0.0
2020-08-11 04:10:00+00:00,0.0,0.0,23.7,2.62,0.0
2020-08-11 05:10:00+00:00,0.0,0.0,23.96,3.03,0.0
2020-08-11 06:10:00+00:00,30.0,10.01,23.9,3.1,0.0
2020-08-11 07:10:00+00:00,163.0,21.67,24.4,2.62,0.0
2020-08-11 08:10:00+00:00,447.0,33.42,26.12,2.97,0.0
2020-08-11 09:10:00+00:00,314.0,44.89,27.14,4.62,0.0
2020-08-11 10:10:00+00:00,777.0,55.48,27.97,5.45,0.0
2020-08-11 11:10:00+00:00,874.01,63.78,30.71,4.83,0.0
2020-08-11 12:10:00+00:00,852.01,66.97,30.63,4.34,0.0
2020-08-11 13:10:00+00:00,793.0,63.12,30.84,4.97,0.0
2020-08-11 14:10:00+00:00,755.0,54.49,31.11,5.66,0.0
2020-08-11 15:10:00+00:00,591.0,43.77,30.57,5.79,0.0
2020-08-11 16:10:00+00:00,304.0,32.25,29.9,5.72,0.0
2020-08-11 17:10:00+00:00,249.0,20.5,28.88,5.59,0.0
2020-08-11 18:10:00+00:00,79.0,8.86,27.44,4.9,0.0
2020-08-11 19:10:00+00:00,0.0,0.0,26.23,3.66,0.0
2020-08-11 20:10:00+00:00,0.0,0.0,25.6,3.38,0.0
2020-08-11 21:10:00+00:00,0.0,0.0,25.01,2.28,0.0
2020-08-11 22:10:00+00:00,0.0,0.0,24.65,1.31,0.0
2020-08-11 23:10:00+00:00,0.0,0.0,24.3,0.83,0.0
2020-08-12 00:10:00+00:00,0.0,0.0,24.01,0.97,0.0
2020-08-12 01:10:00+00:00,0.0,0.0,23.57,0.28,0.0
2020-08-12 02:10:00+00:00,0.0,0.0,22.98,0.41,0.0
2020-08-12 03:10:00+00:00,0.0,0.0,22.75,1.24,0.0
2020-08-12 04:10:00+00:00,0.0,0.0,22.22,1.38,0.0
2020-08-12 05:10:00+00:00,0.0,0.0,21.93,1.03,0.0
2020-08-12 06:10:00+00:00,89.0,9.87,21.86,0.41,0.0
2020-08-12 07:10:00+00:00,265.0,21.53,23.11,0.62,0.0
2020-08-12 08:10:00+00:00,478.0,33.27,25.96,1.38,0.0
2020-08-12 09:10:00+00:00,653.0,44.74,28.09,2.55,0.0
2020-08-12 10:10:00+00:00,787.0,55.29,30.38,3.17,0.0
2020-08-12 11:10:00+00:00,635.0,63.53,31.54,4.07,0.0
2020-08-12 12:10:00+00:00,883.01,66.67,31.76,5.59,0.0
2020-08-12 13:10:00+00:00,631.0,62.84,31.88,4.69,0.0
2020-08-12 14:10:00+00:00,705.0,54.25,30.77,4.07,0.0
2020-08-12 15:10:00+00:00,601.0,43.55,29.78,4.28,0.0
2020-08-12 16:10:00+00:00,456.0,32.04,29.05,4.34,0.0
2020-08-12 17:10:00+00:00,269.0,20.29,28.38,3.52,0.0
2020-08-12 18:10:00+00:00,95.0,8.65,27.17,2.9,0.0
2020-08-12 19:10:00+00:00,0.0,0.0,26.16,2.34,0.0
2020-08-12 20:10:00+00:00,0.0,0.0,25.21,1.66,0.0
2020-08-12 21:10:00+00:00,0.0,0.0,24.42,1.17,0.0
2020-08-12 22:10:00+00:00,0.0,0.0,24.3,1.03,0.0
2020-08-12 23:10:00+00:00,0.0,0.0,24.02,1.52,0.0
2020-08-13 00:10:00+00:00,0.0,0.0,23.94,1.24,0.0
2020-08-13 01:10:00+00:00,0.0,0.0,23.14,0.69,0.0
2020-08-13 02:10:00+00:00,0.0,0.0,22.47,0.62,0.0
2020-08-13 03:10:00+00:00,0.0,0.0,22.1,0.83,0.0
2020-08-13 04:10:00+00:00,0.0,0.0,21.56,0.83,0.0
2020-08-13 05:10:00+00:00,0.0,0.0,21.41,1.03,0.0
2020-08-13 06:10:00+00:00,106.0,9.72,21.75,1.17,0.0
2020-08-13 07:10:00+00:00,299.0,21.39,23.98,1.31,0.0
2020-08-13 08:10:00+00:00,501.0,33.13,26.29,1.1,0.0
2020-08-13 09:10:00+00:00,676.0,44.57,28.17,0.9,0.0
2020-08-13 10:10:00+00:00,814.01,55.09,30.26,0.62,0.0
2020-08-13 11:10:00+00:00,895.01,63.28,31.37,1.03,0.0
2020-08-13 12:10:00+00:00,923.01,66.37,31.96,2.48,0.0
2020-08-13 13:10:00+00:00,889.01,62.56,32.31,2.83,0.0
2020-08-13 14:10:00+00:00,798.01,54.0,32.24,4.21,0.0
2020-08-13 15:10:00+00:00,660.0,43.33,31.55,4.07,0.0
2020-08-13 16:10:00+00:00,482.0,31.83,31.23,3.59,0.0
2020-08-13 17:10:00+00:00,285.0,20.08,30.29,3.38,0.0
2020-08-13 18:10:00+00:00,89.0,8.43,29.09,3.1,0.0
2020-08-13 19:10:00+00:00,0.0,0.0,27.35,2.21,0.0
2020-08-13 20:10:00+00:00,0.0,0.0,25.85,0.97,0.0
2020-08-13 21:10:00+00:00,0.0,0.0,24.63,0.55,0.0
2020-08-13 22:10:00+00:00,0.0,0.0,23.84,0.62,0.0
2020-08-13 23:10:00+00:00,0.0,0.0,23.23,0.9,0.0
2020-08-14 00:10:00+00:00,0.0,0.0,22.64,1.24,0.0
2020-08-14 01:10:00+00:00,0.0,0.0,22.23,1.24,0.0
2020-08-14 02:10:00+00:00,0.0,0.0,21.74,1.52,0.0
2020-08-14 03:10:00+00:00,0.0,0.0,21.19,1.66,0.0
2020-08-14 04:10:00+00:00,0.0,0.0,20.95,1.66,0.0
2020-08-14 05:10:00+00:00,0.0,0.0,20.87,0.9,0.0
2020-08-14 06:10:00+00:00,110.0,9.57,21.42,1.38,0.0
2020-08-14 07:10:00+00:00,278.0,21.25,23.48,1.72,0.0
2020-08-14 08:10:00+00:00,499.0,32.98,26.23,1.86,0.0
2020-08-14 09:10:00+00:00,674.0,44.41,27.97,2.28,0.0
2020-08-14 10:10:00+00:00,824.01,54.9,29.28,2.97,0.0
2020-08-14 11:10:00+00:00,906.01,63.02,30.17,3.45,0.0
2020-08-14 12:10:00+00:00,944.01,66.07,30.39,3.86,0.0
2020-08-14 13:10:00+00:00,890.01,62.27,30.78,4.28,0.0
2020-08-14 14:10:00+00:00,811.01,53.75,30.75,4.14,0.0
2020-08-14 15:10:00+00:00,667.0,43.1,30.59,3.38,0.0
2020-08-14 16:10:00+00:00,486.0,31.61,30.17,2.76,0.0
2020-08-14 17:10:00+00:00,288.0,19.87,28.91,3.24,0.0
2020-08-14 18:10:00+00:00,90.0,8.21,27.43,3.38,0.0
2020-08-14 19:10:00+00:00,0.0,0.0,25.95,2.76,0.0
2020-08-14 20:10:00+00:00,0.0,0.0,24.95,1.86,0.0
2020-08-14 21:10:00+00:00,0.0,0.0,24.25,1.03,0.0
2020-08-14 22:10:00+00:00,0.0,0.0,23.49,0.62,0.0
2020-08-14 23:10:00+00:00,0.0,0.0,22.88,0.55,0.0
2020-08-15 00:10:00+00:00,0.0,0.0,22.56,0.07,0.0
2020-08-15 01:10:00+00:00,0.0,0.0,21.82,0.28,0.0
2020-08-15 02:10:00+00:00,0.0,0.0,20.9,0.41,0.0
2020-08-15 03:10:00+00:00,0.0,0.0,20.51,0.76,0.0
2020-08-15 04:10:00+00:00,0.0,0.0,20.4,0.97,0.0
2020-08-15 05:10:00+00:00,0.0,0.0,20.28,0.9,0.0
2020-08-15 06:10:00+00:00,106.0,9.42,20.02,0.97,0.0
2020-08-15 07:10:00+00:00,302.0,21.1,22.55,0.97,0.0
2020-08-15 08:10:00+00:00,503.0,32.84,25.44,1.31,0.0
2020-08-15 09:10:00+00:00,677.0,44.25,27.07,1.72,0.0
2020-08-15 10:10:00+00:00,816.01,54.69,29.54,1.86,0.0
2020-08-15 11:10:00+00:00,907.01,62.76,30.64,2.41,0.0
2020-08-15 12:10:00+00:00,935.01,65.76,31.41,3.24,0.0
2020-08-15 13:10:00+00:00,891.01,61.97,31.69,4.07,0.0
2020-08-15 14:10:00+00:00,803.01,53.49,31.75,4.76,0.0
2020-08-15 15:10:00+00:00,663.0,42.87,31.13,5.03,0.0
2020-08-15 16:10:00+00:00,481.0,31.39,30.84,4.76,0.0
2020-08-15 17:10:00+00:00,278.0,19.65,29.74,4.34,0.0
2020-08-15 18:10:00+00:00,84.0,7.99,28.26,3.66,0.0
2020-08-15 19:10:00+00:00,0.0,0.0,26.77,2.62,0.0
2020-08-15 20:10:00+00:00,0.0,0.0,25.28,1.38,0.0
2020-08-15 21:10:00+00:00,0.0,0.0,24.45,0.69,0.0
2020-08-15 22:10:00+00:00,0.0,0.0,23.57,0.69,0.0
2020-08-15 23:10:00+00:00,0.0,0.0,22.86,0.62,0.0
2020-08-16 00:10:00+00:00,0.0,0.0,22.64,1.17,0.0
2020-08-16 01:10:00+00:00,0.0,0.0,22.5,1.86,0.0
2020-08-16 02:10:00+00:00,0.0,0.0,22.34,1.66,0.0
2020-08-16 03:10:00+00:00,0.0,0.0,22.63,2.34,0.0
2020-08-16 04:10:00+00:00,0.0,0.0,22.58,2.69,0.0
2020-08-16 05:10:00+00:00,0.0,0.0,22.22,2.62,0.0
2020-08-16 06:10:00+00:00,109.0,9.27,22.42,2.83,0.0
2020-08-16 07:10:00+00:00,304.0,20.96,25.06,2.9,0.0
2020-08-16 08:10:00+00:00,503.0,32.69,28.04,3.31,0.0
2020-08-16 09:10:00+00:00,692.0,44.08,29.79,3.03,0.0
2020-08-16 10:10:00+00:00,829.01,54.49,31.52,0.83,0.0
2020-08-16 11:10:00+00:00,907.01,62.49,32.25,2.07,0.0
2020-08-16 12:10:00+00:00,945.01,65.44,32.81,2.9,0.0
2020-08-16 13:10:00+00:00,905.01,61.67,33.15,3.59,0.0
2020-08-16 14:10:00+00:00,806.01,53.22,32.67,4.21,0.0
2020-08-16 15:10:00+00:00,662.0,42.63,31.58,4.62,0.0
2020-08-16 16:10:00+00:00,485.0,31.16,30.88,4.9,0.0
2020-08-16 17:10:00+00:00,284.0,19.42,29.99,4.97,0.0
2020-08-16 18:10:00+00:00,86.0,7.76,28.88,4.28,0.0
2020-08-16 19:10:00+00:00,0.0,0.0,27.12,2.69,0.0
2020-08-16 20:10:00+00:00,0.0,0.0,25.33,1.24,0.0
2020-08-16 21:10:00+00:00,0.0,0.0,24.05,0.83,0.0
2020-08-16 22:10:00+00:00,0.0,0.0,22.83,0.76,0.0
2020-08-16 23:10:00+00:00,0.0,0.0,22.19,1.59,0.0
2020-08-17 00:10:00+00:00,0.0,0.0,21.84,1.86,0.0
2020-08-17 01:10:00+00:00,0.0,0.0,21.7,1.79,0.0
2020-08-17 02:10:00+00:00,0.0,0.0,21.61,1.79,0.0
2020-08-17 03:10:00+00:00,0.0,0.0,21.3,1.86,0.0
2020-08-17 04:10:00+00:00,0.0,0.0,20.87,1.86,0.0
2020-08-17 05:10:00+00:00,0.0,0.0,20.47,1.86,0.0
2020-08-17 06:10:00+00:00,107.0,9.12,20.98,2.07,0.0
2020-08-17 07:10:00+00:00,306.0,20.81,24.5,2.34,0.0
2020-08-17 08:10:00+00:00,506.0,32.54,28.58,2.41,0.0
2020-08-17 09:10:00+00:00,683.0,43.92,30.53,2.34,0.0
2020-08-17 10:10:00+00:00,818.01,54.29,31.85,0.69,0.0
2020-08-17 11:10:00+00:00,905.01,62.23,32.27,2.21,0.0
2020-08-17 12:10:00+00:00,933.01,65.12,32.54,2.97,0.0
2020-08-17 13:10:00+00:00,898.01,61.36,32.65,3.45,0.0
2020-08-17 14:10:00+00:00,803.01,52.96,32.81,4.28,0.0
2020-08-17 15:10:00+00:00,662.0,42.39,32.25,4.76,0.0
2020-08-17 16:10:00+00:00,479.0,30.93,31.38,4.62,0.0
2020-08-17 17:10:00+00:00,278.0,19.19,29.87,4.34,0.0
2020-08-17 18:10:00+00:00,83.0,7.52,28.26,3.52,0.0
2020-08-17 19:10:00+00:00,0.0,0.0,26.96,2.0,0.0
2020-08-17 20:10:00+00:00,0.0,0.0,25.32,0.9,0.0
2020-08-17 21:10:00+00:00,0.0,0.0,24.03,0.34,0.0
2020-08-17 22:10:00+00:00,0.0,0.0,23.01,1.03,0.0
2020-08-17 23:10:00+00:00,0.0,0.0,22.19,1.59,0.0
2020-08-18 00:10:00+00:00,0.0,0.0,21.55,1.79,0.0
2020-08-18 01:10:00+00:00,0.0,0.0,21.42,1.59,0.0
2020-08-18 02:10:00+00:00,0.0,0.0,21.18,1.31,0.0
2020-08-18 03:10:00+00:00,0.0,0.0,20.66,1.24,0.0
2020-08-18 04:10:00+00:00,0.0,0.0,20.21,1.24,0.0
2020-08-18 05:10:00+00:00,0.0,0.0,19.92,1.24,0.0
2020-08-18 06:10:00+00:00,102.0,8.97,21.05,1.38,0.0
2020-08-18 07:10:00+00:00,297.0,20.67,23.99,1.66,0.0
2020-08-18 08:10:00+00:00,491.0,32.39,26.94,1.31,0.0
2020-08-18 09:10:00+00:00,675.0,43.75,29.0,0.83,0.0
2020-08-18 10:10:00+00:00,809.01,54.08,31.2,0.62,0.0
2020-08-18 11:10:00+00:00,742.0,61.96,31.98,1.1,0.0
2020-08-18 12:10:00+00:00,597.0,64.8,32.02,2.76,0.0
2020-08-18 13:10:00+00:00,844.01,61.05,31.83,3.72,0.0
2020-08-18 14:10:00+00:00,704.0,52.68,31.29,3.93,0.0
2020-08-18 15:10:00+00:00,587.0,42.14,30.52,4.0,0.0
2020-08-18 16:10:00+00:00,203.0,30.7,29.36,4.07,0.0
2020-08-18 17:10:00+00:00,161.0,18.96,28.31,3.66,0.0
2020-08-18 18:10:00+00:00,68.0,7.28,27.27,2.69,0.0
2020-08-18 19:10:00+00:00,0.0,0.0,26.43,1.59,0.0
2020-08-18 20:10:00+00:00,0.0,0.0,25.55,0.55,0.0
2020-08-18 21:10:00+00:00,0.0,0.0,24.9,0.34,0.0
2020-08-18 22:10:00+00:00,0.0,0.0,24.34,0.9,0.0
2020-08-18 23:10:00+00:00,0.0,0.0,23.85,0.55,0.0
2020-08-19 00:10:00+00:00,0.0,0.0,23.24,0.41,0.0
2020-08-19 01:10:00+00:00,0.0,0.0,22.52,1.1,0.0
2020-08-19 02:10:00+00:00,0.0,0.0,22.19,1.1,0.0
2020-08-19 03:10:00+00:00,0.0,0.0,21.52,1.52,0.0
2020-08-19 04:10:00+00:00,0.0,0.0,21.13,1.03,0.0
2020-08-19 05:10:00+00:00,0.0,0.0,20.87,0.76,0.0
2020-08-19 06:10:00+00:00,98.0,8.81,20.7,0.55,0.0
2020-08-19 07:10:00+00:00,294.0,20.52,23.42,0.21,0.0
2020-08-19 08:10:00+00:00,490.0,32.24,27.02,0.97,0.0
2020-08-19 09:10:00+00:00,668.0,43.58,29.26,1.59,0.0
2020-08-19 10:10:00+00:00,806.01,53.87,31.1,2.0,0.0
2020-08-19 11:10:00+00:00,887.01,61.68,31.65,3.03,0.0
2020-08-19 12:10:00+00:00,919.01,64.48,31.65,4.0,0.0
2020-08-19 13:10:00+00:00,879.01,60.74,31.68,4.07,0.0
2020-08-19 14:10:00+00:00,781.01,52.4,31.81,4.0,0.0
2020-08-19 15:10:00+00:00,638.0,41.89,31.52,3.72,0.0
2020-08-19 16:10:00+00:00,456.0,30.46,31.31,3.24,0.0
2020-08-19 17:10:00+00:00,257.0,18.72,30.53,2.83,0.0
2020-08-19 18:10:00+00:00,68.0,7.04,29.55,2.41,0.0
2020-08-19 19:10:00+00:00,0.0,0.0,27.6,1.79,0.0
2020-08-19 20:10:00+00:00,0.0,0.0,25.88,0.76,0.0
2020-08-19 21:10:00+00:00,0.0,0.0,24.93,0.48,0.0
2020-08-19 22:10:00+00:00,0.0,0.0,23.63,0.83,0.0
2020-08-19 23:10:00+00:00,0.0,0.0,22.89,0.97,0.0
2020-08-20 00:10:00+00:00,0.0,0.0,22.27,1.59,0.0
2020-08-20 01:10:00+00:00,0.0,0.0,22.19,1.31,0.0
2020-08-20 02:10:00+00:00,0.0,0.0,22.17,1.17,0.0
2020-08-20 03:10:00+00:00,0.0,0.0,22.12,1.17,0.0
2020-08-20 04:10:00+00:00,0.0,0.0,20.65,1.31,0.0
2020-08-20 05:10:00+00:00,0.0,0.0,20.46,1.38,0.0
2020-08-20 06:10:00+00:00,71.0,8.66,21.16,1.24,0.0
2020-08-20 07:10:00+00:00,269.0,20.38,23.68,1.59,0.0
2020-08-20 08:10:00+00:00,280.0,32.09,27.86,1.24,0.0
2020-08-20 09:10:00+00:00,529.0,43.41,29.31,1.79,0.0
2020-08-20 10:10:00+00:00,724.0,53.65,31.27,2.9,0.0
2020-08-20 11:10:00+00:00,825.01,61.41,31.61,3.1,0.0
2020-08-20 12:10:00+00:00,773.0,64.15,32.11,3.38,0.0
2020-08-20 13:10:00+00:00,752.0,60.42,31.94,4.07,0.0
2020-08-20 14:10:00+00:00,745.01,52.12,32.23,3.86,0.0
2020-08-20 15:10:00+00:00,597.0,41.63,31.86,2.97,0.0
2020-08-20 16:10:00+00:00,432.0,30.21,31.48,2.62,0.0
2020-08-20 17:10:00+00:00,239.0,18.48,30.34,2.83,0.0
2020-08-20 18:10:00+00:00,58.0,6.79,29.17,2.76,0.0
2020-08-20 19:10:00+00:00,0.0,0.0,27.55,1.86,0.0
2020-08-20 20:10:00+00:00,0.0,0.0,26.73,1.24,0.0
2020-08-20 21:10:00+00:00,0.0,0.0,26.51,0.69,0.0
2020-08-20 22:10:00+00:00,0.0,0.0,25.48,0.62,0.0
2020-08-20 23:10:00+00:00,0.0,0.0,24.61,0.62,0.0
2020-08-21 00:10:00+00:00,0.0,0.0,24.23,0.34,0.0
2020-08-21 01:10:00+00:00,0.0,0.0,23.75,1.1,0.0
2020-08-21 02:10:00+00:00,0.0,0.0,23.3,1.17,0.0
2020-08-21 03:10:00+00:00,0.0,0.0,23.0,1.24,0.0
2020-08-21 04:10:00+00:00,0.0,0.0,22.7,0.97,0.0
2020-08-21 05:10:00+00:00,0.0,0.0,22.04,1.52,0.0
2020-08-21 06:10:00+00:00,60.0,8.51,22.59,1.24,0.0
2020-08-21 07:10:00+00:00,191.0,20.23,24.36,0.41,0.0
2020-08-21 08:10:00+00:00,390.0,31.93,26.94,1.17,0.0
2020-08-21 09:10:00+00:00,627.0,43.23,28.65,1.93,0.0
2020-08-21 10:10:00+00:00,771.01,53.44,30.71,1.86,0.0
2020-08-21 11:10:00+00:00,854.01,61.12,32.0,2.41,0.0
2020-08-21 12:10:00+00:00,884.01,63.82,32.71,2.48,0.0
2020-08-21 13:10:00+00:00,849.01,60.1,33.74,3.17,0.0
2020-08-21 14:10:00+00:00,757.01,51.83,34.05,3.79,0.0
2020-08-21 15:10:00+00:00,613.0,41.37,33.42,4.21,0.0
2020-08-21 16:10:00+00:00,437.0,29.96,32.88,4.21,0.0
2020-08-21 17:10:00+00:00,239.0,18.23,31.61,3.59,0.0
2020-08-21 18:10:00+00:00,59.0,6.54,30.26,2.55,0.0
2020-08-21 19:10:00+00:00,0.0,0.0,29.06,1.1,0.0
2020-08-21 20:10:00+00:00,0.0,0.0,27.45,0.41,0.0
2020-08-21 21:10:00+00:00,0.0,0.0,26.14,0.76,0.0
2020-08-21 22:10:00+00:00,0.0,0.0,24.86,1.31,0.0
2020-08-21 23:10:00+00:00,0.0,0.0,24.25,1.24,0.0
2020-08-22 00:10:00+00:00,0.0,0.0,23.93,1.66,0.0
2020-08-22 01:10:00+00:00,0.0,0.0,23.4,1.59,0.0
2020-08-22 02:10:00+00:00,0.0,0.0,22.6,1.38,0.0
2020-08-22 03:10:00+00:00,0.0,0.0,22.44,1.38,0.0
2020-08-22 04:10:00+00:00,0.0,0.0,22.37,1.59,0.0
2020-08-22 05:10:00+00:00,0.0,0.0,22.37,1.86,0.0
2020-08-22 06:10:00+00:00,88.0,8.36,23.5,2.41,0.0
2020-08-22 07:10:00+00:00,284.0,20.08,26.43,2.9,0.0
2020-08-22 08:10:00+00:00,463.0,31.78,28.93,2.69,0.0
2020-08-22 09:10:00+00:00,651.0,43.05,30.12,2.83,0.0
2020-08-22 10:10:00+00:00,795.01,53.22,31.5,2.14,0.0
2020-08-22 11:10:00+00:00,881.01,60.84,32.3,2.0,0.0
2020-08-22 12:10:00+00:00,912.01,63.48,32.76,2.62,0.0
2020-08-22 13:10:00+00:00,871.01,59.77,32.56,3.31,0.0
2020-08-22 14:10:00+00:00,780.01,51.54,32.36,3.79,0.0
2020-08-22 15:10:00+00:00,634.0,41.1,31.47,3.93,0.0
2020-08-22 16:10:00+00:00,449.0,29.71,30.95,3.79,0.0
2020-08-22 17:10:00+00:00,199.0,17.98,29.62,3.24,0.0
2020-08-22 18:10:00+00:00,49.0,6.29,28.73,2.69,0.0
2020-08-22 19:10:00+00:00,0.0,0.0,27.92,1.72,0.0
2020-08-22 20:10:00+00:00,0.0,0.0,26.7,0.97,0.0
2020-08-22 21:10:00+00:00,0.0,0.0,26.09,0.41,0.0
2020-08-22 22:10:00+00:00,0.0,0.0,25.63,0.07,0.0
2020-08-22 23:10:00+00:00,0.0,0.0,24.85,0.07,0.0
2020-08-23 00:10:00+00:00,0.0,0.0,24.34,0.76,0.0
2020-08-23 01:10:00+00:00,0.0,0.0,23.93,1.24,0.0
2020-08-23 02:10:00+00:00,0.0,0.0,23.71,1.31,0.0
2020-08-23 03:10:00+00:00,0.0,0.0,23.36,1.52,0.0
2020-08-23 04:10:00+00:00,0.0,0.0,22.85,1.72,0.0
2020-08-23 05:10:00+00:00,0.0,0.0,22.81,1.72,0.0
2020-08-23 06:10:00+00:00,84.0,8.2,23.14,2.21,0.0
2020-08-23 07:10:00+00:00,269.0,19.93,24.3,1.93,0.0
2020-08-23 08:10:00+00:00,442.0,31.62,26.45,2.48,0.0
2020-08-23 09:10:00+00:00,637.0,42.88,27.54,3.03,0.0
2020-08-23 10:10:00+00:00,705.0,53.0,29.16,2.97,0.0
2020-08-23 11:10:00+00:00,851.01,60.55,29.28,2.97,0.0
2020-08-23 12:10:00+00:00,885.01,63.14,29.22,3.38,0.0
2020-08-23 13:10:00+00:00,835.01,59.44,28.67,3.45,0.0
2020-08-23 14:10:00+00:00,739.01,51.24,28.28,3.72,0.0
2020-08-23 15:10:00+00:00,570.0,40.83,27.99,4.0,0.0
2020-08-23 16:10:00+00:00,392.0,29.45,28.09,3.86,0.0
2020-08-23 17:10:00+00:00,216.0,17.73,27.49,3.79,0.0
2020-08-23 18:10:00+00:00,47.0,6.03,26.54,3.52,0.0
2020-08-23 19:10:00+00:00,0.0,0.0,25.8,2.9,0.0
2020-08-23 20:10:00+00:00,0.0,0.0,25.09,2.48,0.0
2020-08-23 21:10:00+00:00,0.0,0.0,24.6,1.93,0.0
2020-08-23 22:10:00+00:00,0.0,0.0,24.16,1.31,0.0
2020-08-23 23:10:00+00:00,0.0,0.0,24.13,1.24,0.0
2020-08-24 00:10:00+00:00,0.0,0.0,23.92,1.17,0.0
2020-08-24 01:10:00+00:00,0.0,0.0,23.8,0.97,0.0
2020-08-24 02:10:00+00:00,0.0,0.0,23.63,1.1,0.0
2020-08-24 03:10:00+00:00,0.0,0.0,23.16,1.17,0.0
2020-08-24 04:10:00+00:00,0.0,0.0,22.75,1.17,0.0
2020-08-24 05:10:00+00:00,0.0,0.0,22.58,1.24,0.0
2020-08-24 06:10:00+00:00,81.0,8.05,22.88,1.66,0.0
2020-08-24 07:10:00+00:00,259.0,19.78,23.97,1.52,0.0
2020-08-24 08:10:00+00:00,456.0,31.46,25.75,1.93,0.0
2020-08-24 09:10:00+00:00,623.0,42.7,27.12,2.48,0.0
2020-08-24 10:10:00+00:00,768.01,52.77,28.4,2.41,0.0
2020-08-24 11:10:00+00:00,860.01,60.26,28.94,3.1,0.0
2020-08-24 12:10:00+00:00,885.01,62.8,29.21,3.38,0.0
2020-08-24 13:10:00+00:00,844.01,59.1,29.5,3.72,0.0
2020-08-24 14:10:00+00:00,742.01,50.94,29.73,3.93,0.0
2020-08-24 15:10:00+00:00,611.0,40.55,29.73,3.79,0.0
2020-08-24 16:10:00+00:00,434.0,29.19,29.01,3.79,0.0
2020-08-24 17:10:00+00:00,236.0,17.47,27.84,3.66,0.0
2020-08-24 18:10:00+00:00,49.0,5.77,26.71,3.17,0.0
2020-08-24 19:10:00+00:00,0.0,0.0,25.51,2.76,0.0
2020-08-24 20:10:00+00:00,0.0,0.0,24.58,2.21,0.0
2020-08-24 21:10:00+00:00,0.0,0.0,23.96,1.31,0.0
2020-08-24 22:10:00+00:00,0.0,0.0,23.46,1.1,0.0
2020-08-24 23:10:00+00:00,0.0,0.0,22.91,1.17,0.0
2020-08-25 00:10:00+00:00,0.0,0.0,22.45,0.9,0.0
2020-08-25 01:10:00+00:00,0.0,0.0,22.14,0.76,0.0
2020-08-25 02:10:00+00:00,0.0,0.0,21.63,0.83,0.0
2020-08-25 03:10:00+00:00,0.0,0.0,21.39,1.24,0.0
2020-08-25 04:10:00+00:00,0.0,0.0,20.98,1.31,0.0
2020-08-25 05:10:00+00:00,0.0,0.0,20.65,1.17,0.0
2020-08-25 06:10:00+00:00,83.0,7.9,21.0,0.69,0.0
2020-08-25 07:10:00+00:00,274.0,19.63,24.03,0.21,0.0
2020-08-25 08:10:00+00:00,476.0,31.31,26.8,1.1,0.0
2020-08-25 09:10:00+00:00,650.0,42.52,28.21,2.0,0.0
2020-08-25 10:10:00+00:00,788.01,52.55,29.63,2.28,0.0
2020-08-25 11:10:00+00:00,868.01,59.97,30.5,2.69,0.0
2020-08-25 12:10:00+00:00,898.01,62.45,31.2,3.17,0.0
2020-08-25 13:10:00+00:00,852.01,58.76,31.76,3.59,0.0
2020-08-25 14:10:00+00:00,753.01,50.63,32.12,3.86,0.0
2020-08-25 15:10:00+00:00,615.0,40.27,31.93,3.79,0.0
2020-08-25 16:10:00+00:00,434.0,28.92,31.35,3.38,0.0
2020-08-25 17:10:00+00:00,236.0,17.21,29.9,2.9,0.0
2020-08-25 18:10:00+00:00,44.14,5.5,28.32,2.28,0.0
2020-08-25 19:10:00+00:00,0.0,0.0,26.98,1.66,0.0
2020-08-25 20:10:00+00:00,0.0,0.0,26.14,1.17,0.0
2020-08-25 21:10:00+00:00,0.0,0.0,25.17,1.17,0.0
2020-08-25 22:10:00+00:00,0.0,0.0,24.18,1.03,0.0
2020-08-25 23:10:00+00:00,0.0,0.0,23.36,1.38,0.0
2020-08-26 00:10:00+00:00,0.0,0.0,22.72,1.1,0.0
2020-08-26 01:10:00+00:00,0.0,0.0,22.01,0.9,0.0
2020-08-26 02:10:00+00:00,0.0,0.0,21.47,0.9,0.0
2020-08-26 03:10:00+00:00,0.0,0.0,21.19,0.9,0.0
2020-08-26 04:10:00+00:00,0.0,0.0,21.62,0.83,0.0
2020-08-26 05:10:00+00:00,0.0,0.0,21.22,0.9,0.0
2020-08-26 06:10:00+00:00,82.0,7.74,20.98,0.83,0.0
2020-08-26 07:10:00+00:00,276.0,19.48,24.03,0.28,0.0
2020-08-26 08:10:00+00:00,475.0,31.15,27.62,0.9,0.0
2020-08-26 09:10:00+00:00,653.0,42.33,29.62,1.52,0.0
2020-08-26 10:10:00+00:00,787.01,52.32,31.48,2.21,0.0
2020-08-26 11:10:00+00:00,876.01,59.68,32.38,2.9,0.0
2020-08-26 12:10:00+00:00,896.01,62.11,33.01,3.45,0.0
2020-08-26 13:10:00+00:00,864.01,58.42,33.26,3.72,0.0
2020-08-26 14:10:00+00:00,767.01,50.32,33.44,3.93,0.0
2020-08-26 15:10:00+00:00,619.0,39.99,33.13,3.86,0.0
2020-08-26 16:10:00+00:00,438.0,28.65,32.57,3.52,0.0
2020-08-26 17:10:00+00:00,235.0,16.94,31.04,2.97,0.0
2020-08-26 18:10:00+00:00,42.19,5.23,29.23,2.21,0.0
2020-08-26 19:10:00+00:00,0.0,0.0,27.67,1.24,0.0
2020-08-26 20:10:00+00:00,0.0,0.0,26.49,0.97,0.0
2020-08-26 21:10:00+00:00,0.0,0.0,25.92,1.03,0.0
2020-08-26 22:10:00+00:00,0.0,0.0,24.58,1.38,0.0
2020-08-26 23:10:00+00:00,0.0,0.0,23.64,2.14,0.0
2020-08-27 00:10:00+00:00,0.0,0.0,22.77,1.03,0.0
2020-08-27 01:10:00+00:00,0.0,0.0,22.46,0.97,0.0
2020-08-27 02:10:00+00:00,0.0,0.0,22.04,1.1,0.0
2020-08-27 03:10:00+00:00,0.0,0.0,22.12,1.24,0.0
2020-08-27 04:10:00+00:00,0.0,0.0,21.7,1.24,0.0
2020-08-27 05:10:00+00:00,0.0,0.0,21.41,1.17,0.0
2020-08-27 06:10:00+00:00,79.0,7.59,21.56,1.1,0.0
2020-08-27 07:10:00+00:00,269.0,19.33,24.34,0.55,0.0
2020-08-27 08:10:00+00:00,468.0,30.99,27.82,0.83,0.0
2020-08-27 09:10:00+00:00,634.0,42.15,30.07,1.79,0.0
2020-08-27 10:10:00+00:00,764.01,52.09,32.29,2.41,0.0
2020-08-27 11:10:00+00:00,861.01,59.38,32.83,3.17,0.0
2020-08-27 12:10:00+00:00,890.01,61.75,33.3,3.93,0.0
2020-08-27 13:10:00+00:00,848.01,58.07,33.48,4.41,0.0
2020-08-27 14:10:00+00:00,752.01,50.01,33.57,4.41,0.0
2020-08-27 15:10:00+00:00,589.0,39.7,32.96,4.07,0.0
2020-08-27 16:10:00+00:00,404.0,28.38,31.86,3.93,0.0
2020-08-27 17:10:00+00:00,219.0,16.67,30.0,3.86,0.0
2020-08-27 18:10:00+00:00,36.49,4.96,28.27,3.03,0.0
2020-08-27 19:10:00+00:00,0.0,0.0,27.05,1.86,0.0
2020-08-27 20:10:00+00:00,0.0,0.0,26.06,1.1,0.0
2020-08-27 21:10:00+00:00,0.0,0.0,25.05,0.28,0.0
2020-08-27 22:10:00+00:00,0.0,0.0,24.11,1.17,0.0
2020-08-27 23:10:00+00:00,0.0,0.0,23.48,1.31,0.0
2020-08-28 00:10:00+00:00,0.0,0.0,22.98,0.55,0.0
2020-08-28 01:10:00+00:00,0.0,0.0,22.68,0.48,0.0
2020-08-28 02:10:00+00:00,0.0,0.0,22.77,1.38,0.0
2020-08-28 03:10:00+00:00,0.0,0.0,22.3,1.03,0.0
2020-08-28 04:10:00+00:00,0.0,0.0,21.9,0.9,0.0
2020-08-28 05:10:00+00:00,0.0,0.0,21.08,1.1,0.0
2020-08-28 06:10:00+00:00,69.0,7.43,21.16,0.55,0.0
2020-08-28 07:10:00+00:00,233.0,19.18,23.13,0.62,0.0
2020-08-28 08:10:00+00:00,427.0,30.82,25.79,1.52,0.0
2020-08-28 09:10:00+00:00,565.0,41.96,27.53,2.0,0.0
2020-08-28 10:10:00+00:00,769.01,51.85,29.57,2.62,0.0
2020-08-28 11:10:00+00:00,848.01,59.07,30.62,3.1,0.0
2020-08-28 12:10:00+00:00,867.01,61.4,31.55,3.31,0.0
2020-08-28 13:10:00+00:00,829.01,57.72,32.19,3.52,0.0
2020-08-28 14:10:00+00:00,735.01,49.69,32.6,3.93,0.0
2020-08-28 15:10:00+00:00,533.0,39.41,32.23,4.21,0.0
2020-08-28 16:10:00+00:00,405.0,28.1,30.64,4.28,0.0
2020-08-28 17:10:00+00:00,219.0,16.4,29.02,4.14,0.0
2020-08-28 18:10:00+00:00,28.09,4.68,27.67,3.03,0.0
2020-08-28 19:10:00+00:00,0.0,0.0,26.74,1.59,0.0
2020-08-28 20:10:00+00:00,0.0,0.0,26.27,0.69,0.0
2020-08-28 21:10:00+00:00,0.0,0.0,25.32,0.34,0.0
2020-08-28 22:10:00+00:00,0.0,0.0,24.38,1.31,0.0
2020-08-28 23:10:00+00:00,0.0,0.0,24.34,1.66,0.0
2020-08-29 00:10:00+00:00,0.0,0.0,24.08,2.41,0.0
2020-08-29 01:10:00+00:00,0.0,0.0,23.59,2.83,0.0
2020-08-29 02:10:00+00:00,0.0,0.0,23.1,2.76,0.0
2020-08-29 03:10:00+00:00,0.0,0.0,22.33,2.69,0.0
2020-08-29 04:10:00+00:00,0.0,0.0,21.79,2.9,0.0
2020-08-29 05:10:00+00:00,0.0,0.0,21.54,3.38,0.0
2020-08-29 06:10:00+00:00,71.0,7.28,21.59,3.66,0.0
2020-08-29 07:10:00+00:00,184.0,19.02,22.49,3.93,0.0
2020-08-29 08:10:00+00:00,395.0,30.66,24.23,3.93,0.0
2020-08-29 09:10:00+00:00,448.0,41.77,25.76,3.79,0.0
2020-08-29 10:10:00+00:00,754.01,51.61,26.51,1.1,0.0
2020-08-29 11:10:00+00:00,836.01,58.77,26.86,1.66,0.0
2020-08-29 12:10:00+00:00,859.01,61.04,27.58,3.24,0.0
2020-08-29 13:10:00+00:00,791.01,57.37,27.48,2.28,0.0
2020-08-29 14:10:00+00:00,731.01,49.37,25.37,2.83,0.0
2020-08-29 15:10:00+00:00,450.0,39.11,24.52,3.45,0.0
2020-08-29 16:10:00+00:00,37.0,27.82,22.43,3.52,0.0
2020-08-29 17:10:00+00:00,69.0,16.13,21.64,4.14,0.0
2020-08-29 18:10:00+00:00,28.6,4.4,21.03,3.72,0.0
2020-08-29 19:10:00+00:00,0.0,0.0,20.48,2.97,0.0
2020-08-29 20:10:00+00:00,0.0,0.0,19.72,2.34,0.0
2020-08-29 21:10:00+00:00,0.0,0.0,19.39,2.0,0.0
2020-08-29 22:10:00+00:00,0.0,0.0,18.13,1.31,0.0
2020-08-29 23:10:00+00:00,0.0,0.0,17.91,1.03,0.0
2020-08-30 00:10:00+00:00,0.0,0.0,17.72,1.31,0.0
2020-08-30 01:10:00+00:00,0.0,0.0,17.03,1.38,0.0
2020-08-30 02:10:00+00:00,0.0,0.0,16.73,1.1,0.0
2020-08-30 03:10:00+00:00,0.0,0.0,16.36,1.31,0.0
2020-08-30 04:10:00+00:00,0.0,0.0,15.96,1.59,0.0
2020-08-30 05:10:00+00:00,0.0,0.0,15.86,1.59,0.0
2020-08-30 06:10:00+00:00,74.0,7.12,15.91,1.03,0.0
2020-08-30 07:10:00+00:00,255.0,18.87,18.02,1.31,0.0
2020-08-30 08:10:00+00:00,422.0,30.5,20.51,1.1,0.0
2020-08-30 09:10:00+00:00,485.0,41.58,22.19,0.48,0.0
2020-08-30 10:10:00+00:00,371.0,51.38,23.58,1.31,0.0
2020-08-30 11:10:00+00:00,560.0,58.46,24.37,1.24,0.0
2020-08-30 12:10:00+00:00,661.0,60.68,25.03,1.86,0.0
2020-08-30 13:10:00+00:00,554.0,57.02,25.5,2.69,0.0
2020-08-30 14:10:00+00:00,746.01,49.04,25.27,3.66,0.0
2020-08-30 15:10:00+00:00,605.0,38.82,24.25,4.0,0.0
2020-08-30 16:10:00+00:00,422.0,27.54,22.79,4.48,0.0
2020-08-30 17:10:00+00:00,219.0,15.85,21.86,4.48,0.0
2020-08-30 18:10:00+00:00,30.01,4.12,21.47,4.21,0.0
2020-08-30 19:10:00+00:00,0.0,0.0,20.42,2.76,0.0
2020-08-30 20:10:00+00:00,0.0,0.0,19.54,1.38,0.0
2020-08-30 21:10:00+00:00,0.0,0.0,18.84,0.55,0.0
2020-08-30 22:10:00+00:00,0.0,0.0,18.04,1.38,0.0
2020-08-30 23:10:00+00:00,0.0,0.0,17.14,1.31,0.0
2020-08-31 00:10:00+00:00,0.0,0.0,16.57,1.79,0.0
2020-08-31 01:10:00+00:00,0.0,0.0,16.65,1.79,0.0
2020-08-31 02:10:00+00:00,0.0,0.0,16.21,1.59,0.0
2020-08-31 03:10:00+00:00,0.0,0.0,15.89,1.86,0.0
2020-08-31 04:10:00+00:00,0.0,0.0,15.55,1.93,0.0
2020-08-31 05:10:00+00:00,0.0,0.0,15.51,1.72,0.0
2020-08-31 06:10:00+00:00,74.0,6.96,15.69,1.17,0.0
2020-08-31 07:10:00+00:00,270.0,18.71,18.22,1.86,0.0
2020-08-31 08:10:00+00:00,470.0,30.33,21.17,1.31,0.0
2020-08-31 09:10:00+00:00,646.01,41.38,22.88,2.07,0.0
2020-08-31 10:10:00+00:00,789.01,51.13,24.63,2.0,0.0
2020-08-31 11:10:00+00:00,874.01,58.15,25.34,1.79,0.0
2020-08-31 12:10:00+00:00,898.01,60.32,25.89,2.0,0.0
2020-08-31 13:10:00+00:00,858.01,56.66,25.95,3.03,0.0
2020-08-31 14:10:00+00:00,758.01,48.71,25.97,3.59,0.0
2020-08-31 15:10:00+00:00,607.0,38.51,25.55,4.0,0.0
2020-08-31 16:10:00+00:00,420.0,27.25,24.81,4.48,0.0
2020-08-31 17:10:00+00:00,216.0,15.57,23.32,4.55,0.0
2020-08-31 18:10:00+00:00,28.66,3.84,22.08,3.86,0.0
2020-08-31 19:10:00+00:00,0.0,0.0,21.25,2.62,0.0
2020-08-31 20:10:00+00:00,0.0,0.0,20.54,1.93,0.0
2020-08-31 21:10:00+00:00,0.0,0.0,19.48,1.52,0.0
2020-08-31 22:10:00+00:00,0.0,0.0,19.53,1.38,0.0
2020-08-31 23:10:00+00:00,0.0,0.0,19.11,1.38,0.0
2020-09-01 00:10:00+00:00,0.0,0.0,17.88,1.17,0.0
2020-09-01 01:10:00+00:00,0.0,0.0,17.44,1.31,0.0
2020-09-01 02:10:00+00:00,0.0,0.0,16.88,1.72,0.0
2020-09-01 03:10:00+00:00,0.0,0.0,16.02,1.31,0.0
2020-09-01 04:10:00+00:00,0.0,0.0,15.66,1.1,0.0
2020-09-01 05:10:00+00:00,0.0,0.0,15.52,0.83,0.0
2020-09-01 06:10:00+00:00,68.0,6.81,15.71,0.62,0.0
2020-09-01 07:10:00+00:00,252.0,18.56,18.36,0.34,0.0
2020-09-01 08:10:00+00:00,453.0,30.16,21.44,0.9,0.0
2020-09-01 09:10:00+00:00,604.0,41.19,22.77,1.52,0.0
2020-09-01 10:10:00+00:00,440.0,50.89,24.5,1.52,0.0
2020-09-01 11:10:00+00:00,529.0,57.84,25.18,2.0,0.0
2020-09-01 12:10:00+00:00,436.0,59.96,25.14,2.28,0.0
2020-09-01 13:10:00+00:00,359.0,56.29,25.0,2.62,0.0
2020-09-01 14:10:00+00:00,149.0,48.38,24.53,2.9,0.0
2020-09-01 15:10:00+00:00,137.0,38.21,23.92,2.69,0.0
2020-09-01 16:10:00+00:00,122.0,26.96,23.63,2.62,0.0
2020-09-01 17:10:00+00:00,66.0,15.28,23.21,2.55,0.0
2020-09-01 18:10:00+00:00,20.35,3.55,22.48,2.21,0.0
2020-09-01 19:10:00+00:00,0.0,0.0,21.62,1.66,0.0
2020-09-01 20:10:00+00:00,0.0,0.0,20.86,1.31,0.0
2020-09-01 21:10:00+00:00,0.0,0.0,20.05,1.17,0.0
2020-09-01 22:10:00+00:00,0.0,0.0,19.82,0.97,0.0
2020-09-01 23:10:00+00:00,0.0,0.0,19.75,0.28,0.0
2020-09-02 00:10:00+00:00,0.0,0.0,19.68,0.97,0.0
2020-09-02 01:10:00+00:00,0.0,0.0,19.31,0.83,0.0
2020-09-02 02:10:00+00:00,0.0,0.0,19.14,1.31,0.0
2020-09-02 03:10:00+00:00,0.0,0.0,18.87,1.1,0.0
2020-09-02 04:10:00+00:00,0.0,0.0,18.8,1.1,0.0
2020-09-02 05:10:00+00:00,0.0,0.0,18.3,1.59,0.0
2020-09-02 06:10:00+00:00,63.0,6.65,18.07,1.93,0.0
2020-09-02 07:10:00+00:00,245.0,18.4,19.86,1.93,0.0
2020-09-02 08:10:00+00:00,444.0,29.99,22.35,1.66,0.0
2020-09-02 09:10:00+00:00,578.0,40.99,23.7,1.38,0.0
2020-09-02 10:10:00+00:00,740.01,50.64,25.3,1.93,0.0
2020-09-02 11:10:00+00:00,834.01,57.52,26.26,2.55,0.0
2020-09-02 12:10:00+00:00,857.01,59.59,25.89,2.55,0.0
2020-09-02 13:10:00+00:00,813.01,55.93,25.36,2.21,0.0
2020-09-02 14:10:00+00:00,715.01,48.05,23.59,2.69,0.0
2020-09-02 15:10:00+00:00,532.0,37.9,23.45,2.62,0.0
2020-09-02 16:10:00+00:00,395.0,26.67,23.96,2.48,0.0
2020-09-02 17:10:00+00:00,196.0,14.99,23.57,2.34,0.0
2020-09-02 18:10:00+00:00,16.61,3.26,22.92,1.72,0.0
2020-09-02 19:10:00+00:00,0.0,0.0,21.99,2.21,0.0
2020-09-02 20:10:00+00:00,0.0,0.0,21.29,1.1,0.0
2020-09-02 21:10:00+00:00,0.0,0.0,20.52,1.38,0.0
2020-09-02 22:10:00+00:00,0.0,0.0,20.0,1.24,0.0
2020-09-02 23:10:00+00:00,0.0,0.0,19.52,1.17,0.0
2020-09-03 00:10:00+00:00,0.0,0.0,19.12,0.55,0.0
2020-09-03 01:10:00+00:00,0.0,0.0,18.66,0.41,0.0
2020-09-03 02:10:00+00:00,0.0,0.0,18.32,0.62,0.0
2020-09-03 03:10:00+00:00,0.0,0.0,17.75,0.9,0.0
2020-09-03 04:10:00+00:00,0.0,0.0,17.16,1.03,0.0
2020-09-03 05:10:00+00:00,0.0,0.0,16.96,1.1,0.0
2020-09-03 06:10:00+00:00,64.0,6.49,17.06,0.97,0.0
2020-09-03 07:10:00+00:00,223.0,18.24,19.59,0.76,0.0
2020-09-03 08:10:00+00:00,450.0,29.82,22.4,0.9,0.0
2020-09-03 09:10:00+00:00,632.01,40.79,24.34,1.72,0.0
2020-09-03 10:10:00+00:00,761.01,50.39,25.6,2.55,0.0
2020-09-03 11:10:00+00:00,849.01,57.2,26.07,3.24,0.0
2020-09-03 12:10:00+00:00,871.01,59.22,26.51,3.45,0.0
2020-09-03 13:10:00+00:00,830.01,55.56,26.4,3.79,0.0
2020-09-03 14:10:00+00:00,735.01,47.71,26.5,4.0,0.0
2020-09-03 15:10:00+00:00,584.0,37.59,26.4,4.0,0.0
2020-09-03 16:10:00+00:00,398.0,26.37,25.52,3.93,0.0
2020-09-03 17:10:00+00:00,196.0,14.7,24.42,3.38,0.0
2020-09-03 18:10:00+00:00,16.57,2.97,23.39,2.28,0.0
2020-09-03 19:10:00+00:00,0.0,0.0,22.04,1.79,0.0
2020-09-03 20:10:00+00:00,0.0,0.0,21.02,1.59,0.0
2020-09-03 21:10:00+00:00,0.0,0.0,20.36,1.31,0.0
2020-09-03 22:10:00+00:00,0.0,0.0,19.89,1.17,0.0
2020-09-03 23:10:00+00:00,0.0,0.0,18.94,0.62,0.0
2020-09-04 00:10:00+00:00,0.0,0.0,18.18,0.28,0.0
2020-09-04 01:10:00+00:00,0.0,0.0,17.64,0.83,0.0
2020-09-04 02:10:00+00:00,0.0,0.0,17.0,1.03,0.0
2020-09-04 03:10:00+00:00,0.0,0.0,16.65,1.03,0.0
2020-09-04 04:10:00+00:00,0.0,0.0,16.35,0.9,0.0
2020-09-04 05:10:00+00:00,0.0,0.0,16.28,0.83,0.0
2020-09-04 06:10:00+00:00,61.0,6.33,16.63,0.62,0.0
2020-09-04 07:10:00+00:00,251.0,18.09,19.46,1.03,0.0
2020-09-04 08:10:00+00:00,451.0,29.65,22.5,1.52,0.0
2020-09-04 09:10:00+00:00,597.0,40.59,24.07,2.34,0.0
2020-09-04 10:10:00+00:00,756.01,50.14,25.57,3.59,0.0
2020-09-04 11:10:00+00:00,834.01,56.88,26.19,3.86,0.0
2020-09-04 12:10:00+00:00,847.01,58.85,26.54,3.86,0.0
2020-09-04 13:10:00+00:00,825.01,55.19,26.7,3.93,0.0
2020-09-04 14:10:00+00:00,725.01,47.37,26.7,4.14,0.0
2020-09-04 15:10:00+00:00,578.0,37.27,26.4,4.28,0.0
2020-09-04 16:10:00+00:00,390.0,26.07,25.8,4.21,0.0
2020-09-04 17:10:00+00:00,191.0,14.41,24.59,3.79,0.0
2020-09-04 18:10:00+00:00,13.62,2.67,23.57,2.83,0.0
2020-09-04 19:10:00+00:00,0.0,0.0,22.37,1.52,0.0
2020-09-04 20:10:00+00:00,0.0,0.0,21.38,1.66,0.0
2020-09-04 21:10:00+00:00,0.0,0.0,21.21,1.1,0.0
2020-09-04 22:10:00+00:00,0.0,0.0,20.84,0.97,0.0
2020-09-04 23:10:00+00:00,0.0,0.0,19.78,0.41,0.0
2020-09-05 00:10:00+00:00,0.0,0.0,19.17,0.21,0.0
2020-09-05 01:10:00+00:00,0.0,0.0,18.42,0.41,0.0
2020-09-05 02:10:00+00:00,0.0,0.0,17.94,0.76,0.0
2020-09-05 03:10:00+00:00,0.0,0.0,17.73,0.97,0.0
2020-09-05 04:10:00+00:00,0.0,0.0,17.54,1.1,0.0
2020-09-05 05:10:00+00:00,0.0,0.0,17.3,1.03,0.0
2020-09-05 06:10:00+00:00,58.0,6.18,17.44,0.69,0.0
2020-09-05 07:10:00+00:00,247.0,17.93,19.69,0.62,0.0
2020-09-05 08:10:00+00:00,443.0,29.48,22.21,0.69,0.0
2020-09-05 09:10:00+00:00,618.01,40.39,23.85,1.79,0.0
2020-09-05 10:10:00+00:00,754.01,49.88,26.1,1.52,0.0
2020-09-05 11:10:00+00:00,836.01,56.56,27.12,2.07,0.0
2020-09-05 12:10:00+00:00,862.01,58.47,27.68,2.41,0.0
2020-09-05 13:10:00+00:00,812.01,54.82,27.29,2.76,0.0
2020-09-05 14:10:00+00:00,709.01,47.02,27.01,3.38,0.0
2020-09-05 15:10:00+00:00,342.0,36.95,26.63,3.66,0.0
2020-09-05 16:10:00+00:00,366.0,25.77,26.15,3.79,0.0
2020-09-05 17:10:00+00:00,181.0,14.12,25.04,3.45,0.0
2020-09-05 18:10:00+00:00,9.84,2.37,23.94,2.69,0.0
2020-09-05 19:10:00+00:00,0.0,0.0,22.79,1.72,0.0
2020-09-05 20:10:00+00:00,0.0,0.0,21.65,0.9,0.0
2020-09-05 21:10:00+00:00,0.0,0.0,21.61,0.48,0.0
2020-09-05 22:10:00+00:00,0.0,0.0,20.95,0.48,0.0
2020-09-05 23:10:00+00:00,0.0,0.0,19.88,0.62,0.0
2020-09-06 00:10:00+00:00,0.0,0.0,19.15,0.9,0.0
2020-09-06 01:10:00+00:00,0.0,0.0,18.84,1.24,0.0
2020-09-06 02:10:00+00:00,0.0,0.0,18.33,1.17,0.0
2020-09-06 03:10:00+00:00,0.0,0.0,18.08,1.31,0.0
2020-09-06 04:10:00+00:00,0.0,0.0,17.98,1.31,0.0
2020-09-06 05:10:00+00:00,0.0,0.0,17.74,1.38,0.0
2020-09-06 06:10:00+00:00,55.0,6.02,17.77,0.9,0.0
2020-09-06 07:10:00+00:00,245.0,17.77,19.61,0.83,0.0
2020-09-06 08:10:00+00:00,445.0,29.3,22.16,0.9,0.0
2020-09-06 09:10:00+00:00,615.01,40.18,23.92,1.72,0.0
2020-09-06 10:10:00+00:00,737.01,49.62,25.57,1.86,0.0
2020-09-06 11:10:00+00:00,841.01,56.23,26.46,2.14,0.0
2020-09-06 12:10:00+00:00,848.01,58.1,26.92,2.41,0.0
2020-09-06 13:10:00+00:00,807.01,54.44,27.27,2.83,0.0
2020-09-06 14:10:00+00:00,703.01,46.68,27.37,3.24,0.0
2020-09-06 15:10:00+00:00,562.0,36.63,27.16,3.52,0.0
2020-09-06 16:10:00+00:00,376.0,25.47,26.51,3.52,0.0
2020-09-06 17:10:00+00:00,180.0,13.82,24.98,3.31,0.0
2020-09-06 18:10:00+00:00,0.0,0.0,23.68,2.9,0.0
2020-09-06 19:10:00+00:00,0.0,0.0,22.73,2.34,0.0
2020-09-06 20:10:00+00:00,0.0,0.0,21.71,1.38,0.0
2020-09-06 21:10:00+00:00,0.0,0.0,21.3,1.1,0.0
2020-09-06 22:10:00+00:00,0.0,0.0,20.88,0.97,0.0
2020-09-06 23:10:00+00:00,0.0,0.0,20.35,1.17,0.0
2020-09-07 00:10:00+00:00,0.0,0.0,19.65,1.24,0.0
2020-09-07 01:10:00+00:00,0.0,0.0,19.22,0.9,0.0
2020-09-07 02:10:00+00:00,0.0,0.0,18.74,0.55,0.0
2020-09-07 03:10:00+00:00,0.0,0.0,18.83,0.55,0.0
2020-09-07 04:10:00+00:00,0.0,0.0,18.97,0.55,0.0
2020-09-07 05:10:00+00:00,0.0,0.0,18.69,0.48,0.0
2020-09-07 06:10:00+00:00,50.0,5.86,18.99,0.07,0.0
2020-09-07 07:10:00+00:00,148.0,17.6,20.32,0.34,0.0
2020-09-07 08:10:00+00:00,305.0,29.13,22.27,1.1,0.0
2020-09-07 09:10:00+00:00,531.0,39.97,22.56,2.0,0.0
2020-09-07 10:10:00+00:00,362.0,49.36,22.87,2.28,0.0
2020-09-07 11:10:00+00:00,711.01,55.91,22.74,3.31,0.0
2020-09-07 12:10:00+00:00,470.0,57.72,22.1,4.55,0.0
2020-09-07 13:10:00+00:00,710.01,54.07,21.65,4.9,0.0
2020-09-07 14:10:00+00:00,692.01,46.33,22.61,4.69,0.0
2020-09-07 15:10:00+00:00,480.0,36.31,23.56,4.69,0.0
2020-09-07 16:10:00+00:00,203.0,25.16,23.65,4.76,0.0
2020-09-07 17:10:00+00:00,144.0,13.52,22.52,5.1,0.0
2020-09-07 18:10:00+00:00,0.0,0.0,21.04,5.38,0.0
2020-09-07 19:10:00+00:00,0.0,0.0,19.95,4.76,0.0
2020-09-07 20:10:00+00:00,0.0,0.0,19.52,3.66,0.0
2020-09-07 21:10:00+00:00,0.0,0.0,19.07,2.97,0.0
2020-09-07 22:10:00+00:00,0.0,0.0,18.47,1.66,0.0
2020-09-07 23:10:00+00:00,0.0,0.0,18.15,1.72,0.0
2020-09-08 00:10:00+00:00,0.0,0.0,17.97,1.93,0.0
2020-09-08 01:10:00+00:00,0.0,0.0,17.45,1.86,0.0
2020-09-08 02:10:00+00:00,0.0,0.0,17.11,2.14,0.0
2020-09-08 03:10:00+00:00,0.0,0.0,17.02,2.97,0.0
2020-09-08 04:10:00+00:00,0.0,0.0,16.58,3.17,0.0
2020-09-08 05:10:00+00:00,0.0,0.0,16.18,2.97,0.0
2020-09-08 06:10:00+00:00,33.1,5.7,16.37,2.48,0.0
2020-09-08 07:10:00+00:00,209.0,17.44,17.46,2.62,0.0
2020-09-08 08:10:00+00:00,429.0,28.95,19.8,3.1,0.0
2020-09-08 09:10:00+00:00,556.0,39.76,21.61,3.45,0.0
2020-09-08 10:10:00+00:00,711.01,49.1,22.89,3.38,0.0
2020-09-08 11:10:00+00:00,815.01,55.57,23.75,3.38,0.0
2020-09-08 12:10:00+00:00,808.01,57.34,24.67,3.38,0.0
2020-09-08 13:10:00+00:00,768.01,53.69,24.37,3.45,0.0
2020-09-08 14:10:00+00:00,667.01,45.98,24.25,3.52,0.0
2020-09-08 15:10:00+00:00,471.0,35.98,23.84,3.72,0.0
2020-09-08 16:10:00+00:00,136.0,24.85,23.25,3.79,0.0
2020-09-08 17:10:00+00:00,141.0,13.22,22.56,3.59,0.0
2020-09-08 18:10:00+00:00,0.0,0.0,21.78,2.69,0.0
2020-09-08 19:10:00+00:00,0.0,0.0,20.53,1.17,0.0
2020-09-08 20:10:00+00:00,0.0,0.0,19.65,0.76,0.0
2020-09-08 21:10:00+00:00,0.0,0.0,18.74,1.38,0.0
2020-09-08 22:10:00+00:00,0.0,0.0,18.42,1.24,0.0
2020-09-08 23:10:00+00:00,0.0,0.0,18.22,1.79,0.0
2020-09-09 00:10:00+00:00,0.0,0.0,17.87,1.31,0.0
2020-09-09 01:10:00+00:00,0.0,0.0,17.34,1.59,0.0
2020-09-09 02:10:00+00:00,0.0,0.0,16.92,1.66,0.0
2020-09-09 03:10:00+00:00,0.0,0.0,16.51,2.55,0.0
2020-09-09 04:10:00+00:00,0.0,0.0,16.46,1.59,0.0
2020-09-09 05:10:00+00:00,0.0,0.0,16.37,1.79,0.0
2020-09-09 06:10:00+00:00,44.06,5.54,16.47,2.07,0.0
2020-09-09 07:10:00+00:00,234.0,17.28,17.9,2.9,0.0
2020-09-09 08:10:00+00:00,428.0,28.77,20.58,3.24,0.0
2020-09-09 09:10:00+00:00,605.01,39.55,22.53,3.03,0.0
2020-09-09 10:10:00+00:00,736.01,48.84,24.55,2.41,0.0
2020-09-09 11:10:00+00:00,816.01,55.24,25.29,2.14,0.0
2020-09-09 12:10:00+00:00,832.01,56.96,25.73,1.79,0.0
2020-09-09 13:10:00+00:00,794.01,53.31,26.06,1.93,0.0
2020-09-09 14:10:00+00:00,689.01,45.62,25.98,2.28,0.0
2020-09-09 15:10:00+00:00,453.0,35.66,25.35,2.21,0.0
2020-09-09 16:10:00+00:00,280.0,24.54,24.74,1.93,0.0
2020-09-09 17:10:00+00:00,142.0,12.91,23.67,2.34,0.0
2020-09-09 18:10:00+00:00,0.0,0.0,22.7,1.93,0.0
2020-09-09 19:10:00+00:00,0.0,0.0,21.44,0.97,0.0
2020-09-09 20:10:00+00:00,0.0,0.0,20.34,0.55,0.0
2020-09-09 21:10:00+00:00,0.0,0.0,19.57,0.07,0.0
2020-09-09 22:10:00+00:00,0.0,0.0,19.15,0.76,0.0
2020-09-09 23:10:00+00:00,0.0,0.0,18.57,1.03,0.0
2020-09-10 00:10:00+00:00,0.0,0.0,18.19,1.03,0.0
2020-09-10 01:10:00+00:00,0.0,0.0,17.82,1.24,0.0
2020-09-10 02:10:00+00:00,0.0,0.0,17.4,1.31,0.0
2020-09-10 03:10:00+00:00,0.0,0.0,17.16,1.24,0.0
2020-09-10 04:10:00+00:00,0.0,0.0,16.85,1.17,0.0
2020-09-10 05:10:00+00:00,0.0,0.0,16.69,0.97,0.0
2020-09-10 06:10:00+00:00,41.57,5.38,16.6,0.62,0.0
2020-09-10 07:10:00+00:00,227.0,17.12,18.94,0.55,0.0
2020-09-10 08:10:00+00:00,420.0,28.59,22.2,0.34,0.0
2020-09-10 09:10:00+00:00,598.01,39.34,24.02,1.03,0.0
2020-09-10 10:10:00+00:00,727.01,48.57,25.54,1.24,0.0
2020-09-10 11:10:00+00:00,803.01,54.91,26.53,1.66,0.0
2020-09-10 12:10:00+00:00,769.01,56.58,27.07,1.66,0.0
2020-09-10 13:10:00+00:00,780.01,52.92,27.12,2.07,0.0
2020-09-10 14:10:00+00:00,602.0,45.27,26.61,2.9,0.0
2020-09-10 15:10:00+00:00,482.0,35.33,25.74,3.52,0.0
2020-09-10 16:10:00+00:00,347.0,24.23,25.35,3.72,0.0
2020-09-10 17:10:00+00:00,150.0,12.61,24.34,3.45,0.0
2020-09-10 18:10:00+00:00,0.0,0.0,23.13,2.69,0.0
2020-09-10 19:10:00+00:00,0.0,0.0,22.29,1.59,0.0
2020-09-10 20:10:00+00:00,0.0,0.0,21.11,1.1,0.0
2020-09-10 21:10:00+00:00,0.0,0.0,20.41,1.31,0.0
2020-09-10 22:10:00+00:00,0.0,0.0,19.48,1.24,0.0
2020-09-10 23:10:00+00:00,0.0,0.0,18.97,1.03,0.0
2020-09-11 00:10:00+00:00,0.0,0.0,18.67,1.17,0.0
2020-09-11 01:10:00+00:00,0.0,0.0,18.38,1.1,0.0
2020-09-11 02:10:00+00:00,0.0,0.0,17.94,1.1,0.0
2020-09-11 03:10:00+00:00,0.0,0.0,17.39,0.83,0.0
2020-09-11 04:10:00+00:00,0.0,0.0,17.08,0.69,0.0
2020-09-11 05:10:00+00:00,0.0,0.0,16.78,0.62,0.0
2020-09-11 06:10:00+00:00,39.82,5.21,16.66,0.69,0.0
2020-09-11 07:10:00+00:00,225.0,16.95,19.47,1.17,0.0
2020-09-11 08:10:00+00:00,422.0,28.41,23.36,1.59,0.0
2020-09-11 09:10:00+00:00,595.01,39.12,25.35,2.28,0.0
2020-09-11 10:10:00+00:00,715.01,48.3,27.21,2.55,0.0
2020-09-11 11:10:00+00:00,811.01,54.57,28.27,2.83,0.0
2020-09-11 12:10:00+00:00,812.01,56.19,28.88,3.03,0.0
2020-09-11 13:10:00+00:00,779.01,52.54,29.29,3.31,0.0
2020-09-11 14:10:00+00:00,678.01,44.91,29.1,3.59,0.0
2020-09-11 15:10:00+00:00,526.0,34.99,28.71,4.0,0.0
2020-09-11 16:10:00+00:00,292.0,23.91,27.8,4.41,0.0
2020-09-11 17:10:00+00:00,148.0,12.3,26.3,3.59,0.0
2020-09-11 18:10:00+00:00,0.0,0.0,24.66,2.55,0.0
2020-09-11 19:10:00+00:00,0.0,0.0,23.37,1.59,0.0
2020-09-11 20:10:00+00:00,0.0,0.0,22.94,1.52,0.0
2020-09-11 21:10:00+00:00,0.0,0.0,21.77,1.1,0.0
2020-09-11 22:10:00+00:00,0.0,0.0,20.7,1.24,0.0
2020-09-11 23:10:00+00:00,0.0,0.0,20.2,1.31,0.0
2020-09-12 00:10:00+00:00,0.0,0.0,19.9,1.1,0.0
2020-09-12 01:10:00+00:00,0.0,0.0,19.23,1.17,0.0
2020-09-12 02:10:00+00:00,0.0,0.0,18.75,1.24,0.0
2020-09-12 03:10:00+00:00,0.0,0.0,18.29,1.31,0.0
2020-09-12 04:10:00+00:00,0.0,0.0,18.07,1.03,0.0
2020-09-12 05:10:00+00:00,0.0,0.0,17.88,1.59,0.0
2020-09-12 06:10:00+00:00,37.32,5.05,18.29,1.17,0.0
2020-09-12 07:10:00+00:00,222.0,16.78,20.35,0.62,0.0
2020-09-12 08:10:00+00:00,415.0,28.23,23.82,0.07,0.0
2020-09-12 09:10:00+00:00,589.01,38.9,25.95,0.69,0.0
2020-09-12 10:10:00+00:00,729.01,48.03,28.34,0.83,0.0
2020-09-12 11:10:00+00:00,804.01,54.23,29.22,2.0,0.0
2020-09-12 12:10:00+00:00,827.01,55.8,29.57,2.83,0.0
2020-09-12 13:10:00+00:00,784.01,52.15,29.77,3.52,0.0
2020-09-12 14:10:00+00:00,681.01,44.55,29.38,4.0,0.0
2020-09-12 15:10:00+00:00,527.01,34.66,28.64,4.07,0.0
2020-09-12 16:10:00+00:00,341.0,23.6,27.87,3.66,0.0
2020-09-12 17:10:00+00:00,147.0,11.99,26.51,3.1,0.0
2020-09-12 18:10:00+00:00,0.0,0.0,25.17,2.28,0.0
2020-09-12 19:10:00+00:00,0.0,0.0,23.84,1.03,0.0
2020-09-12 20:10:00+00:00,0.0,0.0,22.79,1.03,0.0
2020-09-12 21:10:00+00:00,0.0,0.0,22.93,0.41,0.0
2020-09-12 22:10:00+00:00,0.0,0.0,21.63,0.97,0.0
2020-09-12 23:10:00+00:00,0.0,0.0,20.74,0.62,0.0
2020-09-13 00:10:00+00:00,0.0,0.0,19.69,0.76,0.0
2020-09-13 01:10:00+00:00,0.0,0.0,19.31,1.24,0.0
2020-09-13 02:10:00+00:00,0.0,0.0,18.87,1.24,0.0
2020-09-13 03:10:00+00:00,0.0,0.0,18.55,1.31,0.0
2020-09-13 04:10:00+00:00,0.0,0.0,18.42,2.21,0.0
2020-09-13 05:10:00+00:00,0.0,0.0,18.11,1.52,0.0
2020-09-13 06:10:00+00:00,36.33,4.89,18.05,2.48,0.0
2020-09-13 07:10:00+00:00,220.0,16.62,20.47,1.93,0.0
2020-09-13 08:10:00+00:00,413.0,28.04,24.22,1.59,0.0
2020-09-13 09:10:00+00:00,588.01,38.68,26.5,2.07,0.0
2020-09-13 10:10:00+00:00,716.01,47.75,28.24,3.1,0.0
2020-09-13 11:10:00+00:00,799.01,53.89,28.89,3.79,0.0
2020-09-13 12:10:00+00:00,809.01,55.42,29.17,4.14,0.0
2020-09-13 13:10:00+00:00,757.01,51.77,29.28,4.34,0.0
2020-09-13 14:10:00+00:00,661.01,44.19,29.0,4.34,0.0
2020-09-13 15:10:00+00:00,375.0,34.33,28.69,4.14,0.0
2020-09-13 16:10:00+00:00,252.0,23.28,27.95,3.79,0.0
2020-09-13 17:10:00+00:00,114.0,11.68,26.65,3.1,0.0
2020-09-13 18:10:00+00:00,0.0,0.0,25.44,2.07,0.0
2020-09-13 19:10:00+00:00,0.0,0.0,24.12,1.38,0.0
2020-09-13 20:10:00+00:00,0.0,0.0,22.74,1.72,0.0
2020-09-13 21:10:00+00:00,0.0,0.0,21.56,1.93,0.0
2020-09-13 22:10:00+00:00,0.0,0.0,21.63,1.86,0.0
2020-09-13 23:10:00+00:00,0.0,0.0,20.5,1.59,0.0
2020-09-14 00:10:00+00:00,0.0,0.0,19.75,1.52,0.0
2020-09-14 01:10:00+00:00,0.0,0.0,19.33,2.14,0.0
2020-09-14 02:10:00+00:00,0.0,0.0,18.96,1.31,0.0
2020-09-14 03:10:00+00:00,0.0,0.0,18.58,1.31,0.0
2020-09-14 04:10:00+00:00,0.0,0.0,18.16,1.66,0.0
2020-09-14 05:10:00+00:00,0.0,0.0,18.42,2.0,0.0
2020-09-14 06:10:00+00:00,33.06,4.73,18.41,2.0,0.0
2020-09-14 07:10:00+00:00,215.0,16.45,20.72,1.66,0.0
2020-09-14 08:10:00+00:00,369.0,27.85,23.45,1.93,0.0
2020-09-14 09:10:00+00:00,441.0,38.46,25.65,2.62,0.0
2020-09-14 10:10:00+00:00,599.0,47.47,27.06,2.9,0.0
2020-09-14 11:10:00+00:00,724.01,53.54,27.67,3.45,0.0
2020-09-14 12:10:00+00:00,653.0,55.03,28.01,3.66,0.0
2020-09-14 13:10:00+00:00,754.01,51.38,28.0,3.72,0.0
2020-09-14 14:10:00+00:00,661.01,43.82,28.12,3.79,0.0
2020-09-14 15:10:00+00:00,505.0,33.99,27.7,3.79,0.0
2020-09-14 16:10:00+00:00,323.0,22.96,27.14,3.79,0.0
2020-09-14 17:10:00+00:00,122.0,11.37,25.58,3.31,0.0
2020-09-14 18:10:00+00:00,0.0,0.0,24.46,2.14,0.0
2020-09-14 19:10:00+00:00,0.0,0.0,23.48,0.97,0.0
2020-09-14 20:10:00+00:00,0.0,0.0,22.94,1.31,0.0
2020-09-14 21:10:00+00:00,0.0,0.0,22.55,1.17,0.0
2020-09-14 22:10:00+00:00,0.0,0.0,22.59,0.9,0.0
2020-09-14 23:10:00+00:00,0.0,0.0,22.13,1.52,0.0
2020-09-15 00:10:00+00:00,0.0,0.0,22.27,2.34,0.0
2020-09-15 01:10:00+00:00,0.0,0.0,22.16,1.93,0.0
2020-09-15 02:10:00+00:00,0.0,0.0,21.48,0.55,0.0
2020-09-15 03:10:00+00:00,0.0,0.0,21.1,0.55,0.0
2020-09-15 04:10:00+00:00,0.0,0.0,20.59,1.17,0.0
2020-09-15 05:10:00+00:00,0.0,0.0,19.84,1.1,0.0
2020-09-15 06:10:00+00:00,31.91,4.56,19.44,1.31,0.0
2020-09-15 07:10:00+00:00,204.0,16.28,21.05,1.52,0.0
2020-09-15 08:10:00+00:00,355.0,27.66,23.9,1.1,0.0
2020-09-15 09:10:00+00:00,573.01,38.24,26.15,1.1,0.0
2020-09-15 10:10:00+00:00,699.01,47.2,27.68,1.1,0.0
2020-09-15 11:10:00+00:00,776.01,53.2,28.96,1.72,0.0
2020-09-15 12:10:00+00:00,789.01,54.64,29.24,2.34,0.0
2020-09-15 13:10:00+00:00,737.01,50.99,28.86,2.97,0.0
2020-09-15 14:10:00+00:00,642.01,43.46,29.07,3.52,0.0
2020-09-15 15:10:00+00:00,498.0,33.65,28.54,3.59,0.0
2020-09-15 16:10:00+00:00,313.0,22.64,27.86,3.17,0.0
2020-09-15 17:10:00+00:00,122.0,11.06,26.65,2.62,0.0
2020-09-15 18:10:00+00:00,0.0,0.0,25.18,1.93,0.0
2020-09-15 19:10:00+00:00,0.0,0.0,24.09,1.24,0.0
2020-09-15 20:10:00+00:00,0.0,0.0,23.0,1.03,0.0
2020-09-15 21:10:00+00:00,0.0,0.0,22.15,1.31,0.0
2020-09-15 22:10:00+00:00,0.0,0.0,21.78,0.14,0.0
2020-09-15 23:10:00+00:00,0.0,0.0,20.97,0.62,0.0
2020-09-16 00:10:00+00:00,0.0,0.0,20.36,0.55,0.0
2020-09-16 01:10:00+00:00,0.0,0.0,19.89,0.55,0.0
2020-09-16 02:10:00+00:00,0.0,0.0,19.27,0.76,0.0
2020-09-16 03:10:00+00:00,0.0,0.0,19.18,1.17,0.0
2020-09-16 04:10:00+00:00,0.0,0.0,18.73,1.24,0.0
2020-09-16 05:10:00+00:00,0.0,0.0,18.43,1.03,0.0
2020-09-16 06:10:00+00:00,28.61,4.4,18.47,0.83,0.0
2020-09-16 07:10:00+00:00,204.0,16.11,20.49,1.03,0.0
2020-09-16 08:10:00+00:00,394.0,27.47,24.25,0.14,0.0
2020-09-16 09:10:00+00:00,566.01,38.01,26.13,1.17,0.0
2020-09-16 10:10:00+00:00,695.01,46.91,28.17,1.59,0.0
2020-09-16 11:10:00+00:00,771.01,52.85,28.74,2.69,0.0
2020-09-16 12:10:00+00:00,792.01,54.25,29.16,3.45,0.0
2020-09-16 13:10:00+00:00,748.01,50.6,29.32,3.79,0.0
2020-09-16 14:10:00+00:00,643.01,43.09,29.14,3.93,0.0
2020-09-16 15:10:00+00:00,451.0,33.31,28.67,3.79,0.0
2020-09-16 16:10:00+00:00,278.0,22.32,27.82,3.17,0.0
2020-09-16 17:10:00+00:00,72.0,10.74,26.44,2.48,0.0
2020-09-16 18:10:00+00:00,0.0,0.0,25.2,1.72,0.0
2020-09-16 19:10:00+00:00,0.0,0.0,23.96,1.1,0.0
2020-09-16 20:10:00+00:00,0.0,0.0,23.31,0.9,0.0
2020-09-16 21:10:00+00:00,0.0,0.0,22.71,1.17,0.0
2020-09-16 22:10:00+00:00,0.0,0.0,21.9,1.38,0.0
2020-09-16 23:10:00+00:00,0.0,0.0,21.86,0.34,0.0
2020-09-17 00:10:00+00:00,0.0,0.0,21.35,0.76,0.0
2020-09-17 01:10:00+00:00,0.0,0.0,21.38,0.55,0.0
2020-09-17 02:10:00+00:00,0.0,0.0,21.02,0.83,0.0
2020-09-17 03:10:00+00:00,0.0,0.0,21.14,0.48,0.0
2020-09-17 04:10:00+00:00,0.0,0.0,21.14,0.69,0.0
2020-09-17 05:10:00+00:00,0.0,0.0,21.0,1.03,0.0
2020-09-17 06:10:00+00:00,16.0,4.23,21.02,1.59,0.0
2020-09-17 07:10:00+00:00,64.0,15.94,21.59,1.31,0.0
2020-09-17 08:10:00+00:00,112.0,27.28,22.79,1.93,0.0
2020-09-17 09:10:00+00:00,179.0,37.78,23.59,1.93,0.0
2020-09-17 10:10:00+00:00,97.0,46.63,24.12,2.83,0.0
2020-09-17 11:10:00+00:00,117.0,52.5,25.05,1.66,0.0
2020-09-17 12:10:00+00:00,611.0,53.85,26.71,2.76,0.0
2020-09-17 13:10:00+00:00,461.0,50.2,27.57,3.24,0.0
2020-09-17 14:10:00+00:00,599.01,42.73,27.34,3.38,0.0
2020-09-17 15:10:00+00:00,456.0,32.97,26.85,3.38,0.0
2020-09-17 16:10:00+00:00,284.0,21.99,26.19,3.17,0.0
2020-09-17 17:10:00+00:00,109.0,10.43,24.99,2.76,0.0
2020-09-17 18:10:00+00:00,0.0,0.0,23.95,2.21,0.0
2020-09-17 19:10:00+00:00,0.0,0.0,23.24,1.66,0.0
2020-09-17 20:10:00+00:00,0.0,0.0,22.65,1.03,0.0
2020-09-17 21:10:00+00:00,0.0,0.0,22.24,0.76,0.0
2020-09-17 22:10:00+00:00,0.0,0.0,21.65,0.76,0.0
2020-09-17 23:10:00+00:00,0.0,0.0,21.57,0.14,0.0
2020-09-18 00:10:00+00:00,0.0,0.0,21.87,0.21,0.0
2020-09-18 01:10:00+00:00,0.0,0.0,21.48,0.21,0.0
2020-09-18 02:10:00+00:00,0.0,0.0,21.23,0.9,0.0
2020-09-18 03:10:00+00:00,0.0,0.0,20.56,1.03,0.0
2020-09-18 04:10:00+00:00,0.0,0.0,20.58,1.1,0.0
2020-09-18 05:10:00+00:00,0.0,0.0,20.34,1.66,0.0
2020-09-18 06:10:00+00:00,10.0,4.07,19.52,1.03,0.0
2020-09-18 07:10:00+00:00,53.0,15.76,19.25,1.66,0.0
2020-09-18 08:10:00+00:00,97.0,27.09,19.99,1.72,0.0
2020-09-18 09:10:00+00:00,130.0,37.55,21.05,1.52,0.0
2020-09-18 10:10:00+00:00,156.0,46.34,22.31,1.24,0.0
2020-09-18 11:10:00+00:00,161.0,52.15,22.4,2.41,0.0
2020-09-18 12:10:00+00:00,102.0,53.46,21.79,3.66,0.0
2020-09-18 13:10:00+00:00,67.0,49.81,21.11,3.1,0.0
2020-09-18 14:10:00+00:00,552.0,42.36,22.29,2.76,0.0
2020-09-18 15:10:00+00:00,324.0,32.63,23.74,3.03,0.0
2020-09-18 16:10:00+00:00,285.0,21.67,23.73,3.1,0.0
2020-09-18 17:10:00+00:00,97.0,10.12,23.31,2.76,0.0
2020-09-18 18:10:00+00:00,0.0,0.0,22.18,2.07,0.0
2020-09-18 19:10:00+00:00,0.0,0.0,21.1,1.24,0.0
2020-09-18 20:10:00+00:00,0.0,0.0,20.63,0.83,0.0
2020-09-18 21:10:00+00:00,0.0,0.0,20.05,0.41,0.0
2020-09-18 22:10:00+00:00,0.0,0.0,19.44,0.41,0.0
2020-09-18 23:10:00+00:00,0.0,0.0,19.34,0.48,0.0
2020-09-19 00:10:00+00:00,0.0,0.0,19.05,0.62,0.0
2020-09-19 01:10:00+00:00,0.0,0.0,18.67,0.69,0.0
2020-09-19 02:10:00+00:00,0.0,0.0,18.27,0.69,0.0
2020-09-19 03:10:00+00:00,0.0,0.0,17.8,1.03,0.0
2020-09-19 04:10:00+00:00,0.0,0.0,17.65,1.24,0.0
2020-09-19 05:10:00+00:00,0.0,0.0,17.1,1.17,0.0
2020-09-19 06:10:00+00:00,24.7,3.9,17.23,1.17,0.0
2020-09-19 07:10:00+00:00,209.0,15.59,18.73,1.66,0.0
2020-09-19 08:10:00+00:00,399.0,26.89,21.58,2.07,0.0
2020-09-19 09:10:00+00:00,577.01,37.32,23.71,2.9,0.0
2020-09-19 10:10:00+00:00,709.01,46.06,25.69,2.34,0.0
2020-09-19 11:10:00+00:00,778.01,51.8,26.97,2.97,0.0
2020-09-19 12:10:00+00:00,794.01,53.07,27.77,3.31,0.0
2020-09-19 13:10:00+00:00,748.01,49.42,28.18,3.86,0.0
2020-09-19 14:10:00+00:00,647.01,41.99,28.53,4.07,0.0
2020-09-19 15:10:00+00:00,491.01,32.28,28.23,3.66,0.0
2020-09-19 16:10:00+00:00,304.0,21.35,28.1,3.31,0.0
2020-09-19 17:10:00+00:00,110.0,9.8,27.02,2.69,0.0
2020-09-19 18:10:00+00:00,0.0,0.0,24.77,1.66,0.0
2020-09-19 19:10:00+00:00,0.0,0.0,23.34,1.93,0.0
2020-09-19 20:10:00+00:00,0.0,0.0,21.93,1.93,0.0
2020-09-19 21:10:00+00:00,0.0,0.0,21.28,2.07,0.0
2020-09-19 22:10:00+00:00,0.0,0.0,20.68,2.0,0.0
2020-09-19 23:10:00+00:00,0.0,0.0,20.09,2.0,0.0
2020-09-20 00:10:00+00:00,0.0,0.0,19.87,2.14,0.0
2020-09-20 01:10:00+00:00,0.0,0.0,19.13,2.0,0.0
2020-09-20 02:10:00+00:00,0.0,0.0,18.97,1.93,0.0
2020-09-20 03:10:00+00:00,0.0,0.0,18.76,2.0,0.0
2020-09-20 04:10:00+00:00,0.0,0.0,18.32,2.14,0.0
2020-09-20 05:10:00+00:00,0.0,0.0,18.0,2.07,0.0
2020-09-20 06:10:00+00:00,21.35,3.73,17.86,2.0,0.0
2020-09-20 07:10:00+00:00,142.0,15.41,19.36,2.34,0.0
2020-09-20 08:10:00+00:00,292.0,26.7,22.32,2.62,0.0
2020-09-20 09:10:00+00:00,523.01,37.08,24.18,2.48,0.0
2020-09-20 10:10:00+00:00,559.0,45.77,25.93,1.66,0.0
2020-09-20 11:10:00+00:00,692.01,51.45,26.98,2.9,0.0
2020-09-20 12:10:00+00:00,698.01,52.67,27.71,3.17,0.0
2020-09-20 13:10:00+00:00,600.0,49.02,28.38,3.03,0.0
2020-09-20 14:10:00+00:00,589.01,41.62,28.48,2.97,0.0
2020-09-20 15:10:00+00:00,477.01,31.94,28.43,3.03,0.0
2020-09-20 16:10:00+00:00,285.0,21.02,28.19,3.38,0.0
2020-09-20 17:10:00+00:00,93.0,9.49,26.16,3.72,0.0
2020-09-20 18:10:00+00:00,0.0,0.0,24.33,3.1,0.0
2020-09-20 19:10:00+00:00,0.0,0.0,22.94,2.48,0.0
2020-09-20 20:10:00+00:00,0.0,0.0,21.72,1.52,0.0
2020-09-20 21:10:00+00:00,0.0,0.0,20.59,1.24,0.0
2020-09-20 22:10:00+00:00,0.0,0.0,20.17,0.62,0.0
2020-09-20 23:10:00+00:00,0.0,0.0,19.44,0.83,0.0
2020-09-21 00:10:00+00:00,0.0,0.0,19.0,1.1,0.0
2020-09-21 01:10:00+00:00,0.0,0.0,18.76,1.1,0.0
2020-09-21 02:10:00+00:00,0.0,0.0,18.45,1.17,0.0
2020-09-21 03:10:00+00:00,0.0,0.0,18.12,1.17,0.0
2020-09-21 04:10:00+00:00,0.0,0.0,18.24,1.31,0.0
2020-09-21 05:10:00+00:00,0.0,0.0,18.02,1.38,0.0
2020-09-21 06:10:00+00:00,22.72,3.56,17.89,1.38,0.0
2020-09-21 07:10:00+00:00,173.0,15.24,19.13,1.79,0.0
2020-09-21 08:10:00+00:00,322.0,26.5,22.16,1.17,0.0
2020-09-21 09:10:00+00:00,498.0,36.85,24.01,1.1,0.0
2020-09-21 10:10:00+00:00,628.01,45.47,26.24,1.1,0.0
2020-09-21 11:10:00+00:00,702.01,51.09,27.14,1.72,0.0
2020-09-21 12:10:00+00:00,754.01,52.28,27.98,1.93,0.0
2020-09-21 13:10:00+00:00,685.01,48.63,28.11,1.72,0.0
2020-09-21 14:10:00+00:00,614.01,41.25,28.36,2.69,0.0
2020-09-21 15:10:00+00:00,453.0,31.6,28.15,2.0,0.0
2020-09-21 16:10:00+00:00,231.0,20.7,27.82,2.76,0.0
2020-09-21 17:10:00+00:00,40.0,9.17,26.13,3.24,0.0
2020-09-21 18:10:00+00:00,0.0,0.0,24.45,3.1,0.0
2020-09-21 19:10:00+00:00,0.0,0.0,23.19,2.41,0.0
2020-09-21 20:10:00+00:00,0.0,0.0,21.67,1.38,0.0
2020-09-21 21:10:00+00:00,0.0,0.0,20.24,0.97,0.0
2020-09-21 22:10:00+00:00,0.0,0.0,19.08,0.41,0.0
2020-09-21 23:10:00+00:00,0.0,0.0,18.62,0.9,0.0
2020-09-22 00:10:00+00:00,0.0,0.0,18.48,1.03,0.0
2020-09-22 01:10:00+00:00,0.0,0.0,18.16,1.31,0.0
2020-09-22 02:10:00+00:00,0.0,0.0,18.01,1.1,0.0
2020-09-22 03:10:00+00:00,0.0,0.0,17.76,1.03,0.0
2020-09-22 04:10:00+00:00,0.0,0.0,17.69,1.17,0.0
2020-09-22 05:10:00+00:00,0.0,0.0,17.27,1.1,0.0
2020-09-22 06:10:00+00:00,17.6,3.39,16.96,0.9,0.0
2020-09-22 07:10:00+00:00,102.0,15.06,18.2,0.83,0.0
2020-09-22 08:10:00+00:00,362.0,26.3,21.66,0.07,0.0
2020-09-22 09:10:00+00:00,541.01,36.61,23.56,0.83,0.0
2020-09-22 10:10:00+00:00,633.01,45.18,25.89,1.03,0.0
2020-09-22 11:10:00+00:00,744.01,50.74,26.96,2.0,0.0
2020-09-22 12:10:00+00:00,767.01,51.88,28.04,2.62,0.0
2020-09-22 13:10:00+00:00,716.01,48.23,28.29,3.17,0.0
2020-09-22 14:10:00+00:00,617.01,40.88,28.71,3.38,0.0
2020-09-22 15:10:00+00:00,451.0,31.25,28.36,3.45,0.0
2020-09-22 16:10:00+00:00,242.0,20.37,26.25,3.72,0.0
2020-09-22 17:10:00+00:00,35.0,8.85,24.82,3.66,0.0
2020-09-22 18:10:00+00:00,0.0,0.0,23.43,2.97,0.0
2020-09-22 19:10:00+00:00,0.0,0.0,22.27,2.21,0.0
2020-09-22 20:10:00+00:00,0.0,0.0,21.4,1.24,0.0
2020-09-22 21:10:00+00:00,0.0,0.0,20.76,0.62,0.0
2020-09-22 22:10:00+00:00,0.0,0.0,20.56,0.21,0.0
2020-09-22 23:10:00+00:00,0.0,0.0,20.37,0.76,0.0
2020-09-23 00:10:00+00:00,0.0,0.0,20.21,1.1,0.0
2020-09-23 01:10:00+00:00,0.0,0.0,19.96,1.38,0.0
2020-09-23 02:10:00+00:00,0.0,0.0,19.27,1.1,0.0
2020-09-23 03:10:00+00:00,0.0,0.0,19.14,1.1,0.0
2020-09-23 04:10:00+00:00,0.0,0.0,18.87,1.1,0.0
2020-09-23 05:10:00+00:00,0.0,0.0,18.47,1.31,0.0
2020-09-23 06:10:00+00:00,14.82,3.22,18.42,1.59,0.0
2020-09-23 07:10:00+00:00,74.0,14.88,19.75,1.79,0.0
2020-09-23 08:10:00+00:00,229.0,26.09,23.07,1.17,0.0
2020-09-23 09:10:00+00:00,476.0,36.37,25.21,1.03,0.0
2020-09-23 10:10:00+00:00,517.0,44.88,27.41,1.72,0.0
2020-09-23 11:10:00+00:00,651.01,50.38,28.74,3.03,0.0
2020-09-23 12:10:00+00:00,639.01,51.48,29.09,3.17,0.0
2020-09-23 13:10:00+00:00,627.01,47.84,29.49,2.97,0.0
2020-09-23 14:10:00+00:00,616.01,40.51,29.21,3.17,0.0
2020-09-23 15:10:00+00:00,444.0,30.91,28.75,3.24,0.0
2020-09-23 16:10:00+00:00,277.0,20.04,28.49,3.31,0.0
2020-09-23 17:10:00+00:00,81.0,8.54,27.63,3.52,0.0
2020-09-23 18:10:00+00:00,0.0,0.0,25.88,2.41,0.0
2020-09-23 19:10:00+00:00,0.0,0.0,24.42,1.86,0.0
2020-09-23 20:10:00+00:00,0.0,0.0,23.93,1.79,0.0
2020-09-23 21:10:00+00:00,0.0,0.0,22.78,1.93,0.0
2020-09-23 22:10:00+00:00,0.0,0.0,21.98,1.72,0.0
2020-09-23 23:10:00+00:00,0.0,0.0,22.25,1.86,0.0
2020-09-24 00:10:00+00:00,0.0,0.0,22.27,2.0,0.0
2020-09-24 01:10:00+00:00,0.0,0.0,21.95,1.93,0.0
2020-09-24 02:10:00+00:00,0.0,0.0,21.31,1.86,0.0
2020-09-24 03:10:00+00:00,0.0,0.0,21.17,1.86,0.0
2020-09-24 04:10:00+00:00,0.0,0.0,20.62,1.93,0.0
2020-09-24 05:10:00+00:00,0.0,0.0,20.02,1.79,0.0
2020-09-24 06:10:00+00:00,11.0,3.05,19.62,1.79,0.0
2020-09-24 07:10:00+00:00,168.0,14.7,21.09,1.93,0.0
2020-09-24 08:10:00+00:00,330.0,25.89,23.85,2.0,0.0
2020-09-24 09:10:00+00:00,288.0,36.12,25.08,3.1,0.0
2020-09-24 10:10:00+00:00,312.0,44.59,26.53,3.38,0.0
2020-09-24 11:10:00+00:00,573.0,50.02,27.69,4.21,0.0
2020-09-24 12:10:00+00:00,757.01,51.09,28.66,5.1,0.0
2020-09-24 13:10:00+00:00,706.01,47.45,29.18,5.52,0.0
2020-09-24 14:10:00+00:00,214.0,40.14,29.8,5.66,0.0
2020-09-24 15:10:00+00:00,425.0,30.56,30.02,5.72,0.0
2020-09-24 16:10:00+00:00,226.0,19.72,29.79,4.83,0.0
2020-09-24 17:10:00+00:00,57.0,8.22,28.62,3.93,0.0
2020-09-24 18:10:00+00:00,0.0,0.0,28.21,3.72,0.0
2020-09-24 19:10:00+00:00,0.0,0.0,27.39,4.55,0.0
2020-09-24 20:10:00+00:00,0.0,0.0,26.52,4.76,0.0
2020-09-24 21:10:00+00:00,0.0,0.0,25.43,4.69,0.0
2020-09-24 22:10:00+00:00,0.0,0.0,24.77,4.83,0.0
2020-09-24 23:10:00+00:00,0.0,0.0,24.1,4.83,0.0
2020-09-25 00:10:00+00:00,0.0,0.0,23.38,4.76,0.0
2020-09-25 01:10:00+00:00,0.0,0.0,22.63,4.41,0.0
2020-09-25 02:10:00+00:00,0.0,0.0,22.04,4.14,0.0
2020-09-25 03:10:00+00:00,0.0,0.0,21.54,4.48,0.0
2020-09-25 04:10:00+00:00,0.0,0.0,21.05,4.9,0.0
2020-09-25 05:10:00+00:00,0.0,0.0,20.29,4.9,0.0
2020-09-25 06:10:00+00:00,7.0,2.88,19.52,4.9,0.0
2020-09-25 07:10:00+00:00,109.0,14.52,19.42,5.31,0.0
2020-09-25 08:10:00+00:00,193.0,25.68,20.25,6.55,0.0
2020-09-25 09:10:00+00:00,319.0,35.88,21.01,6.48,0.0
2020-09-25 10:10:00+00:00,693.01,44.29,22.44,5.66,0.0
2020-09-25 11:10:00+00:00,777.01,49.66,23.58,5.93,0.0
2020-09-25 12:10:00+00:00,787.01,50.69,24.38,5.93,0.0
2020-09-25 13:10:00+00:00,729.01,47.05,25.09,5.86,0.0
2020-09-25 14:10:00+00:00,622.01,39.77,25.11,5.93,0.0
2020-09-25 15:10:00+00:00,467.01,30.22,25.2,5.86,0.0
2020-09-25 16:10:00+00:00,275.0,19.39,24.61,5.59,0.0
2020-09-25 17:10:00+00:00,85.0,7.91,23.23,5.38,0.0
2020-09-25 18:10:00+00:00,0.0,0.0,22.06,4.21,0.0
2020-09-25 19:10:00+00:00,0.0,0.0,21.02,3.79,0.0
2020-09-25 20:10:00+00:00,0.0,0.0,20.25,3.45,0.0
2020-09-25 21:10:00+00:00,0.0,0.0,19.28,3.31,0.0
2020-09-25 22:10:00+00:00,0.0,0.0,18.75,3.45,0.0
2020-09-25 23:10:00+00:00,0.0,0.0,18.05,3.38,0.0
2020-09-26 00:10:00+00:00,0.0,0.0,17.5,3.1,0.0
2020-09-26 01:10:00+00:00,0.0,0.0,16.75,2.69,0.0
2020-09-26 02:10:00+00:00,0.0,0.0,16.09,2.48,0.0
2020-09-26 03:10:00+00:00,0.0,0.0,15.32,2.41,0.0
2020-09-26 04:10:00+00:00,0.0,0.0,14.68,2.0,0.0
2020-09-26 05:10:00+00:00,0.0,0.0,14.14,1.72,0.0
2020-09-26 06:10:00+00:00,13.63,2.71,13.77,1.86,0.0
2020-09-26 07:10:00+00:00,192.0,14.33,14.84,2.28,0.0
2020-09-26 08:10:00+00:00,385.0,25.48,17.39,3.03,0.0
2020-09-26 09:10:00+00:00,556.01,35.63,18.9,3.03,0.0
2020-09-26 10:10:00+00:00,657.01,43.98,21.07,2.83,0.0
2020-09-26 11:10:00+00:00,767.01,49.3,22.49,2.76,0.0
2020-09-26 12:10:00+00:00,768.01,50.3,23.4,2.34,0.0
2020-09-26 13:10:00+00:00,726.01,46.66,23.96,1.59,0.0
2020-09-26 14:10:00+00:00,605.01,39.4,24.38,1.79,0.0
2020-09-26 15:10:00+00:00,442.01,29.88,24.54,1.86,0.0
2020-09-26 16:10:00+00:00,254.0,19.07,24.15,2.14,0.0
2020-09-26 17:10:00+00:00,56.0,7.6,22.75,2.34,0.0
2020-09-26 18:10:00+00:00,0.0,0.0,21.61,1.59,0.0
2020-09-26 19:10:00+00:00,0.0,0.0,20.53,2.0,0.0
2020-09-26 20:10:00+00:00,0.0,0.0,20.11,2.62,0.0
2020-09-26 21:10:00+00:00,0.0,0.0,19.7,3.17,0.0
2020-09-26 22:10:00+00:00,0.0,0.0,19.35,4.28,0.0
2020-09-26 23:10:00+00:00,0.0,0.0,18.93,4.69,0.0
2020-09-27 00:10:00+00:00,0.0,0.0,19.01,4.76,0.0
2020-09-27 01:10:00+00:00,0.0,0.0,18.58,4.62,0.0
2020-09-27 02:10:00+00:00,0.0,0.0,18.36,4.62,0.0
2020-09-27 03:10:00+00:00,0.0,0.0,18.4,4.97,0.0
2020-09-27 04:10:00+00:00,0.0,0.0,18.17,5.1,0.0
2020-09-27 05:10:00+00:00,0.0,0.0,17.77,5.17,0.0
2020-09-27 06:10:00+00:00,12.63,2.53,17.77,5.24,0.0
2020-09-27 07:10:00+00:00,192.0,14.15,18.67,4.97,0.0
2020-09-27 08:10:00+00:00,388.01,25.27,20.77,5.72,0.0
2020-09-27 09:10:00+00:00,568.01,35.38,22.45,5.52,0.0
2020-09-27 10:10:00+00:00,697.01,43.68,24.01,4.0,0.0
2020-09-27 11:10:00+00:00,773.01,48.94,24.6,3.03,0.0
2020-09-27 12:10:00+00:00,795.01,49.9,24.6,1.72,0.0
2020-09-27 13:10:00+00:00,744.01,46.26,24.38,2.21,0.0
2020-09-27 14:10:00+00:00,633.01,39.03,23.88,3.52,0.0
2020-09-27 15:10:00+00:00,465.01,29.53,22.89,3.93,0.0
2020-09-27 16:10:00+00:00,276.0,18.74,21.68,4.34,0.0
2020-09-27 17:10:00+00:00,78.0,7.28,19.89,4.41,0.0
2020-09-27 18:10:00+00:00,0.0,0.0,18.46,3.17,0.0
2020-09-27 19:10:00+00:00,0.0,0.0,17.54,1.93,0.0
2020-09-27 20:10:00+00:00,0.0,0.0,16.53,1.17,0.0
2020-09-27 21:10:00+00:00,0.0,0.0,15.09,1.31,0.0
2020-09-27 22:10:00+00:00,0.0,0.0,14.45,1.59,0.0
2020-09-27 23:10:00+00:00,0.0,0.0,14.57,1.72,0.0
2020-09-28 00:10:00+00:00,0.0,0.0,14.33,1.52,0.0
2020-09-28 01:10:00+00:00,0.0,0.0,13.88,1.52,0.0
2020-09-28 02:10:00+00:00,0.0,0.0,13.61,1.66,0.0
2020-09-28 03:10:00+00:00,0.0,0.0,13.24,1.79,0.0
2020-09-28 04:10:00+00:00,0.0,0.0,12.64,2.07,0.0
2020-09-28 05:10:00+00:00,0.0,0.0,12.56,2.21,0.0
2020-09-28 06:10:00+00:00,0.0,0.0,12.58,2.07,0.0
2020-09-28 07:10:00+00:00,190.0,13.96,14.76,1.86,0.0
2020-09-28 08:10:00+00:00,381.01,25.06,18.71,0.97,0.0
2020-09-28 09:10:00+00:00,556.01,35.13,20.52,0.55,0.0
2020-09-28 10:10:00+00:00,691.01,43.38,22.52,1.66,0.0
2020-09-28 11:10:00+00:00,741.01,48.58,23.29,1.93,0.0
2020-09-28 12:10:00+00:00,745.01,49.5,24.1,2.28,0.0
2020-09-28 13:10:00+00:00,732.01,45.87,24.22,3.03,0.0
2020-09-28 14:10:00+00:00,622.01,38.66,24.44,3.59,0.0
2020-09-28 15:10:00+00:00,460.01,29.19,24.12,4.0,0.0
2020-09-28 16:10:00+00:00,267.0,18.42,23.25,3.93,0.0
2020-09-28 17:10:00+00:00,71.0,6.97,21.41,3.72,0.0
2020-09-28 18:10:00+00:00,0.0,0.0,19.74,2.55,0.0
2020-09-28 19:10:00+00:00,0.0,0.0,18.48,1.52,0.0
2020-09-28 20:10:00+00:00,0.0,0.0,17.16,1.31,0.0
2020-09-28 21:10:00+00:00,0.0,0.0,16.0,0.62,0.0
2020-09-28 22:10:00+00:00,0.0,0.0,15.7,0.97,0.0
2020-09-28 23:10:00+00:00,0.0,0.0,15.21,1.1,0.0
2020-09-29 00:10:00+00:00,0.0,0.0,14.73,1.24,0.0
2020-09-29 01:10:00+00:00,0.0,0.0,14.48,1.17,0.0
2020-09-29 02:10:00+00:00,0.0,0.0,14.42,1.31,0.0
2020-09-29 03:10:00+00:00,0.0,0.0,13.87,1.38,0.0
2020-09-29 04:10:00+00:00,0.0,0.0,13.56,1.24,0.0
2020-09-29 05:10:00+00:00,0.0,0.0,13.74,1.31,0.0
2020-09-29 06:10:00+00:00,0.0,0.0,13.57,1.31,0.0
2020-09-29 07:10:00+00:00,181.0,13.77,15.25,1.38,0.0
2020-09-29 08:10:00+00:00,328.0,24.84,18.66,1.72,0.0
2020-09-29 09:10:00+00:00,549.01,34.88,20.87,2.14,0.0
2020-09-29 10:10:00+00:00,679.01,43.07,22.79,1.72,0.0
2020-09-29 11:10:00+00:00,754.01,48.22,23.84,2.07,0.0
2020-09-29 12:10:00+00:00,775.01,49.11,24.47,2.55,0.0
2020-09-29 13:10:00+00:00,723.01,45.48,24.57,2.83,0.0
2020-09-29 14:10:00+00:00,596.01,38.29,24.67,3.1,0.0
2020-09-29 15:10:00+00:00,444.01,28.85,24.21,3.38,0.0
2020-09-29 16:10:00+00:00,260.0,18.1,23.34,3.31,0.0
2020-09-29 17:10:00+00:00,65.0,6.66,21.64,2.9,0.0
2020-09-29 18:10:00+00:00,0.0,0.0,20.3,1.93,0.0
2020-09-29 19:10:00+00:00,0.0,0.0,19.53,1.38,0.0
2020-09-29 20:10:00+00:00,0.0,0.0,18.34,1.38,0.0
2020-09-29 21:10:00+00:00,0.0,0.0,18.07,1.03,0.0
2020-09-29 22:10:00+00:00,0.0,0.0,16.96,0.76,0.0
2020-09-29 23:10:00+00:00,0.0,0.0,15.46,0.97,0.0
2020-09-30 00:10:00+00:00,0.0,0.0,15.16,1.31,0.0
2020-09-30 01:10:00+00:00,0.0,0.0,14.85,1.31,0.0
2020-09-30 02:10:00+00:00,0.0,0.0,14.4,1.24,0.0
2020-09-30 03:10:00+00:00,0.0,0.0,14.34,0.9,0.0
2020-09-30 04:10:00+00:00,0.0,0.0,13.85,0.9,0.0
2020-09-30 05:10:00+00:00,0.0,0.0,13.33,0.9,0.0
2020-09-30 06:10:00+00:00,0.0,0.0,13.07,0.83,0.0
2020-09-30 07:10:00+00:00,140.0,13.58,14.73,0.9,0.0
2020-09-30 08:10:00+00:00,301.0,24.63,18.42,0.14,0.0
2020-09-30 09:10:00+00:00,518.01,34.63,20.95,0.76,0.0
2020-09-30 10:10:00+00:00,641.01,42.76,24.28,1.93,0.0
2020-09-30 11:10:00+00:00,632.01,47.86,24.59,2.69,0.0
2020-09-30 12:10:00+00:00,643.01,48.71,24.67,3.17,0.0
2020-09-30 13:10:00+00:00,349.0,45.08,24.62,3.45,0.0
2020-09-30 14:10:00+00:00,127.0,37.92,24.14,3.86,0.0
2020-09-30 15:10:00+00:00,76.0,28.5,23.11,3.86,0.0
2020-09-30 16:10:00+00:00,77.0,17.78,22.38,3.45,0.0
2020-09-30 17:10:00+00:00,29.0,6.35,21.38,2.97,0.0
2020-09-30 18:10:00+00:00,0.0,0.0,20.79,2.21,0.0
2020-09-30 19:10:00+00:00,0.0,0.0,20.28,2.0,0.0
2020-09-30 20:10:00+00:00,0.0,0.0,19.43,1.93,0.0
2020-09-30 21:10:00+00:00,0.0,0.0,18.67,1.66,0.0
2020-09-30 22:10:00+00:00,0.0,0.0,17.13,1.31,0.0
2020-09-30 23:10:00+00:00,0.0,0.0,16.77,1.31,0.0
2020-10-01 00:10:00+00:00,0.0,0.0,16.69,1.24,0.0
2020-10-01 01:10:00+00:00,0.0,0.0,16.58,1.31,0.0
2020-10-01 02:10:00+00:00,0.0,0.0,16.4,1.31,0.0
2020-10-01 03:10:00+00:00,0.0,0.0,15.75,1.38,0.0
2020-10-01 04:10:00+00:00,0.0,0.0,15.4,2.0,0.0
2020-10-01 05:10:00+00:00,0.0,0.0,15.18,1.66,0.0
2020-10-01 06:10:00+00:00,0.0,0.0,14.76,1.79,0.0
2020-10-01 07:10:00+00:00,171.0,13.39,16.56,1.86,0.0
2020-10-01 08:10:00+00:00,355.0,24.41,21.42,1.59,0.0
2020-10-01 09:10:00+00:00,526.01,34.37,24.27,2.14,0.0
2020-10-01 10:10:00+00:00,662.01,42.45,26.71,2.28,0.0
2020-10-01 11:10:00+00:00,730.01,47.49,28.46,3.03,0.0
2020-10-01 12:10:00+00:00,746.01,48.32,29.56,3.38,0.0
2020-10-01 13:10:00+00:00,707.01,44.69,29.93,3.59,0.0
2020-10-01 14:10:00+00:00,594.01,37.56,30.13,3.79,0.0
2020-10-01 15:10:00+00:00,426.01,28.16,29.62,4.07,0.0
2020-10-01 16:10:00+00:00,153.0,17.46,28.28,4.28,0.0
2020-10-01 17:10:00+00:00,37.0,6.04,26.2,3.72,0.0
2020-10-01 18:10:00+00:00,0.0,0.0,24.62,2.69,0.0
2020-10-01 19:10:00+00:00,0.0,0.0,23.09,1.86,0.0
2020-10-01 20:10:00+00:00,0.0,0.0,21.53,2.34,0.0
2020-10-01 21:10:00+00:00,0.0,0.0,20.88,2.28,0.0
2020-10-01 22:10:00+00:00,0.0,0.0,21.18,2.21,0.0
2020-10-01 23:10:00+00:00,0.0,0.0,21.88,2.41,0.0
2020-10-02 00:10:00+00:00,0.0,0.0,21.67,2.69,0.0
2020-10-02 01:10:00+00:00,0.0,0.0,20.77,2.69,0.0
2020-10-02 02:10:00+00:00,0.0,0.0,20.27,3.1,0.0
2020-10-02 03:10:00+00:00,0.0,0.0,20.62,3.59,0.0
2020-10-02 04:10:00+00:00,0.0,0.0,20.29,4.28,0.0
2020-10-02 05:10:00+00:00,0.0,0.0,19.95,4.69,0.0
2020-10-02 06:10:00+00:00,0.0,0.0,19.91,4.83,0.0
2020-10-02 07:10:00+00:00,153.0,13.2,20.42,4.9,0.0
2020-10-02 08:10:00+00:00,201.0,24.2,20.86,5.79,0.0
2020-10-02 09:10:00+00:00,201.0,34.11,21.09,6.41,0.0
2020-10-02 10:10:00+00:00,182.0,42.14,22.25,6.34,0.0
2020-10-02 11:10:00+00:00,234.0,47.13,23.06,6.97,0.0
2020-10-02 12:10:00+00:00,151.0,47.92,23.87,7.24,0.0
2020-10-02 13:10:00+00:00,434.0,44.3,24.71,8.21,0.0
2020-10-02 14:10:00+00:00,506.01,37.19,24.45,8.62,0.0
2020-10-02 15:10:00+00:00,343.0,27.82,24.25,5.72,0.0
2020-10-02 16:10:00+00:00,49.0,17.14,16.99,6.28,0.0
2020-10-02 17:10:00+00:00,38.0,5.73,12.73,8.0,0.0
2020-10-02 18:10:00+00:00,0.0,0.0,13.32,6.48,0.0
2020-10-02 19:10:00+00:00,0.0,0.0,14.0,5.79,0.0
2020-10-02 20:10:00+00:00,0.0,0.0,13.87,5.52,0.0
2020-10-02 21:10:00+00:00,0.0,0.0,13.61,5.03,0.0
2020-10-02 22:10:00+00:00,0.0,0.0,12.91,5.31,0.0
2020-10-02 23:10:00+00:00,0.0,0.0,12.51,4.69,0.0
2020-10-03 00:10:00+00:00,0.0,0.0,12.07,4.97,0.0
2020-10-03 01:10:00+00:00,0.0,0.0,11.97,4.21,0.0
2020-10-03 02:10:00+00:00,0.0,0.0,11.71,3.38,0.0
2020-10-03 03:10:00+00:00,0.0,0.0,11.22,3.79,0.0
2020-10-03 04:10:00+00:00,0.0,0.0,10.71,4.34,0.0
2020-10-03 05:10:00+00:00,0.0,0.0,10.55,4.76,0.0
2020-10-03 06:10:00+00:00,0.0,0.0,10.21,5.1,0.0
2020-10-03 07:10:00+00:00,181.0,13.01,11.41,5.31,0.0
2020-10-03 08:10:00+00:00,379.01,23.98,13.82,6.69,0.0
2020-10-03 09:10:00+00:00,556.01,33.85,15.3,6.97,0.0
2020-10-03 10:10:00+00:00,694.01,41.83,17.52,5.72,0.0
2020-10-03 11:10:00+00:00,762.01,46.77,19.01,5.1,0.0
2020-10-03 12:10:00+00:00,782.01,47.53,20.04,5.45,0.0
2020-10-03 13:10:00+00:00,724.01,43.91,20.76,5.72,0.0
2020-10-03 14:10:00+00:00,614.01,36.83,21.39,5.59,0.0
2020-10-03 15:10:00+00:00,448.01,27.49,21.49,5.1,0.0
2020-10-03 16:10:00+00:00,252.0,16.82,21.07,5.03,0.0
2020-10-03 17:10:00+00:00,48.55,5.43,19.82,4.34,0.0
2020-10-03 18:10:00+00:00,0.0,0.0,17.81,2.83,0.0
2020-10-03 19:10:00+00:00,0.0,0.0,16.13,2.55,0.0
2020-10-03 20:10:00+00:00,0.0,0.0,15.31,2.69,0.0
2020-10-03 21:10:00+00:00,0.0,0.0,13.86,2.62,0.0
2020-10-03 22:10:00+00:00,0.0,0.0,13.55,2.97,0.0
2020-10-03 23:10:00+00:00,0.0,0.0,12.67,2.34,0.0
2020-10-04 00:10:00+00:00,0.0,0.0,12.04,2.28,0.0
2020-10-04 01:10:00+00:00,0.0,0.0,11.52,2.28,0.0
2020-10-04 02:10:00+00:00,0.0,0.0,11.48,2.28,0.0
2020-10-04 03:10:00+00:00,0.0,0.0,10.69,2.28,0.0
2020-10-04 04:10:00+00:00,0.0,0.0,10.08,2.34,0.0
2020-10-04 05:10:00+00:00,0.0,0.0,9.84,2.28,0.0
2020-10-04 06:10:00+00:00,0.0,0.0,9.89,2.41,0.0
2020-10-04 07:10:00+00:00,172.0,12.81,11.48,2.69,0.0
2020-10-04 08:10:00+00:00,359.01,23.76,14.96,3.52,0.0
2020-10-04 09:10:00+00:00,439.0,33.59,16.87,4.55,0.0
2020-10-04 10:10:00+00:00,663.01,41.52,18.97,4.69,0.0
2020-10-04 11:10:00+00:00,676.01,46.4,20.15,4.48,0.0
2020-10-04 12:10:00+00:00,702.01,47.14,21.65,4.83,0.0
2020-10-04 13:10:00+00:00,679.01,43.53,22.24,4.62,0.0
2020-10-04 14:10:00+00:00,591.01,36.46,23.18,5.59,0.0
2020-10-04 15:10:00+00:00,322.0,27.15,23.95,6.07,0.0
2020-10-04 16:10:00+00:00,112.0,16.5,23.03,6.21,0.0
2020-10-04 17:10:00+00:00,45.08,5.12,21.61,4.83,0.0
2020-10-04 18:10:00+00:00,0.0,0.0,20.28,4.28,0.0
2020-10-04 19:10:00+00:00,0.0,0.0,19.34,4.14,0.0
2020-10-04 20:10:00+00:00,0.0,0.0,18.34,4.07,0.0
2020-10-04 21:10:00+00:00,0.0,0.0,17.53,3.45,0.0
2020-10-04 22:10:00+00:00,0.0,0.0,17.17,1.79,0.0
2020-10-04 23:10:00+00:00,0.0,0.0,16.74,2.0,0.0
2020-10-05 00:10:00+00:00,0.0,0.0,16.3,1.86,0.0
2020-10-05 01:10:00+00:00,0.0,0.0,15.87,1.72,0.0
2020-10-05 02:10:00+00:00,0.0,0.0,15.62,1.72,0.0
2020-10-05 03:10:00+00:00,0.0,0.0,14.6,1.79,0.0
2020-10-05 04:10:00+00:00,0.0,0.0,14.07,1.86,0.0
2020-10-05 05:10:00+00:00,0.0,0.0,13.7,2.07,0.0
2020-10-05 06:10:00+00:00,0.0,0.0,13.64,2.28,0.0
2020-10-05 07:10:00+00:00,108.0,12.62,14.64,2.9,0.0
2020-10-05 08:10:00+00:00,365.01,23.53,17.19,3.24,0.0
2020-10-05 09:10:00+00:00,530.01,33.33,18.96,3.45,0.0
2020-10-05 10:10:00+00:00,679.01,41.21,20.58,3.38,0.0
2020-10-05 11:10:00+00:00,746.01,46.04,21.56,2.48,0.0
2020-10-05 12:10:00+00:00,756.01,46.75,22.46,2.34,0.0
2020-10-05 13:10:00+00:00,684.01,43.14,22.79,2.28,0.0
2020-10-05 14:10:00+00:00,562.01,36.1,22.79,1.93,0.0
2020-10-05 15:10:00+00:00,348.0,26.81,22.59,1.52,0.0
2020-10-05 16:10:00+00:00,231.0,16.19,22.01,0.76,0.0
2020-10-05 17:10:00+00:00,40.77,4.82,20.49,0.55,0.0
2020-10-05 18:10:00+00:00,0.0,0.0,18.53,1.59,0.0
2020-10-05 19:10:00+00:00,0.0,0.0,16.99,1.93,0.0
2020-10-05 20:10:00+00:00,0.0,0.0,16.09,1.86,0.0
2020-10-05 21:10:00+00:00,0.0,0.0,14.85,1.66,0.0
2020-10-05 22:10:00+00:00,0.0,0.0,14.22,1.38,0.0
2020-10-05 23:10:00+00:00,0.0,0.0,13.44,1.31,0.0
2020-10-06 00:10:00+00:00,0.0,0.0,12.43,1.31,0.0
2020-10-06 01:10:00+00:00,0.0,0.0,11.94,1.38,0.0
2020-10-06 02:10:00+00:00,0.0,0.0,11.53,1.59,0.0
2020-10-06 03:10:00+00:00,0.0,0.0,11.23,1.59,0.0
2020-10-06 04:10:00+00:00,0.0,0.0,11.02,1.52,0.0
2020-10-06 05:10:00+00:00,0.0,0.0,10.8,1.52,0.0
2020-10-06 06:10:00+00:00,0.0,0.0,10.72,1.66,0.0
2020-10-06 07:10:00+00:00,160.0,12.42,12.85,1.86,0.0
2020-10-06 08:10:00+00:00,352.01,23.31,18.07,1.52,0.0
2020-10-06 09:10:00+00:00,520.01,33.07,20.51,1.66,0.0
2020-10-06 10:10:00+00:00,653.01,40.89,23.07,2.55,0.0
2020-10-06 11:10:00+00:00,722.01,45.67,24.75,2.62,0.0
2020-10-06 12:10:00+00:00,728.01,46.36,25.92,2.0,0.0
2020-10-06 13:10:00+00:00,679.01,42.75,26.65,1.38,0.0
2020-10-06 14:10:00+00:00,568.01,35.74,26.86,1.24,0.0
2020-10-06 15:10:00+00:00,409.01,26.48,26.77,1.59,0.0
2020-10-06 16:10:00+00:00,219.0,15.87,26.36,2.28,0.0
2020-10-06 17:10:00+00:00,33.59,4.52,24.76,2.62,0.0
2020-10-06 18:10:00+00:00,0.0,0.0,21.85,1.93,0.0
2020-10-06 19:10:00+00:00,0.0,0.0,20.5,1.66,0.0
2020-10-06 20:10:00+00:00,0.0,0.0,19.56,1.93,0.0
2020-10-06 21:10:00+00:00,0.0,0.0,18.45,1.66,0.0
2020-10-06 22:10:00+00:00,0.0,0.0,17.61,1.38,0.0
2020-10-06 23:10:00+00:00,0.0,0.0,16.49,1.93,0.0
2020-10-07 00:10:00+00:00,0.0,0.0,15.99,1.72,0.0
2020-10-07 01:10:00+00:00,0.0,0.0,15.91,1.59,0.0
2020-10-07 02:10:00+00:00,0.0,0.0,15.49,1.72,0.0
2020-10-07 03:10:00+00:00,0.0,0.0,14.99,1.86,0.0
2020-10-07 04:10:00+00:00,0.0,0.0,14.85,1.93,0.0
2020-10-07 05:10:00+00:00,0.0,0.0,14.78,2.07,0.0
2020-10-07 06:10:00+00:00,0.0,0.0,15.04,2.14,0.0
2020-10-07 07:10:00+00:00,152.0,12.22,16.84,2.62,0.0
2020-10-07 08:10:00+00:00,347.01,23.08,22.65,2.21,0.0
2020-10-07 09:10:00+00:00,524.01,32.8,25.31,1.86,0.0
2020-10-07 10:10:00+00:00,655.01,40.58,27.13,1.59,0.0
2020-10-07 11:10:00+00:00,719.01,45.31,27.82,0.48,0.0
2020-10-07 12:10:00+00:00,729.01,45.97,28.43,0.83,0.0
2020-10-07 13:10:00+00:00,657.01,42.37,28.09,1.59,0.0
2020-10-07 14:10:00+00:00,547.01,35.38,27.62,2.62,0.0
2020-10-07 15:10:00+00:00,375.01,26.15,26.74,3.52,0.0
2020-10-07 16:10:00+00:00,200.0,15.56,25.33,3.66,0.0
2020-10-07 17:10:00+00:00,28.57,4.22,23.54,2.76,0.0
2020-10-07 18:10:00+00:00,0.0,0.0,21.42,1.24,0.0
2020-10-07 19:10:00+00:00,0.0,0.0,20.84,0.34,0.0
2020-10-07 20:10:00+00:00,0.0,0.0,19.6,0.34,0.0
2020-10-07 21:10:00+00:00,0.0,0.0,18.86,0.69,0.0
2020-10-07 22:10:00+00:00,0.0,0.0,18.19,1.1,0.0
2020-10-07 23:10:00+00:00,0.0,0.0,17.71,1.03,0.0
2020-10-08 00:10:00+00:00,0.0,0.0,17.84,1.17,0.0
2020-10-08 01:10:00+00:00,0.0,0.0,18.1,1.52,0.0
2020-10-08 02:10:00+00:00,0.0,0.0,17.73,1.93,0.0
2020-10-08 03:10:00+00:00,0.0,0.0,16.53,1.93,0.0
2020-10-08 04:10:00+00:00,0.0,0.0,16.21,1.86,0.0
2020-10-08 05:10:00+00:00,0.0,0.0,15.99,1.66,0.0
2020-10-08 06:10:00+00:00,0.0,0.0,15.99,1.59,0.0
2020-10-08 07:10:00+00:00,151.0,12.02,15.91,0.83,0.0
2020-10-08 08:10:00+00:00,336.01,22.86,19.35,1.31,0.0
2020-10-08 09:10:00+00:00,505.01,32.54,21.22,1.79,0.0
2020-10-08 10:10:00+00:00,633.01,40.26,23.06,2.21,0.0
2020-10-08 11:10:00+00:00,680.01,44.95,23.97,2.41,0.0
2020-10-08 12:10:00+00:00,712.01,45.58,24.35,2.62,0.0
2020-10-08 13:10:00+00:00,663.01,41.99,24.44,2.97,0.0
2020-10-08 14:10:00+00:00,553.01,35.03,24.71,2.9,0.0
2020-10-08 15:10:00+00:00,395.01,25.82,24.32,3.17,0.0
2020-10-08 16:10:00+00:00,209.0,15.25,23.15,3.31,0.0
2020-10-08 17:10:00+00:00,27.36,3.93,21.05,2.9,0.0
2020-10-08 18:10:00+00:00,0.0,0.0,19.85,1.93,0.0
2020-10-08 19:10:00+00:00,0.0,0.0,19.31,1.1,0.0
2020-10-08 20:10:00+00:00,0.0,0.0,18.63,0.9,0.0
2020-10-08 21:10:00+00:00,0.0,0.0,18.07,1.03,0.0
2020-10-08 22:10:00+00:00,0.0,0.0,17.64,0.69,0.0
2020-10-08 23:10:00+00:00,0.0,0.0,17.27,1.1,0.0
2020-10-09 00:10:00+00:00,0.0,0.0,17.05,1.1,0.0
2020-10-09 01:10:00+00:00,0.0,0.0,16.74,1.17,0.0
2020-10-09 02:10:00+00:00,0.0,0.0,16.38,1.17,0.0
2020-10-09 03:10:00+00:00,0.0,0.0,15.67,1.03,0.0
2020-10-09 04:10:00+00:00,0.0,0.0,15.13,1.1,0.0
2020-10-09 05:10:00+00:00,0.0,0.0,14.76,1.03,0.0
2020-10-09 06:10:00+00:00,0.0,0.0,14.81,1.1,0.0
2020-10-09 07:10:00+00:00,147.0,11.82,15.34,1.31,0.0
2020-10-09 08:10:00+00:00,330.01,22.63,18.64,0.76,0.0
2020-10-09 09:10:00+00:00,465.01,32.27,20.56,0.69,0.0
2020-10-09 10:10:00+00:00,610.01,39.95,22.66,1.66,0.0
2020-10-09 11:10:00+00:00,686.01,44.59,23.7,2.14,0.0
2020-10-09 12:10:00+00:00,706.01,45.19,24.25,2.55,0.0
2020-10-09 13:10:00+00:00,523.01,41.61,24.72,2.76,0.0
2020-10-09 14:10:00+00:00,544.01,34.67,24.96,2.97,0.0
2020-10-09 15:10:00+00:00,330.0,25.49,24.52,3.17,0.0
2020-10-09 16:10:00+00:00,167.0,14.95,23.31,3.17,0.0
2020-10-09 17:10:00+00:00,12.0,3.63,21.47,2.76,0.0
2020-10-09 18:10:00+00:00,0.0,0.0,20.11,1.93,0.0
2020-10-09 19:10:00+00:00,0.0,0.0,19.34,1.31,0.0
2020-10-09 20:10:00+00:00,0.0,0.0,18.77,0.76,0.0
2020-10-09 21:10:00+00:00,0.0,0.0,18.05,0.9,0.0
2020-10-09 22:10:00+00:00,0.0,0.0,17.08,1.03,0.0
2020-10-09 23:10:00+00:00,0.0,0.0,16.98,0.76,0.0
2020-10-10 00:10:00+00:00,0.0,0.0,16.89,0.62,0.0
2020-10-10 01:10:00+00:00,0.0,0.0,17.06,0.76,0.0
2020-10-10 02:10:00+00:00,0.0,0.0,16.77,0.83,0.0
2020-10-10 03:10:00+00:00,0.0,0.0,16.45,0.62,0.0
2020-10-10 04:10:00+00:00,0.0,0.0,15.88,0.21,0.0
2020-10-10 05:10:00+00:00,0.0,0.0,16.21,0.21,0.0
2020-10-10 06:10:00+00:00,0.0,0.0,16.15,0.14,0.0
2020-10-10 07:10:00+00:00,73.0,11.62,16.26,0.34,0.0
2020-10-10 08:10:00+00:00,161.0,22.4,17.75,0.48,0.0
2020-10-10 09:10:00+00:00,185.0,32.0,19.26,0.83,0.0
2020-10-10 10:10:00+00:00,357.0,39.63,21.44,1.1,0.0
2020-10-10 11:10:00+00:00,364.0,44.22,22.34,1.38,0.0
2020-10-10 12:10:00+00:00,328.0,44.81,23.09,1.72,0.0
2020-10-10 13:10:00+00:00,434.0,41.23,23.48,2.28,0.0
2020-10-10 14:10:00+00:00,409.0,34.32,23.53,2.62,0.0
2020-10-10 15:10:00+00:00,377.01,25.16,23.29,2.9,0.0
2020-10-10 16:10:00+00:00,194.0,14.64,22.45,3.17,0.0
2020-10-10 17:10:00+00:00,15.81,3.34,20.91,3.03,0.0
2020-10-10 18:10:00+00:00,0.0,0.0,19.94,2.0,0.0
2020-10-10 19:10:00+00:00,0.0,0.0,19.5,1.17,0.0
2020-10-10 20:10:00+00:00,0.0,0.0,18.97,0.41,0.0
2020-10-10 21:10:00+00:00,0.0,0.0,18.56,0.21,0.0
2020-10-10 22:10:00+00:00,0.0,0.0,17.75,0.62,0.0
2020-10-10 23:10:00+00:00,0.0,0.0,17.6,0.97,0.0
2020-10-11 00:10:00+00:00,0.0,0.0,17.6,1.03,0.0
2020-10-11 01:10:00+00:00,0.0,0.0,17.69,0.9,0.0
2020-10-11 02:10:00+00:00,0.0,0.0,17.7,1.52,0.0
2020-10-11 03:10:00+00:00,0.0,0.0,17.58,2.21,0.0
2020-10-11 04:10:00+00:00,0.0,0.0,17.1,2.34,0.0
2020-10-11 05:10:00+00:00,0.0,0.0,16.65,2.62,0.0
2020-10-11 06:10:00+00:00,0.0,0.0,16.25,3.17,0.0
2020-10-11 07:10:00+00:00,47.0,11.41,15.74,3.52,0.0
2020-10-11 08:10:00+00:00,40.0,22.17,16.14,4.21,0.0
2020-10-11 09:10:00+00:00,71.0,31.73,16.74,4.21,0.0
2020-10-11 10:10:00+00:00,624.01,39.31,18.24,1.38,0.0
2020-10-11 11:10:00+00:00,697.01,43.86,19.54,0.69,0.0
2020-10-11 12:10:00+00:00,0.0,0.0,20.63,0.83,0.0
2020-10-11 13:10:00+00:00,649.01,40.86,21.45,0.48,0.0
2020-10-11 14:10:00+00:00,547.01,33.97,21.86,0.69,0.0
2020-10-11 15:10:00+00:00,389.01,24.84,21.59,2.48,0.0
2020-10-11 16:10:00+00:00,202.0,14.34,20.67,3.03,0.0
2020-10-11 17:10:00+00:00,19.13,3.05,18.92,2.69,0.0
2020-10-11 18:10:00+00:00,0.0,0.0,17.21,2.14,0.0
2020-10-11 19:10:00+00:00,0.0,0.0,16.61,1.24,0.0
2020-10-11 20:10:00+00:00,0.0,0.0,15.39,0.69,0.0
2020-10-11 21:10:00+00:00,0.0,0.0,13.32,1.24,0.0
2020-10-11 22:10:00+00:00,0.0,0.0,12.85,1.79,0.0
2020-10-11 23:10:00+00:00,0.0,0.0,13.26,1.72,0.0
2020-10-12 00:10:00+00:00,0.0,0.0,13.12,1.72,0.0
2020-10-12 01:10:00+00:00,0.0,0.0,12.77,1.93,0.0
2020-10-12 02:10:00+00:00,0.0,0.0,12.11,2.28,0.0
2020-10-12 03:10:00+00:00,0.0,0.0,11.47,2.21,0.0
2020-10-12 04:10:00+00:00,0.0,0.0,10.92,2.21,0.0
2020-10-12 05:10:00+00:00,0.0,0.0,10.57,2.14,0.0
2020-10-12 06:10:00+00:00,0.0,0.0,10.56,2.07,0.0
2020-10-12 07:10:00+00:00,150.0,11.21,11.66,2.62,0.0
2020-10-12 08:10:00+00:00,340.01,21.94,14.57,3.03,0.0
2020-10-12 09:10:00+00:00,515.01,31.46,16.39,3.03,0.0
2020-10-12 10:10:00+00:00,640.01,39.0,18.23,0.55,0.0
2020-10-12 11:10:00+00:00,707.01,43.5,19.15,0.48,0.0
2020-10-12 12:10:00+00:00,720.01,44.04,19.71,0.97,0.0
2020-10-12 13:10:00+00:00,668.01,40.48,20.23,1.52,0.0
2020-10-12 14:10:00+00:00,551.01,33.62,20.65,2.34,0.0
2020-10-12 15:10:00+00:00,390.01,24.52,20.45,2.62,0.0
2020-10-12 16:10:00+00:00,200.0,14.04,19.67,2.9,0.0
2020-10-12 17:10:00+00:00,17.16,2.77,17.61,3.31,0.0
2020-10-12 18:10:00+00:00,0.0,0.0,15.86,2.9,0.0
2020-10-12 19:10:00+00:00,0.0,0.0,14.53,2.34,0.0
2020-10-12 20:10:00+00:00,0.0,0.0,13.59,2.0,0.0
2020-10-12 21:10:00+00:00,0.0,0.0,12.43,1.79,0.0
2020-10-12 22:10:00+00:00,0.0,0.0,11.77,1.93,0.0
2020-10-12 23:10:00+00:00,0.0,0.0,11.09,1.72,0.0
2020-10-13 00:10:00+00:00,0.0,0.0,10.98,1.72,0.0
2020-10-13 01:10:00+00:00,0.0,0.0,10.42,1.72,0.0
2020-10-13 02:10:00+00:00,0.0,0.0,10.5,1.79,0.0
2020-10-13 03:10:00+00:00,0.0,0.0,10.62,2.0,0.0
2020-10-13 04:10:00+00:00,0.0,0.0,11.07,2.07,0.0
2020-10-13 05:10:00+00:00,0.0,0.0,11.14,2.07,0.0
2020-10-13 06:10:00+00:00,0.0,0.0,11.09,2.0,0.0
2020-10-13 07:10:00+00:00,140.0,11.0,12.94,2.48,0.0
2020-10-13 08:10:00+00:00,331.01,21.7,18.56,2.34,0.0
2020-10-13 09:10:00+00:00,500.01,31.19,19.9,2.55,0.0
2020-10-13 10:10:00+00:00,626.01,38.68,22.69,2.41,0.0
2020-10-13 11:10:00+00:00,696.01,43.14,23.99,1.66,0.0
2020-10-13 12:10:00+00:00,704.01,43.66,24.88,1.59,0.0
2020-10-13 13:10:00+00:00,653.01,40.11,25.77,2.07,0.0
2020-10-13 14:10:00+00:00,534.01,33.27,26.1,2.41,0.0
2020-10-13 15:10:00+00:00,379.01,24.2,26.05,2.48,0.0
2020-10-13 16:10:00+00:00,143.0,13.74,25.38,2.48,0.0
2020-10-13 17:10:00+00:00,5.0,2.49,23.11,2.28,0.0
2020-10-13 18:10:00+00:00,0.0,0.0,20.87,2.55,0.0
2020-10-13 19:10:00+00:00,0.0,0.0,19.56,2.14,0.0
2020-10-13 20:10:00+00:00,0.0,0.0,18.23,2.21,0.0
2020-10-13 21:10:00+00:00,0.0,0.0,16.57,2.48,0.0
2020-10-13 22:10:00+00:00,0.0,0.0,15.65,2.07,0.0
2020-10-13 23:10:00+00:00,0.0,0.0,15.38,2.14,0.0
2020-10-14 00:10:00+00:00,0.0,0.0,14.7,1.93,0.0
2020-10-14 01:10:00+00:00,0.0,0.0,14.72,2.0,0.0
2020-10-14 02:10:00+00:00,0.0,0.0,14.38,2.28,0.0
2020-10-14 03:10:00+00:00,0.0,0.0,14.28,2.41,0.0
2020-10-14 04:10:00+00:00,0.0,0.0,14.25,2.34,0.0
2020-10-14 05:10:00+00:00,0.0,0.0,14.08,2.28,0.0
2020-10-14 06:10:00+00:00,0.0,0.0,14.1,2.28,0.0
2020-10-14 07:10:00+00:00,90.0,10.8,15.49,2.41,0.0
2020-10-14 08:10:00+00:00,253.0,21.47,17.84,2.21,0.0
2020-10-14 09:10:00+00:00,332.0,30.91,18.87,1.93,0.0
2020-10-14 10:10:00+00:00,535.01,38.36,19.7,1.03,0.0
2020-10-14 11:10:00+00:00,603.01,42.78,19.9,0.76,0.0
2020-10-14 12:10:00+00:00,625.01,43.29,20.21,0.69,0.0
2020-10-14 13:10:00+00:00,631.01,39.75,19.38,0.76,0.0
2020-10-14 14:10:00+00:00,514.01,32.93,19.25,1.1,0.0
2020-10-14 15:10:00+00:00,367.01,23.88,19.14,0.97,0.0
2020-10-14 16:10:00+00:00,180.0,13.45,18.73,1.17,0.0
2020-10-14 17:10:00+00:00,0.0,0.0,17.5,1.1,0.0
2020-10-14 18:10:00+00:00,0.0,0.0,15.31,1.17,0.0
2020-10-14 19:10:00+00:00,0.0,0.0,14.27,1.03,0.0
2020-10-14 20:10:00+00:00,0.0,0.0,13.84,1.52,0.0
2020-10-14 21:10:00+00:00,0.0,0.0,12.68,2.07,0.0
2020-10-14 22:10:00+00:00,0.0,0.0,11.61,1.86,0.0
2020-10-14 23:10:00+00:00,0.0,0.0,11.17,1.93,0.0
2020-10-15 00:10:00+00:00,0.0,0.0,11.01,1.93,0.0
2020-10-15 01:10:00+00:00,0.0,0.0,11.02,2.07,0.0
2020-10-15 02:10:00+00:00,0.0,0.0,10.99,2.28,0.0
2020-10-15 03:10:00+00:00,0.0,0.0,10.49,2.48,0.0
2020-10-15 04:10:00+00:00,0.0,0.0,10.42,2.48,0.0
2020-10-15 05:10:00+00:00,0.0,0.0,9.63,2.34,0.0
2020-10-15 06:10:00+00:00,0.0,0.0,9.34,2.28,0.0
2020-10-15 07:10:00+00:00,138.0,10.59,10.36,1.86,0.0
2020-10-15 08:10:00+00:00,329.01,21.23,14.26,1.86,0.0
2020-10-15 09:10:00+00:00,500.01,30.64,16.41,2.41,0.0
2020-10-15 10:10:00+00:00,633.01,38.04,18.28,2.76,0.0
2020-10-15 11:10:00+00:00,697.01,42.43,19.65,2.97,0.0
2020-10-15 12:10:00+00:00,716.01,42.91,20.45,3.24,0.0
2020-10-15 13:10:00+00:00,653.01,39.38,21.17,2.9,0.0
2020-10-15 14:10:00+00:00,536.01,32.59,21.5,2.69,0.0
2020-10-15 15:10:00+00:00,377.01,23.57,21.39,2.0,0.0
2020-10-15 16:10:00+00:00,185.0,13.16,20.55,0.34,0.0
2020-10-15 17:10:00+00:00,0.0,0.0,18.55,1.24,0.0
2020-10-15 18:10:00+00:00,0.0,0.0,16.96,1.72,0.0
2020-10-15 19:10:00+00:00,0.0,0.0,15.9,2.48,0.0
2020-10-15 20:10:00+00:00,0.0,0.0,14.15,1.59,0.0
2020-10-15 21:10:00+00:00,0.0,0.0,13.54,1.1,0.0
2020-10-15 22:10:00+00:00,0.0,0.0,12.12,0.97,0.0
2020-10-15 23:10:00+00:00,0.0,0.0,11.25,1.24,0.0
2020-10-16 00:10:00+00:00,0.0,0.0,11.21,1.59,0.0
2020-10-16 01:10:00+00:00,0.0,0.0,10.81,2.0,0.0
2020-10-16 02:10:00+00:00,0.0,0.0,10.63,2.14,0.0
2020-10-16 03:10:00+00:00,0.0,0.0,10.03,2.14,0.0
2020-10-16 04:10:00+00:00,0.0,0.0,9.27,2.21,0.0
2020-10-16 05:10:00+00:00,0.0,0.0,8.77,2.28,0.0
2020-10-16 06:10:00+00:00,0.0,0.0,8.21,2.14,0.0
2020-10-16 07:10:00+00:00,137.0,10.38,9.47,1.66,0.0
2020-10-16 08:10:00+00:00,327.01,20.99,13.09,1.31,0.0
2020-10-16 09:10:00+00:00,498.01,30.37,15.32,0.76,0.0
2020-10-16 10:10:00+00:00,628.01,37.73,17.12,1.59,0.0
2020-10-16 11:10:00+00:00,696.01,42.07,18.42,1.86,0.0
2020-10-16 12:10:00+00:00,700.01,42.54,19.19,1.86,0.0
2020-10-16 13:10:00+00:00,647.01,39.02,19.72,2.07,0.0
2020-10-16 14:10:00+00:00,533.01,32.25,20.06,2.07,0.0
2020-10-16 15:10:00+00:00,372.01,23.26,19.81,1.93,0.0
2020-10-16 16:10:00+00:00,181.0,12.87,19.09,2.62,0.0
2020-10-16 17:10:00+00:00,0.0,0.0,17.09,3.1,0.0
2020-10-16 18:10:00+00:00,0.0,0.0,15.03,2.83,0.0
2020-10-16 19:10:00+00:00,0.0,0.0,13.88,2.21,0.0
2020-10-16 20:10:00+00:00,0.0,0.0,12.28,1.59,0.0
2020-10-16 21:10:00+00:00,0.0,0.0,11.19,1.31,0.0
2020-10-16 22:10:00+00:00,0.0,0.0,10.57,0.97,0.0
2020-10-16 23:10:00+00:00,0.0,0.0,10.46,1.31,0.0
2020-10-17 00:10:00+00:00,0.0,0.0,10.29,1.31,0.0
2020-10-17 01:10:00+00:00,0.0,0.0,9.46,1.52,0.0
2020-10-17 02:10:00+00:00,0.0,0.0,8.8,1.31,0.0
2020-10-17 03:10:00+00:00,0.0,0.0,8.28,1.24,0.0
2020-10-17 04:10:00+00:00,0.0,0.0,7.95,1.24,0.0
2020-10-17 05:10:00+00:00,0.0,0.0,7.8,1.31,0.0
2020-10-17 06:10:00+00:00,0.0,0.0,9.42,1.38,0.0
2020-10-17 07:10:00+00:00,129.0,10.17,10.23,1.59,0.0
2020-10-17 08:10:00+00:00,318.01,20.76,12.98,1.24,0.0
2020-10-17 09:10:00+00:00,489.01,30.09,16.06,0.69,0.0
2020-10-17 10:10:00+00:00,614.01,37.41,18.82,1.24,0.0
2020-10-17 11:10:00+00:00,684.01,41.72,20.25,1.52,0.0
2020-10-17 12:10:00+00:00,684.01,42.17,21.36,1.38,0.0
2020-10-17 13:10:00+00:00,549.01,38.66,21.87,1.24,0.0
2020-10-17 14:10:00+00:00,516.01,31.92,22.19,1.52,0.0
2020-10-17 15:10:00+00:00,298.0,22.95,21.87,2.14,0.0
2020-10-17 16:10:00+00:00,136.0,12.59,20.91,3.17,0.0
2020-10-17 17:10:00+00:00,0.0,0.0,18.95,3.1,0.0
2020-10-17 18:10:00+00:00,0.0,0.0,16.87,2.34,0.0
2020-10-17 19:10:00+00:00,0.0,0.0,14.82,1.59,0.0
2020-10-17 20:10:00+00:00,0.0,0.0,13.94,1.72,0.0
2020-10-17 21:10:00+00:00,0.0,0.0,12.77,0.55,0.0
2020-10-17 22:10:00+00:00,0.0,0.0,11.76,0.69,0.0
2020-10-17 23:10:00+00:00,0.0,0.0,10.81,1.59,0.0
2020-10-18 00:10:00+00:00,0.0,0.0,10.49,1.38,0.0
2020-10-18 01:10:00+00:00,0.0,0.0,10.47,1.38,0.0
2020-10-18 02:10:00+00:00,0.0,0.0,10.09,1.52,0.0
2020-10-18 03:10:00+00:00,0.0,0.0,9.22,1.66,0.0
2020-10-18 04:10:00+00:00,0.0,0.0,8.97,1.79,0.0
2020-10-18 05:10:00+00:00,0.0,0.0,8.8,1.79,0.0
2020-10-18 06:10:00+00:00,0.0,0.0,8.71,1.66,0.0
2020-10-18 07:10:00+00:00,121.0,9.95,10.24,1.31,0.0
2020-10-18 08:10:00+00:00,283.0,20.52,14.85,1.31,0.0
2020-10-18 09:10:00+00:00,453.01,29.82,17.08,1.31,0.0
2020-10-18 10:10:00+00:00,583.01,37.09,19.32,1.38,0.0
2020-10-18 11:10:00+00:00,661.01,41.36,20.56,2.0,0.0
2020-10-18 12:10:00+00:00,679.01,41.8,21.26,2.55,0.0
2020-10-18 13:10:00+00:00,617.01,38.3,21.53,2.83,0.0
2020-10-18 14:10:00+00:00,506.01,31.59,21.52,2.9,0.0
2020-10-18 15:10:00+00:00,344.01,22.65,20.99,2.97,0.0
2020-10-18 16:10:00+00:00,150.0,12.31,20.07,2.9,0.0
2020-10-18 17:10:00+00:00,0.0,0.0,18.0,2.41,0.0
2020-10-18 18:10:00+00:00,0.0,0.0,16.17,1.52,0.0
2020-10-18 19:10:00+00:00,0.0,0.0,15.6,1.17,0.0
2020-10-18 20:10:00+00:00,0.0,0.0,15.21,0.34,0.0
2020-10-18 21:10:00+00:00,0.0,0.0,14.26,0.34,0.0
2020-10-18 22:10:00+00:00,0.0,0.0,13.73,0.48,0.0
2020-10-18 23:10:00+00:00,0.0,0.0,13.13,0.48,0.0
2020-10-19 00:10:00+00:00,0.0,0.0,12.64,0.62,0.0
2020-10-19 01:10:00+00:00,0.0,0.0,12.44,0.62,0.0
2020-10-19 02:10:00+00:00,0.0,0.0,12.1,0.69,0.0
2020-10-19 03:10:00+00:00,0.0,0.0,11.62,0.69,0.0
2020-10-19 04:10:00+00:00,0.0,0.0,11.31,0.83,0.0
2020-10-19 05:10:00+00:00,0.0,0.0,11.07,0.9,0.0
2020-10-19 06:10:00+00:00,0.0,0.0,10.74,0.97,0.0
2020-10-19 07:10:00+00:00,119.0,9.74,11.45,0.62,0.0
2020-10-19 08:10:00+00:00,304.01,20.28,14.85,0.48,0.0
2020-10-19 09:10:00+00:00,470.01,29.54,17.27,1.59,0.0
2020-10-19 10:10:00+00:00,592.01,36.77,19.22,2.21,0.0
2020-10-19 11:10:00+00:00,664.01,41.01,20.32,2.9,0.0
2020-10-19 12:10:00+00:00,671.01,41.43,20.73,3.38,0.0
2020-10-19 13:10:00+00:00,609.01,37.95,20.87,3.59,0.0
2020-10-19 14:10:00+00:00,498.01,31.26,20.98,3.52,0.0
2020-10-19 15:10:00+00:00,342.01,22.35,20.64,3.17,0.0
2020-10-19 16:10:00+00:00,156.0,12.03,19.87,2.9,0.0
2020-10-19 17:10:00+00:00,0.0,0.0,18.11,2.41,0.0
2020-10-19 18:10:00+00:00,0.0,0.0,16.75,1.17,0.0
2020-10-19 19:10:00+00:00,0.0,0.0,15.65,1.24,0.0
2020-10-19 20:10:00+00:00,0.0,0.0,15.05,0.69,0.0
2020-10-19 21:10:00+00:00,0.0,0.0,14.63,0.34,0.0
2020-10-19 22:10:00+00:00,0.0,0.0,13.52,0.07,0.0
2020-10-19 23:10:00+00:00,0.0,0.0,13.44,0.55,0.0
2020-10-20 00:10:00+00:00,0.0,0.0,12.98,0.41,0.0
2020-10-20 01:10:00+00:00,0.0,0.0,12.77,0.55,0.0
2020-10-20 02:10:00+00:00,0.0,0.0,12.38,0.76,0.0
2020-10-20 03:10:00+00:00,0.0,0.0,13.0,0.62,0.0
2020-10-20 04:10:00+00:00,0.0,0.0,12.26,0.69,0.0
2020-10-20 05:10:00+00:00,0.0,0.0,12.33,0.97,0.0
2020-10-20 06:10:00+00:00,0.0,0.0,12.88,1.1,0.0
2020-10-20 07:10:00+00:00,103.0,9.53,13.77,0.69,0.0
2020-10-20 08:10:00+00:00,251.0,20.04,17.06,0.9,0.0
2020-10-20 09:10:00+00:00,401.01,29.27,19.2,1.72,0.0
2020-10-20 10:10:00+00:00,545.01,36.46,20.69,2.07,0.0
2020-10-20 11:10:00+00:00,560.01,40.66,21.65,2.55,0.0
2020-10-20 12:10:00+00:00,621.01,41.07,22.36,2.76,0.0
2020-10-20 13:10:00+00:00,509.01,37.59,22.66,3.24,0.0
2020-10-20 14:10:00+00:00,266.0,30.93,22.69,3.72,0.0
2020-10-20 15:10:00+00:00,235.0,22.05,22.13,3.45,0.0
2020-10-20 16:10:00+00:00,76.0,11.76,21.44,2.62,0.0
2020-10-20 17:10:00+00:00,0.0,0.0,20.06,1.59,0.0
2020-10-20 18:10:00+00:00,0.0,0.0,18.63,1.24,0.0
2020-10-20 19:10:00+00:00,0.0,0.0,17.93,0.48,0.0
2020-10-20 20:10:00+00:00,0.0,0.0,17.81,0.55,0.0
2020-10-20 21:10:00+00:00,0.0,0.0,17.3,0.14,0.0
2020-10-20 22:10:00+00:00,0.0,0.0,17.21,0.21,0.0
2020-10-20 23:10:00+00:00,0.0,0.0,17.96,0.28,0.0
2020-10-21 00:10:00+00:00,0.0,0.0,18.01,0.55,0.0
2020-10-21 01:10:00+00:00,0.0,0.0,18.13,1.1,0.0
2020-10-21 02:10:00+00:00,0.0,0.0,18.03,1.59,0.0
2020-10-21 03:10:00+00:00,0.0,0.0,18.58,1.59,0.0
2020-10-21 04:10:00+00:00,0.0,0.0,18.32,0.21,0.0
2020-10-21 05:10:00+00:00,0.0,0.0,18.59,1.24,0.0
2020-10-21 06:10:00+00:00,0.0,0.0,17.6,0.76,0.0
2020-10-21 07:10:00+00:00,95.0,9.31,17.37,0.69,0.0
2020-10-21 08:10:00+00:00,288.01,19.8,19.49,0.48,0.0
2020-10-21 09:10:00+00:00,447.01,28.99,21.98,0.76,0.0
2020-10-21 10:10:00+00:00,576.01,36.14,23.82,0.97,0.0
2020-10-21 11:10:00+00:00,584.01,40.31,24.62,2.41,0.0
2020-10-21 12:10:00+00:00,586.01,40.71,25.19,3.31,0.0
2020-10-21 13:10:00+00:00,498.01,37.25,25.23,3.79,0.0
2020-10-21 14:10:00+00:00,455.01,30.61,24.82,4.41,0.0
2020-10-21 15:10:00+00:00,258.0,21.76,23.92,4.83,0.0
2020-10-21 16:10:00+00:00,62.0,11.49,22.94,4.48,0.0
2020-10-21 17:10:00+00:00,0.0,0.0,21.9,3.31,0.0
2020-10-21 18:10:00+00:00,0.0,0.0,20.68,1.66,0.0
2020-10-21 19:10:00+00:00,0.0,0.0,20.18,0.97,0.0
2020-10-21 20:10:00+00:00,0.0,0.0,19.84,0.76,0.0
2020-10-21 21:10:00+00:00,0.0,0.0,19.9,1.1,0.0
2020-10-21 22:10:00+00:00,0.0,0.0,18.33,1.17,0.0
2020-10-21 23:10:00+00:00,0.0,0.0,18.19,1.86,0.0
2020-10-22 00:10:00+00:00,0.0,0.0,18.16,1.52,0.0
2020-10-22 01:10:00+00:00,0.0,0.0,18.11,0.48,0.0
2020-10-22 02:10:00+00:00,0.0,0.0,18.15,0.55,0.0
2020-10-22 03:10:00+00:00,0.0,0.0,18.03,0.83,0.0
2020-10-22 04:10:00+00:00,0.0,0.0,17.71,0.69,0.0
2020-10-22 05:10:00+00:00,0.0,0.0,17.68,0.76,0.0
2020-10-22 06:10:00+00:00,0.0,0.0,18.36,0.9,0.0
2020-10-22 07:10:00+00:00,70.0,9.1,18.35,0.21,0.0
2020-10-22 08:10:00+00:00,145.0,19.56,19.66,0.48,0.0
2020-10-22 09:10:00+00:00,63.0,28.71,20.02,0.9,0.0
2020-10-22 10:10:00+00:00,140.0,35.83,19.63,1.52,0.0
2020-10-22 11:10:00+00:00,96.0,39.97,20.28,0.69,0.0
2020-10-22 12:10:00+00:00,165.0,40.35,20.65,0.97,0.0
2020-10-22 13:10:00+00:00,118.0,36.9,19.18,0.69,0.0
2020-10-22 14:10:00+00:00,130.0,30.29,18.99,0.62,0.0
2020-10-22 15:10:00+00:00,89.0,21.47,19.05,0.9,0.0
2020-10-22 16:10:00+00:00,54.0,11.22,19.13,0.34,0.0
2020-10-22 17:10:00+00:00,0.0,0.0,18.79,0.21,0.0
2020-10-22 18:10:00+00:00,0.0,0.0,18.22,0.28,0.0
2020-10-22 19:10:00+00:00,0.0,0.0,17.4,0.21,0.0
2020-10-22 20:10:00+00:00,0.0,0.0,17.18,1.03,0.0
2020-10-22 21:10:00+00:00,0.0,0.0,16.73,1.24,0.0
2020-10-22 22:10:00+00:00,0.0,0.0,15.92,2.34,0.0
2020-10-22 23:10:00+00:00,0.0,0.0,15.8,2.28,0.0
2020-10-23 00:10:00+00:00,0.0,0.0,15.56,1.72,0.0
2020-10-23 01:10:00+00:00,0.0,0.0,15.16,1.38,0.0
2020-10-23 02:10:00+00:00,0.0,0.0,14.5,1.17,0.0
2020-10-23 03:10:00+00:00,0.0,0.0,13.8,1.38,0.0
2020-10-23 04:10:00+00:00,0.0,0.0,13.59,1.66,0.0
2020-10-23 05:10:00+00:00,0.0,0.0,13.55,2.21,0.0
2020-10-23 06:10:00+00:00,0.0,0.0,13.44,2.41,0.0
2020-10-23 07:10:00+00:00,94.0,8.88,13.65,2.69,0.0
2020-10-23 08:10:00+00:00,236.0,19.31,16.15,2.62,0.0
2020-10-23 09:10:00+00:00,385.01,28.44,18.42,3.1,0.0
2020-10-23 10:10:00+00:00,564.01,35.51,20.48,2.48,0.0
2020-10-23 11:10:00+00:00,592.01,39.62,21.8,3.59,0.0
2020-10-23 12:10:00+00:00,524.01,40.0,22.44,4.0,0.0
2020-10-23 13:10:00+00:00,466.01,36.56,22.83,4.76,0.0
2020-10-23 14:10:00+00:00,438.01,29.98,22.9,4.76,0.0
2020-10-23 15:10:00+00:00,199.0,21.18,22.72,4.55,0.0
2020-10-23 16:10:00+00:00,95.0,10.96,21.88,4.0,0.0
2020-10-23 17:10:00+00:00,0.0,0.0,20.53,2.41,0.0
2020-10-23 18:10:00+00:00,0.0,0.0,17.81,2.28,0.0
2020-10-23 19:10:00+00:00,0.0,0.0,17.23,2.21,0.0
2020-10-23 20:10:00+00:00,0.0,0.0,15.69,2.07,0.0
2020-10-23 21:10:00+00:00,0.0,0.0,14.92,2.48,0.0
2020-10-23 22:10:00+00:00,0.0,0.0,14.77,2.69,0.0
2020-10-23 23:10:00+00:00,0.0,0.0,14.25,2.76,0.0
2020-10-24 00:10:00+00:00,0.0,0.0,13.46,2.69,0.0
2020-10-24 01:10:00+00:00,0.0,0.0,13.26,2.69,0.0
2020-10-24 02:10:00+00:00,0.0,0.0,12.67,2.69,0.0
2020-10-24 03:10:00+00:00,0.0,0.0,11.95,2.83,0.0
2020-10-24 04:10:00+00:00,0.0,0.0,11.85,2.9,0.0
2020-10-24 05:10:00+00:00,0.0,0.0,11.51,2.76,0.0
2020-10-24 06:10:00+00:00,0.0,0.0,10.97,2.55,0.0
2020-10-24 07:10:00+00:00,104.0,8.67,11.23,2.62,0.0
2020-10-24 08:10:00+00:00,286.01,19.07,14.65,2.69,0.0
2020-10-24 09:10:00+00:00,448.01,28.16,17.09,2.83,0.0
2020-10-24 10:10:00+00:00,575.01,35.2,19.4,2.28,0.0
2020-10-24 11:10:00+00:00,643.01,39.28,20.78,2.21,0.0
2020-10-24 12:10:00+00:00,649.01,39.65,21.71,2.9,0.0
2020-10-24 13:10:00+00:00,583.01,36.22,22.5,3.45,0.0
2020-10-24 14:10:00+00:00,481.01,29.67,22.85,3.66,0.0
2020-10-24 15:10:00+00:00,322.01,20.9,22.51,3.66,0.0
2020-10-24 16:10:00+00:00,138.0,10.7,22.04,3.52,0.0
2020-10-24 17:10:00+00:00,0.0,0.0,20.16,2.62,0.0
2020-10-24 18:10:00+00:00,0.0,0.0,17.88,2.76,0.0
2020-10-24 19:10:00+00:00,0.0,0.0,16.46,2.34,0.0
2020-10-24 20:10:00+00:00,0.0,0.0,15.22,2.14,0.0
2020-10-24 21:10:00+00:00,0.0,0.0,14.06,2.28,0.0
2020-10-24 22:10:00+00:00,0.0,0.0,13.3,2.07,0.0
2020-10-24 23:10:00+00:00,0.0,0.0,13.16,1.93,0.0
2020-10-25 00:10:00+00:00,0.0,0.0,12.95,2.0,0.0
2020-10-25 01:10:00+00:00,0.0,0.0,13.05,2.07,0.0
2020-10-25 02:10:00+00:00,0.0,0.0,12.83,2.07,0.0
2020-10-25 03:10:00+00:00,0.0,0.0,12.19,2.14,0.0
2020-10-25 04:10:00+00:00,0.0,0.0,12.38,2.07,0.0
2020-10-25 05:10:00+00:00,0.0,0.0,11.73,1.93,0.0
2020-10-25 06:10:00+00:00,0.0,0.0,10.84,1.93,0.0
2020-10-25 07:10:00+00:00,98.0,8.45,11.79,2.21,0.0
2020-10-25 08:10:00+00:00,276.01,18.83,15.36,2.21,0.0
2020-10-25 09:10:00+00:00,439.01,27.89,18.05,2.21,0.0
2020-10-25 10:10:00+00:00,565.01,34.89,20.48,2.34,0.0
2020-10-25 11:10:00+00:00,625.01,38.94,21.76,3.1,0.0
2020-10-25 12:10:00+00:00,627.01,39.3,22.51,3.59,0.0
2020-10-25 13:10:00+00:00,579.01,35.89,22.66,3.86,0.0
2020-10-25 14:10:00+00:00,468.01,29.36,22.51,4.0,0.0
2020-10-25 15:10:00+00:00,311.01,20.62,22.12,3.86,0.0
2020-10-25 16:10:00+00:00,132.0,10.45,21.27,3.93,0.0
2020-10-25 17:10:00+00:00,0.0,0.0,19.51,3.31,0.0
2020-10-25 18:10:00+00:00,0.0,0.0,17.81,2.55,0.0
2020-10-25 19:10:00+00:00,0.0,0.0,16.15,2.21,0.0
2020-10-25 20:10:00+00:00,0.0,0.0,15.41,2.0,0.0
2020-10-25 21:10:00+00:00,0.0,0.0,15.72,2.14,0.0
2020-10-25 22:10:00+00:00,0.0,0.0,16.09,2.07,0.0
2020-10-25 23:10:00+00:00,0.0,0.0,16.33,2.34,0.0
2020-10-26 00:10:00+00:00,0.0,0.0,15.96,2.48,0.0
2020-10-26 01:10:00+00:00,0.0,0.0,15.75,2.76,0.0
2020-10-26 02:10:00+00:00,0.0,0.0,15.84,2.9,0.0
2020-10-26 03:10:00+00:00,0.0,0.0,16.19,3.79,0.0
2020-10-26 04:10:00+00:00,0.0,0.0,15.99,4.83,0.0
2020-10-26 05:10:00+00:00,0.0,0.0,15.73,5.59,0.0
2020-10-26 06:10:00+00:00,0.0,0.0,15.17,5.72,0.0
2020-10-26 07:10:00+00:00,47.0,8.23,14.13,5.93,0.0
2020-10-26 08:10:00+00:00,284.01,18.59,14.01,6.62,0.0
2020-10-26 09:10:00+00:00,444.01,27.61,15.04,6.97,0.0
2020-10-26 10:10:00+00:00,565.01,34.58,16.26,6.97,0.0
2020-10-26 11:10:00+00:00,618.01,38.6,17.07,6.76,0.0
2020-10-26 12:10:00+00:00,561.01,38.96,17.79,6.34,0.0
2020-10-26 13:10:00+00:00,583.01,35.56,18.17,6.21,0.0
2020-10-26 14:10:00+00:00,476.01,29.06,18.44,5.93,0.0
2020-10-26 15:10:00+00:00,317.01,20.35,18.46,5.38,0.0
2020-10-26 16:10:00+00:00,133.0,10.2,17.67,5.31,0.0
2020-10-26 17:10:00+00:00,0.0,0.0,16.17,4.48,0.0
2020-10-26 18:10:00+00:00,0.0,0.0,15.08,4.55,0.0
2020-10-26 19:10:00+00:00,0.0,0.0,14.34,4.48,0.0
2020-10-26 20:10:00+00:00,0.0,0.0,13.71,4.14,0.0
2020-10-26 21:10:00+00:00,0.0,0.0,13.0,3.79,0.0
2020-10-26 22:10:00+00:00,0.0,0.0,12.4,3.1,0.0
2020-10-26 23:10:00+00:00,0.0,0.0,11.86,2.83,0.0
2020-10-27 00:10:00+00:00,0.0,0.0,11.37,2.62,0.0
2020-10-27 01:10:00+00:00,0.0,0.0,10.88,2.55,0.0
2020-10-27 02:10:00+00:00,0.0,0.0,10.34,2.41,0.0
2020-10-27 03:10:00+00:00,0.0,0.0,9.81,2.41,0.0
2020-10-27 04:10:00+00:00,0.0,0.0,9.21,2.55,0.0
2020-10-27 05:10:00+00:00,0.0,0.0,8.67,2.55,0.0
2020-10-27 06:10:00+00:00,0.0,0.0,8.42,2.48,0.0
2020-10-27 07:10:00+00:00,76.0,8.01,8.81,2.83,0.0
2020-10-27 08:10:00+00:00,275.01,18.34,11.6,3.24,0.0
2020-10-27 09:10:00+00:00,330.0,27.34,13.96,4.0,0.0
2020-10-27 10:10:00+00:00,512.01,34.27,16.23,3.52,0.0
2020-10-27 11:10:00+00:00,523.01,38.27,17.81,3.45,0.0
2020-10-27 12:10:00+00:00,592.01,38.61,18.96,3.17,0.0
2020-10-27 13:10:00+00:00,559.01,35.24,19.94,3.38,0.0
2020-10-27 14:10:00+00:00,403.01,28.76,20.46,3.45,0.0
2020-10-27 15:10:00+00:00,195.0,20.08,20.68,3.31,0.0
2020-10-27 16:10:00+00:00,110.0,9.95,20.11,2.9,0.0
2020-10-27 17:10:00+00:00,0.0,0.0,17.7,2.0,0.0
2020-10-27 18:10:00+00:00,0.0,0.0,15.79,1.93,0.0
2020-10-27 19:10:00+00:00,0.0,0.0,14.84,2.14,0.0
2020-10-27 20:10:00+00:00,0.0,0.0,13.99,2.28,0.0
2020-10-27 21:10:00+00:00,0.0,0.0,13.75,2.07,0.0
2020-10-27 22:10:00+00:00,0.0,0.0,13.07,2.21,0.0
2020-10-27 23:10:00+00:00,0.0,0.0,12.5,2.41,0.0
2020-10-28 00:10:00+00:00,0.0,0.0,12.21,2.34,0.0
2020-10-28 01:10:00+00:00,0.0,0.0,11.7,2.14,0.0
2020-10-28 02:10:00+00:00,0.0,0.0,11.45,1.93,0.0
2020-10-28 03:10:00+00:00,0.0,0.0,11.09,2.28,0.0
2020-10-28 04:10:00+00:00,0.0,0.0,10.99,2.48,0.0
2020-10-28 05:10:00+00:00,0.0,0.0,10.75,2.34,0.0
2020-10-28 06:10:00+00:00,0.0,0.0,10.78,2.21,0.0
2020-10-28 07:10:00+00:00,85.0,7.8,11.2,2.55,0.0
2020-10-28 08:10:00+00:00,259.01,18.1,14.58,2.55,0.0
2020-10-28 09:10:00+00:00,420.01,27.06,17.47,2.62,0.0
2020-10-28 10:10:00+00:00,529.01,33.97,19.78,2.0,0.0
2020-10-28 11:10:00+00:00,610.01,37.94,20.94,1.03,0.0
2020-10-28 12:10:00+00:00,613.01,38.28,21.82,0.28,0.0
2020-10-28 13:10:00+00:00,555.01,34.92,22.09,0.07,0.0
2020-10-28 14:10:00+00:00,434.01,28.47,22.64,0.55,0.0
2020-10-28 15:10:00+00:00,242.0,19.82,22.28,1.31,0.0
2020-10-28 16:10:00+00:00,113.0,9.71,21.43,2.28,0.0
2020-10-28 17:10:00+00:00,0.0,0.0,19.29,1.93,0.0
2020-10-28 18:10:00+00:00,0.0,0.0,16.96,1.59,0.0
2020-10-28 19:10:00+00:00,0.0,0.0,15.59,1.17,0.0
2020-10-28 20:10:00+00:00,0.0,0.0,14.23,0.34,0.0
2020-10-28 21:10:00+00:00,0.0,0.0,13.67,1.24,0.0
2020-10-28 22:10:00+00:00,0.0,0.0,13.42,1.31,0.0
2020-10-28 23:10:00+00:00,0.0,0.0,13.1,1.52,0.0
2020-10-29 00:10:00+00:00,0.0,0.0,12.67,1.52,0.0
2020-10-29 01:10:00+00:00,0.0,0.0,12.26,1.52,0.0
2020-10-29 02:10:00+00:00,0.0,0.0,11.99,1.66,0.0
2020-10-29 03:10:00+00:00,0.0,0.0,11.86,2.0,0.0
2020-10-29 04:10:00+00:00,0.0,0.0,11.8,2.0,0.0
2020-10-29 05:10:00+00:00,0.0,0.0,11.44,1.59,0.0
2020-10-29 06:10:00+00:00,0.0,0.0,11.07,0.97,0.0
2020-10-29 07:10:00+00:00,82.0,7.58,11.73,0.76,0.0
2020-10-29 08:10:00+00:00,257.01,17.86,15.88,1.1,0.0
2020-10-29 09:10:00+00:00,420.01,26.79,18.82,1.03,0.0
2020-10-29 10:10:00+00:00,539.01,33.66,20.48,1.66,0.0
2020-10-29 11:10:00+00:00,608.01,37.61,21.3,1.86,0.0
2020-10-29 12:10:00+00:00,607.01,37.94,21.98,2.34,0.0
2020-10-29 13:10:00+00:00,558.01,34.6,22.25,2.76,0.0
2020-10-29 14:10:00+00:00,414.01,28.18,22.06,2.69,0.0
2020-10-29 15:10:00+00:00,288.01,19.56,21.63,2.48,0.0
2020-10-29 16:10:00+00:00,115.0,9.47,20.5,2.48,0.0
2020-10-29 17:10:00+00:00,0.0,0.0,18.56,1.52,0.0
2020-10-29 18:10:00+00:00,0.0,0.0,15.97,1.38,0.0
2020-10-29 19:10:00+00:00,0.0,0.0,15.06,0.69,0.0
2020-10-29 20:10:00+00:00,0.0,0.0,14.42,0.55,0.0
2020-10-29 21:10:00+00:00,0.0,0.0,13.12,0.83,0.0
2020-10-29 22:10:00+00:00,0.0,0.0,12.38,1.17,0.0
2020-10-29 23:10:00+00:00,0.0,0.0,11.85,1.24,0.0
2020-10-30 00:10:00+00:00,0.0,0.0,11.46,1.24,0.0
2020-10-30 01:10:00+00:00,0.0,0.0,11.26,1.1,0.0
2020-10-30 02:10:00+00:00,0.0,0.0,10.86,0.97,0.0
2020-10-30 03:10:00+00:00,0.0,0.0,10.13,0.9,0.0
2020-10-30 04:10:00+00:00,0.0,0.0,10.07,1.03,0.0
2020-10-30 05:10:00+00:00,0.0,0.0,9.89,1.03,0.0
2020-10-30 06:10:00+00:00,0.0,0.0,9.83,1.03,0.0
2020-10-30 07:10:00+00:00,83.0,7.36,10.37,0.9,0.0
2020-10-30 08:10:00+00:00,261.01,17.61,14.49,1.1,0.0
2020-10-30 09:10:00+00:00,424.01,26.52,18.22,0.14,0.0
2020-10-30 10:10:00+00:00,547.01,33.36,20.62,0.62,0.0
2020-10-30 11:10:00+00:00,614.01,37.28,22.08,1.52,0.0
2020-10-30 12:10:00+00:00,626.01,37.61,22.92,1.93,0.0
2020-10-30 13:10:00+00:00,570.01,34.29,23.18,2.14,0.0
2020-10-30 14:10:00+00:00,452.01,27.9,23.52,2.41,0.0
2020-10-30 15:10:00+00:00,296.01,19.3,23.33,2.69,0.0
2020-10-30 16:10:00+00:00,115.0,9.24,21.96,2.48,0.0
2020-10-30 17:10:00+00:00,0.0,0.0,19.4,1.52,0.0
2020-10-30 18:10:00+00:00,0.0,0.0,16.71,1.38,0.0
2020-10-30 19:10:00+00:00,0.0,0.0,15.58,0.69,0.0
2020-10-30 20:10:00+00:00,0.0,0.0,14.44,0.83,0.0
2020-10-30 21:10:00+00:00,0.0,0.0,13.14,1.17,0.0
2020-10-30 22:10:00+00:00,0.0,0.0,12.44,1.38,0.0
2020-10-30 23:10:00+00:00,0.0,0.0,12.04,1.59,0.0
2020-10-31 00:10:00+00:00,0.0,0.0,11.42,2.07,0.0
2020-10-31 01:10:00+00:00,0.0,0.0,11.13,1.24,0.0
2020-10-31 02:10:00+00:00,0.0,0.0,10.82,1.17,0.0
2020-10-31 03:10:00+00:00,0.0,0.0,9.96,1.1,0.0
2020-10-31 04:10:00+00:00,0.0,0.0,9.88,1.03,0.0
2020-10-31 05:10:00+00:00,0.0,0.0,9.59,0.97,0.0
2020-10-31 06:10:00+00:00,0.0,0.0,10.12,0.9,0.0
2020-10-31 07:10:00+00:00,78.0,7.14,10.62,0.83,0.0
2020-10-31 08:10:00+00:00,254.01,17.37,14.53,0.97,0.0
2020-10-31 09:10:00+00:00,416.01,26.24,17.49,0.14,0.0
2020-10-31 10:10:00+00:00,538.01,33.05,20.43,0.83,0.0
2020-10-31 11:10:00+00:00,604.01,36.96,22.03,1.52,0.0
2020-10-31 12:10:00+00:00,610.01,37.29,22.94,1.52,0.0
2020-10-31 13:10:00+00:00,558.01,33.98,23.47,1.52,0.0
2020-10-31 14:10:00+00:00,444.01,27.62,23.65,1.93,0.0
2020-10-31 15:10:00+00:00,287.01,19.05,23.07,2.62,0.0
2020-10-31 16:10:00+00:00,110.0,9.02,21.56,2.76,0.0
2020-10-31 17:10:00+00:00,0.0,0.0,19.32,1.59,0.0
2020-10-31 18:10:00+00:00,0.0,0.0,17.21,1.59,0.0
2020-10-31 19:10:00+00:00,0.0,0.0,15.96,1.17,0.0
2020-10-31 20:10:00+00:00,0.0,0.0,14.53,1.03,0.0
2020-10-31 21:10:00+00:00,0.0,0.0,13.67,1.66,0.0
2020-10-31 22:10:00+00:00,0.0,0.0,13.44,1.38,0.0
2020-10-31 23:10:00+00:00,0.0,0.0,13.32,1.31,0.0
2020-11-01 00:10:00+00:00,0.0,0.0,12.82,1.17,0.0
2020-11-01 01:10:00+00:00,0.0,0.0,12.73,1.1,0.0
2020-11-01 02:10:00+00:00,0.0,0.0,12.23,1.03,0.0
2020-11-01 03:10:00+00:00,0.0,0.0,11.66,1.03,0.0
2020-11-01 04:10:00+00:00,0.0,0.0,11.3,0.9,0.0
2020-11-01 05:10:00+00:00,0.0,0.0,11.28,0.62,0.0
2020-11-01 06:10:00+00:00,0.0,0.0,12.03,0.48,0.0
2020-11-01 07:10:00+00:00,69.0,6.92,11.81,0.69,0.0
2020-11-01 08:10:00+00:00,243.01,17.13,15.65,0.83,0.0
2020-11-01 09:10:00+00:00,404.01,25.97,19.23,0.34,0.0
2020-11-01 10:10:00+00:00,529.01,32.75,21.52,0.41,0.0
2020-11-01 11:10:00+00:00,587.01,36.64,23.03,0.34,0.0
2020-11-01 12:10:00+00:00,596.01,36.97,23.95,1.1,0.0
2020-11-01 13:10:00+00:00,545.01,33.67,24.34,1.72,0.0
2020-11-01 14:10:00+00:00,431.01,27.34,24.11,2.21,0.0
2020-11-01 15:10:00+00:00,279.01,18.8,23.23,2.62,0.0
2020-11-01 16:10:00+00:00,105.0,8.79,21.83,2.34,0.0
2020-11-01 17:10:00+00:00,0.0,0.0,19.45,1.31,0.0
2020-11-01 18:10:00+00:00,0.0,0.0,16.92,1.17,0.0
2020-11-01 19:10:00+00:00,0.0,0.0,15.89,1.1,0.0
2020-11-01 20:10:00+00:00,0.0,0.0,14.67,0.83,0.0
2020-11-01 21:10:00+00:00,0.0,0.0,13.87,1.66,0.0
2020-11-01 22:10:00+00:00,0.0,0.0,13.09,1.59,0.0
2020-11-01 23:10:00+00:00,0.0,0.0,13.1,1.38,0.0
2020-11-02 00:10:00+00:00,0.0,0.0,12.69,1.1,0.0
2020-11-02 01:10:00+00:00,0.0,0.0,12.44,1.03,0.0
2020-11-02 02:10:00+00:00,0.0,0.0,12.36,0.76,0.0
2020-11-02 03:10:00+00:00,0.0,0.0,11.9,0.62,0.0
2020-11-02 04:10:00+00:00,0.0,0.0,11.89,0.62,0.0
2020-11-02 05:10:00+00:00,0.0,0.0,11.79,0.69,0.0
2020-11-02 06:10:00+00:00,0.0,0.0,11.69,0.9,0.0
2020-11-02 07:10:00+00:00,66.0,6.7,11.37,1.24,0.0
2020-11-02 08:10:00+00:00,236.01,16.89,17.46,1.1,0.0
2020-11-02 09:10:00+00:00,398.01,25.7,18.82,0.9,0.0
2020-11-02 10:10:00+00:00,520.01,32.46,21.72,0.76,0.0
2020-11-02 11:10:00+00:00,588.01,36.32,23.55,1.24,0.0
2020-11-02 12:10:00+00:00,593.01,36.65,24.33,1.93,0.0
2020-11-02 13:10:00+00:00,539.01,33.37,24.46,2.34,0.0
2020-11-02 14:10:00+00:00,430.01,27.07,24.26,2.62,0.0
2020-11-02 15:10:00+00:00,275.01,18.56,23.41,2.83,0.0
2020-11-02 16:10:00+00:00,102.0,8.58,22.05,2.48,0.0
2020-11-02 17:10:00+00:00,0.0,0.0,19.57,1.79,0.0
2020-11-02 18:10:00+00:00,0.0,0.0,16.79,1.31,0.0
2020-11-02 19:10:00+00:00,0.0,0.0,15.59,0.83,0.0
2020-11-02 20:10:00+00:00,0.0,0.0,14.38,1.17,0.0
2020-11-02 21:10:00+00:00,0.0,0.0,13.82,1.52,0.0
2020-11-02 22:10:00+00:00,0.0,0.0,13.3,1.31,0.0
2020-11-02 23:10:00+00:00,0.0,0.0,13.06,1.31,0.0
2020-11-03 00:10:00+00:00,0.0,0.0,12.66,1.03,0.0
2020-11-03 01:10:00+00:00,0.0,0.0,12.5,0.83,0.0
2020-11-03 02:10:00+00:00,0.0,0.0,11.94,0.83,0.0
2020-11-03 03:10:00+00:00,0.0,0.0,11.62,1.03,0.0
2020-11-03 04:10:00+00:00,0.0,0.0,11.8,1.31,0.0
2020-11-03 05:10:00+00:00,0.0,0.0,11.95,1.59,0.0
2020-11-03 06:10:00+00:00,0.0,0.0,11.73,1.72,0.0
2020-11-03 07:10:00+00:00,48.0,6.48,12.21,1.38,0.0
2020-11-03 08:10:00+00:00,151.0,16.64,15.42,1.86,0.0
2020-11-03 09:10:00+00:00,244.0,25.43,16.69,1.86,0.0
2020-11-03 10:10:00+00:00,504.01,32.16,18.38,1.72,0.0
2020-11-03 11:10:00+00:00,517.01,36.01,19.51,1.52,0.0
2020-11-03 12:10:00+00:00,541.01,36.34,20.34,1.86,0.0
2020-11-03 13:10:00+00:00,485.01,33.08,20.59,2.0,0.0
2020-11-03 14:10:00+00:00,334.0,26.8,20.62,2.34,0.0
2020-11-03 15:10:00+00:00,229.0,18.32,20.03,2.69,0.0
2020-11-03 16:10:00+00:00,96.0,8.36,18.98,3.03,0.0
2020-11-03 17:10:00+00:00,0.0,0.0,17.41,3.1,0.0
2020-11-03 18:10:00+00:00,0.0,0.0,16.96,3.03,0.0
2020-11-03 19:10:00+00:00,0.0,0.0,16.74,2.97,0.0
2020-11-03 20:10:00+00:00,0.0,0.0,16.69,2.83,0.0
2020-11-03 21:10:00+00:00,0.0,0.0,16.36,2.48,0.0
2020-11-03 22:10:00+00:00,0.0,0.0,16.02,2.69,0.0
2020-11-03 23:10:00+00:00,0.0,0.0,15.63,2.14,0.0
2020-11-04 00:10:00+00:00,0.0,0.0,15.32,1.93,0.0
2020-11-04 01:10:00+00:00,0.0,0.0,14.92,1.79,0.0
2020-11-04 02:10:00+00:00,0.0,0.0,14.25,1.86,0.0
2020-11-04 03:10:00+00:00,0.0,0.0,14.01,1.72,0.0
2020-11-04 04:10:00+00:00,0.0,0.0,13.83,1.79,0.0
2020-11-04 05:10:00+00:00,0.0,0.0,13.75,1.79,0.0
2020-11-04 06:10:00+00:00,0.0,0.0,13.7,1.72,0.0
2020-11-04 07:10:00+00:00,6.0,6.27,13.65,1.86,0.0
2020-11-04 08:10:00+00:00,21.0,16.4,14.23,2.0,0.0
2020-11-04 09:10:00+00:00,292.0,25.17,15.03,2.0,0.0
2020-11-04 10:10:00+00:00,451.01,31.87,16.16,1.93,0.0
2020-11-04 11:10:00+00:00,129.0,35.7,16.45,1.38,0.0
2020-11-04 12:10:00+00:00,171.0,36.03,16.3,1.03,0.0
2020-11-04 13:10:00+00:00,448.01,32.79,16.25,1.86,0.0
2020-11-04 14:10:00+00:00,388.01,26.54,16.24,2.34,0.0
2020-11-04 15:10:00+00:00,233.0,18.09,15.59,2.9,0.0
2020-11-04 16:10:00+00:00,32.0,8.16,15.34,3.66,0.0
2020-11-04 17:10:00+00:00,0.0,0.0,14.59,4.07,0.0
2020-11-04 18:10:00+00:00,0.0,0.0,14.29,4.14,0.0
2020-11-04 19:10:00+00:00,0.0,0.0,14.33,4.07,0.0
2020-11-04 20:10:00+00:00,0.0,0.0,14.65,4.28,0.0
2020-11-04 21:10:00+00:00,0.0,0.0,14.64,4.48,0.0
2020-11-04 22:10:00+00:00,0.0,0.0,14.22,3.72,0.0
2020-11-04 23:10:00+00:00,0.0,0.0,14.46,4.41,0.0
2020-11-05 00:10:00+00:00,0.0,0.0,14.45,4.28,0.0
2020-11-05 01:10:00+00:00,0.0,0.0,14.59,4.55,0.0
2020-11-05 02:10:00+00:00,0.0,0.0,14.81,4.97,0.0
2020-11-05 03:10:00+00:00,0.0,0.0,15.19,5.31,0.0
2020-11-05 04:10:00+00:00,0.0,0.0,15.31,5.66,0.0
2020-11-05 05:10:00+00:00,0.0,0.0,15.5,5.31,0.0
2020-11-05 06:10:00+00:00,0.0,0.0,15.69,5.52,0.0
2020-11-05 07:10:00+00:00,34.0,6.05,15.7,5.31,0.0
2020-11-05 08:10:00+00:00,37.0,16.16,16.1,5.1,0.0
2020-11-05 09:10:00+00:00,188.0,24.9,16.75,5.52,0.0
2020-11-05 10:10:00+00:00,113.0,31.58,17.52,6.0,0.0
2020-11-05 11:10:00+00:00,397.0,35.39,17.78,5.45,0.0
2020-11-05 12:10:00+00:00,211.0,35.72,18.04,5.45,0.0
2020-11-05 13:10:00+00:00,164.0,32.5,18.41,4.83,0.0
2020-11-05 14:10:00+00:00,37.0,26.29,18.16,4.69,0.0
2020-11-05 15:10:00+00:00,133.0,17.86,18.33,3.79,0.0
2020-11-05 16:10:00+00:00,55.0,7.95,17.91,3.31,0.0
2020-11-05 17:10:00+00:00,0.0,0.0,17.63,3.24,0.0
2020-11-05 18:10:00+00:00,0.0,0.0,17.41,3.24,0.0
2020-11-05 19:10:00+00:00,0.0,0.0,17.09,2.9,0.0
2020-11-05 20:10:00+00:00,0.0,0.0,17.13,2.9,0.0
2020-11-05 21:10:00+00:00,0.0,0.0,16.65,2.9,0.0
2020-11-05 22:10:00+00:00,0.0,0.0,17.07,2.97,0.0
2020-11-05 23:10:00+00:00,0.0,0.0,17.09,2.97,0.0
2020-11-06 00:10:00+00:00,0.0,0.0,16.79,2.97,0.0
2020-11-06 01:10:00+00:00,0.0,0.0,16.84,3.1,0.0
2020-11-06 02:10:00+00:00,0.0,0.0,16.73,3.1,0.0
2020-11-06 03:10:00+00:00,0.0,0.0,16.59,3.03,0.0
2020-11-06 04:10:00+00:00,0.0,0.0,16.57,3.24,0.0
2020-11-06 05:10:00+00:00,0.0,0.0,16.4,3.38,0.0
2020-11-06 06:10:00+00:00,0.0,0.0,16.41,3.38,0.0
2020-11-06 07:10:00+00:00,47.0,5.83,16.52,3.45,0.0
2020-11-06 08:10:00+00:00,171.0,15.93,17.37,3.86,0.0
2020-11-06 09:10:00+00:00,303.0,24.64,18.61,4.0,0.0
2020-11-06 10:10:00+00:00,414.01,31.29,20.4,4.07,0.0
2020-11-06 11:10:00+00:00,489.01,35.09,21.43,4.34,0.0
2020-11-06 12:10:00+00:00,509.01,35.42,21.92,4.28,0.0
2020-11-06 13:10:00+00:00,475.01,32.22,22.08,4.41,0.0
2020-11-06 14:10:00+00:00,359.01,26.03,21.99,4.69,0.0
2020-11-06 15:10:00+00:00,232.01,17.64,21.5,4.55,0.0
2020-11-06 16:10:00+00:00,51.0,7.76,20.6,4.41,0.0
2020-11-06 17:10:00+00:00,0.0,0.0,19.72,3.93,0.0
2020-11-06 18:10:00+00:00,0.0,0.0,19.28,3.66,0.0
2020-11-06 19:10:00+00:00,0.0,0.0,19.08,3.79,0.0
2020-11-06 20:10:00+00:00,0.0,0.0,19.14,4.34,0.0
2020-11-06 21:10:00+00:00,0.0,0.0,18.83,4.41,0.0
2020-11-06 22:10:00+00:00,0.0,0.0,18.87,4.97,0.0
2020-11-06 23:10:00+00:00,0.0,0.0,18.75,4.9,0.0
2020-11-07 00:10:00+00:00,0.0,0.0,18.71,4.76,0.0
2020-11-07 01:10:00+00:00,0.0,0.0,18.6,2.9,0.0
2020-11-07 02:10:00+00:00,0.0,0.0,18.36,0.9,0.0
2020-11-07 03:10:00+00:00,0.0,0.0,17.81,1.66,0.0
2020-11-07 04:10:00+00:00,0.0,0.0,17.14,2.14,0.0
2020-11-07 05:10:00+00:00,0.0,0.0,16.72,1.79,0.0
2020-11-07 06:10:00+00:00,0.0,0.0,15.52,1.52,0.0
2020-11-07 07:10:00+00:00,10.0,5.61,15.04,1.38,0.0
2020-11-07 08:10:00+00:00,54.0,15.69,15.42,1.72,0.0
2020-11-07 09:10:00+00:00,367.01,24.38,16.03,2.21,0.0
2020-11-07 10:10:00+00:00,499.01,31.01,17.46,1.31,0.0
2020-11-07 11:10:00+00:00,558.01,34.79,18.62,2.48,0.0
2020-11-07 12:10:00+00:00,557.01,35.13,19.57,3.59,0.0
2020-11-07 13:10:00+00:00,510.01,31.95,20.45,3.59,0.0
2020-11-07 14:10:00+00:00,399.01,25.79,20.57,3.1,0.0
2020-11-07 15:10:00+00:00,249.01,17.43,20.29,2.69,0.0
2020-11-07 16:10:00+00:00,84.0,7.57,20.06,2.07,0.0
2020-11-07 17:10:00+00:00,0.0,0.0,17.68,1.52,0.0
2020-11-07 18:10:00+00:00,0.0,0.0,16.17,1.79,0.0
2020-11-07 19:10:00+00:00,0.0,0.0,15.18,1.24,0.0
2020-11-07 20:10:00+00:00,0.0,0.0,14.83,0.97,0.0
2020-11-07 21:10:00+00:00,0.0,0.0,13.9,1.03,0.0
2020-11-07 22:10:00+00:00,0.0,0.0,13.51,1.93,0.0
2020-11-07 23:10:00+00:00,0.0,0.0,12.84,1.52,0.0
2020-11-08 00:10:00+00:00,0.0,0.0,12.21,1.59,0.0
2020-11-08 01:10:00+00:00,0.0,0.0,11.55,1.59,0.0
2020-11-08 02:10:00+00:00,0.0,0.0,11.36,1.52,0.0
2020-11-08 03:10:00+00:00,0.0,0.0,10.88,1.52,0.0
2020-11-08 04:10:00+00:00,0.0,0.0,10.56,1.52,0.0
2020-11-08 05:10:00+00:00,0.0,0.0,10.37,1.38,0.0
2020-11-08 06:10:00+00:00,0.0,0.0,10.91,1.17,0.0
2020-11-08 07:10:00+00:00,44.22,5.4,11.74,0.97,0.0
2020-11-08 08:10:00+00:00,171.0,15.45,13.17,0.9,0.0
2020-11-08 09:10:00+00:00,359.01,24.12,15.68,0.62,0.0
2020-11-08 10:10:00+00:00,476.01,30.73,17.49,1.79,0.0
2020-11-08 11:10:00+00:00,544.01,34.5,18.59,2.28,0.0
2020-11-08 12:10:00+00:00,559.01,34.84,19.17,2.62,0.0
2020-11-08 13:10:00+00:00,500.01,31.68,19.42,2.62,0.0
2020-11-08 14:10:00+00:00,398.01,25.55,19.41,2.34,0.0
2020-11-08 15:10:00+00:00,178.0,17.21,18.79,2.14,0.0
2020-11-08 16:10:00+00:00,36.0,7.38,18.3,1.79,0.0
2020-11-08 17:10:00+00:00,0.0,0.0,16.71,1.31,0.0
2020-11-08 18:10:00+00:00,0.0,0.0,15.23,1.03,0.0
2020-11-08 19:10:00+00:00,0.0,0.0,14.21,0.48,0.0
2020-11-08 20:10:00+00:00,0.0,0.0,13.05,0.48,0.0
2020-11-08 21:10:00+00:00,0.0,0.0,12.28,0.76,0.0
2020-11-08 22:10:00+00:00,0.0,0.0,11.3,1.31,0.0
2020-11-08 23:10:00+00:00,0.0,0.0,11.43,1.31,0.0
2020-11-09 00:10:00+00:00,0.0,0.0,11.46,1.31,0.0
2020-11-09 01:10:00+00:00,0.0,0.0,11.46,1.17,0.0
2020-11-09 02:10:00+00:00,0.0,0.0,11.38,1.03,0.0
2020-11-09 03:10:00+00:00,0.0,0.0,11.23,1.03,0.0
2020-11-09 04:10:00+00:00,0.0,0.0,11.02,0.97,0.0
2020-11-09 05:10:00+00:00,0.0,0.0,10.56,0.9,0.0
2020-11-09 06:10:00+00:00,0.0,0.0,10.53,0.97,0.0
2020-11-09 07:10:00+00:00,36.28,5.18,10.69,1.1,0.0
2020-11-09 08:10:00+00:00,153.0,15.22,12.36,1.66,0.0
2020-11-09 09:10:00+00:00,279.0,23.86,15.49,0.9,0.0
2020-11-09 10:10:00+00:00,480.01,30.45,17.94,0.0,0.0
2020-11-09 11:10:00+00:00,441.01,34.21,19.51,0.48,0.0
2020-11-09 12:10:00+00:00,556.01,34.55,20.31,0.76,0.0
2020-11-09 13:10:00+00:00,506.01,31.42,20.5,1.03,0.0
2020-11-09 14:10:00+00:00,397.01,25.31,20.8,1.24,0.0
2020-11-09 15:10:00+00:00,246.01,17.01,20.73,1.52,0.0
2020-11-09 16:10:00+00:00,79.0,7.2,19.75,1.93,0.0
2020-11-09 17:10:00+00:00,0.0,0.0,17.14,1.66,0.0
2020-11-09 18:10:00+00:00,0.0,0.0,15.68,1.52,0.0
2020-11-09 19:10:00+00:00,0.0,0.0,14.81,0.9,0.0
2020-11-09 20:10:00+00:00,0.0,0.0,14.34,0.55,0.0
2020-11-09 21:10:00+00:00,0.0,0.0,13.6,1.1,0.0
2020-11-09 22:10:00+00:00,0.0,0.0,13.37,1.17,0.0
2020-11-09 23:10:00+00:00,0.0,0.0,13.04,1.31,0.0
2020-11-10 00:10:00+00:00,0.0,0.0,12.64,1.52,0.0
2020-11-10 01:10:00+00:00,0.0,0.0,12.13,1.66,0.0
2020-11-10 02:10:00+00:00,0.0,0.0,11.92,1.52,0.0
2020-11-10 03:10:00+00:00,0.0,0.0,11.8,2.28,0.0
2020-11-10 04:10:00+00:00,0.0,0.0,11.5,1.52,0.0
2020-11-10 05:10:00+00:00,0.0,0.0,11.22,1.52,0.0
2020-11-10 06:10:00+00:00,0.0,0.0,11.02,2.07,0.0
2020-11-10 07:10:00+00:00,22.82,4.97,11.14,1.66,0.0
2020-11-10 08:10:00+00:00,199.01,14.98,14.13,1.93,0.0
2020-11-10 09:10:00+00:00,360.01,23.6,17.45,1.59,0.0
2020-11-10 10:10:00+00:00,479.01,30.17,19.16,0.69,0.0
2020-11-10 11:10:00+00:00,542.01,33.92,20.04,1.52,0.0
2020-11-10 12:10:00+00:00,549.01,34.27,20.24,2.14,0.0
2020-11-10 13:10:00+00:00,496.01,31.16,20.24,1.38,0.0
2020-11-10 14:10:00+00:00,389.01,25.08,20.03,1.31,0.0
2020-11-10 15:10:00+00:00,214.0,16.81,19.33,1.59,0.0
2020-11-10 16:10:00+00:00,51.0,7.02,18.15,2.14,0.0
2020-11-10 17:10:00+00:00,0.0,0.0,16.46,1.52,0.0
2020-11-10 18:10:00+00:00,0.0,0.0,15.03,2.21,0.0
2020-11-10 19:10:00+00:00,0.0,0.0,14.19,1.52,0.0
2020-11-10 20:10:00+00:00,0.0,0.0,13.24,1.38,0.0
2020-11-10 21:10:00+00:00,0.0,0.0,12.29,1.66,0.0
2020-11-10 22:10:00+00:00,0.0,0.0,12.28,1.03,0.0
2020-11-10 23:10:00+00:00,0.0,0.0,12.19,1.1,0.0
2020-11-11 00:10:00+00:00,0.0,0.0,11.75,2.41,0.0
2020-11-11 01:10:00+00:00,0.0,0.0,11.37,1.86,0.0
2020-11-11 02:10:00+00:00,0.0,0.0,10.96,2.0,0.0
2020-11-11 03:10:00+00:00,0.0,0.0,10.77,2.07,0.0
2020-11-11 04:10:00+00:00,0.0,0.0,10.57,2.28,0.0
2020-11-11 05:10:00+00:00,0.0,0.0,10.19,2.14,0.0
2020-11-11 06:10:00+00:00,0.0,0.0,9.91,1.93,0.0
2020-11-11 07:10:00+00:00,37.73,4.75,9.87,1.93,0.0
2020-11-11 08:10:00+00:00,208.01,14.75,11.82,2.0,0.0
2020-11-11 09:10:00+00:00,363.01,23.35,14.63,1.1,0.0
2020-11-11 10:10:00+00:00,484.01,29.9,17.18,1.03,0.0
2020-11-11 11:10:00+00:00,545.01,33.64,18.18,1.93,0.0
2020-11-11 12:10:00+00:00,552.01,34.0,18.79,2.14,0.0
2020-11-11 13:10:00+00:00,502.01,30.9,18.97,2.41,0.0
2020-11-11 14:10:00+00:00,393.01,24.86,18.99,2.62,0.0
2020-11-11 15:10:00+00:00,244.01,16.61,18.33,2.76,0.0
2020-11-11 16:10:00+00:00,77.0,6.85,17.49,2.48,0.0
2020-11-11 17:10:00+00:00,0.0,0.0,15.67,1.72,0.0
2020-11-11 18:10:00+00:00,0.0,0.0,14.1,1.38,0.0
2020-11-11 19:10:00+00:00,0.0,0.0,13.69,0.69,0.0
2020-11-11 20:10:00+00:00,0.0,0.0,12.44,0.48,0.0
2020-11-11 21:10:00+00:00,0.0,0.0,11.11,0.34,0.0
2020-11-11 22:10:00+00:00,0.0,0.0,11.43,0.76,0.0
2020-11-11 23:10:00+00:00,0.0,0.0,10.65,1.03,0.0
2020-11-12 00:10:00+00:00,0.0,0.0,10.05,1.31,0.0
2020-11-12 01:10:00+00:00,0.0,0.0,9.71,1.31,0.0
2020-11-12 02:10:00+00:00,0.0,0.0,9.41,1.24,0.0
2020-11-12 03:10:00+00:00,0.0,0.0,9.39,1.17,0.0
2020-11-12 04:10:00+00:00,0.0,0.0,9.32,1.1,0.0
2020-11-12 05:10:00+00:00,0.0,0.0,9.16,1.1,0.0
2020-11-12 06:10:00+00:00,0.0,0.0,9.19,0.9,0.0
2020-11-12 07:10:00+00:00,10.0,4.54,9.3,0.69,0.0
2020-11-12 08:10:00+00:00,155.0,14.52,11.3,1.03,0.0
2020-11-12 09:10:00+00:00,336.01,23.1,14.54,0.76,0.0
2020-11-12 10:10:00+00:00,447.01,29.63,16.9,0.97,0.0
2020-11-12 11:10:00+00:00,540.01,33.37,18.13,1.59,0.0
2020-11-12 12:10:00+00:00,550.01,33.73,18.84,2.34,0.0
2020-11-12 13:10:00+00:00,494.01,30.65,18.93,2.76,0.0
2020-11-12 14:10:00+00:00,391.01,24.64,18.88,2.97,0.0
2020-11-12 15:10:00+00:00,238.01,16.42,18.3,3.1,0.0
2020-11-12 16:10:00+00:00,71.0,6.69,17.37,3.1,0.0
2020-11-12 17:10:00+00:00,0.0,0.0,16.22,2.21,0.0
2020-11-12 18:10:00+00:00,0.0,0.0,15.25,1.79,0.0
2020-11-12 19:10:00+00:00,0.0,0.0,14.52,1.59,0.0
2020-11-12 20:10:00+00:00,0.0,0.0,13.99,1.86,0.0
2020-11-12 21:10:00+00:00,0.0,0.0,13.98,2.07,0.0
2020-11-12 22:10:00+00:00,0.0,0.0,13.88,2.28,0.0
2020-11-12 23:10:00+00:00,0.0,0.0,13.74,2.0,0.0
2020-11-13 00:10:00+00:00,0.0,0.0,13.78,1.86,0.0
2020-11-13 01:10:00+00:00,0.0,0.0,13.7,2.07,0.0
2020-11-13 02:10:00+00:00,0.0,0.0,13.83,2.28,0.0
2020-11-13 03:10:00+00:00,0.0,0.0,13.69,2.48,0.0
2020-11-13 04:10:00+00:00,0.0,0.0,13.63,2.55,0.0
2020-11-13 05:10:00+00:00,0.0,0.0,13.59,2.55,0.0
2020-11-13 06:10:00+00:00,0.0,0.0,13.53,2.55,0.0
2020-11-13 07:10:00+00:00,16.0,4.33,13.78,2.41,0.0
2020-11-13 08:10:00+00:00,123.0,14.29,14.44,2.76,0.0
2020-11-13 09:10:00+00:00,155.0,22.85,15.84,2.76,0.0
2020-11-13 10:10:00+00:00,411.01,29.37,17.52,2.34,0.0
2020-11-13 11:10:00+00:00,523.01,33.09,18.53,2.0,0.0
2020-11-13 12:10:00+00:00,529.01,33.46,19.24,1.72,0.0
2020-11-13 13:10:00+00:00,478.01,30.41,19.67,1.24,0.0
2020-11-13 14:10:00+00:00,375.01,24.43,19.68,0.97,0.0
2020-11-13 15:10:00+00:00,235.01,16.24,19.73,1.31,0.0
2020-11-13 16:10:00+00:00,70.0,6.53,19.06,1.86,0.0
2020-11-13 17:10:00+00:00,0.0,0.0,17.24,1.38,0.0
2020-11-13 18:10:00+00:00,0.0,0.0,15.51,1.59,0.0
2020-11-13 19:10:00+00:00,0.0,0.0,15.07,1.38,0.0
2020-11-13 20:10:00+00:00,0.0,0.0,14.44,1.1,0.0
2020-11-13 21:10:00+00:00,0.0,0.0,13.71,1.31,0.0
2020-11-13 22:10:00+00:00,0.0,0.0,13.07,1.24,0.0
2020-11-13 23:10:00+00:00,0.0,0.0,13.09,1.03,0.0
2020-11-14 00:10:00+00:00,0.0,0.0,12.62,1.17,0.0
2020-11-14 01:10:00+00:00,0.0,0.0,12.61,1.03,0.0
2020-11-14 02:10:00+00:00,0.0,0.0,12.49,1.03,0.0
2020-11-14 03:10:00+00:00,0.0,0.0,12.7,0.69,0.0
2020-11-14 04:10:00+00:00,0.0,0.0,12.78,0.55,0.0
2020-11-14 05:10:00+00:00,0.0,0.0,13.0,0.62,0.0
2020-11-14 06:10:00+00:00,0.0,0.0,13.24,0.48,0.0
2020-11-14 07:10:00+00:00,18.82,4.12,13.28,0.69,0.0
2020-11-14 08:10:00+00:00,96.0,14.06,14.32,0.76,0.0
2020-11-14 09:10:00+00:00,121.0,22.6,15.27,0.83,0.0
2020-11-14 10:10:00+00:00,206.0,29.1,16.41,1.24,0.0
2020-11-14 11:10:00+00:00,159.0,32.82,17.24,2.14,0.0
2020-11-14 12:10:00+00:00,119.0,33.2,17.82,1.66,0.0
2020-11-14 13:10:00+00:00,67.0,30.18,18.41,2.14,0.0
2020-11-14 14:10:00+00:00,86.0,24.22,18.49,2.28,0.0
2020-11-14 15:10:00+00:00,194.0,16.06,18.31,2.34,0.0
2020-11-14 16:10:00+00:00,56.0,6.38,17.95,2.21,0.0
2020-11-14 17:10:00+00:00,0.0,0.0,16.75,1.93,0.0
2020-11-14 18:10:00+00:00,0.0,0.0,16.2,1.59,0.0
2020-11-14 19:10:00+00:00,0.0,0.0,15.94,1.38,0.0
2020-11-14 20:10:00+00:00,0.0,0.0,15.7,1.52,0.0
2020-11-14 21:10:00+00:00,0.0,0.0,15.46,2.0,0.0
2020-11-14 22:10:00+00:00,0.0,0.0,15.11,1.52,0.0
2020-11-14 23:10:00+00:00,0.0,0.0,14.78,1.72,0.0
2020-11-15 00:10:00+00:00,0.0,0.0,14.53,1.31,0.0
2020-11-15 01:10:00+00:00,0.0,0.0,13.54,1.24,0.0
2020-11-15 02:10:00+00:00,0.0,0.0,13.17,1.93,0.0
2020-11-15 03:10:00+00:00,0.0,0.0,12.4,1.86,0.0
2020-11-15 04:10:00+00:00,0.0,0.0,12.19,1.66,0.0
2020-11-15 05:10:00+00:00,0.0,0.0,12.13,2.0,0.0
2020-11-15 06:10:00+00:00,0.0,0.0,12.03,2.41,0.0
2020-11-15 07:10:00+00:00,28.15,3.91,12.0,2.48,0.0
2020-11-15 08:10:00+00:00,187.01,13.84,13.82,2.62,0.0
2020-11-15 09:10:00+00:00,347.01,22.36,16.74,2.34,0.0
2020-11-15 10:10:00+00:00,463.01,28.85,18.89,2.14,0.0
2020-11-15 11:10:00+00:00,522.01,32.56,20.59,2.83,0.0
2020-11-15 12:10:00+00:00,382.0,32.95,21.76,3.24,0.0
2020-11-15 13:10:00+00:00,483.01,29.94,22.8,3.93,0.0
2020-11-15 14:10:00+00:00,376.01,24.02,23.43,4.0,0.0
2020-11-15 15:10:00+00:00,227.01,15.89,23.4,2.9,0.0
2020-11-15 16:10:00+00:00,59.0,6.23,22.6,1.93,0.0
2020-11-15 17:10:00+00:00,0.0,0.0,19.76,1.93,0.0
2020-11-15 18:10:00+00:00,0.0,0.0,18.07,2.07,0.0
2020-11-15 19:10:00+00:00,0.0,0.0,17.22,2.07,0.0
2020-11-15 20:10:00+00:00,0.0,0.0,16.79,2.0,0.0
2020-11-15 21:10:00+00:00,0.0,0.0,16.41,1.86,0.0
2020-11-15 22:10:00+00:00,0.0,0.0,16.0,1.93,0.0
2020-11-15 23:10:00+00:00,0.0,0.0,15.93,2.0,0.0
2020-11-16 00:10:00+00:00,0.0,0.0,15.71,2.07,0.0
2020-11-16 01:10:00+00:00,0.0,0.0,15.57,2.0,0.0
2020-11-16 02:10:00+00:00,0.0,0.0,15.6,1.93,0.0
2020-11-16 03:10:00+00:00,0.0,0.0,15.2,1.93,0.0
2020-11-16 04:10:00+00:00,0.0,0.0,15.15,1.86,0.0
2020-11-16 05:10:00+00:00,0.0,0.0,14.76,2.07,0.0
2020-11-16 06:10:00+00:00,0.0,0.0,14.62,2.21,0.0
2020-11-16 07:10:00+00:00,25.45,3.7,16.26,2.55,0.0
2020-11-16 08:10:00+00:00,155.0,13.61,18.11,2.97,0.0
2020-11-16 09:10:00+00:00,299.01,22.12,19.9,2.97,0.0
2020-11-16 10:10:00+00:00,340.0,28.59,21.55,2.9,0.0
2020-11-16 11:10:00+00:00,480.01,32.3,22.56,3.24,0.0
2020-11-16 12:10:00+00:00,495.01,32.7,23.52,3.17,0.0
2020-11-16 13:10:00+00:00,464.01,29.72,23.74,2.62,0.0
2020-11-16 14:10:00+00:00,337.01,23.82,23.09,2.21,0.0
2020-11-16 15:10:00+00:00,216.01,15.72,21.52,2.0,0.0
2020-11-16 16:10:00+00:00,61.0,6.09,20.64,2.07,0.0
2020-11-16 17:10:00+00:00,0.0,0.0,18.94,1.93,0.0
2020-11-16 18:10:00+00:00,0.0,0.0,18.07,2.0,0.0
2020-11-16 19:10:00+00:00,0.0,0.0,17.21,1.59,0.0
2020-11-16 20:10:00+00:00,0.0,0.0,16.27,1.24,0.0
2020-11-16 21:10:00+00:00,0.0,0.0,15.39,1.52,0.0
2020-11-16 22:10:00+00:00,0.0,0.0,15.18,1.31,0.0
2020-11-16 23:10:00+00:00,0.0,0.0,14.93,1.31,0.0
2020-11-17 00:10:00+00:00,0.0,0.0,14.37,1.17,0.0
2020-11-17 01:10:00+00:00,0.0,0.0,13.9,0.97,0.0
2020-11-17 02:10:00+00:00,0.0,0.0,13.5,0.83,0.0
2020-11-17 03:10:00+00:00,0.0,0.0,13.35,0.9,0.0
2020-11-17 04:10:00+00:00,0.0,0.0,13.48,0.9,0.0
2020-11-17 05:10:00+00:00,0.0,0.0,13.09,0.97,0.0
2020-11-17 06:10:00+00:00,0.0,0.0,12.84,0.9,0.0
2020-11-17 07:10:00+00:00,15.82,3.5,12.63,0.83,0.0
2020-11-17 08:10:00+00:00,175.01,13.39,14.23,0.76,0.0
2020-11-17 09:10:00+00:00,203.0,21.88,15.95,0.34,0.0
2020-11-17 10:10:00+00:00,445.01,28.34,18.51,0.9,0.0
2020-11-17 11:10:00+00:00,506.01,32.05,19.82,1.38,0.0
2020-11-17 12:10:00+00:00,519.01,32.46,20.59,1.79,0.0
2020-11-17 13:10:00+00:00,469.01,29.5,20.98,1.93,0.0
2020-11-17 14:10:00+00:00,364.01,23.63,21.04,2.07,0.0
2020-11-17 15:10:00+00:00,220.01,15.56,20.88,2.28,0.0
2020-11-17 16:10:00+00:00,59.0,5.95,20.0,2.62,0.0
2020-11-17 17:10:00+00:00,0.0,0.0,17.99,2.28,0.0
2020-11-17 18:10:00+00:00,0.0,0.0,16.07,1.66,0.0
2020-11-17 19:10:00+00:00,0.0,0.0,14.84,1.38,0.0
2020-11-17 20:10:00+00:00,0.0,0.0,14.3,1.1,0.0
2020-11-17 21:10:00+00:00,0.0,0.0,14.37,0.76,0.0
2020-11-17 22:10:00+00:00,0.0,0.0,14.05,0.55,0.0
2020-11-17 23:10:00+00:00,0.0,0.0,14.2,0.97,0.0
2020-11-18 00:10:00+00:00,0.0,0.0,13.91,1.24,0.0
2020-11-18 01:10:00+00:00,0.0,0.0,13.61,1.03,0.0
2020-11-18 02:10:00+00:00,0.0,0.0,13.29,0.83,0.0
2020-11-18 03:10:00+00:00,0.0,0.0,13.18,0.83,0.0
2020-11-18 04:10:00+00:00,0.0,0.0,13.08,0.83,0.0
2020-11-18 05:10:00+00:00,0.0,0.0,12.97,0.76,0.0
2020-11-18 06:10:00+00:00,0.0,0.0,12.98,0.69,0.0
2020-11-18 07:10:00+00:00,15.81,3.29,13.11,0.69,0.0
2020-11-18 08:10:00+00:00,125.0,13.17,13.86,0.62,0.0
2020-11-18 09:10:00+00:00,136.0,21.65,14.93,0.14,0.0
2020-11-18 10:10:00+00:00,349.01,28.1,16.94,1.03,0.0
2020-11-18 11:10:00+00:00,477.01,31.8,17.99,1.24,0.0
2020-11-18 12:10:00+00:00,280.0,32.22,18.99,1.31,0.0
2020-11-18 13:10:00+00:00,368.01,29.29,19.75,2.34,0.0
2020-11-18 14:10:00+00:00,363.01,23.45,20.13,1.38,0.0
2020-11-18 15:10:00+00:00,216.01,15.41,19.88,1.72,0.0
2020-11-18 16:10:00+00:00,57.0,5.82,18.96,2.28,0.0
2020-11-18 17:10:00+00:00,0.0,0.0,16.69,1.72,0.0
2020-11-18 18:10:00+00:00,0.0,0.0,15.55,1.38,0.0
2020-11-18 19:10:00+00:00,0.0,0.0,14.49,1.52,0.0
2020-11-18 20:10:00+00:00,0.0,0.0,13.65,1.31,0.0
2020-11-18 21:10:00+00:00,0.0,0.0,12.68,1.24,0.0
2020-11-18 22:10:00+00:00,0.0,0.0,12.55,1.38,0.0
2020-11-18 23:10:00+00:00,0.0,0.0,12.32,1.1,0.0
2020-11-19 00:10:00+00:00,0.0,0.0,12.3,1.1,0.0
2020-11-19 01:10:00+00:00,0.0,0.0,12.21,1.17,0.0
2020-11-19 02:10:00+00:00,0.0,0.0,12.02,1.17,0.0
2020-11-19 03:10:00+00:00,0.0,0.0,12.35,1.03,0.0
2020-11-19 04:10:00+00:00,0.0,0.0,12.96,1.1,0.0
2020-11-19 05:10:00+00:00,0.0,0.0,12.92,0.97,0.0
2020-11-19 06:10:00+00:00,0.0,0.0,13.0,1.17,0.0
2020-11-19 07:10:00+00:00,8.0,3.09,12.99,1.24,0.0
2020-11-19 08:10:00+00:00,141.0,12.96,13.79,1.66,0.0
2020-11-19 09:10:00+00:00,192.0,21.42,14.92,1.66,0.0
2020-11-19 10:10:00+00:00,189.0,27.86,16.54,1.38,0.0
2020-11-19 11:10:00+00:00,497.01,31.56,17.76,1.66,0.0
2020-11-19 12:10:00+00:00,511.01,31.99,19.1,2.07,0.0
2020-11-19 13:10:00+00:00,461.01,29.08,19.55,1.79,0.0
2020-11-19 14:10:00+00:00,359.01,23.27,19.9,1.59,0.0
2020-11-19 15:10:00+00:00,214.01,15.26,19.83,1.38,0.0
2020-11-19 16:10:00+00:00,50.71,5.7,19.21,0.97,0.0
2020-11-19 17:10:00+00:00,0.0,0.0,16.19,0.69,0.0
2020-11-19 18:10:00+00:00,0.0,0.0,14.84,0.62,0.0
2020-11-19 19:10:00+00:00,0.0,0.0,13.52,1.17,0.0
2020-11-19 20:10:00+00:00,0.0,0.0,12.71,1.31,0.0
2020-11-19 21:10:00+00:00,0.0,0.0,12.0,1.66,0.0
2020-11-19 22:10:00+00:00,0.0,0.0,11.57,1.17,0.0
2020-11-19 23:10:00+00:00,0.0,0.0,11.39,1.03,0.0
2020-11-20 00:10:00+00:00,0.0,0.0,11.0,2.07,0.0
2020-11-20 01:10:00+00:00,0.0,0.0,10.83,1.24,0.0
2020-11-20 02:10:00+00:00,0.0,0.0,10.33,1.1,0.0
2020-11-20 03:10:00+00:00,0.0,0.0,10.04,1.03,0.0
2020-11-20 04:10:00+00:00,0.0,0.0,9.88,1.52,0.0
2020-11-20 05:10:00+00:00,0.0,0.0,9.89,1.66,0.0
2020-11-20 06:10:00+00:00,0.0,0.0,9.55,1.38,0.0
2020-11-20 07:10:00+00:00,16.41,2.89,9.71,1.1,0.0
2020-11-20 08:10:00+00:00,171.01,12.74,12.41,1.24,0.0
2020-11-20 09:10:00+00:00,324.01,21.19,14.44,1.66,0.0
2020-11-20 10:10:00+00:00,262.0,27.62,16.37,2.0,0.0
2020-11-20 11:10:00+00:00,359.0,31.32,16.6,2.21,0.0
2020-11-20 12:10:00+00:00,513.01,31.77,16.85,2.0,0.0
2020-11-20 13:10:00+00:00,464.01,28.88,16.68,1.66,0.0
2020-11-20 14:10:00+00:00,365.01,23.1,17.19,1.17,0.0
2020-11-20 15:10:00+00:00,218.01,15.12,17.51,1.79,0.0
2020-11-20 16:10:00+00:00,49.76,5.58,16.9,1.79,0.0
2020-11-20 17:10:00+00:00,0.0,0.0,14.52,1.31,0.0
2020-11-20 18:10:00+00:00,0.0,0.0,12.42,1.66,0.0
2020-11-20 19:10:00+00:00,0.0,0.0,11.9,1.17,0.0
2020-11-20 20:10:00+00:00,0.0,0.0,11.4,0.97,0.0
2020-11-20 21:10:00+00:00,0.0,0.0,10.44,1.31,0.0
2020-11-20 22:10:00+00:00,0.0,0.0,9.07,1.03,0.0
2020-11-20 23:10:00+00:00,0.0,0.0,8.64,1.1,0.0
2020-11-21 00:10:00+00:00,0.0,0.0,8.57,2.41,0.0
2020-11-21 01:10:00+00:00,0.0,0.0,8.98,1.52,0.0
2020-11-21 02:10:00+00:00,0.0,0.0,8.34,1.93,0.0
2020-11-21 03:10:00+00:00,0.0,0.0,8.56,1.66,0.0
2020-11-21 04:10:00+00:00,0.0,0.0,8.38,1.72,0.0
2020-11-21 05:10:00+00:00,0.0,0.0,7.94,1.72,0.0
2020-11-21 06:10:00+00:00,0.0,0.0,7.93,1.72,0.0
2020-11-21 07:10:00+00:00,15.41,2.69,7.68,1.66,0.0
2020-11-21 08:10:00+00:00,174.01,12.53,9.73,2.07,0.0
2020-11-21 09:10:00+00:00,330.01,20.97,12.16,1.79,0.0
2020-11-21 10:10:00+00:00,448.01,27.39,14.87,1.1,0.0
2020-11-21 11:10:00+00:00,365.0,31.09,15.99,1.66,0.0
2020-11-21 12:10:00+00:00,520.01,31.55,16.47,2.07,0.0
2020-11-21 13:10:00+00:00,472.01,28.69,16.74,2.41,0.0
2020-11-21 14:10:00+00:00,372.01,22.94,16.6,2.62,0.0
2020-11-21 15:10:00+00:00,195.01,14.98,16.02,2.76,0.0
2020-11-21 16:10:00+00:00,37.52,5.47,15.28,2.76,0.0
2020-11-21 17:10:00+00:00,0.0,0.0,13.52,1.93,0.0
2020-11-21 18:10:00+00:00,0.0,0.0,12.01,1.59,0.0
2020-11-21 19:10:00+00:00,0.0,0.0,11.03,1.66,0.0
2020-11-21 20:10:00+00:00,0.0,0.0,9.54,1.66,0.0
2020-11-21 21:10:00+00:00,0.0,0.0,8.18,1.66,0.0
2020-11-21 22:10:00+00:00,0.0,0.0,8.2,1.17,0.0
2020-11-21 23:10:00+00:00,0.0,0.0,8.21,1.31,0.0
2020-11-22 00:10:00+00:00,0.0,0.0,7.7,1.31,0.0
2020-11-22 01:10:00+00:00,0.0,0.0,7.2,1.31,0.0
2020-11-22 02:10:00+00:00,0.0,0.0,6.92,1.17,0.0
2020-11-22 03:10:00+00:00,0.0,0.0,6.84,1.03,0.0
2020-11-22 04:10:00+00:00,0.0,0.0,6.65,1.03,0.0
2020-11-22 05:10:00+00:00,0.0,0.0,5.81,1.17,0.0
2020-11-22 06:10:00+00:00,0.0,0.0,5.72,1.38,0.0
2020-11-22 07:10:00+00:00,13.46,2.5,5.75,1.52,0.0
2020-11-22 08:10:00+00:00,173.01,12.33,7.05,1.66,0.0
2020-11-22 09:10:00+00:00,330.01,20.75,10.17,1.52,0.0
2020-11-22 10:10:00+00:00,449.01,27.16,12.98,1.17,0.0
2020-11-22 11:10:00+00:00,519.01,30.86,14.79,0.9,0.0
2020-11-22 12:10:00+00:00,533.01,31.34,16.15,0.34,0.0
2020-11-22 13:10:00+00:00,477.01,28.5,16.77,1.03,0.0
2020-11-22 14:10:00+00:00,372.01,22.78,17.02,1.52,0.0
2020-11-22 15:10:00+00:00,224.01,14.85,16.56,1.79,0.0
2020-11-22 16:10:00+00:00,50.08,5.36,15.63,2.07,0.0
2020-11-22 17:10:00+00:00,0.0,0.0,12.55,1.79,0.0
2020-11-22 18:10:00+00:00,0.0,0.0,10.82,1.59,0.0
2020-11-22 19:10:00+00:00,0.0,0.0,9.44,1.59,0.0
2020-11-22 20:10:00+00:00,0.0,0.0,8.4,1.17,0.0
2020-11-22 21:10:00+00:00,0.0,0.0,7.88,0.83,0.0
2020-11-22 22:10:00+00:00,0.0,0.0,7.4,0.69,0.0
2020-11-22 23:10:00+00:00,0.0,0.0,6.9,0.76,0.0
2020-11-23 00:10:00+00:00,0.0,0.0,6.13,1.03,0.0
2020-11-23 01:10:00+00:00,0.0,0.0,5.47,1.17,0.0
2020-11-23 02:10:00+00:00,0.0,0.0,5.21,1.24,0.0
2020-11-23 03:10:00+00:00,0.0,0.0,4.95,1.1,0.0
2020-11-23 04:10:00+00:00,0.0,0.0,5.15,1.03,0.0
2020-11-23 05:10:00+00:00,0.0,0.0,4.6,0.97,0.0
2020-11-23 06:10:00+00:00,0.0,0.0,4.71,1.17,0.0
2020-11-23 07:10:00+00:00,0.0,0.0,4.68,1.38,0.0
2020-11-23 08:10:00+00:00,167.01,12.12,6.59,1.31,0.0
2020-11-23 09:10:00+00:00,320.01,20.54,10.29,0.62,0.0
2020-11-23 10:10:00+00:00,439.01,26.94,13.09,0.69,0.0
2020-11-23 11:10:00+00:00,508.01,30.64,14.6,1.38,0.0
2020-11-23 12:10:00+00:00,514.01,31.13,15.58,1.79,0.0
2020-11-23 13:10:00+00:00,467.01,28.32,16.04,2.0,0.0
2020-11-23 14:10:00+00:00,361.01,22.63,16.44,2.14,0.0
2020-11-23 15:10:00+00:00,219.01,14.73,16.01,2.34,0.0
2020-11-23 16:10:00+00:00,48.52,5.26,15.06,2.41,0.0
2020-11-23 17:10:00+00:00,0.0,0.0,12.87,2.14,0.0
2020-11-23 18:10:00+00:00,0.0,0.0,11.01,1.86,0.0
2020-11-23 19:10:00+00:00,0.0,0.0,9.3,2.14,0.0
2020-11-23 20:10:00+00:00,0.0,0.0,8.59,1.79,0.0
2020-11-23 21:10:00+00:00,0.0,0.0,7.73,1.59,0.0
2020-11-23 22:10:00+00:00,0.0,0.0,7.04,1.31,0.0
2020-11-23 23:10:00+00:00,0.0,0.0,6.55,1.38,0.0
2020-11-24 00:10:00+00:00,0.0,0.0,6.11,1.52,0.0
2020-11-24 01:10:00+00:00,0.0,0.0,5.8,1.66,0.0
2020-11-24 02:10:00+00:00,0.0,0.0,5.55,1.86,0.0
2020-11-24 03:10:00+00:00,0.0,0.0,5.46,1.93,0.0
2020-11-24 04:10:00+00:00,0.0,0.0,5.59,1.59,0.0
2020-11-24 05:10:00+00:00,0.0,0.0,5.06,1.66,0.0
2020-11-24 06:10:00+00:00,0.0,0.0,5.28,1.59,0.0
2020-11-24 07:10:00+00:00,0.0,0.0,5.37,1.38,0.0
2020-11-24 08:10:00+00:00,155.01,11.92,7.8,1.31,0.0
2020-11-24 09:10:00+00:00,306.01,20.32,10.32,1.17,0.0
2020-11-24 10:10:00+00:00,411.01,26.72,13.34,1.79,0.0
2020-11-24 11:10:00+00:00,493.01,30.43,14.66,2.28,0.0
2020-11-24 12:10:00+00:00,499.01,30.93,15.62,2.9,0.0
2020-11-24 13:10:00+00:00,453.01,28.14,16.0,3.31,0.0
2020-11-24 14:10:00+00:00,319.01,22.48,15.99,3.38,0.0
2020-11-24 15:10:00+00:00,164.0,14.61,15.52,3.38,0.0
2020-11-24 16:10:00+00:00,43.95,5.16,14.87,2.97,0.0
2020-11-24 17:10:00+00:00,0.0,0.0,13.11,1.93,0.0
2020-11-24 18:10:00+00:00,0.0,0.0,11.17,1.72,0.0
2020-11-24 19:10:00+00:00,0.0,0.0,9.84,2.0,0.0
2020-11-24 20:10:00+00:00,0.0,0.0,9.09,1.86,0.0
2020-11-24 21:10:00+00:00,0.0,0.0,8.5,1.79,0.0
2020-11-24 22:10:00+00:00,0.0,0.0,8.28,1.59,0.0
2020-11-24 23:10:00+00:00,0.0,0.0,8.04,1.66,0.0
2020-11-25 00:10:00+00:00,0.0,0.0,7.88,1.79,0.0
2020-11-25 01:10:00+00:00,0.0,0.0,7.4,1.86,0.0
2020-11-25 02:10:00+00:00,0.0,0.0,6.95,1.79,0.0
2020-11-25 03:10:00+00:00,0.0,0.0,6.38,1.59,0.0
2020-11-25 04:10:00+00:00,0.0,0.0,6.2,1.79,0.0
2020-11-25 05:10:00+00:00,0.0,0.0,6.05,1.31,0.0
2020-11-25 06:10:00+00:00,0.0,0.0,5.72,1.24,0.0
2020-11-25 07:10:00+00:00,0.0,0.0,5.7,1.1,0.0
2020-11-25 08:10:00+00:00,154.01,11.72,7.53,1.1,0.0
2020-11-25 09:10:00+00:00,213.0,20.12,10.52,0.55,0.0
2020-11-25 10:10:00+00:00,387.01,26.51,13.55,1.1,0.0
2020-11-25 11:10:00+00:00,460.01,30.22,15.09,2.07,0.0
2020-11-25 12:10:00+00:00,472.01,30.74,16.25,2.62,0.0
2020-11-25 13:10:00+00:00,451.01,27.97,16.75,2.55,0.0
2020-11-25 14:10:00+00:00,350.01,22.34,16.75,2.55,0.0
2020-11-25 15:10:00+00:00,209.01,14.5,16.06,2.41,0.0
2020-11-25 16:10:00+00:00,43.01,5.08,15.1,2.28,0.0
2020-11-25 17:10:00+00:00,0.0,0.0,12.83,1.93,0.0
2020-11-25 18:10:00+00:00,0.0,0.0,11.22,1.52,0.0
2020-11-25 19:10:00+00:00,0.0,0.0,10.61,1.66,0.0
2020-11-25 20:10:00+00:00,0.0,0.0,10.67,1.72,0.0
2020-11-25 21:10:00+00:00,0.0,0.0,10.93,1.66,0.0
2020-11-25 22:10:00+00:00,0.0,0.0,10.39,1.03,0.0
2020-11-25 23:10:00+00:00,0.0,0.0,11.19,0.28,0.0
2020-11-26 00:10:00+00:00,0.0,0.0,11.09,1.52,0.0
2020-11-26 01:10:00+00:00,0.0,0.0,10.93,1.86,0.0
2020-11-26 02:10:00+00:00,0.0,0.0,10.86,2.14,0.0
2020-11-26 03:10:00+00:00,0.0,0.0,10.88,2.14,0.0
2020-11-26 04:10:00+00:00,0.0,0.0,10.98,2.69,0.0
2020-11-26 05:10:00+00:00,0.0,0.0,11.25,3.38,0.0
2020-11-26 06:10:00+00:00,0.0,0.0,11.71,3.17,0.0
2020-11-26 07:10:00+00:00,0.0,0.0,12.05,3.66,0.0
2020-11-26 08:10:00+00:00,95.0,11.52,12.64,4.55,0.0
2020-11-26 09:10:00+00:00,170.0,19.91,13.72,4.97,0.0
2020-11-26 10:10:00+00:00,115.0,26.3,16.09,4.69,0.0
2020-11-26 11:10:00+00:00,141.0,30.02,16.79,4.76,0.0
2020-11-26 12:10:00+00:00,271.0,30.55,17.36,4.14,0.0
2020-11-26 13:10:00+00:00,213.0,27.81,17.57,4.07,0.0
2020-11-26 14:10:00+00:00,295.01,22.21,17.68,3.17,0.0
2020-11-26 15:10:00+00:00,102.0,14.39,17.11,3.24,0.0
2020-11-26 16:10:00+00:00,35.28,4.99,16.47,2.62,0.0
2020-11-26 17:10:00+00:00,0.0,0.0,14.94,2.62,0.0
2020-11-26 18:10:00+00:00,0.0,0.0,14.4,2.76,0.0
2020-11-26 19:10:00+00:00,0.0,0.0,13.84,2.83,0.0
2020-11-26 20:10:00+00:00,0.0,0.0,13.74,2.76,0.0
2020-11-26 21:10:00+00:00,0.0,0.0,13.75,2.83,0.0
2020-11-26 22:10:00+00:00,0.0,0.0,13.62,3.17,0.0
2020-11-26 23:10:00+00:00,0.0,0.0,13.83,2.9,0.0
2020-11-27 00:10:00+00:00,0.0,0.0,13.97,3.31,0.0
2020-11-27 01:10:00+00:00,0.0,0.0,14.06,3.52,0.0
2020-11-27 02:10:00+00:00,0.0,0.0,14.11,3.45,0.0
2020-11-27 03:10:00+00:00,0.0,0.0,13.92,3.38,0.0
2020-11-27 04:10:00+00:00,0.0,0.0,13.71,4.0,0.0
2020-11-27 05:10:00+00:00,0.0,0.0,13.13,3.93,0.0
2020-11-27 06:10:00+00:00,0.0,0.0,12.65,3.45,0.0
2020-11-27 07:10:00+00:00,0.0,0.0,13.01,3.1,0.0
2020-11-27 08:10:00+00:00,44.0,11.33,13.07,2.9,0.0
2020-11-27 09:10:00+00:00,147.0,19.71,13.87,2.28,0.0
2020-11-27 10:10:00+00:00,49.0,26.1,13.75,4.69,0.0
2020-11-27 11:10:00+00:00,79.0,29.82,13.06,4.48,0.0
2020-11-27 12:10:00+00:00,58.0,30.37,12.82,4.48,0.0
2020-11-27 13:10:00+00:00,67.0,27.66,12.32,3.86,0.0
2020-11-27 14:10:00+00:00,56.0,22.08,12.53,3.38,0.0
2020-11-27 15:10:00+00:00,103.0,14.29,12.66,2.34,0.0
2020-11-27 16:10:00+00:00,40.39,4.92,11.9,2.0,0.0
2020-11-27 17:10:00+00:00,0.0,0.0,11.19,1.93,0.0
2020-11-27 18:10:00+00:00,0.0,0.0,10.8,1.86,0.0
2020-11-27 19:10:00+00:00,0.0,0.0,10.34,2.62,0.0
2020-11-27 20:10:00+00:00,0.0,0.0,10.28,1.38,0.0
2020-11-27 21:10:00+00:00,0.0,0.0,10.0,0.76,0.0
2020-11-27 22:10:00+00:00,0.0,0.0,9.22,0.9,0.0
2020-11-27 23:10:00+00:00,0.0,0.0,9.26,0.83,0.0
2020-11-28 00:10:00+00:00,0.0,0.0,9.14,1.1,0.0
2020-11-28 01:10:00+00:00,0.0,0.0,9.18,1.03,0.0
2020-11-28 02:10:00+00:00,0.0,0.0,8.93,1.1,0.0
2020-11-28 03:10:00+00:00,0.0,0.0,8.78,1.79,0.0
2020-11-28 04:10:00+00:00,0.0,0.0,8.98,2.07,0.0
2020-11-28 05:10:00+00:00,0.0,0.0,9.34,2.34,0.0
2020-11-28 06:10:00+00:00,0.0,0.0,9.48,2.62,0.0
2020-11-28 07:10:00+00:00,0.0,0.0,9.63,2.55,0.0
2020-11-28 08:10:00+00:00,112.0,11.14,10.25,2.9,0.0
2020-11-28 09:10:00+00:00,286.01,19.52,11.15,2.97,0.0
2020-11-28 10:10:00+00:00,266.0,25.9,12.72,3.31,0.0
2020-11-28 11:10:00+00:00,436.01,29.63,13.78,3.1,0.0
2020-11-28 12:10:00+00:00,398.01,30.2,14.01,3.1,0.0
2020-11-28 13:10:00+00:00,304.0,27.51,14.15,3.1,0.0
2020-11-28 14:10:00+00:00,255.0,21.96,14.88,2.97,0.0
2020-11-28 15:10:00+00:00,207.01,14.2,14.9,2.14,0.0
2020-11-28 16:10:00+00:00,41.76,4.85,14.32,1.1,0.0
2020-11-28 17:10:00+00:00,0.0,0.0,12.59,1.59,0.0
2020-11-28 18:10:00+00:00,0.0,0.0,11.58,2.07,0.0
2020-11-28 19:10:00+00:00,0.0,0.0,11.76,2.69,0.0
2020-11-28 20:10:00+00:00,0.0,0.0,11.81,2.55,0.0
2020-11-28 21:10:00+00:00,0.0,0.0,11.53,2.48,0.0
2020-11-28 22:10:00+00:00,0.0,0.0,10.12,2.41,0.0
2020-11-28 23:10:00+00:00,0.0,0.0,9.87,2.28,0.0
2020-11-29 00:10:00+00:00,0.0,0.0,9.37,2.21,0.0
2020-11-29 01:10:00+00:00,0.0,0.0,8.77,2.21,0.0
2020-11-29 02:10:00+00:00,0.0,0.0,8.8,2.14,0.0
2020-11-29 03:10:00+00:00,0.0,0.0,8.03,2.14,0.0
2020-11-29 04:10:00+00:00,0.0,0.0,8.12,2.21,0.0
2020-11-29 05:10:00+00:00,0.0,0.0,8.02,2.07,0.0
2020-11-29 06:10:00+00:00,0.0,0.0,8.21,1.93,0.0
2020-11-29 07:10:00+00:00,0.0,0.0,7.99,1.86,0.0
2020-11-29 08:10:00+00:00,149.01,10.96,9.74,2.21,0.0
2020-11-29 09:10:00+00:00,267.01,19.33,11.94,1.72,0.0
2020-11-29 10:10:00+00:00,371.01,25.71,14.31,0.97,0.0
2020-11-29 11:10:00+00:00,460.01,29.45,15.47,0.69,0.0
2020-11-29 12:10:00+00:00,496.01,30.03,16.29,0.48,0.0
2020-11-29 13:10:00+00:00,451.01,27.37,16.48,0.9,0.0
2020-11-29 14:10:00+00:00,347.01,21.85,16.36,1.31,0.0
2020-11-29 15:10:00+00:00,206.01,14.11,15.82,1.59,0.0
2020-11-29 16:10:00+00:00,42.46,4.78,15.28,1.03,0.0
2020-11-29 17:10:00+00:00,0.0,0.0,13.37,1.31,0.0
2020-11-29 18:10:00+00:00,0.0,0.0,11.56,1.03,0.0
2020-11-29 19:10:00+00:00,0.0,0.0,10.17,0.97,0.0
2020-11-29 20:10:00+00:00,0.0,0.0,9.76,1.03,0.0
2020-11-29 21:10:00+00:00,0.0,0.0,9.46,0.76,0.0
2020-11-29 22:10:00+00:00,0.0,0.0,8.53,1.03,0.0
2020-11-29 23:10:00+00:00,0.0,0.0,8.93,1.1,0.0
2020-11-30 00:10:00+00:00,0.0,0.0,8.62,1.24,0.0
2020-11-30 01:10:00+00:00,0.0,0.0,8.35,1.31,0.0
2020-11-30 02:10:00+00:00,0.0,0.0,8.3,1.38,0.0
2020-11-30 03:10:00+00:00,0.0,0.0,8.17,2.55,0.0
2020-11-30 04:10:00+00:00,0.0,0.0,8.16,1.52,0.0
2020-11-30 05:10:00+00:00,0.0,0.0,8.14,1.59,0.0
2020-11-30 06:10:00+00:00,0.0,0.0,8.05,1.59,0.0
2020-11-30 07:10:00+00:00,0.0,0.0,8.15,1.59,0.0
2020-11-30 08:10:00+00:00,142.01,10.78,10.17,1.59,0.0
2020-11-30 09:10:00+00:00,292.01,19.14,13.05,1.52,0.0
2020-11-30 10:10:00+00:00,407.01,25.52,14.94,1.1,0.0
2020-11-30 11:10:00+00:00,474.01,29.27,15.95,1.31,0.0
2020-11-30 12:10:00+00:00,490.01,29.87,16.83,1.59,0.0
2020-11-30 13:10:00+00:00,438.01,27.23,17.17,2.0,0.0
2020-11-30 14:10:00+00:00,342.01,21.74,17.32,2.28,0.0
2020-11-30 15:10:00+00:00,202.01,14.03,16.78,2.48,0.0
2020-11-30 16:10:00+00:00,40.13,4.73,15.81,2.07,0.0
2020-11-30 17:10:00+00:00,0.0,0.0,13.63,1.38,0.0
2020-11-30 18:10:00+00:00,0.0,0.0,12.15,1.66,0.0
2020-11-30 19:10:00+00:00,0.0,0.0,11.27,1.59,0.0
2020-11-30 20:10:00+00:00,0.0,0.0,11.23,1.52,0.0
2020-11-30 21:10:00+00:00,0.0,0.0,10.98,1.38,0.0
2020-11-30 22:10:00+00:00,0.0,0.0,10.78,1.24,0.0
2020-11-30 23:10:00+00:00,0.0,0.0,10.37,1.1,0.0
2020-12-01 00:10:00+00:00,0.0,0.0,10.16,1.38,0.0
2020-12-01 01:10:00+00:00,0.0,0.0,10.08,1.72,0.0
2020-12-01 02:10:00+00:00,0.0,0.0,9.89,1.79,0.0
2020-12-01 03:10:00+00:00,0.0,0.0,9.29,1.72,0.0
2020-12-01 04:10:00+00:00,0.0,0.0,8.89,1.79,0.0
2020-12-01 05:10:00+00:00,0.0,0.0,8.52,2.0,0.0
2020-12-01 06:10:00+00:00,0.0,0.0,8.4,2.07,0.0
2020-12-01 07:10:00+00:00,0.0,0.0,8.41,2.14,0.0
2020-12-01 08:10:00+00:00,138.01,10.6,9.49,2.14,0.0
2020-12-01 09:10:00+00:00,290.01,18.96,12.45,1.59,0.0
2020-12-01 10:10:00+00:00,406.01,25.34,15.11,0.97,0.0
2020-12-01 11:10:00+00:00,488.01,29.1,16.35,1.24,0.0
2020-12-01 12:10:00+00:00,497.01,29.71,17.09,1.86,0.0
2020-12-01 13:10:00+00:00,448.01,27.11,17.7,2.07,0.0
2020-12-01 14:10:00+00:00,346.01,21.64,18.04,1.72,0.0
2020-12-01 15:10:00+00:00,207.01,13.96,17.73,1.31,0.0
2020-12-01 16:10:00+00:00,41.46,4.67,16.59,1.03,0.0
2020-12-01 17:10:00+00:00,0.0,0.0,14.63,1.52,0.0
2020-12-01 18:10:00+00:00,0.0,0.0,13.0,2.28,0.0
2020-12-01 19:10:00+00:00,0.0,0.0,11.37,1.59,0.0
2020-12-01 20:10:00+00:00,0.0,0.0,10.55,1.72,0.0
2020-12-01 21:10:00+00:00,0.0,0.0,10.1,2.21,0.0
2020-12-01 22:10:00+00:00,0.0,0.0,10.04,1.59,0.0
2020-12-01 23:10:00+00:00,0.0,0.0,9.77,2.07,0.0
2020-12-02 00:10:00+00:00,0.0,0.0,9.7,1.66,0.0
2020-12-02 01:10:00+00:00,0.0,0.0,9.76,2.55,0.0
2020-12-02 02:10:00+00:00,0.0,0.0,9.36,2.62,0.0
2020-12-02 03:10:00+00:00,0.0,0.0,9.63,2.69,0.0
2020-12-02 04:10:00+00:00,0.0,0.0,9.93,3.03,0.0
2020-12-02 05:10:00+00:00,0.0,0.0,10.28,3.59,0.0
2020-12-02 06:10:00+00:00,0.0,0.0,10.5,4.34,0.0
2020-12-02 07:10:00+00:00,0.0,0.0,10.83,4.14,0.0
2020-12-02 08:10:00+00:00,110.0,10.43,11.88,3.93,0.0
2020-12-02 09:10:00+00:00,190.0,18.78,12.12,4.0,0.0
2020-12-02 10:10:00+00:00,365.01,25.17,13.39,4.41,0.0
2020-12-02 11:10:00+00:00,404.01,28.93,14.27,4.48,0.0
2020-12-02 12:10:00+00:00,481.01,29.57,14.71,4.55,0.0
2020-12-02 13:10:00+00:00,441.01,26.99,14.6,4.48,0.0
2020-12-02 14:10:00+00:00,349.01,21.55,14.31,4.48,0.0
2020-12-02 15:10:00+00:00,209.01,13.89,13.61,4.48,0.0
2020-12-02 16:10:00+00:00,45.29,4.63,12.68,3.24,0.0
2020-12-02 17:10:00+00:00,0.0,0.0,10.45,2.62,0.0
2020-12-02 18:10:00+00:00,0.0,0.0,8.53,2.34,0.0
2020-12-02 19:10:00+00:00,0.0,0.0,7.4,2.07,0.0
2020-12-02 20:10:00+00:00,0.0,0.0,6.97,2.07,0.0
2020-12-02 21:10:00+00:00,0.0,0.0,6.01,1.79,0.0
2020-12-02 22:10:00+00:00,0.0,0.0,5.24,1.31,0.0
2020-12-02 23:10:00+00:00,0.0,0.0,4.6,1.59,0.0
2020-12-03 00:10:00+00:00,0.0,0.0,4.3,1.79,0.0
2020-12-03 01:10:00+00:00,0.0,0.0,3.92,1.72,0.0
2020-12-03 02:10:00+00:00,0.0,0.0,3.16,1.79,0.0
2020-12-03 03:10:00+00:00,0.0,0.0,2.36,1.86,0.0
2020-12-03 04:10:00+00:00,0.0,0.0,2.09,1.72,0.0
2020-12-03 05:10:00+00:00,0.0,0.0,1.62,1.38,0.0
2020-12-03 06:10:00+00:00,0.0,0.0,1.54,1.38,0.0
2020-12-03 07:10:00+00:00,0.0,0.0,1.57,1.59,0.0
2020-12-03 08:10:00+00:00,150.01,10.26,3.92,1.52,0.0
2020-12-03 09:10:00+00:00,311.01,18.61,7.13,1.72,0.0
2020-12-03 10:10:00+00:00,430.01,25.0,10.03,1.79,0.0
2020-12-03 11:10:00+00:00,501.01,28.77,11.31,2.34,0.0
2020-12-03 12:10:00+00:00,513.01,29.43,12.27,3.03,0.0
2020-12-03 13:10:00+00:00,471.01,26.87,12.89,3.52,0.0
2020-12-03 14:10:00+00:00,366.01,21.47,13.5,3.72,0.0
2020-12-03 15:10:00+00:00,218.01,13.83,13.02,3.79,0.0
2020-12-03 16:10:00+00:00,46.08,4.59,12.82,2.83,0.0
2020-12-03 17:10:00+00:00,0.0,0.0,9.94,2.41,0.0
2020-12-03 18:10:00+00:00,0.0,0.0,7.92,2.55,0.0
2020-12-03 19:10:00+00:00,0.0,0.0,7.08,2.69,0.0
2020-12-03 20:10:00+00:00,0.0,0.0,7.44,2.41,0.0
2020-12-03 21:10:00+00:00,0.0,0.0,7.44,2.14,0.0
2020-12-03 22:10:00+00:00,0.0,0.0,7.7,2.07,0.0
2020-12-03 23:10:00+00:00,0.0,0.0,7.91,2.41,0.0
2020-12-04 00:10:00+00:00,0.0,0.0,8.42,2.76,0.0
2020-12-04 01:10:00+00:00,0.0,0.0,8.68,2.48,0.0
2020-12-04 02:10:00+00:00,0.0,0.0,8.78,2.34,0.0
2020-12-04 03:10:00+00:00,0.0,0.0,9.4,2.41,0.0
2020-12-04 04:10:00+00:00,0.0,0.0,9.67,2.62,0.0
2020-12-04 05:10:00+00:00,0.0,0.0,9.39,2.76,0.0
2020-12-04 06:10:00+00:00,0.0,0.0,9.16,2.83,0.0
2020-12-04 07:10:00+00:00,0.0,0.0,8.93,3.31,0.0
2020-12-04 08:10:00+00:00,131.01,10.09,10.23,4.48,0.0
2020-12-04 09:10:00+00:00,295.01,18.45,11.17,5.03,0.0
2020-12-04 10:10:00+00:00,406.01,24.83,12.47,5.52,0.0
2020-12-04 11:10:00+00:00,361.01,28.62,12.76,6.07,0.0
2020-12-04 12:10:00+00:00,293.0,29.3,11.07,5.24,0.0
2020-12-04 13:10:00+00:00,58.0,26.77,10.37,5.03,0.0
2020-12-04 14:10:00+00:00,79.0,21.39,10.5,4.83,0.0
2020-12-04 15:10:00+00:00,67.0,13.78,10.53,4.62,0.0
2020-12-04 16:10:00+00:00,28.3,4.56,10.16,4.0,0.0
2020-12-04 17:10:00+00:00,0.0,0.0,8.87,3.45,0.0
2020-12-04 18:10:00+00:00,0.0,0.0,8.51,3.17,0.0
2020-12-04 19:10:00+00:00,0.0,0.0,8.07,3.03,0.0
2020-12-04 20:10:00+00:00,0.0,0.0,7.67,2.83,0.0
2020-12-04 21:10:00+00:00,0.0,0.0,6.95,3.45,0.0
2020-12-04 22:10:00+00:00,0.0,0.0,6.58,3.79,0.0
2020-12-04 23:10:00+00:00,0.0,0.0,6.53,3.79,0.0
2020-12-05 00:10:00+00:00,0.0,0.0,6.22,4.21,0.0
2020-12-05 01:10:00+00:00,0.0,0.0,6.01,4.55,0.0
2020-12-05 02:10:00+00:00,0.0,0.0,5.58,4.83,0.0
2020-12-05 03:10:00+00:00,0.0,0.0,5.26,4.9,0.0
2020-12-05 04:10:00+00:00,0.0,0.0,4.75,4.9,0.0
2020-12-05 05:10:00+00:00,0.0,0.0,4.27,4.9,0.0
2020-12-05 06:10:00+00:00,0.0,0.0,3.88,4.97,0.0
2020-12-05 07:10:00+00:00,0.0,0.0,3.64,4.97,0.0
2020-12-05 08:10:00+00:00,142.01,9.93,4.7,5.24,0.0
2020-12-05 09:10:00+00:00,300.01,18.29,6.51,5.59,0.0
2020-12-05 10:10:00+00:00,421.01,24.68,7.86,6.14,0.0
2020-12-05 11:10:00+00:00,490.01,28.47,9.01,6.83,0.0
2020-12-05 12:10:00+00:00,508.01,29.17,9.63,6.9,0.0
2020-12-05 13:10:00+00:00,462.01,26.67,10.21,6.48,0.0
2020-12-05 14:10:00+00:00,356.01,21.32,10.25,6.21,0.0
2020-12-05 15:10:00+00:00,215.01,13.73,10.09,5.86,0.0
2020-12-05 16:10:00+00:00,46.06,4.53,9.36,5.1,0.0
2020-12-05 17:10:00+00:00,0.0,0.0,7.86,4.55,0.0
2020-12-05 18:10:00+00:00,0.0,0.0,7.18,4.34,0.0
2020-12-05 19:10:00+00:00,0.0,0.0,6.95,4.83,0.0
2020-12-05 20:10:00+00:00,0.0,0.0,6.87,5.1,0.0
2020-12-05 21:10:00+00:00,0.0,0.0,6.73,5.17,0.0
2020-12-05 22:10:00+00:00,0.0,0.0,6.49,4.28,0.0
2020-12-05 23:10:00+00:00,0.0,0.0,6.75,4.69,0.0
2020-12-06 00:10:00+00:00,0.0,0.0,6.5,4.9,0.0
2020-12-06 01:10:00+00:00,0.0,0.0,6.5,5.17,0.0
2020-12-06 02:10:00+00:00,0.0,0.0,6.32,5.38,0.0
2020-12-06 03:10:00+00:00,0.0,0.0,5.88,5.17,0.0
2020-12-06 04:10:00+00:00,0.0,0.0,5.47,5.17,0.0
2020-12-06 05:10:00+00:00,0.0,0.0,5.55,5.03,0.0
2020-12-06 06:10:00+00:00,0.0,0.0,5.39,5.1,0.0
2020-12-06 07:10:00+00:00,0.0,0.0,5.4,5.31,0.0
2020-12-06 08:10:00+00:00,139.01,9.78,6.32,5.72,0.0
2020-12-06 09:10:00+00:00,297.01,18.13,7.85,5.66,0.0
2020-12-06 10:10:00+00:00,417.01,24.53,9.57,5.59,0.0
2020-12-06 11:10:00+00:00,493.01,28.33,10.76,5.66,0.0
2020-12-06 12:10:00+00:00,504.01,29.05,11.55,6.34,0.0
2020-12-06 13:10:00+00:00,458.01,26.57,11.97,6.62,0.0
2020-12-06 14:10:00+00:00,338.01,21.25,12.06,6.62,0.0
2020-12-06 15:10:00+00:00,190.01,13.69,11.54,6.62,0.0
2020-12-06 16:10:00+00:00,43.58,4.51,10.39,5.79,0.0
2020-12-06 17:10:00+00:00,0.0,0.0,9.01,5.45,0.0
2020-12-06 18:10:00+00:00,0.0,0.0,8.42,5.31,0.0
2020-12-06 19:10:00+00:00,0.0,0.0,8.11,5.03,0.0
2020-12-06 20:10:00+00:00,0.0,0.0,7.59,4.69,0.0
2020-12-06 21:10:00+00:00,0.0,0.0,7.11,4.48,0.0
2020-12-06 22:10:00+00:00,0.0,0.0,6.96,4.55,0.0
2020-12-06 23:10:00+00:00,0.0,0.0,6.9,4.76,0.0
2020-12-07 00:10:00+00:00,0.0,0.0,6.69,4.62,0.0
2020-12-07 01:10:00+00:00,0.0,0.0,6.61,4.14,0.0
2020-12-07 02:10:00+00:00,0.0,0.0,6.54,4.21,0.0
2020-12-07 03:10:00+00:00,0.0,0.0,6.61,4.34,0.0
2020-12-07 04:10:00+00:00,0.0,0.0,7.37,4.76,0.0
2020-12-07 05:10:00+00:00,0.0,0.0,7.96,5.1,0.0
2020-12-07 06:10:00+00:00,0.0,0.0,8.21,5.1,0.0
2020-12-07 07:10:00+00:00,0.0,0.0,8.71,5.31,0.0
2020-12-07 08:10:00+00:00,40.0,9.63,9.73,5.38,0.0
2020-12-07 09:10:00+00:00,49.0,17.98,10.65,5.24,0.0
2020-12-07 10:10:00+00:00,80.0,24.38,11.54,4.0,0.0
2020-12-07 11:10:00+00:00,150.0,28.2,11.83,3.59,0.0
2020-12-07 12:10:00+00:00,227.0,28.94,12.42,4.28,0.0
2020-12-07 13:10:00+00:00,357.01,26.49,13.94,5.1,0.0
2020-12-07 14:10:00+00:00,315.01,21.19,15.45,5.59,0.0
2020-12-07 15:10:00+00:00,119.0,13.66,15.82,4.97,0.0
2020-12-07 16:10:00+00:00,42.0,4.49,15.28,4.83,0.0
2020-12-07 17:10:00+00:00,0.0,0.0,14.03,4.34,0.0
2020-12-07 18:10:00+00:00,0.0,0.0,13.24,4.28,0.0
2020-12-07 19:10:00+00:00,0.0,0.0,12.82,4.83,0.0
2020-12-07 20:10:00+00:00,0.0,0.0,12.75,5.52,0.0
2020-12-07 21:10:00+00:00,0.0,0.0,12.25,5.79,0.0
2020-12-07 22:10:00+00:00,0.0,0.0,12.53,4.76,0.0
2020-12-07 23:10:00+00:00,0.0,0.0,12.18,5.52,0.0
2020-12-08 00:10:00+00:00,0.0,0.0,12.25,5.59,0.0
2020-12-08 01:10:00+00:00,0.0,0.0,12.22,5.17,0.0
2020-12-08 02:10:00+00:00,0.0,0.0,11.93,5.72,0.0
2020-12-08 03:10:00+00:00,0.0,0.0,11.51,6.48,0.0
2020-12-08 04:10:00+00:00,0.0,0.0,10.71,6.83,0.0
2020-12-08 05:10:00+00:00,0.0,0.0,9.41,7.03,0.0
2020-12-08 06:10:00+00:00,0.0,0.0,9.26,7.03,0.0
2020-12-08 07:10:00+00:00,0.0,0.0,9.21,6.76,0.0
2020-12-08 08:10:00+00:00,75.0,9.48,9.01,6.69,0.0
2020-12-08 09:10:00+00:00,89.0,17.83,9.96,6.48,0.0
2020-12-08 10:10:00+00:00,409.01,24.24,11.08,8.14,0.0
2020-12-08 11:10:00+00:00,457.01,28.08,12.34,8.62,0.0
2020-12-08 12:10:00+00:00,459.01,28.84,13.27,8.97,0.0
2020-12-08 13:10:00+00:00,455.01,26.41,13.59,8.69,0.0
2020-12-08 14:10:00+00:00,354.01,21.14,13.36,8.55,0.0
2020-12-08 15:10:00+00:00,212.01,13.63,13.01,7.86,0.0
2020-12-08 16:10:00+00:00,46.01,4.48,12.13,7.03,0.0
2020-12-08 17:10:00+00:00,0.0,0.0,10.84,6.21,0.0
2020-12-08 18:10:00+00:00,0.0,0.0,10.34,5.93,0.0
2020-12-08 19:10:00+00:00,0.0,0.0,10.05,5.79,0.0
2020-12-08 20:10:00+00:00,0.0,0.0,9.78,5.59,0.0
2020-12-08 21:10:00+00:00,0.0,0.0,9.24,5.38,0.0
2020-12-08 22:10:00+00:00,0.0,0.0,9.0,4.07,0.0
2020-12-08 23:10:00+00:00,0.0,0.0,8.63,3.52,0.0
2020-12-09 00:10:00+00:00,0.0,0.0,8.24,3.31,0.0
2020-12-09 01:10:00+00:00,0.0,0.0,7.58,3.38,0.0
2020-12-09 02:10:00+00:00,0.0,0.0,7.3,4.07,0.0
2020-12-09 03:10:00+00:00,0.0,0.0,6.57,4.28,0.0
2020-12-09 04:10:00+00:00,0.0,0.0,6.49,4.34,0.0
2020-12-09 05:10:00+00:00,0.0,0.0,6.32,4.41,0.0
2020-12-09 06:10:00+00:00,0.0,0.0,6.08,4.76,0.0
2020-12-09 07:10:00+00:00,0.0,0.0,5.73,4.97,0.0
2020-12-09 08:10:00+00:00,131.01,9.34,6.8,5.24,0.0
2020-12-09 09:10:00+00:00,291.01,17.69,8.38,5.24,0.0
2020-12-09 10:10:00+00:00,411.01,24.11,10.67,5.1,0.0
2020-12-09 11:10:00+00:00,489.01,27.96,11.92,5.66,0.0
2020-12-09 12:10:00+00:00,506.02,28.74,12.8,6.14,0.0
2020-12-09 13:10:00+00:00,456.01,26.34,13.28,6.21,0.0
2020-12-09 14:10:00+00:00,357.01,21.1,13.51,6.41,0.0
2020-12-09 15:10:00+00:00,213.01,13.61,13.3,6.07,0.0
2020-12-09 16:10:00+00:00,46.81,4.48,12.39,4.97,0.0
2020-12-09 17:10:00+00:00,0.0,0.0,10.68,4.14,0.0
2020-12-09 18:10:00+00:00,0.0,0.0,9.89,3.45,0.0
2020-12-09 19:10:00+00:00,0.0,0.0,9.38,3.24,0.0
2020-12-09 20:10:00+00:00,0.0,0.0,9.3,3.59,0.0
2020-12-09 21:10:00+00:00,0.0,0.0,8.92,3.86,0.0
2020-12-09 22:10:00+00:00,0.0,0.0,8.56,3.93,0.0
2020-12-09 23:10:00+00:00,0.0,0.0,8.25,4.14,0.0
2020-12-10 00:10:00+00:00,0.0,0.0,8.17,4.34,0.0
2020-12-10 01:10:00+00:00,0.0,0.0,8.11,4.14,0.0
2020-12-10 02:10:00+00:00,0.0,0.0,8.07,4.34,0.0
2020-12-10 03:10:00+00:00,0.0,0.0,8.88,4.34,0.0
2020-12-10 04:10:00+00:00,0.0,0.0,9.22,4.28,0.0
2020-12-10 05:10:00+00:00,0.0,0.0,9.36,4.34,0.0
2020-12-10 06:10:00+00:00,0.0,0.0,9.69,4.41,0.0
2020-12-10 07:10:00+00:00,0.0,0.0,9.63,4.97,0.0
2020-12-10 08:10:00+00:00,55.0,9.2,11.0,5.24,0.0
2020-12-10 09:10:00+00:00,152.0,17.56,12.09,5.24,0.0
2020-12-10 10:10:00+00:00,231.0,23.99,13.67,2.97,0.0
2020-12-10 11:10:00+00:00,209.0,27.85,14.84,3.38,0.0
2020-12-10 12:10:00+00:00,123.0,28.65,15.69,3.93,0.0
2020-12-10 13:10:00+00:00,73.0,26.28,16.26,3.52,0.0
2020-12-10 14:10:00+00:00,52.0,21.06,16.36,3.72,0.0
2020-12-10 15:10:00+00:00,33.0,13.59,16.42,3.93,0.0
2020-12-10 16:10:00+00:00,27.32,4.48,16.52,4.41,0.0
2020-12-10 17:10:00+00:00,0.0,0.0,15.87,4.07,0.0
2020-12-10 18:10:00+00:00,0.0,0.0,15.52,3.72,0.0
2020-12-10 19:10:00+00:00,0.0,0.0,15.2,3.72,0.0
2020-12-10 20:10:00+00:00,0.0,0.0,14.71,3.52,0.0
2020-12-10 21:10:00+00:00,0.0,0.0,14.61,3.24,0.0
2020-12-10 22:10:00+00:00,0.0,0.0,14.17,3.03,0.0
2020-12-10 23:10:00+00:00,0.0,0.0,13.44,2.69,0.0
2020-12-11 00:10:00+00:00,0.0,0.0,12.8,2.55,0.0
2020-12-11 01:10:00+00:00,0.0,0.0,12.55,2.28,0.0
2020-12-11 02:10:00+00:00,0.0,0.0,13.04,2.14,0.0
2020-12-11 03:10:00+00:00,0.0,0.0,12.72,2.28,0.0
2020-12-11 04:10:00+00:00,0.0,0.0,12.48,1.79,0.0
2020-12-11 05:10:00+00:00,0.0,0.0,12.64,1.93,0.0
2020-12-11 06:10:00+00:00,0.0,0.0,13.31,2.21,0.0
2020-12-11 07:10:00+00:00,0.0,0.0,13.68,2.69,0.0
2020-12-11 08:10:00+00:00,36.0,9.07,14.72,3.59,0.0
2020-12-11 09:10:00+00:00,29.0,17.43,16.09,4.9,0.0
2020-12-11 10:10:00+00:00,176.0,23.87,17.68,3.66,0.0
2020-12-11 11:10:00+00:00,110.0,27.75,19.3,3.66,0.0
2020-12-11 12:10:00+00:00,305.0,28.57,20.12,4.69,0.0
2020-12-11 13:10:00+00:00,282.0,26.22,20.7,6.07,0.0
2020-12-11 14:10:00+00:00,178.0,21.03,21.28,5.52,0.0
2020-12-11 15:10:00+00:00,138.0,13.58,21.04,5.86,0.0
2020-12-11 16:10:00+00:00,39.7,4.49,20.13,6.69,0.0
2020-12-11 17:10:00+00:00,0.0,0.0,18.88,6.41,0.0
2020-12-11 18:10:00+00:00,0.0,0.0,18.37,6.69,0.0
2020-12-11 19:10:00+00:00,0.0,0.0,18.23,6.83,0.0
2020-12-11 20:10:00+00:00,0.0,0.0,17.95,6.55,0.0
2020-12-11 21:10:00+00:00,0.0,0.0,17.57,6.34,0.0
2020-12-11 22:10:00+00:00,0.0,0.0,17.5,4.9,0.0
2020-12-11 23:10:00+00:00,0.0,0.0,17.25,4.41,0.0
2020-12-12 00:10:00+00:00,0.0,0.0,16.93,3.79,0.0
2020-12-12 01:10:00+00:00,0.0,0.0,16.51,3.66,0.0
2020-12-12 02:10:00+00:00,0.0,0.0,16.25,4.21,0.0
2020-12-12 03:10:00+00:00,0.0,0.0,16.28,4.76,0.0
2020-12-12 04:10:00+00:00,0.0,0.0,15.73,4.62,0.0
2020-12-12 05:10:00+00:00,0.0,0.0,15.47,4.41,0.0
2020-12-12 06:10:00+00:00,0.0,0.0,15.15,4.34,0.0
2020-12-12 07:10:00+00:00,0.0,0.0,14.97,4.41,0.0
2020-12-12 08:10:00+00:00,117.01,8.94,15.23,4.97,0.0
2020-12-12 09:10:00+00:00,269.01,17.31,16.09,5.1,0.0
2020-12-12 10:10:00+00:00,390.01,23.75,16.99,5.66,0.0
2020-12-12 11:10:00+00:00,466.01,27.65,17.77,6.55,0.0
2020-12-12 12:10:00+00:00,485.01,28.5,18.51,6.41,0.0
2020-12-12 13:10:00+00:00,442.01,26.17,18.85,6.07,0.0
2020-12-12 14:10:00+00:00,342.01,21.01,18.83,5.79,0.0
2020-12-12 15:10:00+00:00,197.01,13.58,18.5,5.17,0.0
2020-12-12 16:10:00+00:00,39.78,4.51,17.58,3.79,0.0
2020-12-12 17:10:00+00:00,0.0,0.0,16.04,2.76,0.0
2020-12-12 18:10:00+00:00,0.0,0.0,15.05,2.48,0.0
2020-12-12 19:10:00+00:00,0.0,0.0,14.54,2.69,0.0
2020-12-12 20:10:00+00:00,0.0,0.0,13.74,2.9,0.0
2020-12-12 21:10:00+00:00,0.0,0.0,13.1,2.97,0.0
2020-12-12 22:10:00+00:00,0.0,0.0,12.38,2.55,0.0
2020-12-12 23:10:00+00:00,0.0,0.0,12.05,2.34,0.0
2020-12-13 00:10:00+00:00,0.0,0.0,11.71,2.69,0.0
2020-12-13 01:10:00+00:00,0.0,0.0,11.39,2.9,0.0
2020-12-13 02:10:00+00:00,0.0,0.0,11.1,2.9,0.0
2020-12-13 03:10:00+00:00,0.0,0.0,10.64,2.76,0.0
2020-12-13 04:10:00+00:00,0.0,0.0,10.41,2.48,0.0
2020-12-13 05:10:00+00:00,0.0,0.0,10.22,2.34,0.0
2020-12-13 06:10:00+00:00,0.0,0.0,9.72,2.21,0.0
2020-12-13 07:10:00+00:00,0.0,0.0,9.29,2.28,0.0
2020-12-13 08:10:00+00:00,114.01,8.82,10.25,2.62,0.0
2020-12-13 09:10:00+00:00,267.01,17.19,13.18,2.55,0.0
2020-12-13 10:10:00+00:00,388.01,23.65,16.28,2.14,0.0
2020-12-13 11:10:00+00:00,463.01,27.56,18.0,2.0,0.0
2020-12-13 12:10:00+00:00,471.01,28.43,19.35,2.48,0.0
2020-12-13 13:10:00+00:00,430.01,26.13,19.94,1.17,0.0
2020-12-13 14:10:00+00:00,340.01,20.99,19.98,1.38,0.0
2020-12-13 15:10:00+00:00,202.01,13.59,19.86,1.66,0.0
2020-12-13 16:10:00+00:00,39.03,4.53,18.39,1.66,0.0
2020-12-13 17:10:00+00:00,0.0,0.0,14.71,2.07,0.0
2020-12-13 18:10:00+00:00,0.0,0.0,12.87,1.66,0.0
2020-12-13 19:10:00+00:00,0.0,0.0,12.26,1.24,0.0
2020-12-13 20:10:00+00:00,0.0,0.0,11.73,1.1,0.0
2020-12-13 21:10:00+00:00,0.0,0.0,11.17,1.1,0.0
2020-12-13 22:10:00+00:00,0.0,0.0,11.45,1.31,0.0
2020-12-13 23:10:00+00:00,0.0,0.0,10.96,1.24,0.0
2020-12-14 00:10:00+00:00,0.0,0.0,10.77,1.03,0.0
2020-12-14 01:10:00+00:00,0.0,0.0,10.58,0.83,0.0
2020-12-14 02:10:00+00:00,0.0,0.0,11.08,0.48,0.0
2020-12-14 03:10:00+00:00,0.0,0.0,11.29,0.76,0.0
2020-12-14 04:10:00+00:00,0.0,0.0,11.27,1.03,0.0
2020-12-14 05:10:00+00:00,0.0,0.0,11.01,0.83,0.0
2020-12-14 06:10:00+00:00,0.0,0.0,11.06,0.83,0.0
2020-12-14 07:10:00+00:00,0.0,0.0,11.4,0.76,0.0
2020-12-14 08:10:00+00:00,94.0,8.7,10.72,0.62,0.0
2020-12-14 09:10:00+00:00,32.0,17.08,12.33,0.69,0.0
2020-12-14 10:10:00+00:00,68.0,23.55,14.67,0.34,0.0
2020-12-14 11:10:00+00:00,280.0,27.48,15.38,0.41,0.0
2020-12-14 12:10:00+00:00,228.0,28.37,15.75,0.97,0.0
2020-12-14 13:10:00+00:00,422.01,26.1,16.81,1.31,0.0
2020-12-14 14:10:00+00:00,177.0,20.98,17.32,1.38,0.0
2020-12-14 15:10:00+00:00,74.0,13.6,17.11,1.31,0.0
2020-12-14 16:10:00+00:00,42.13,4.56,15.99,0.69,0.0
2020-12-14 17:10:00+00:00,0.0,0.0,13.19,1.52,0.0
2020-12-14 18:10:00+00:00,0.0,0.0,12.77,1.59,0.0
2020-12-14 19:10:00+00:00,0.0,0.0,11.94,1.52,0.0
2020-12-14 20:10:00+00:00,0.0,0.0,11.32,1.79,0.0
2020-12-14 21:10:00+00:00,0.0,0.0,10.54,1.72,0.0
2020-12-14 22:10:00+00:00,0.0,0.0,9.85,1.86,0.0
2020-12-14 23:10:00+00:00,0.0,0.0,9.36,1.31,0.0
2020-12-15 00:10:00+00:00,0.0,0.0,9.03,1.17,0.0
2020-12-15 01:10:00+00:00,0.0,0.0,8.34,1.31,0.0
2020-12-15 02:10:00+00:00,0.0,0.0,8.31,2.0,0.0
2020-12-15 03:10:00+00:00,0.0,0.0,8.17,2.07,0.0
2020-12-15 04:10:00+00:00,0.0,0.0,8.32,1.52,0.0
2020-12-15 05:10:00+00:00,0.0,0.0,8.41,1.59,0.0
2020-12-15 06:10:00+00:00,0.0,0.0,8.38,1.79,0.0
2020-12-15 07:10:00+00:00,0.0,0.0,8.84,1.93,0.0
2020-12-15 08:10:00+00:00,110.01,8.59,10.44,1.66,0.0
2020-12-15 09:10:00+00:00,195.0,16.98,12.93,2.28,0.0
2020-12-15 10:10:00+00:00,381.01,23.46,15.99,2.83,0.0
2020-12-15 11:10:00+00:00,453.01,27.4,17.14,3.03,0.0
2020-12-15 12:10:00+00:00,475.01,28.32,17.9,2.97,0.0
2020-12-15 13:10:00+00:00,432.01,26.07,18.31,2.97,0.0
2020-12-15 14:10:00+00:00,218.0,20.98,18.59,2.83,0.0
2020-12-15 15:10:00+00:00,202.01,13.61,18.14,2.55,0.0
2020-12-15 16:10:00+00:00,44.48,4.59,17.09,1.38,0.0
2020-12-15 17:10:00+00:00,0.0,0.0,14.05,1.38,0.0
2020-12-15 18:10:00+00:00,0.0,0.0,12.5,1.79,0.0
2020-12-15 19:10:00+00:00,0.0,0.0,11.7,1.38,0.0
2020-12-15 20:10:00+00:00,0.0,0.0,10.58,1.31,0.0
2020-12-15 21:10:00+00:00,0.0,0.0,9.19,1.31,0.0
2020-12-15 22:10:00+00:00,0.0,0.0,9.25,1.17,0.0
2020-12-15 23:10:00+00:00,0.0,0.0,8.33,0.97,0.0
2020-12-16 00:10:00+00:00,0.0,0.0,7.88,0.9,0.0
2020-12-16 01:10:00+00:00,0.0,0.0,8.82,1.03,0.0
2020-12-16 02:10:00+00:00,0.0,0.0,9.59,0.9,0.0
2020-12-16 03:10:00+00:00,0.0,0.0,9.21,0.83,0.0
2020-12-16 04:10:00+00:00,0.0,0.0,9.05,0.48,0.0
2020-12-16 05:10:00+00:00,0.0,0.0,8.77,0.55,0.0
2020-12-16 06:10:00+00:00,0.0,0.0,8.31,0.83,0.0
2020-12-16 07:10:00+00:00,0.0,0.0,7.8,0.34,0.0
2020-12-16 08:10:00+00:00,102.0,8.48,8.21,0.07,0.0
2020-12-16 09:10:00+00:00,195.0,16.88,11.25,0.48,0.0
2020-12-16 10:10:00+00:00,375.01,23.37,13.83,1.79,0.0
2020-12-16 11:10:00+00:00,356.01,27.34,15.04,2.14,0.0
2020-12-16 12:10:00+00:00,318.0,28.28,15.83,2.55,0.0
2020-12-16 13:10:00+00:00,373.01,26.06,16.29,2.55,0.0
2020-12-16 14:10:00+00:00,291.01,20.98,16.35,2.34,0.0
2020-12-16 15:10:00+00:00,200.01,13.64,15.93,1.72,0.0
2020-12-16 16:10:00+00:00,44.52,4.63,15.39,1.24,0.0
2020-12-16 17:10:00+00:00,0.0,0.0,13.29,1.17,0.0
2020-12-16 18:10:00+00:00,0.0,0.0,11.91,0.76,0.0
2020-12-16 19:10:00+00:00,0.0,0.0,10.21,0.62,0.0
2020-12-16 20:10:00+00:00,0.0,0.0,9.38,1.17,0.0
2020-12-16 21:10:00+00:00,0.0,0.0,9.4,1.86,0.0
2020-12-16 22:10:00+00:00,0.0,0.0,10.24,1.59,0.0
2020-12-16 23:10:00+00:00,0.0,0.0,10.17,1.1,0.0
2020-12-17 00:10:00+00:00,0.0,0.0,10.4,1.31,0.0
2020-12-17 01:10:00+00:00,0.0,0.0,10.24,1.52,0.0
2020-12-17 02:10:00+00:00,0.0,0.0,10.03,1.59,0.0
2020-12-17 03:10:00+00:00,0.0,0.0,9.76,1.72,0.0
2020-12-17 04:10:00+00:00,0.0,0.0,9.52,1.79,0.0
2020-12-17 05:10:00+00:00,0.0,0.0,9.15,1.86,0.0
2020-12-17 06:10:00+00:00,0.0,0.0,9.03,1.79,0.0
2020-12-17 07:10:00+00:00,0.0,0.0,8.89,1.86,0.0
2020-12-17 08:10:00+00:00,56.0,8.38,8.98,2.34,0.0
2020-12-17 09:10:00+00:00,233.01,16.79,11.26,2.21,0.0
2020-12-17 10:10:00+00:00,325.01,23.29,12.88,2.21,0.0
2020-12-17 11:10:00+00:00,424.01,27.28,14.47,2.0,0.0
2020-12-17 12:10:00+00:00,334.0,28.24,15.64,1.79,0.0
2020-12-17 13:10:00+00:00,417.01,26.04,16.25,1.66,0.0
2020-12-17 14:10:00+00:00,302.01,20.99,16.49,1.66,0.0
2020-12-17 15:10:00+00:00,197.01,13.67,16.11,1.52,0.0
2020-12-17 16:10:00+00:00,46.16,4.67,15.38,0.97,0.0
2020-12-17 17:10:00+00:00,0.0,0.0,11.91,0.41,0.0
2020-12-17 18:10:00+00:00,0.0,0.0,10.92,0.21,0.0
2020-12-17 19:10:00+00:00,0.0,0.0,10.17,1.17,0.0
2020-12-17 20:10:00+00:00,0.0,0.0,9.32,1.52,0.0
2020-12-17 21:10:00+00:00,0.0,0.0,9.07,1.59,0.0
2020-12-17 22:10:00+00:00,0.0,0.0,8.21,1.38,0.0
2020-12-17 23:10:00+00:00,0.0,0.0,7.91,1.38,0.0
2020-12-18 00:10:00+00:00,0.0,0.0,7.58,1.38,0.0
2020-12-18 01:10:00+00:00,0.0,0.0,7.12,1.38,0.0
2020-12-18 02:10:00+00:00,0.0,0.0,6.64,2.48,0.0
2020-12-18 03:10:00+00:00,0.0,0.0,6.33,2.41,0.0
2020-12-18 04:10:00+00:00,0.0,0.0,6.0,2.34,0.0
2020-12-18 05:10:00+00:00,0.0,0.0,5.96,2.34,0.0
2020-12-18 06:10:00+00:00,0.0,0.0,5.97,1.38,0.0
2020-12-18 07:10:00+00:00,0.0,0.0,6.27,1.31,0.0
2020-12-18 08:10:00+00:00,104.01,8.29,7.21,1.17,0.0
2020-12-18 09:10:00+00:00,255.01,16.7,10.6,1.24,0.0
2020-12-18 10:10:00+00:00,378.01,23.22,13.71,0.41,0.0
2020-12-18 11:10:00+00:00,448.01,27.22,15.16,0.14,0.0
2020-12-18 12:10:00+00:00,469.01,28.21,16.08,0.55,0.0
2020-12-18 13:10:00+00:00,432.01,26.04,16.66,0.97,0.0
2020-12-18 14:10:00+00:00,342.01,21.01,16.86,1.52,0.0
2020-12-18 15:10:00+00:00,202.01,13.71,16.75,1.86,0.0
2020-12-18 16:10:00+00:00,45.41,4.73,15.76,1.79,0.0
2020-12-18 17:10:00+00:00,0.0,0.0,13.13,1.79,0.0
2020-12-18 18:10:00+00:00,0.0,0.0,11.49,1.59,0.0
2020-12-18 19:10:00+00:00,0.0,0.0,9.93,1.17,0.0
2020-12-18 20:10:00+00:00,0.0,0.0,8.87,1.03,0.0
2020-12-18 21:10:00+00:00,0.0,0.0,8.11,1.03,0.0
2020-12-18 22:10:00+00:00,0.0,0.0,7.63,1.03,0.0
2020-12-18 23:10:00+00:00,0.0,0.0,7.15,1.03,0.0
2020-12-19 00:10:00+00:00,0.0,0.0,6.6,1.24,0.0
2020-12-19 01:10:00+00:00,0.0,0.0,6.43,1.17,0.0
2020-12-19 02:10:00+00:00,0.0,0.0,6.24,1.03,0.0
2020-12-19 03:10:00+00:00,0.0,0.0,5.84,1.1,0.0
2020-12-19 04:10:00+00:00,0.0,0.0,5.64,1.17,0.0
2020-12-19 05:10:00+00:00,0.0,0.0,5.28,0.97,0.0
2020-12-19 06:10:00+00:00,0.0,0.0,4.9,1.1,0.0
2020-12-19 07:10:00+00:00,0.0,0.0,4.76,1.17,0.0
2020-12-19 08:10:00+00:00,102.01,8.2,5.82,1.1,0.0
2020-12-19 09:10:00+00:00,252.01,16.62,9.19,0.97,0.0
2020-12-19 10:10:00+00:00,370.01,23.15,13.18,1.31,0.0
2020-12-19 11:10:00+00:00,450.01,27.18,15.04,1.72,0.0
2020-12-19 12:10:00+00:00,463.01,28.19,15.91,1.79,0.0
2020-12-19 13:10:00+00:00,430.01,26.04,16.92,2.0,0.0
2020-12-19 14:10:00+00:00,335.01,21.04,17.32,2.34,0.0
2020-12-19 15:10:00+00:00,201.01,13.75,16.75,2.41,0.0
2020-12-19 16:10:00+00:00,33.52,4.78,15.72,2.14,0.0
2020-12-19 17:10:00+00:00,0.0,0.0,13.77,1.72,0.0
2020-12-19 18:10:00+00:00,0.0,0.0,12.6,1.66,0.0
2020-12-19 19:10:00+00:00,0.0,0.0,11.95,1.72,0.0
2020-12-19 20:10:00+00:00,0.0,0.0,11.5,1.38,0.0
2020-12-19 21:10:00+00:00,0.0,0.0,11.24,1.17,0.0
2020-12-19 22:10:00+00:00,0.0,0.0,10.86,0.97,0.0
2020-12-19 23:10:00+00:00,0.0,0.0,10.93,1.03,0.0
2020-12-20 00:10:00+00:00,0.0,0.0,10.59,0.97,0.0
2020-12-20 01:10:00+00:00,0.0,0.0,10.45,0.97,0.0
2020-12-20 02:10:00+00:00,0.0,0.0,9.89,1.03,0.0
2020-12-20 03:10:00+00:00,0.0,0.0,9.73,0.97,0.0
2020-12-20 04:10:00+00:00,0.0,0.0,9.67,0.9,0.0
2020-12-20 05:10:00+00:00,0.0,0.0,9.37,1.03,0.0
2020-12-20 06:10:00+00:00,0.0,0.0,9.1,1.38,0.0
2020-12-20 07:10:00+00:00,0.0,0.0,8.9,1.59,0.0
2020-12-20 08:10:00+00:00,92.0,8.11,9.47,2.0,0.0
2020-12-20 09:10:00+00:00,175.0,16.55,11.5,2.0,0.0
2020-12-20 10:10:00+00:00,379.01,23.09,13.78,1.79,0.0
2020-12-20 11:10:00+00:00,453.01,27.14,15.09,1.93,0.0
2020-12-20 12:10:00+00:00,475.01,28.18,16.35,2.0,0.0
2020-12-20 13:10:00+00:00,436.01,26.06,16.94,2.41,0.0
2020-12-20 14:10:00+00:00,335.01,21.07,17.37,2.07,0.0
2020-12-20 15:10:00+00:00,207.01,13.8,17.05,1.31,0.0
2020-12-20 16:10:00+00:00,41.36,4.84,15.87,0.34,0.0
2020-12-20 17:10:00+00:00,0.0,0.0,13.08,0.28,0.0
2020-12-20 18:10:00+00:00,0.0,0.0,11.6,0.83,0.0
2020-12-20 19:10:00+00:00,0.0,0.0,11.3,1.03,0.0
2020-12-20 20:10:00+00:00,0.0,0.0,10.63,0.83,0.0
2020-12-20 21:10:00+00:00,0.0,0.0,9.17,1.03,0.0
2020-12-20 22:10:00+00:00,0.0,0.0,8.0,0.83,0.0
2020-12-20 23:10:00+00:00,0.0,0.0,7.53,1.1,0.0
2020-12-21 00:10:00+00:00,0.0,0.0,7.63,1.1,0.0
2020-12-21 01:10:00+00:00,0.0,0.0,6.98,1.24,0.0
2020-12-21 02:10:00+00:00,0.0,0.0,6.61,1.24,0.0
2020-12-21 03:10:00+00:00,0.0,0.0,6.22,1.17,0.0
2020-12-21 04:10:00+00:00,0.0,0.0,5.69,1.24,0.0
2020-12-21 05:10:00+00:00,0.0,0.0,5.55,1.24,0.0
2020-12-21 06:10:00+00:00,0.0,0.0,5.55,0.97,0.0
2020-12-21 07:10:00+00:00,0.0,0.0,5.67,1.17,0.0
2020-12-21 08:10:00+00:00,99.01,8.03,6.7,1.17,0.0
2020-12-21 09:10:00+00:00,249.01,16.48,10.13,1.38,0.0
2020-12-21 10:10:00+00:00,336.01,23.04,13.1,2.69,0.0
2020-12-21 11:10:00+00:00,329.01,27.11,14.67,1.93,0.0
2020-12-21 12:10:00+00:00,308.0,28.17,15.48,2.14,0.0
2020-12-21 13:10:00+00:00,249.0,26.07,16.33,2.28,0.0
2020-12-21 14:10:00+00:00,328.01,21.11,17.29,2.21,0.0
2020-12-21 15:10:00+00:00,200.01,13.86,17.25,2.07,0.0
2020-12-21 16:10:00+00:00,46.42,4.91,16.66,1.66,0.0
2020-12-21 17:10:00+00:00,0.0,0.0,13.91,1.93,0.0
2020-12-21 18:10:00+00:00,0.0,0.0,12.87,1.93,0.0
2020-12-21 19:10:00+00:00,0.0,0.0,11.75,2.0,0.0
2020-12-21 20:10:00+00:00,0.0,0.0,10.59,1.03,0.0
2020-12-21 21:10:00+00:00,0.0,0.0,9.68,1.17,0.0
2020-12-21 22:10:00+00:00,0.0,0.0,9.47,0.97,0.0
2020-12-21 23:10:00+00:00,0.0,0.0,9.04,1.17,0.0
2020-12-22 00:10:00+00:00,0.0,0.0,8.78,1.24,0.0
2020-12-22 01:10:00+00:00,0.0,0.0,8.29,1.38,0.0
2020-12-22 02:10:00+00:00,0.0,0.0,7.9,1.31,0.0
2020-12-22 03:10:00+00:00,0.0,0.0,7.64,1.17,0.0
2020-12-22 04:10:00+00:00,0.0,0.0,7.54,1.1,0.0
2020-12-22 05:10:00+00:00,0.0,0.0,8.13,0.9,0.0
2020-12-22 06:10:00+00:00,0.0,0.0,8.21,0.62,0.0
2020-12-22 07:10:00+00:00,0.0,0.0,8.8,0.62,0.0
2020-12-22 08:10:00+00:00,99.01,7.96,9.03,0.69,0.0
2020-12-22 09:10:00+00:00,248.01,16.42,11.78,0.76,0.0
2020-12-22 10:10:00+00:00,369.01,23.0,14.81,0.28,0.0
2020-12-22 11:10:00+00:00,441.01,27.09,15.89,1.1,0.0
2020-12-22 12:10:00+00:00,463.01,28.17,16.36,1.66,0.0
2020-12-22 13:10:00+00:00,428.01,26.1,16.78,1.93,0.0
2020-12-22 14:10:00+00:00,338.01,21.16,17.28,1.93,0.0
2020-12-22 15:10:00+00:00,208.01,13.92,16.75,2.0,0.0
2020-12-22 16:10:00+00:00,49.69,4.99,15.9,2.0,0.0
2020-12-22 17:10:00+00:00,0.0,0.0,13.27,1.86,0.0
2020-12-22 18:10:00+00:00,0.0,0.0,11.58,2.0,0.0
2020-12-22 19:10:00+00:00,0.0,0.0,10.54,1.79,0.0
2020-12-22 20:10:00+00:00,0.0,0.0,10.0,1.66,0.0
2020-12-22 21:10:00+00:00,0.0,0.0,9.21,1.59,0.0
2020-12-22 22:10:00+00:00,0.0,0.0,8.28,1.59,0.0
2020-12-22 23:10:00+00:00,0.0,0.0,7.96,1.52,0.0
2020-12-23 00:10:00+00:00,0.0,0.0,7.55,1.52,0.0
2020-12-23 01:10:00+00:00,0.0,0.0,7.32,1.38,0.0
2020-12-23 02:10:00+00:00,0.0,0.0,6.97,1.38,0.0
2020-12-23 03:10:00+00:00,0.0,0.0,6.54,1.59,0.0
2020-12-23 04:10:00+00:00,0.0,0.0,6.41,1.66,0.0
2020-12-23 05:10:00+00:00,0.0,0.0,6.3,1.79,0.0
2020-12-23 06:10:00+00:00,0.0,0.0,6.38,1.93,0.0
2020-12-23 07:10:00+00:00,0.0,0.0,6.41,2.07,0.0
2020-12-23 08:10:00+00:00,99.01,7.89,7.92,1.52,0.0
2020-12-23 09:10:00+00:00,251.01,16.36,11.02,2.0,0.0
2020-12-23 10:10:00+00:00,372.01,22.96,14.64,1.59,0.0
2020-12-23 11:10:00+00:00,447.01,27.07,16.65,1.79,0.0
2020-12-23 12:10:00+00:00,467.01,28.18,18.14,1.93,0.0
2020-12-23 13:10:00+00:00,431.01,26.13,19.06,2.07,0.0
2020-12-23 14:10:00+00:00,341.01,21.21,19.72,2.0,0.0
2020-12-23 15:10:00+00:00,209.01,13.99,19.58,2.0,0.0
2020-12-23 16:10:00+00:00,51.39,5.07,18.34,1.66,0.0
2020-12-23 17:10:00+00:00,0.0,0.0,14.6,2.48,0.0
2020-12-23 18:10:00+00:00,0.0,0.0,12.8,2.21,0.0
2020-12-23 19:10:00+00:00,0.0,0.0,11.94,2.0,0.0
2020-12-23 20:10:00+00:00,0.0,0.0,11.14,2.0,0.0
2020-12-23 21:10:00+00:00,0.0,0.0,10.74,1.79,0.0
2020-12-23 22:10:00+00:00,0.0,0.0,10.52,2.07,0.0
2020-12-23 23:10:00+00:00,0.0,0.0,10.6,2.14,0.0
2020-12-24 00:10:00+00:00,0.0,0.0,10.17,2.34,0.0
2020-12-24 01:10:00+00:00,0.0,0.0,9.84,2.41,0.0
2020-12-24 02:10:00+00:00,0.0,0.0,9.67,2.48,0.0
2020-12-24 03:10:00+00:00,0.0,0.0,9.42,2.55,0.0
2020-12-24 04:10:00+00:00,0.0,0.0,9.1,2.69,0.0
2020-12-24 05:10:00+00:00,0.0,0.0,8.91,2.83,0.0
2020-12-24 06:10:00+00:00,0.0,0.0,9.0,2.76,0.0
2020-12-24 07:10:00+00:00,0.0,0.0,8.75,2.48,0.0
2020-12-24 08:10:00+00:00,101.01,7.83,9.38,2.48,0.0
2020-12-24 09:10:00+00:00,256.01,16.31,12.11,2.62,0.0
2020-12-24 10:10:00+00:00,380.01,22.93,15.13,2.34,0.0
2020-12-24 11:10:00+00:00,454.01,27.07,16.63,2.48,0.0
2020-12-24 12:10:00+00:00,475.01,28.2,17.22,2.14,0.0
2020-12-24 13:10:00+00:00,436.01,26.18,17.2,0.9,0.0
2020-12-24 14:10:00+00:00,345.01,21.27,17.02,1.17,0.0
2020-12-24 15:10:00+00:00,213.01,14.06,16.27,1.17,0.0
2020-12-24 16:10:00+00:00,48.38,5.15,15.21,1.79,0.0
2020-12-24 17:10:00+00:00,0.0,0.0,13.66,1.93,0.0
2020-12-24 18:10:00+00:00,0.0,0.0,12.01,2.14,0.0
2020-12-24 19:10:00+00:00,0.0,0.0,11.19,2.34,0.0
2020-12-24 20:10:00+00:00,0.0,0.0,10.73,1.86,0.0
2020-12-24 21:10:00+00:00,0.0,0.0,10.25,1.59,0.0
2020-12-24 22:10:00+00:00,0.0,0.0,10.17,0.76,0.0
2020-12-24 23:10:00+00:00,0.0,0.0,9.5,0.14,0.0
2020-12-25 00:10:00+00:00,0.0,0.0,8.56,0.41,0.0
2020-12-25 01:10:00+00:00,0.0,0.0,8.84,0.62,0.0
2020-12-25 02:10:00+00:00,0.0,0.0,9.13,0.69,0.0
2020-12-25 03:10:00+00:00,0.0,0.0,8.86,0.83,0.0
2020-12-25 04:10:00+00:00,0.0,0.0,9.23,0.83,0.0
2020-12-25 05:10:00+00:00,0.0,0.0,9.25,0.83,0.0
2020-12-25 06:10:00+00:00,0.0,0.0,8.9,0.97,0.0
2020-12-25 07:10:00+00:00,0.0,0.0,9.22,1.17,0.0
2020-12-25 08:10:00+00:00,52.0,7.77,9.49,1.79,0.0
2020-12-25 09:10:00+00:00,198.0,16.27,10.55,2.62,0.0
2020-12-25 10:10:00+00:00,274.0,22.91,11.76,2.83,0.0
2020-12-25 11:10:00+00:00,409.01,27.07,12.43,3.79,0.0
2020-12-25 12:10:00+00:00,454.01,28.23,13.09,3.93,0.0
2020-12-25 13:10:00+00:00,441.01,26.22,13.19,4.28,0.0
2020-12-25 14:10:00+00:00,293.01,21.34,12.95,4.97,0.0
2020-12-25 15:10:00+00:00,201.01,14.14,12.06,5.17,0.0
2020-12-25 16:10:00+00:00,57.52,5.24,10.89,5.1,0.0
2020-12-25 17:10:00+00:00,0.0,0.0,9.17,4.55,0.0
2020-12-25 18:10:00+00:00,0.0,0.0,8.13,4.28,0.0
2020-12-25 19:10:00+00:00,0.0,0.0,7.23,4.0,0.0
2020-12-25 20:10:00+00:00,0.0,0.0,6.28,4.0,0.0
2020-12-25 21:10:00+00:00,0.0,0.0,5.72,3.66,0.0
2020-12-25 22:10:00+00:00,0.0,0.0,4.88,2.21,0.0
2020-12-25 23:10:00+00:00,0.0,0.0,4.24,2.14,0.0
2020-12-26 00:10:00+00:00,0.0,0.0,3.44,2.28,0.0
2020-12-26 01:10:00+00:00,0.0,0.0,3.28,2.41,0.0
2020-12-26 02:10:00+00:00,0.0,0.0,3.0,2.62,0.0
2020-12-26 03:10:00+00:00,0.0,0.0,2.67,2.69,0.0
2020-12-26 04:10:00+00:00,0.0,0.0,2.45,2.9,0.0
2020-12-26 05:10:00+00:00,0.0,0.0,2.33,2.97,0.0
2020-12-26 06:10:00+00:00,0.0,0.0,2.13,2.9,0.0
2020-12-26 07:10:00+00:00,0.0,0.0,1.6,2.97,0.0
2020-12-26 08:10:00+00:00,110.01,7.72,2.28,2.9,0.0
2020-12-26 09:10:00+00:00,275.01,16.24,5.03,3.1,0.0
2020-12-26 10:10:00+00:00,402.01,22.89,7.63,2.55,0.0
2020-12-26 11:10:00+00:00,483.02,27.07,9.28,2.41,0.0
2020-12-26 12:10:00+00:00,506.02,28.26,10.52,2.28,0.0
2020-12-26 13:10:00+00:00,468.01,26.28,11.5,2.34,0.0
2020-12-26 14:10:00+00:00,374.01,21.41,12.02,2.34,0.0
2020-12-26 15:10:00+00:00,235.01,14.23,11.81,1.86,0.0
2020-12-26 16:10:00+00:00,64.94,5.34,11.15,0.97,0.0
2020-12-26 17:10:00+00:00,0.0,0.0,9.43,0.76,0.0
2020-12-26 18:10:00+00:00,0.0,0.0,6.3,1.24,0.0
2020-12-26 19:10:00+00:00,0.0,0.0,4.72,2.0,0.0
2020-12-26 20:10:00+00:00,0.0,0.0,4.0,2.07,0.0
2020-12-26 21:10:00+00:00,0.0,0.0,2.91,1.93,0.0
2020-12-26 22:10:00+00:00,0.0,0.0,1.75,1.79,0.0
2020-12-26 23:10:00+00:00,0.0,0.0,1.1,1.93,0.0
2020-12-27 00:10:00+00:00,0.0,0.0,0.59,1.86,0.0
2020-12-27 01:10:00+00:00,0.0,0.0,0.22,1.79,0.0
2020-12-27 02:10:00+00:00,0.0,0.0,0.02,1.79,0.0
2020-12-27 03:10:00+00:00,0.0,0.0,-0.63,1.79,0.0
2020-12-27 04:10:00+00:00,0.0,0.0,-0.8,1.72,0.0
2020-12-27 05:10:00+00:00,0.0,0.0,-1.0,1.93,0.0
2020-12-27 06:10:00+00:00,0.0,0.0,-1.14,2.14,0.0
2020-12-27 07:10:00+00:00,0.0,0.0,-1.13,2.28,0.0
2020-12-27 08:10:00+00:00,104.01,7.68,0.43,2.07,0.0
2020-12-27 09:10:00+00:00,265.01,16.21,4.31,2.69,0.0
2020-12-27 10:10:00+00:00,385.01,22.88,8.06,2.69,0.0
2020-12-27 11:10:00+00:00,474.01,27.09,10.13,3.17,0.0
2020-12-27 12:10:00+00:00,499.02,28.3,11.91,3.52,0.0
2020-12-27 13:10:00+00:00,460.01,26.34,13.32,3.72,0.0
2020-12-27 14:10:00+00:00,367.01,21.5,14.49,4.0,0.0
2020-12-27 15:10:00+00:00,215.01,14.32,14.54,4.34,0.0
2020-12-27 16:10:00+00:00,63.79,5.44,13.48,4.28,0.0
2020-12-27 17:10:00+00:00,0.0,0.0,11.43,3.66,0.0
2020-12-27 18:10:00+00:00,0.0,0.0,9.88,3.1,0.0
2020-12-27 19:10:00+00:00,0.0,0.0,10.0,3.1,0.0
2020-12-27 20:10:00+00:00,0.0,0.0,10.32,3.31,0.0
2020-12-27 21:10:00+00:00,0.0,0.0,10.13,3.17,0.0
2020-12-27 22:10:00+00:00,0.0,0.0,10.32,2.69,0.0
2020-12-27 23:10:00+00:00,0.0,0.0,9.85,2.9,0.0
2020-12-28 00:10:00+00:00,0.0,0.0,9.31,3.1,0.0
2020-12-28 01:10:00+00:00,0.0,0.0,8.88,4.07,0.0
2020-12-28 02:10:00+00:00,0.0,0.0,8.84,5.03,0.0
2020-12-28 03:10:00+00:00,0.0,0.0,9.1,5.38,0.0
2020-12-28 04:10:00+00:00,0.0,0.0,8.66,5.24,0.0
2020-12-28 05:10:00+00:00,0.0,0.0,8.59,4.76,0.0
2020-12-28 06:10:00+00:00,0.0,0.0,8.76,5.17,0.0
2020-12-28 07:10:00+00:00,0.0,0.0,9.36,4.9,0.0
2020-12-28 08:10:00+00:00,64.0,7.64,10.06,4.21,0.0
2020-12-28 09:10:00+00:00,79.0,16.18,10.37,3.52,0.0
2020-12-28 10:10:00+00:00,50.0,22.88,9.75,3.52,0.0
2020-12-28 11:10:00+00:00,87.0,27.11,10.58,4.34,0.0
2020-12-28 12:10:00+00:00,325.0,28.35,11.99,4.9,0.0
2020-12-28 13:10:00+00:00,199.0,26.41,12.94,5.72,0.0
2020-12-28 14:10:00+00:00,363.01,21.58,13.87,5.66,0.0
2020-12-28 15:10:00+00:00,231.01,14.42,14.11,5.38,0.0
2020-12-28 16:10:00+00:00,63.75,5.54,13.32,4.34,0.0
2020-12-28 17:10:00+00:00,0.0,0.0,11.54,3.1,0.0
2020-12-28 18:10:00+00:00,0.0,0.0,10.44,2.62,0.0
2020-12-28 19:10:00+00:00,0.0,0.0,9.53,2.97,0.0
2020-12-28 20:10:00+00:00,0.0,0.0,9.41,4.07,0.0
2020-12-28 21:10:00+00:00,0.0,0.0,8.44,5.03,0.0
2020-12-28 22:10:00+00:00,0.0,0.0,8.2,4.41,0.0
2020-12-28 23:10:00+00:00,0.0,0.0,8.02,4.76,0.0
2020-12-29 00:10:00+00:00,0.0,0.0,7.78,4.97,0.0
2020-12-29 01:10:00+00:00,0.0,0.0,7.43,4.97,0.0
2020-12-29 02:10:00+00:00,0.0,0.0,7.33,5.17,0.0
2020-12-29 03:10:00+00:00,0.0,0.0,6.95,5.31,0.0
2020-12-29 04:10:00+00:00,0.0,0.0,6.84,5.59,0.0
2020-12-29 05:10:00+00:00,0.0,0.0,6.61,6.07,0.0
2020-12-29 06:10:00+00:00,0.0,0.0,6.3,6.34,0.0
2020-12-29 07:10:00+00:00,0.0,0.0,6.1,6.55,0.0
2020-12-29 08:10:00+00:00,103.01,7.61,6.66,6.48,0.0
2020-12-29 09:10:00+00:00,260.01,16.17,8.11,6.41,0.0
2020-12-29 10:10:00+00:00,387.01,22.89,9.75,6.14,0.0
2020-12-29 11:10:00+00:00,465.01,27.14,11.0,6.62,0.0
2020-12-29 12:10:00+00:00,491.01,28.4,11.82,6.83,0.0
2020-12-29 13:10:00+00:00,450.01,26.49,12.39,6.76,0.0
2020-12-29 14:10:00+00:00,359.01,21.68,12.21,7.03,0.0
2020-12-29 15:10:00+00:00,231.01,14.53,12.15,6.69,0.0
2020-12-29 16:10:00+00:00,66.21,5.66,10.93,5.38,0.0
2020-12-29 17:10:00+00:00,0.0,0.0,9.26,4.97,0.0
2020-12-29 18:10:00+00:00,0.0,0.0,8.57,5.03,0.0
2020-12-29 19:10:00+00:00,0.0,0.0,7.96,5.03,0.0
2020-12-29 20:10:00+00:00,0.0,0.0,7.3,5.17,0.0
2020-12-29 21:10:00+00:00,0.0,0.0,6.34,5.31,0.0
2020-12-29 22:10:00+00:00,0.0,0.0,6.28,4.48,0.0
2020-12-29 23:10:00+00:00,0.0,0.0,6.14,4.34,0.0
2020-12-30 00:10:00+00:00,0.0,0.0,5.63,4.41,0.0
2020-12-30 01:10:00+00:00,0.0,0.0,5.34,4.83,0.0
2020-12-30 02:10:00+00:00,0.0,0.0,5.49,4.69,0.0
2020-12-30 03:10:00+00:00,0.0,0.0,5.11,4.62,0.0
2020-12-30 04:10:00+00:00,0.0,0.0,4.72,4.69,0.0
2020-12-30 05:10:00+00:00,0.0,0.0,4.37,4.9,0.0
2020-12-30 06:10:00+00:00,0.0,0.0,3.98,4.83,0.0
2020-12-30 07:10:00+00:00,0.0,0.0,3.53,4.76,0.0
2020-12-30 08:10:00+00:00,103.01,7.58,4.3,4.9,0.0
2020-12-30 09:10:00+00:00,263.01,16.16,6.57,5.03,0.0
2020-12-30 10:10:00+00:00,394.01,22.9,8.83,5.31,0.0
2020-12-30 11:10:00+00:00,471.01,27.18,10.14,5.24,0.0
2020-12-30 12:10:00+00:00,489.01,28.47,11.1,4.83,0.0
2020-12-30 13:10:00+00:00,465.01,26.58,11.97,4.62,0.0
2020-12-30 14:10:00+00:00,373.01,21.78,12.53,4.34,0.0
2020-12-30 15:10:00+00:00,238.01,14.64,12.28,4.07,0.0
2020-12-30 16:10:00+00:00,77.01,5.77,11.47,3.31,0.0
2020-12-30 17:10:00+00:00,0.0,0.0,9.03,2.62,0.0
2020-12-30 18:10:00+00:00,0.0,0.0,7.67,2.69,0.0
2020-12-30 19:10:00+00:00,0.0,0.0,6.7,2.69,0.0
2020-12-30 20:10:00+00:00,0.0,0.0,6.27,2.69,0.0
2020-12-30 21:10:00+00:00,0.0,0.0,5.82,2.62,0.0
2020-12-30 22:10:00+00:00,0.0,0.0,4.86,2.55,0.0
2020-12-30 23:10:00+00:00,0.0,0.0,4.4,2.62,0.0
2020-12-31 00:10:00+00:00,0.0,0.0,3.83,2.55,0.0
2020-12-31 01:10:00+00:00,0.0,0.0,3.38,2.55,0.0
2020-12-31 02:10:00+00:00,0.0,0.0,3.11,2.55,0.0
2020-12-31 03:10:00+00:00,0.0,0.0,2.45,2.41,0.0
2020-12-31 04:10:00+00:00,0.0,0.0,2.24,2.41,0.0
2020-12-31 05:10:00+00:00,0.0,0.0,1.79,2.41,0.0
2020-12-31 06:10:00+00:00,0.0,0.0,1.52,2.34,0.0
2020-12-31 07:10:00+00:00,0.0,0.0,1.44,2.41,0.0
2020-12-31 08:10:00+00:00,104.01,7.56,2.65,2.76,0.0
2020-12-31 09:10:00+00:00,260.01,16.16,5.85,3.03,0.0
2020-12-31 10:10:00+00:00,392.01,22.92,8.94,3.17,0.0
2020-12-31 11:10:00+00:00,469.01,27.22,10.65,3.45,0.0
2020-12-31 12:10:00+00:00,491.01,28.54,12.26,3.52,0.0
2020-12-31 13:10:00+00:00,464.01,26.67,13.19,3.79,0.0
2020-12-31 14:10:00+00:00,371.01,21.89,13.73,4.0,0.0
2020-12-31 15:10:00+00:00,239.01,14.76,13.65,4.0,0.0
2020-12-31 16:10:00+00:00,78.01,5.89,13.05,3.38,0.0
2020-12-31 17:10:00+00:00,0.0,0.0,10.2,2.34,0.0
2020-12-31 18:10:00+00:00,0.0,0.0,8.37,2.41,0.0
2020-12-31 19:10:00+00:00,0.0,0.0,7.88,2.55,0.0
2020-12-31 20:10:00+00:00,0.0,0.0,7.51,3.17,0.0
2020-12-31 21:10:00+00:00,0.0,0.0,7.16,3.17,0.0
2020-12-31 22:10:00+00:00,0.0,0.0,6.58,2.55,0.0
2020-12-31 23:10:00+00:00,0.0,0.0,5.66,2.41,0.0
